=== array task 6: mr=6 seed=1 size=70m lr=3e-5 eval=250 save=1000 ===
Config: max_remove=6, seed=1, model=70m (EleutherAI/pythia-70m-deduped), lr=3e-05
HF_REPO=ijinyu1113/ft_mr6_70m_seed1_purenum
TRAIN_FILE=../data/purenums/6_train.jsonl
EVAL_FILE=../data/purenums/6_eval.jsonl
METRICS_JSONL=new_result/purenum_metrics/mr6_70m_seed1.jsonl
Using base checkpoint: step143000
train: 15000 examples, eval: 2000 examples
train_acc subset: 1000 examples
train size=15000, steps/epoch=235, epochs=300 → ~70500 total steps
{'loss': 647.3165, 'learning_rate': 1.0638297872340427e-06, 'epoch': 1.06}
{'eval_eval_loss': 0.12288995832204819, 'eval_eval_token_acc': 0.940236818588025, 'eval_eval_seq_acc': 0.0, 'eval_eval_move_acc': 0.134, 'eval_eval_mod7_acc': 0.1455, 'eval_eval_mod4_acc': 0.2325, 'eval_eval_runtime': 1.1439, 'eval_eval_samples_per_second': 1748.396, 'eval_eval_steps_per_second': 27.974, 'epoch': 1.06}
{'eval_train_loss': 0.1182899996638298, 'eval_train_token_acc': 0.9415338662322014, 'eval_train_seq_acc': 0.0, 'eval_train_move_acc': 0.137, 'eval_train_mod7_acc': 0.151, 'eval_train_mod4_acc': 0.266, 'eval_train_runtime': 0.5598, 'eval_train_samples_per_second': 1786.442, 'eval_train_steps_per_second': 28.583, 'epoch': 1.06}
{'loss': 0.0373, 'learning_rate': 2.1276595744680853e-06, 'epoch': 2.13}
{'eval_eval_loss': 0.03378221020102501, 'eval_eval_token_acc': 0.9462002474737059, 'eval_eval_seq_acc': 0.0, 'eval_eval_move_acc': 0.152, 'eval_eval_mod7_acc': 0.155, 'eval_eval_mod4_acc': 0.258, 'eval_eval_runtime': 1.1239, 'eval_eval_samples_per_second': 1779.462, 'eval_eval_steps_per_second': 28.471, 'epoch': 2.13}
{'eval_train_loss': 0.03354146331548691, 'eval_train_token_acc': 0.9466422279924648, 'eval_train_seq_acc': 0.0, 'eval_train_move_acc': 0.134, 'eval_train_mod7_acc': 0.135, 'eval_train_mod4_acc': 0.247, 'eval_train_runtime': 0.5591, 'eval_train_samples_per_second': 1788.679, 'eval_train_steps_per_second': 28.619, 'epoch': 2.13}
{'loss': 0.0332, 'learning_rate': 3.1914893617021277e-06, 'epoch': 3.19}
{'eval_eval_loss': 0.03360369801521301, 'eval_eval_token_acc': 0.9462002474737059, 'eval_eval_seq_acc': 0.0, 'eval_eval_move_acc': 0.138, 'eval_eval_mod7_acc': 0.20972644376899696, 'eval_eval_mod4_acc': 0.25987841945288753, 'eval_eval_runtime': 1.1145, 'eval_eval_samples_per_second': 1794.555, 'eval_eval_steps_per_second': 28.713, 'epoch': 3.19}
{'eval_train_loss': 0.0330372229218483, 'eval_train_token_acc': 0.9466422279924648, 'eval_train_seq_acc': 0.0, 'eval_train_move_acc': 0.154, 'eval_train_mod7_acc': 0.23655913978494625, 'eval_train_mod4_acc': 0.22734254992319508, 'eval_train_runtime': 0.5557, 'eval_train_samples_per_second': 1799.41, 'eval_train_steps_per_second': 28.791, 'epoch': 3.19}
  Pushed checkpoint step-1000 to ijinyu1113/ft_mr6_70m_seed1_purenum
{'loss': 0.0332, 'learning_rate': 4.255319148936171e-06, 'epoch': 4.26}
{'eval_eval_loss': 0.033861007541418076, 'eval_eval_token_acc': 0.9462002474737059, 'eval_eval_seq_acc': 0.0, 'eval_eval_move_acc': 0.1485, 'eval_eval_mod7_acc': 0.1755, 'eval_eval_mod4_acc': 0.249, 'eval_eval_runtime': 1.1141, 'eval_eval_samples_per_second': 1795.205, 'eval_eval_steps_per_second': 28.723, 'epoch': 4.26}
{'eval_train_loss': 0.0334651805460453, 'eval_train_token_acc': 0.9466422279924648, 'eval_train_seq_acc': 0.0, 'eval_train_move_acc': 0.141, 'eval_train_mod7_acc': 0.176, 'eval_train_mod4_acc': 0.261, 'eval_train_runtime': 0.5549, 'eval_train_samples_per_second': 1802.001, 'eval_train_steps_per_second': 28.832, 'epoch': 4.26}
{'loss': 0.0334, 'learning_rate': 5.319148936170213e-06, 'epoch': 5.32}
{'eval_eval_loss': 0.03361710533499718, 'eval_eval_token_acc': 0.9462002474737059, 'eval_eval_seq_acc': 0.0, 'eval_eval_move_acc': 0.145, 'eval_eval_mod7_acc': 0.145, 'eval_eval_mod4_acc': 0.254, 'eval_eval_runtime': 1.1132, 'eval_eval_samples_per_second': 1796.616, 'eval_eval_steps_per_second': 28.746, 'epoch': 5.32}
{'eval_train_loss': 0.03324289619922638, 'eval_train_token_acc': 0.9466422279924648, 'eval_train_seq_acc': 0.0, 'eval_train_move_acc': 0.149, 'eval_train_mod7_acc': 0.149, 'eval_train_mod4_acc': 0.226, 'eval_train_runtime': 0.5564, 'eval_train_samples_per_second': 1797.186, 'eval_train_steps_per_second': 28.755, 'epoch': 5.32}
{'loss': 0.0332, 'learning_rate': 6.3829787234042555e-06, 'epoch': 6.38}
{'eval_eval_loss': 0.03380602225661278, 'eval_eval_token_acc': 0.9462002474737059, 'eval_eval_seq_acc': 0.0, 'eval_eval_move_acc': 0.145, 'eval_eval_mod7_acc': 0.14728288471305231, 'eval_eval_mod4_acc': 0.2473336719146775, 'eval_eval_runtime': 1.1165, 'eval_eval_samples_per_second': 1791.32, 'eval_eval_steps_per_second': 28.661, 'epoch': 6.38}
{'eval_train_loss': 0.033195607364177704, 'eval_train_token_acc': 0.9466422279924648, 'eval_train_seq_acc': 0.0, 'eval_train_move_acc': 0.143, 'eval_train_mod7_acc': 0.14473684210526316, 'eval_train_mod4_acc': 0.26214574898785425, 'eval_train_runtime': 0.5565, 'eval_train_samples_per_second': 1796.872, 'eval_train_steps_per_second': 28.75, 'epoch': 6.38}
{'loss': 0.0332, 'learning_rate': 7.446808510638298e-06, 'epoch': 7.45}
{'eval_eval_loss': 0.03371702507138252, 'eval_eval_token_acc': 0.9462002474737059, 'eval_eval_seq_acc': 0.0, 'eval_eval_move_acc': 0.128, 'eval_eval_mod7_acc': 0.128, 'eval_eval_mod4_acc': 0.2435, 'eval_eval_runtime': 1.1176, 'eval_eval_samples_per_second': 1789.621, 'eval_eval_steps_per_second': 28.634, 'epoch': 7.45}
{'eval_train_loss': 0.033111635595560074, 'eval_train_token_acc': 0.9466422279924648, 'eval_train_seq_acc': 0.0, 'eval_train_move_acc': 0.155, 'eval_train_mod7_acc': 0.155, 'eval_train_mod4_acc': 0.278, 'eval_train_runtime': 0.5578, 'eval_train_samples_per_second': 1792.844, 'eval_train_steps_per_second': 28.685, 'epoch': 7.45}
  Pushed checkpoint step-2000 to ijinyu1113/ft_mr6_70m_seed1_purenum
{'loss': 0.045, 'learning_rate': 8.510638297872341e-06, 'epoch': 8.51}
{'eval_eval_loss': 0.03361518681049347, 'eval_eval_token_acc': 0.9462002474737059, 'eval_eval_seq_acc': 0.0, 'eval_eval_move_acc': 0.1395, 'eval_eval_mod7_acc': 0.2161115414407436, 'eval_eval_mod4_acc': 0.24167312161115415, 'eval_eval_runtime': 1.1122, 'eval_eval_samples_per_second': 1798.289, 'eval_eval_steps_per_second': 28.773, 'epoch': 8.51}
{'eval_train_loss': 0.033072467893362045, 'eval_train_token_acc': 0.9466422279924648, 'eval_train_seq_acc': 0.0, 'eval_train_move_acc': 0.147, 'eval_train_mod7_acc': 0.21745562130177515, 'eval_train_mod4_acc': 0.28846153846153844, 'eval_train_runtime': 0.5555, 'eval_train_samples_per_second': 1800.087, 'eval_train_steps_per_second': 28.801, 'epoch': 8.51}
{'loss': 0.0337, 'learning_rate': 9.574468085106385e-06, 'epoch': 9.57}
{'eval_eval_loss': 0.03427938371896744, 'eval_eval_token_acc': 0.9462002474737059, 'eval_eval_seq_acc': 0.0, 'eval_eval_move_acc': 0.1305, 'eval_eval_mod7_acc': 1.0, 'eval_eval_mod4_acc': 0.2567049808429119, 'eval_eval_runtime': 1.1159, 'eval_eval_samples_per_second': 1792.321, 'eval_eval_steps_per_second': 28.677, 'epoch': 9.57}
{'eval_train_loss': 0.033684004098176956, 'eval_train_token_acc': 0.9466422279924648, 'eval_train_seq_acc': 0.0, 'eval_train_move_acc': 0.144, 'eval_train_mod7_acc': 1.0, 'eval_train_mod4_acc': 0.2361111111111111, 'eval_train_runtime': 0.5581, 'eval_train_samples_per_second': 1791.696, 'eval_train_steps_per_second': 28.667, 'epoch': 9.57}
{'loss': 0.0332, 'learning_rate': 1.0638297872340426e-05, 'epoch': 10.64}
{'eval_eval_loss': 0.03351802006363869, 'eval_eval_token_acc': 0.9462002474737059, 'eval_eval_seq_acc': 0.0, 'eval_eval_move_acc': 0.1425, 'eval_eval_mod7_acc': 0.1425, 'eval_eval_mod4_acc': 0.2525, 'eval_eval_runtime': 1.1164, 'eval_eval_samples_per_second': 1791.417, 'eval_eval_steps_per_second': 28.663, 'epoch': 10.64}
{'eval_train_loss': 0.03307177871465683, 'eval_train_token_acc': 0.9466422279924648, 'eval_train_seq_acc': 0.0, 'eval_train_move_acc': 0.153, 'eval_train_mod7_acc': 0.153, 'eval_train_mod4_acc': 0.265, 'eval_train_runtime': 0.557, 'eval_train_samples_per_second': 1795.269, 'eval_train_steps_per_second': 28.724, 'epoch': 10.64}
{'loss': 0.0332, 'learning_rate': 1.170212765957447e-05, 'epoch': 11.7}
{'eval_eval_loss': 0.03374461457133293, 'eval_eval_token_acc': 0.9462002474737059, 'eval_eval_seq_acc': 0.0, 'eval_eval_move_acc': 0.1355, 'eval_eval_mod7_acc': 0.5355285961871751, 'eval_eval_mod4_acc': 0.24783362218370883, 'eval_eval_runtime': 1.1151, 'eval_eval_samples_per_second': 1793.577, 'eval_eval_steps_per_second': 28.697, 'epoch': 11.7}
{'eval_train_loss': 0.03321116045117378, 'eval_train_token_acc': 0.9466422279924648, 'eval_train_seq_acc': 0.0, 'eval_train_move_acc': 0.151, 'eval_train_mod7_acc': 0.5709459459459459, 'eval_train_mod4_acc': 0.23986486486486486, 'eval_train_runtime': 0.5579, 'eval_train_samples_per_second': 1792.315, 'eval_train_steps_per_second': 28.677, 'epoch': 11.7}
  Pushed checkpoint step-3000 to ijinyu1113/ft_mr6_70m_seed1_purenum
{'loss': 0.0332, 'learning_rate': 1.2765957446808511e-05, 'epoch': 12.77}
{'eval_eval_loss': 0.03369734808802605, 'eval_eval_token_acc': 0.9462002474737059, 'eval_eval_seq_acc': 0.0, 'eval_eval_move_acc': 0.1385, 'eval_eval_mod7_acc': 0.1385, 'eval_eval_mod4_acc': 0.2355, 'eval_eval_runtime': 1.112, 'eval_eval_samples_per_second': 1798.534, 'eval_eval_steps_per_second': 28.777, 'epoch': 12.77}
{'eval_train_loss': 0.03312716633081436, 'eval_train_token_acc': 0.9466422279924648, 'eval_train_seq_acc': 0.0, 'eval_train_move_acc': 0.143, 'eval_train_mod7_acc': 0.143, 'eval_train_mod4_acc': 0.265, 'eval_train_runtime': 0.5561, 'eval_train_samples_per_second': 1798.122, 'eval_train_steps_per_second': 28.77, 'epoch': 12.77}
{'loss': 0.0332, 'learning_rate': 1.3829787234042554e-05, 'epoch': 13.83}
{'eval_eval_loss': 0.0337846614420414, 'eval_eval_token_acc': 0.9462002474737059, 'eval_eval_seq_acc': 0.0, 'eval_eval_move_acc': 0.1175, 'eval_eval_mod7_acc': 0.14873417721518986, 'eval_eval_mod4_acc': 0.26329113924050634, 'eval_eval_runtime': 1.1167, 'eval_eval_samples_per_second': 1790.954, 'eval_eval_steps_per_second': 28.655, 'epoch': 13.83}
{'eval_train_loss': 0.03292558342218399, 'eval_train_token_acc': 0.9466422279924648, 'eval_train_seq_acc': 0.0, 'eval_train_move_acc': 0.193, 'eval_train_mod7_acc': 0.23651960784313725, 'eval_train_mod4_acc': 0.2610294117647059, 'eval_train_runtime': 0.5579, 'eval_train_samples_per_second': 1792.569, 'eval_train_steps_per_second': 28.681, 'epoch': 13.83}
{'loss': 0.0332, 'learning_rate': 1.4893617021276596e-05, 'epoch': 14.89}
{'eval_eval_loss': 0.03475579991936684, 'eval_eval_token_acc': 0.9462002474737059, 'eval_eval_seq_acc': 0.0, 'eval_eval_move_acc': 0.1445, 'eval_eval_mod7_acc': 0.1445, 'eval_eval_mod4_acc': 0.2565, 'eval_eval_runtime': 1.1112, 'eval_eval_samples_per_second': 1799.846, 'eval_eval_steps_per_second': 28.798, 'epoch': 14.89}
{'eval_train_loss': 0.03423304110765457, 'eval_train_token_acc': 0.9466422279924648, 'eval_train_seq_acc': 0.0, 'eval_train_move_acc': 0.143, 'eval_train_mod7_acc': 0.143, 'eval_train_mod4_acc': 0.247, 'eval_train_runtime': 0.5572, 'eval_train_samples_per_second': 1794.551, 'eval_train_steps_per_second': 28.713, 'epoch': 14.89}
{'loss': 0.0828, 'learning_rate': 1.5957446808510637e-05, 'epoch': 15.96}
{'eval_eval_loss': 0.03375261649489403, 'eval_eval_token_acc': 0.9462002474737059, 'eval_eval_seq_acc': 0.0, 'eval_eval_move_acc': 0.1405, 'eval_eval_mod7_acc': 0.2617713004484305, 'eval_eval_mod4_acc': 0.2651345291479821, 'eval_eval_runtime': 1.1124, 'eval_eval_samples_per_second': 1797.87, 'eval_eval_steps_per_second': 28.766, 'epoch': 15.96}
{'eval_train_loss': 0.032806869596242905, 'eval_train_token_acc': 0.9466422279924648, 'eval_train_seq_acc': 0.0, 'eval_train_move_acc': 0.183, 'eval_train_mod7_acc': 0.2982646420824295, 'eval_train_mod4_acc': 0.2646420824295011, 'eval_train_runtime': 0.5569, 'eval_train_samples_per_second': 1795.681, 'eval_train_steps_per_second': 28.731, 'epoch': 15.96}
  Pushed checkpoint step-4000 to ijinyu1113/ft_mr6_70m_seed1_purenum
{'loss': 0.0332, 'learning_rate': 1.7021276595744682e-05, 'epoch': 17.02}
{'eval_eval_loss': 0.03445174917578697, 'eval_eval_token_acc': 0.9462002474737059, 'eval_eval_seq_acc': 0.0, 'eval_eval_move_acc': 0.1325, 'eval_eval_mod7_acc': 0.3680555555555556, 'eval_eval_mod4_acc': 0.24305555555555555, 'eval_eval_runtime': 1.1211, 'eval_eval_samples_per_second': 1783.906, 'eval_eval_steps_per_second': 28.543, 'epoch': 17.02}
{'eval_train_loss': 0.033096008002758026, 'eval_train_token_acc': 0.9466422279924648, 'eval_train_seq_acc': 0.0, 'eval_train_move_acc': 0.173, 'eval_train_mod7_acc': 0.4701086956521739, 'eval_train_mod4_acc': 0.25815217391304346, 'eval_train_runtime': 0.5586, 'eval_train_samples_per_second': 1790.032, 'eval_train_steps_per_second': 28.641, 'epoch': 17.02}
{'loss': 0.033, 'learning_rate': 1.8085106382978724e-05, 'epoch': 18.09}
{'eval_eval_loss': 0.034177765250205994, 'eval_eval_token_acc': 0.9462002474737059, 'eval_eval_seq_acc': 0.0, 'eval_eval_move_acc': 0.139, 'eval_eval_mod7_acc': 0.14840425531914894, 'eval_eval_mod4_acc': 0.24308510638297873, 'eval_eval_runtime': 1.1177, 'eval_eval_samples_per_second': 1789.327, 'eval_eval_steps_per_second': 28.629, 'epoch': 18.09}
{'eval_train_loss': 0.032522205263376236, 'eval_train_token_acc': 0.9466422279924648, 'eval_train_seq_acc': 0.0, 'eval_train_move_acc': 0.193, 'eval_train_mod7_acc': 0.20041536863966772, 'eval_train_mod4_acc': 0.26272066458982346, 'eval_train_runtime': 0.5599, 'eval_train_samples_per_second': 1785.927, 'eval_train_steps_per_second': 28.575, 'epoch': 18.09}
{'loss': 0.0329, 'learning_rate': 1.914893617021277e-05, 'epoch': 19.15}
{'eval_eval_loss': 0.03446860611438751, 'eval_eval_token_acc': 0.9462002474737059, 'eval_eval_seq_acc': 0.0, 'eval_eval_move_acc': 0.1265, 'eval_eval_mod7_acc': 0.24446583253128007, 'eval_eval_mod4_acc': 0.2569778633301251, 'eval_eval_runtime': 1.121, 'eval_eval_samples_per_second': 1784.187, 'eval_eval_steps_per_second': 28.547, 'epoch': 19.15}
{'eval_train_loss': 0.03247276321053505, 'eval_train_token_acc': 0.9466422279924648, 'eval_train_seq_acc': 0.0, 'eval_train_move_acc': 0.194, 'eval_train_mod7_acc': 0.33390705679862304, 'eval_train_mod4_acc': 0.23752151462994836, 'eval_train_runtime': 0.5588, 'eval_train_samples_per_second': 1789.401, 'eval_train_steps_per_second': 28.63, 'epoch': 19.15}
{'loss': 0.0328, 'learning_rate': 2.0212765957446807e-05, 'epoch': 20.21}
{'eval_eval_loss': 0.03444525972008705, 'eval_eval_token_acc': 0.9462002474737059, 'eval_eval_seq_acc': 0.0, 'eval_eval_move_acc': 0.1345, 'eval_eval_mod7_acc': 0.1470276008492569, 'eval_eval_mod4_acc': 0.2505307855626327, 'eval_eval_runtime': 1.1163, 'eval_eval_samples_per_second': 1791.653, 'eval_eval_steps_per_second': 28.666, 'epoch': 20.21}
{'eval_train_loss': 0.032302092760801315, 'eval_train_token_acc': 0.9466422279924648, 'eval_train_seq_acc': 0.0, 'eval_train_move_acc': 0.209, 'eval_train_mod7_acc': 0.22163865546218486, 'eval_train_mod4_acc': 0.26785714285714285, 'eval_train_runtime': 0.5593, 'eval_train_samples_per_second': 1787.811, 'eval_train_steps_per_second': 28.605, 'epoch': 20.21}
  Pushed checkpoint step-5000 to ijinyu1113/ft_mr6_70m_seed1_purenum
{'loss': 0.0329, 'learning_rate': 2.1276595744680852e-05, 'epoch': 21.28}
{'eval_eval_loss': 0.03463293984532356, 'eval_eval_token_acc': 0.9462002474737059, 'eval_eval_seq_acc': 0.0, 'eval_eval_move_acc': 0.141, 'eval_eval_mod7_acc': 0.17283324885960466, 'eval_eval_mod4_acc': 0.24480486568677143, 'eval_eval_runtime': 1.1124, 'eval_eval_samples_per_second': 1797.958, 'eval_eval_steps_per_second': 28.767, 'epoch': 21.28}
{'eval_train_loss': 0.032720573246479034, 'eval_train_token_acc': 0.9466422279924648, 'eval_train_seq_acc': 0.0, 'eval_train_move_acc': 0.237, 'eval_train_mod7_acc': 0.26262626262626265, 'eval_train_mod4_acc': 0.24444444444444444, 'eval_train_runtime': 0.5577, 'eval_train_samples_per_second': 1793.233, 'eval_train_steps_per_second': 28.692, 'epoch': 21.28}
{'loss': 0.0329, 'learning_rate': 2.2340425531914894e-05, 'epoch': 22.34}
{'eval_eval_loss': 0.03495543450117111, 'eval_eval_token_acc': 0.9462002474737059, 'eval_eval_seq_acc': 0.0, 'eval_eval_move_acc': 0.1345, 'eval_eval_mod7_acc': 0.1752136752136752, 'eval_eval_mod4_acc': 0.25824175824175827, 'eval_eval_runtime': 1.1136, 'eval_eval_samples_per_second': 1795.935, 'eval_eval_steps_per_second': 28.735, 'epoch': 22.34}
{'eval_train_loss': 0.032760344445705414, 'eval_train_token_acc': 0.9466422279924648, 'eval_train_seq_acc': 0.0, 'eval_train_move_acc': 0.211, 'eval_train_mod7_acc': 0.2577565632458234, 'eval_train_mod4_acc': 0.25178997613365156, 'eval_train_runtime': 0.5567, 'eval_train_samples_per_second': 1796.263, 'eval_train_steps_per_second': 28.74, 'epoch': 22.34}
{'loss': 0.0333, 'learning_rate': 2.340425531914894e-05, 'epoch': 23.4}
{'eval_eval_loss': 0.03443733975291252, 'eval_eval_token_acc': 0.9462002474737059, 'eval_eval_seq_acc': 0.0, 'eval_eval_move_acc': 0.132, 'eval_eval_mod7_acc': 0.15463917525773196, 'eval_eval_mod4_acc': 0.24971363115693013, 'eval_eval_runtime': 1.1133, 'eval_eval_samples_per_second': 1796.456, 'eval_eval_steps_per_second': 28.743, 'epoch': 23.4}
{'eval_train_loss': 0.03255242854356766, 'eval_train_token_acc': 0.9466422279924648, 'eval_train_seq_acc': 0.0, 'eval_train_move_acc': 0.213, 'eval_train_mod7_acc': 0.23968784838350055, 'eval_train_mod4_acc': 0.25975473801560756, 'eval_train_runtime': 0.5592, 'eval_train_samples_per_second': 1788.35, 'eval_train_steps_per_second': 28.614, 'epoch': 23.4}
{'loss': 0.0328, 'learning_rate': 2.4468085106382977e-05, 'epoch': 24.47}
{'eval_eval_loss': 0.034839652478694916, 'eval_eval_token_acc': 0.9462002474737059, 'eval_eval_seq_acc': 0.0, 'eval_eval_move_acc': 0.13, 'eval_eval_mod7_acc': 0.13595166163141995, 'eval_eval_mod4_acc': 0.25730110775427995, 'eval_eval_runtime': 1.113, 'eval_eval_samples_per_second': 1796.988, 'eval_eval_steps_per_second': 28.752, 'epoch': 24.47}
{'eval_train_loss': 0.03264646977186203, 'eval_train_token_acc': 0.9466422279924648, 'eval_train_seq_acc': 0.0, 'eval_train_move_acc': 0.195, 'eval_train_mod7_acc': 0.19858870967741934, 'eval_train_mod4_acc': 0.22580645161290322, 'eval_train_runtime': 0.5576, 'eval_train_samples_per_second': 1793.417, 'eval_train_steps_per_second': 28.695, 'epoch': 24.47}
  Pushed checkpoint step-6000 to ijinyu1113/ft_mr6_70m_seed1_purenum
{'loss': 0.0328, 'learning_rate': 2.5531914893617022e-05, 'epoch': 25.53}
{'eval_eval_loss': 0.03477415442466736, 'eval_eval_token_acc': 0.9462002474737059, 'eval_eval_seq_acc': 0.0, 'eval_eval_move_acc': 0.126, 'eval_eval_mod7_acc': 0.20253894979803808, 'eval_eval_mod4_acc': 0.26139642238892097, 'eval_eval_runtime': 1.1129, 'eval_eval_samples_per_second': 1797.154, 'eval_eval_steps_per_second': 28.754, 'epoch': 25.53}
{'eval_train_loss': 0.032210513949394226, 'eval_train_token_acc': 0.9466422279924648, 'eval_train_seq_acc': 0.0, 'eval_train_move_acc': 0.227, 'eval_train_mod7_acc': 0.3012318029115342, 'eval_train_mod4_acc': 0.24972004479283313, 'eval_train_runtime': 0.5566, 'eval_train_samples_per_second': 1796.782, 'eval_train_steps_per_second': 28.749, 'epoch': 25.53}
{'loss': 0.0327, 'learning_rate': 2.6595744680851064e-05, 'epoch': 26.6}
{'eval_eval_loss': 0.034822944551706314, 'eval_eval_token_acc': 0.9462002474737059, 'eval_eval_seq_acc': 0.0, 'eval_eval_move_acc': 0.126, 'eval_eval_mod7_acc': 0.16904024767801856, 'eval_eval_mod4_acc': 0.24272445820433436, 'eval_eval_runtime': 1.1112, 'eval_eval_samples_per_second': 1799.904, 'eval_eval_steps_per_second': 28.798, 'epoch': 26.6}
{'eval_train_loss': 0.03186823055148125, 'eval_train_token_acc': 0.9466422279924648, 'eval_train_seq_acc': 0.0, 'eval_train_move_acc': 0.228, 'eval_train_mod7_acc': 0.2755344418052256, 'eval_train_mod4_acc': 0.25534441805225655, 'eval_train_runtime': 0.5569, 'eval_train_samples_per_second': 1795.68, 'eval_train_steps_per_second': 28.731, 'epoch': 26.6}
{'loss': 0.0327, 'learning_rate': 2.765957446808511e-05, 'epoch': 27.66}
{'eval_eval_loss': 0.03514180704951286, 'eval_eval_token_acc': 0.9462002474737059, 'eval_eval_seq_acc': 0.0, 'eval_eval_move_acc': 0.1215, 'eval_eval_mod7_acc': 0.3227040816326531, 'eval_eval_mod4_acc': 0.23596938775510204, 'eval_eval_runtime': 1.1126, 'eval_eval_samples_per_second': 1797.62, 'eval_eval_steps_per_second': 28.762, 'epoch': 27.66}
{'eval_train_loss': 0.03220698982477188, 'eval_train_token_acc': 0.9466422279924648, 'eval_train_seq_acc': 0.0, 'eval_train_move_acc': 0.203, 'eval_train_mod7_acc': 0.4418103448275862, 'eval_train_mod4_acc': 0.22844827586206898, 'eval_train_runtime': 0.5577, 'eval_train_samples_per_second': 1793.063, 'eval_train_steps_per_second': 28.689, 'epoch': 27.66}
{'loss': 0.0327, 'learning_rate': 2.872340425531915e-05, 'epoch': 28.72}
{'eval_eval_loss': 0.03500877693295479, 'eval_eval_token_acc': 0.9462002474737059, 'eval_eval_seq_acc': 0.0, 'eval_eval_move_acc': 0.1485, 'eval_eval_mod7_acc': 0.1507537688442211, 'eval_eval_mod4_acc': 0.24773869346733668, 'eval_eval_runtime': 1.1147, 'eval_eval_samples_per_second': 1794.142, 'eval_eval_steps_per_second': 28.706, 'epoch': 28.72}
{'eval_train_loss': 0.032711323350667953, 'eval_train_token_acc': 0.9466422279924648, 'eval_train_seq_acc': 0.0, 'eval_train_move_acc': 0.192, 'eval_train_mod7_acc': 0.1933867735470942, 'eval_train_mod4_acc': 0.2655310621242485, 'eval_train_runtime': 0.5595, 'eval_train_samples_per_second': 1787.322, 'eval_train_steps_per_second': 28.597, 'epoch': 28.72}
  Pushed checkpoint step-7000 to ijinyu1113/ft_mr6_70m_seed1_purenum
{'loss': 0.0328, 'learning_rate': 2.9787234042553192e-05, 'epoch': 29.79}
{'eval_eval_loss': 0.034731749445199966, 'eval_eval_token_acc': 0.9462002474737059, 'eval_eval_seq_acc': 0.0, 'eval_eval_move_acc': 0.136, 'eval_eval_mod7_acc': 0.1565126050420168, 'eval_eval_mod4_acc': 0.24422268907563024, 'eval_eval_runtime': 1.1149, 'eval_eval_samples_per_second': 1793.956, 'eval_eval_steps_per_second': 28.703, 'epoch': 29.79}
{'eval_train_loss': 0.031813886016607285, 'eval_train_token_acc': 0.9466422279924648, 'eval_train_seq_acc': 0.0, 'eval_train_move_acc': 0.241, 'eval_train_mod7_acc': 0.2598752598752599, 'eval_train_mod4_acc': 0.26195426195426197, 'eval_train_runtime': 0.5577, 'eval_train_samples_per_second': 1793.114, 'eval_train_steps_per_second': 28.69, 'epoch': 29.79}
{'loss': 0.0326, 'learning_rate': 2.9999264548228676e-05, 'epoch': 30.85}
{'eval_eval_loss': 0.03594092279672623, 'eval_eval_token_acc': 0.9462002474737059, 'eval_eval_seq_acc': 0.0, 'eval_eval_move_acc': 0.133, 'eval_eval_mod7_acc': 0.23220704529115743, 'eval_eval_mod4_acc': 0.27677929547088426, 'eval_eval_runtime': 1.1151, 'eval_eval_samples_per_second': 1793.613, 'eval_eval_steps_per_second': 28.698, 'epoch': 30.85}
{'eval_train_loss': 0.03300409018993378, 'eval_train_token_acc': 0.9466422279924648, 'eval_train_seq_acc': 0.0, 'eval_train_move_acc': 0.212, 'eval_train_mod7_acc': 0.31521739130434784, 'eval_train_mod4_acc': 0.24864130434782608, 'eval_train_runtime': 0.5578, 'eval_train_samples_per_second': 1792.813, 'eval_train_steps_per_second': 28.685, 'epoch': 30.85}
{'loss': 0.0328, 'learning_rate': 2.9996276899008885e-05, 'epoch': 31.91}
{'eval_eval_loss': 0.03511223569512367, 'eval_eval_token_acc': 0.9462002474737059, 'eval_eval_seq_acc': 0.0, 'eval_eval_move_acc': 0.1255, 'eval_eval_mod7_acc': 0.17503486750348676, 'eval_eval_mod4_acc': 0.25662482566248257, 'eval_eval_runtime': 1.1165, 'eval_eval_samples_per_second': 1791.331, 'eval_eval_steps_per_second': 28.661, 'epoch': 31.91}
{'eval_train_loss': 0.03215160593390465, 'eval_train_token_acc': 0.9466422279924648, 'eval_train_seq_acc': 0.0, 'eval_train_move_acc': 0.21, 'eval_train_mod7_acc': 0.27331606217616583, 'eval_train_mod4_acc': 0.266839378238342, 'eval_train_runtime': 0.5583, 'eval_train_samples_per_second': 1791.299, 'eval_train_steps_per_second': 28.661, 'epoch': 31.91}
{'loss': 0.0326, 'learning_rate': 2.9990991544015662e-05, 'epoch': 32.98}
{'eval_eval_loss': 0.0353379063308239, 'eval_eval_token_acc': 0.9462002474737059, 'eval_eval_seq_acc': 0.0, 'eval_eval_move_acc': 0.1355, 'eval_eval_mod7_acc': 0.25422138836772984, 'eval_eval_mod4_acc': 0.2401500938086304, 'eval_eval_runtime': 1.1152, 'eval_eval_samples_per_second': 1793.392, 'eval_eval_steps_per_second': 28.694, 'epoch': 32.98}
{'eval_train_loss': 0.03265834227204323, 'eval_train_token_acc': 0.9466422279924648, 'eval_train_seq_acc': 0.0, 'eval_train_move_acc': 0.197, 'eval_train_mod7_acc': 0.3486725663716814, 'eval_train_mod4_acc': 0.27079646017699116, 'eval_train_runtime': 0.5586, 'eval_train_samples_per_second': 1790.279, 'eval_train_steps_per_second': 28.644, 'epoch': 32.98}
  Pushed checkpoint step-8000 to ijinyu1113/ft_mr6_70m_seed1_purenum
{'loss': 0.0326, 'learning_rate': 2.9983409293062717e-05, 'epoch': 34.04}
{'eval_eval_loss': 0.03482053428888321, 'eval_eval_token_acc': 0.9462002474737059, 'eval_eval_seq_acc': 0.0, 'eval_eval_move_acc': 0.1275, 'eval_eval_mod7_acc': 0.22610015174506828, 'eval_eval_mod4_acc': 0.255690440060698, 'eval_eval_runtime': 1.1131, 'eval_eval_samples_per_second': 1796.707, 'eval_eval_steps_per_second': 28.747, 'epoch': 34.04}
{'eval_train_loss': 0.032033730298280716, 'eval_train_token_acc': 0.9466422279924648, 'eval_train_seq_acc': 0.0, 'eval_train_move_acc': 0.214, 'eval_train_mod7_acc': 0.32574679943101, 'eval_train_mod4_acc': 0.24039829302987198, 'eval_train_runtime': 0.5576, 'eval_train_samples_per_second': 1793.347, 'eval_train_steps_per_second': 28.694, 'epoch': 34.04}
{'loss': 0.0326, 'learning_rate': 2.9973531307890522e-05, 'epoch': 35.11}
{'eval_eval_loss': 0.03535374626517296, 'eval_eval_token_acc': 0.9462002474737059, 'eval_eval_seq_acc': 0.0, 'eval_eval_move_acc': 0.133, 'eval_eval_mod7_acc': 0.1903023983315954, 'eval_eval_mod4_acc': 0.2502606882168926, 'eval_eval_runtime': 1.1135, 'eval_eval_samples_per_second': 1796.066, 'eval_eval_steps_per_second': 28.737, 'epoch': 35.11}
{'eval_train_loss': 0.03232809528708458, 'eval_train_token_acc': 0.9466422279924648, 'eval_train_seq_acc': 0.0, 'eval_train_move_acc': 0.203, 'eval_train_mod7_acc': 0.25, 'eval_train_mod4_acc': 0.257172131147541, 'eval_train_runtime': 0.5575, 'eval_train_samples_per_second': 1793.587, 'eval_train_steps_per_second': 28.697, 'epoch': 35.11}
{'loss': 0.0326, 'learning_rate': 2.9961359101988298e-05, 'epoch': 36.17}
{'eval_eval_loss': 0.035719048231840134, 'eval_eval_token_acc': 0.9462002474737059, 'eval_eval_seq_acc': 0.0, 'eval_eval_move_acc': 0.125, 'eval_eval_mod7_acc': 0.1750503018108652, 'eval_eval_mod4_acc': 0.2580482897384306, 'eval_eval_runtime': 1.1118, 'eval_eval_samples_per_second': 1798.958, 'eval_eval_steps_per_second': 28.783, 'epoch': 36.17}
{'eval_train_loss': 0.032396890223026276, 'eval_train_token_acc': 0.9466422279924648, 'eval_train_seq_acc': 0.0, 'eval_train_move_acc': 0.226, 'eval_train_mod7_acc': 0.2618328298086606, 'eval_train_mod4_acc': 0.27492447129909364, 'eval_train_runtime': 0.5577, 'eval_train_samples_per_second': 1792.975, 'eval_train_steps_per_second': 28.688, 'epoch': 36.17}
{'loss': 0.0325, 'learning_rate': 2.9946894540362144e-05, 'epoch': 37.23}
{'eval_eval_loss': 0.035553671419620514, 'eval_eval_token_acc': 0.9462002474737059, 'eval_eval_seq_acc': 0.0, 'eval_eval_move_acc': 0.1435, 'eval_eval_mod7_acc': 0.15563598759048605, 'eval_eval_mod4_acc': 0.24974146845915202, 'eval_eval_runtime': 1.1143, 'eval_eval_samples_per_second': 1794.882, 'eval_eval_steps_per_second': 28.718, 'epoch': 37.23}
{'eval_train_loss': 0.03210912272334099, 'eval_train_token_acc': 0.9466422279924648, 'eval_train_seq_acc': 0.0, 'eval_train_move_acc': 0.215, 'eval_train_mod7_acc': 0.22564102564102564, 'eval_train_mod4_acc': 0.24923076923076923, 'eval_train_runtime': 0.5585, 'eval_train_samples_per_second': 1790.602, 'eval_train_steps_per_second': 28.65, 'epoch': 37.23}
  Pushed checkpoint step-9000 to ijinyu1113/ft_mr6_70m_seed1_purenum
{'loss': 0.0325, 'learning_rate': 2.9930139839249263e-05, 'epoch': 38.3}
{'eval_eval_loss': 0.03562956303358078, 'eval_eval_token_acc': 0.9462002474737059, 'eval_eval_seq_acc': 0.0, 'eval_eval_move_acc': 0.1235, 'eval_eval_mod7_acc': 0.2678916827852998, 'eval_eval_mod4_acc': 0.26595744680851063, 'eval_eval_runtime': 1.1138, 'eval_eval_samples_per_second': 1795.597, 'eval_eval_steps_per_second': 28.73, 'epoch': 38.3}
{'eval_train_loss': 0.03211832419037819, 'eval_train_token_acc': 0.9466422279924648, 'eval_train_seq_acc': 0.0, 'eval_train_move_acc': 0.217, 'eval_train_mod7_acc': 0.40834845735027225, 'eval_train_mod4_acc': 0.26860254083484575, 'eval_train_runtime': 0.5556, 'eval_train_samples_per_second': 1799.828, 'eval_train_steps_per_second': 28.797, 'epoch': 38.3}
{'loss': 0.0324, 'learning_rate': 2.9911097565778392e-05, 'epoch': 39.36}
{'eval_eval_loss': 0.034942153841257095, 'eval_eval_token_acc': 0.9462002474737059, 'eval_eval_seq_acc': 0.0, 'eval_eval_move_acc': 0.12, 'eval_eval_mod7_acc': 0.16177228232869656, 'eval_eval_mod4_acc': 0.2550231839258114, 'eval_eval_runtime': 1.1125, 'eval_eval_samples_per_second': 1797.718, 'eval_eval_steps_per_second': 28.763, 'epoch': 39.36}
{'eval_train_loss': 0.03166878595948219, 'eval_train_token_acc': 0.9466422279924648, 'eval_train_seq_acc': 0.0, 'eval_train_move_acc': 0.251, 'eval_train_mod7_acc': 0.2839632277834525, 'eval_train_mod4_acc': 0.2604698672114402, 'eval_train_runtime': 0.5574, 'eval_train_samples_per_second': 1794.191, 'eval_train_steps_per_second': 28.707, 'epoch': 39.36}
{'loss': 0.0324, 'learning_rate': 2.98897706375765e-05, 'epoch': 40.43}
{'eval_eval_loss': 0.03605460375547409, 'eval_eval_token_acc': 0.9462002474737059, 'eval_eval_seq_acc': 0.0, 'eval_eval_move_acc': 0.124, 'eval_eval_mod7_acc': 0.3219178082191781, 'eval_eval_mod4_acc': 0.23972602739726026, 'eval_eval_runtime': 1.1131, 'eval_eval_samples_per_second': 1796.851, 'eval_eval_steps_per_second': 28.75, 'epoch': 40.43}
{'eval_train_loss': 0.03229059651494026, 'eval_train_token_acc': 0.9466422279924648, 'eval_train_seq_acc': 0.0, 'eval_train_move_acc': 0.218, 'eval_train_mod7_acc': 0.40709459459459457, 'eval_train_mod4_acc': 0.24155405405405406, 'eval_train_runtime': 0.5578, 'eval_train_samples_per_second': 1792.597, 'eval_train_steps_per_second': 28.682, 'epoch': 40.43}
{'loss': 0.0325, 'learning_rate': 2.9866162322321703e-05, 'epoch': 41.49}
{'eval_eval_loss': 0.03503451496362686, 'eval_eval_token_acc': 0.9462002474737059, 'eval_eval_seq_acc': 0.0, 'eval_eval_move_acc': 0.125, 'eval_eval_mod7_acc': 0.16337522441651706, 'eval_eval_mod4_acc': 0.26690604428485937, 'eval_eval_runtime': 1.1149, 'eval_eval_samples_per_second': 1793.895, 'eval_eval_steps_per_second': 28.702, 'epoch': 41.49}
{'eval_train_loss': 0.031634531915187836, 'eval_train_token_acc': 0.9466422279924648, 'eval_train_seq_acc': 0.0, 'eval_train_move_acc': 0.243, 'eval_train_mod7_acc': 0.29411764705882354, 'eval_train_mod4_acc': 0.2606689734717416, 'eval_train_runtime': 0.5581, 'eval_train_samples_per_second': 1791.656, 'eval_train_steps_per_second': 28.666, 'epoch': 41.49}
  Pushed checkpoint step-10000 to ijinyu1113/ft_mr6_70m_seed1_purenum
{'loss': 0.0324, 'learning_rate': 2.9840276237242647e-05, 'epoch': 42.55}
{'eval_eval_loss': 0.03529009595513344, 'eval_eval_token_acc': 0.9462002474737059, 'eval_eval_seq_acc': 0.0, 'eval_eval_move_acc': 0.137, 'eval_eval_mod7_acc': 0.1799080761654629, 'eval_eval_mod4_acc': 0.24031516743269862, 'eval_eval_runtime': 1.1142, 'eval_eval_samples_per_second': 1794.941, 'eval_eval_steps_per_second': 28.719, 'epoch': 42.55}
{'eval_train_loss': 0.03211193159222603, 'eval_train_token_acc': 0.9466422279924648, 'eval_train_seq_acc': 0.0, 'eval_train_move_acc': 0.208, 'eval_train_mod7_acc': 0.26097867001254704, 'eval_train_mod4_acc': 0.2371392722710163, 'eval_train_runtime': 0.5583, 'eval_train_samples_per_second': 1791.135, 'eval_train_steps_per_second': 28.658, 'epoch': 42.55}
{'loss': 0.0324, 'learning_rate': 2.981211634856424e-05, 'epoch': 43.62}
{'eval_eval_loss': 0.035274408757686615, 'eval_eval_token_acc': 0.9462002474737059, 'eval_eval_seq_acc': 0.0, 'eval_eval_move_acc': 0.138, 'eval_eval_mod7_acc': 0.23157894736842105, 'eval_eval_mod4_acc': 0.26105263157894737, 'eval_eval_runtime': 1.1139, 'eval_eval_samples_per_second': 1795.5, 'eval_eval_steps_per_second': 28.728, 'epoch': 43.62}
{'eval_train_loss': 0.031857509166002274, 'eval_train_token_acc': 0.9466422279924648, 'eval_train_seq_acc': 0.0, 'eval_train_move_acc': 0.255, 'eval_train_mod7_acc': 0.3588082901554404, 'eval_train_mod4_acc': 0.2551813471502591, 'eval_train_runtime': 0.5573, 'eval_train_samples_per_second': 1794.484, 'eval_train_steps_per_second': 28.712, 'epoch': 43.62}
{'loss': 0.0323, 'learning_rate': 2.9781686970899998e-05, 'epoch': 44.68}
{'eval_eval_loss': 0.03515676409006119, 'eval_eval_token_acc': 0.9462002474737059, 'eval_eval_seq_acc': 0.0, 'eval_eval_move_acc': 0.131, 'eval_eval_mod7_acc': 0.16159250585480095, 'eval_eval_mod4_acc': 0.2611241217798595, 'eval_eval_runtime': 1.1159, 'eval_eval_samples_per_second': 1792.242, 'eval_eval_steps_per_second': 28.676, 'epoch': 44.68}
{'eval_train_loss': 0.03152614086866379, 'eval_train_token_acc': 0.9466422279924648, 'eval_train_seq_acc': 0.0, 'eval_train_move_acc': 0.244, 'eval_train_mod7_acc': 0.2792281498297389, 'eval_train_mod4_acc': 0.2599318955732123, 'eval_train_runtime': 0.5591, 'eval_train_samples_per_second': 1788.522, 'eval_train_steps_per_second': 28.616, 'epoch': 44.68}
{'loss': 0.0322, 'learning_rate': 2.9748992766590924e-05, 'epoch': 45.74}
{'eval_eval_loss': 0.03563721477985382, 'eval_eval_token_acc': 0.9462002474737059, 'eval_eval_seq_acc': 0.0, 'eval_eval_move_acc': 0.1365, 'eval_eval_mod7_acc': 0.23342776203966006, 'eval_eval_mod4_acc': 0.2538243626062323, 'eval_eval_runtime': 1.1158, 'eval_eval_samples_per_second': 1792.491, 'eval_eval_steps_per_second': 28.68, 'epoch': 45.74}
{'eval_train_loss': 0.03167006000876427, 'eval_train_token_acc': 0.9466422279924648, 'eval_train_seq_acc': 0.0, 'eval_train_move_acc': 0.232, 'eval_train_mod7_acc': 0.32004429678848284, 'eval_train_mod4_acc': 0.25359911406423036, 'eval_train_runtime': 0.5582, 'eval_train_samples_per_second': 1791.448, 'eval_train_steps_per_second': 28.663, 'epoch': 45.74}
  Pushed checkpoint step-11000 to ijinyu1113/ft_mr6_70m_seed1_purenum
{'loss': 0.0322, 'learning_rate': 2.971403874499117e-05, 'epoch': 46.81}
{'eval_eval_loss': 0.03515001758933067, 'eval_eval_token_acc': 0.9462002474737059, 'eval_eval_seq_acc': 0.0, 'eval_eval_move_acc': 0.127, 'eval_eval_mod7_acc': 0.18238993710691823, 'eval_eval_mod4_acc': 0.2583857442348008, 'eval_eval_runtime': 1.1138, 'eval_eval_samples_per_second': 1795.712, 'eval_eval_steps_per_second': 28.731, 'epoch': 46.81}
{'eval_train_loss': 0.03139181807637215, 'eval_train_token_acc': 0.9466422279924648, 'eval_train_seq_acc': 0.0, 'eval_train_move_acc': 0.246, 'eval_train_mod7_acc': 0.2932642487046632, 'eval_train_mod4_acc': 0.277720207253886, 'eval_train_runtime': 0.556, 'eval_train_samples_per_second': 1798.519, 'eval_train_steps_per_second': 28.776, 'epoch': 46.81}
{'loss': 0.0321, 'learning_rate': 2.967683026170052e-05, 'epoch': 47.87}
{'eval_eval_loss': 0.035218916833400726, 'eval_eval_token_acc': 0.9462002474737059, 'eval_eval_seq_acc': 0.0, 'eval_eval_move_acc': 0.133, 'eval_eval_mod7_acc': 0.15650296815974096, 'eval_eval_mod4_acc': 0.2633567188343227, 'eval_eval_runtime': 1.1118, 'eval_eval_samples_per_second': 1798.862, 'eval_eval_steps_per_second': 28.782, 'epoch': 47.87}
{'eval_train_loss': 0.031176267191767693, 'eval_train_token_acc': 0.9466422279924648, 'eval_train_seq_acc': 0.0, 'eval_train_move_acc': 0.258, 'eval_train_mod7_acc': 0.28, 'eval_train_mod4_acc': 0.27473684210526317, 'eval_train_runtime': 0.5581, 'eval_train_samples_per_second': 1791.786, 'eval_train_steps_per_second': 28.669, 'epoch': 47.87}
{'loss': 0.032, 'learning_rate': 2.963737301774379e-05, 'epoch': 48.94}
{'eval_eval_loss': 0.03649038448929787, 'eval_eval_token_acc': 0.9462002474737059, 'eval_eval_seq_acc': 0.0, 'eval_eval_move_acc': 0.1305, 'eval_eval_mod7_acc': 0.16877637130801687, 'eval_eval_mod4_acc': 0.26635021097046413, 'eval_eval_runtime': 1.1115, 'eval_eval_samples_per_second': 1799.45, 'eval_eval_steps_per_second': 28.791, 'epoch': 48.94}
{'eval_train_loss': 0.03136523440480232, 'eval_train_token_acc': 0.9466422279924648, 'eval_train_seq_acc': 0.0, 'eval_train_move_acc': 0.264, 'eval_train_mod7_acc': 0.3007284079084287, 'eval_train_mod4_acc': 0.2767950052029136, 'eval_train_runtime': 0.557, 'eval_train_samples_per_second': 1795.232, 'eval_train_steps_per_second': 28.724, 'epoch': 48.94}
{'loss': 0.032, 'learning_rate': 2.959567305869736e-05, 'epoch': 50.0}
{'eval_eval_loss': 0.03674105927348137, 'eval_eval_token_acc': 0.9462002474737059, 'eval_eval_seq_acc': 0.0, 'eval_eval_move_acc': 0.1215, 'eval_eval_mod7_acc': 0.20194309507286606, 'eval_eval_mod4_acc': 0.26648160999306036, 'eval_eval_runtime': 1.1133, 'eval_eval_samples_per_second': 1796.469, 'eval_eval_steps_per_second': 28.744, 'epoch': 50.0}
{'eval_train_loss': 0.030964965000748634, 'eval_train_token_acc': 0.9466422279924648, 'eval_train_seq_acc': 0.0, 'eval_train_move_acc': 0.26, 'eval_train_mod7_acc': 0.3663624511082138, 'eval_train_mod4_acc': 0.28292046936114734, 'eval_train_runtime': 0.5573, 'eval_train_samples_per_second': 1794.255, 'eval_train_steps_per_second': 28.708, 'epoch': 50.0}
  Pushed checkpoint step-12000 to ijinyu1113/ft_mr6_70m_seed1_purenum
{'loss': 0.0318, 'learning_rate': 2.955173677376284e-05, 'epoch': 51.06}
{'eval_eval_loss': 0.038160063326358795, 'eval_eval_token_acc': 0.9462002474737059, 'eval_eval_seq_acc': 0.0, 'eval_eval_move_acc': 0.125, 'eval_eval_mod7_acc': 0.1355, 'eval_eval_mod4_acc': 0.2715, 'eval_eval_runtime': 1.1135, 'eval_eval_samples_per_second': 1796.187, 'eval_eval_steps_per_second': 28.739, 'epoch': 51.06}
{'eval_train_loss': 0.03283384069800377, 'eval_train_token_acc': 0.9466422279924648, 'eval_train_seq_acc': 0.0, 'eval_train_move_acc': 0.224, 'eval_train_mod7_acc': 0.241, 'eval_train_mod4_acc': 0.267, 'eval_train_runtime': 0.5563, 'eval_train_samples_per_second': 1797.638, 'eval_train_steps_per_second': 28.762, 'epoch': 51.06}
{'loss': 0.0317, 'learning_rate': 2.9505570894788162e-05, 'epoch': 52.13}
{'eval_eval_loss': 0.036788441240787506, 'eval_eval_token_acc': 0.9462002474737059, 'eval_eval_seq_acc': 0.0, 'eval_eval_move_acc': 0.1375, 'eval_eval_mod7_acc': 0.14629049111807732, 'eval_eval_mod4_acc': 0.2471264367816092, 'eval_eval_runtime': 1.112, 'eval_eval_samples_per_second': 1798.609, 'eval_eval_steps_per_second': 28.778, 'epoch': 52.13}
{'eval_train_loss': 0.031462401151657104, 'eval_train_token_acc': 0.9466422279924648, 'eval_train_seq_acc': 0.0, 'eval_train_move_acc': 0.241, 'eval_train_mod7_acc': 0.25077081192189105, 'eval_train_mod4_acc': 0.2517985611510791, 'eval_train_runtime': 0.5571, 'eval_train_samples_per_second': 1794.927, 'eval_train_steps_per_second': 28.719, 'epoch': 52.13}
{'loss': 0.0317, 'learning_rate': 2.9457182495236116e-05, 'epoch': 53.19}
{'eval_eval_loss': 0.03823645040392876, 'eval_eval_token_acc': 0.9462002474737059, 'eval_eval_seq_acc': 0.0, 'eval_eval_move_acc': 0.1285, 'eval_eval_mod7_acc': 0.21692686935086278, 'eval_eval_mod4_acc': 0.2703368940016434, 'eval_eval_runtime': 1.1114, 'eval_eval_samples_per_second': 1799.598, 'eval_eval_steps_per_second': 28.794, 'epoch': 53.19}
{'eval_train_loss': 0.030908046290278435, 'eval_train_token_acc': 0.9466422279924648, 'eval_train_seq_acc': 0.0, 'eval_train_move_acc': 0.262, 'eval_train_mod7_acc': 0.38814814814814813, 'eval_train_mod4_acc': 0.25333333333333335, 'eval_train_runtime': 0.5556, 'eval_train_samples_per_second': 1799.889, 'eval_train_steps_per_second': 28.798, 'epoch': 53.19}
{'loss': 0.0316, 'learning_rate': 2.9406578989100573e-05, 'epoch': 54.26}
{'eval_eval_loss': 0.03698037564754486, 'eval_eval_token_acc': 0.9462002474737059, 'eval_eval_seq_acc': 0.0, 'eval_eval_move_acc': 0.126, 'eval_eval_mod7_acc': 0.22485690923957483, 'eval_eval_mod4_acc': 0.2747342600163532, 'eval_eval_runtime': 1.1152, 'eval_eval_samples_per_second': 1793.424, 'eval_eval_steps_per_second': 28.695, 'epoch': 54.26}
{'eval_train_loss': 0.03092026337981224, 'eval_train_token_acc': 0.9466422279924648, 'eval_train_seq_acc': 0.0, 'eval_train_move_acc': 0.26, 'eval_train_mod7_acc': 0.3871428571428571, 'eval_train_mod4_acc': 0.24857142857142858, 'eval_train_runtime': 0.5577, 'eval_train_samples_per_second': 1792.996, 'eval_train_steps_per_second': 28.688, 'epoch': 54.26}
  Pushed checkpoint step-13000 to ijinyu1113/ft_mr6_70m_seed1_purenum
{'loss': 0.0314, 'learning_rate': 2.9353768129770526e-05, 'epoch': 55.32}
{'eval_eval_loss': 0.036148007959127426, 'eval_eval_token_acc': 0.9462002474737059, 'eval_eval_seq_acc': 0.0, 'eval_eval_move_acc': 0.1425, 'eval_eval_mod7_acc': 0.1784406070120356, 'eval_eval_mod4_acc': 0.2585034013605442, 'eval_eval_runtime': 1.1077, 'eval_eval_samples_per_second': 1805.496, 'eval_eval_steps_per_second': 28.888, 'epoch': 55.32}
{'eval_train_loss': 0.03087146393954754, 'eval_train_token_acc': 0.9466422279924648, 'eval_train_seq_acc': 0.0, 'eval_train_move_acc': 0.278, 'eval_train_mod7_acc': 0.3106295149638803, 'eval_train_mod4_acc': 0.2714138286893705, 'eval_train_runtime': 0.5564, 'eval_train_samples_per_second': 1797.126, 'eval_train_steps_per_second': 28.754, 'epoch': 55.32}
{'loss': 0.0312, 'learning_rate': 2.929875800884212e-05, 'epoch': 56.38}
{'eval_eval_loss': 0.03827223554253578, 'eval_eval_token_acc': 0.9462002474737059, 'eval_eval_seq_acc': 0.0, 'eval_eval_move_acc': 0.122, 'eval_eval_mod7_acc': 0.15993071593533487, 'eval_eval_mod4_acc': 0.2754041570438799, 'eval_eval_runtime': 1.1143, 'eval_eval_samples_per_second': 1794.843, 'eval_eval_steps_per_second': 28.717, 'epoch': 56.38}
{'eval_train_loss': 0.0301477313041687, 'eval_train_token_acc': 0.9466422279924648, 'eval_train_seq_acc': 0.0, 'eval_train_move_acc': 0.292, 'eval_train_mod7_acc': 0.33517089305402425, 'eval_train_mod4_acc': 0.2579933847850055, 'eval_train_runtime': 0.558, 'eval_train_samples_per_second': 1792.246, 'eval_train_steps_per_second': 28.676, 'epoch': 56.38}
{'loss': 0.0312, 'learning_rate': 2.9241557054878875e-05, 'epoch': 57.45}
{'eval_eval_loss': 0.03778185322880745, 'eval_eval_token_acc': 0.9462002474737059, 'eval_eval_seq_acc': 0.0, 'eval_eval_move_acc': 0.1205, 'eval_eval_mod7_acc': 0.17424242424242425, 'eval_eval_mod4_acc': 0.25315656565656564, 'eval_eval_runtime': 1.1133, 'eval_eval_samples_per_second': 1796.415, 'eval_eval_steps_per_second': 28.743, 'epoch': 57.45}
{'eval_train_loss': 0.030041607096791267, 'eval_train_token_acc': 0.9466422279924648, 'eval_train_seq_acc': 0.0, 'eval_train_move_acc': 0.293, 'eval_train_mod7_acc': 0.35930232558139535, 'eval_train_mod4_acc': 0.26976744186046514, 'eval_train_runtime': 0.5573, 'eval_train_samples_per_second': 1794.5, 'eval_train_steps_per_second': 28.712, 'epoch': 57.45}
{'loss': 0.0308, 'learning_rate': 2.9182174032120284e-05, 'epoch': 58.51}
{'eval_eval_loss': 0.03844889998435974, 'eval_eval_token_acc': 0.9462002474737059, 'eval_eval_seq_acc': 0.0, 'eval_eval_move_acc': 0.1335, 'eval_eval_mod7_acc': 0.17036172695449242, 'eval_eval_mod4_acc': 0.2508751458576429, 'eval_eval_runtime': 1.1154, 'eval_eval_samples_per_second': 1793.075, 'eval_eval_steps_per_second': 28.689, 'epoch': 58.51}
{'eval_train_loss': 0.02993960864841938, 'eval_train_token_acc': 0.9466422279924648, 'eval_train_seq_acc': 0.0, 'eval_train_move_acc': 0.295, 'eval_train_mod7_acc': 0.33370288248337027, 'eval_train_mod4_acc': 0.2616407982261641, 'eval_train_runtime': 0.5581, 'eval_train_samples_per_second': 1791.739, 'eval_train_steps_per_second': 28.668, 'epoch': 58.51}
  Pushed checkpoint step-14000 to ijinyu1113/ft_mr6_70m_seed1_purenum
{'loss': 0.0306, 'learning_rate': 2.9120618039138956e-05, 'epoch': 59.57}
{'eval_eval_loss': 0.037170447409152985, 'eval_eval_token_acc': 0.9462002474737059, 'eval_eval_seq_acc': 0.0, 'eval_eval_move_acc': 0.138, 'eval_eval_mod7_acc': 0.22107186358099878, 'eval_eval_mod4_acc': 0.2661388550548112, 'eval_eval_runtime': 1.1156, 'eval_eval_samples_per_second': 1792.823, 'eval_eval_steps_per_second': 28.685, 'epoch': 59.57}
{'eval_train_loss': 0.030107969418168068, 'eval_train_token_acc': 0.9466422279924648, 'eval_train_seq_acc': 0.0, 'eval_train_move_acc': 0.282, 'eval_train_mod7_acc': 0.36596736596736595, 'eval_train_mod4_acc': 0.2529137529137529, 'eval_train_runtime': 0.558, 'eval_train_samples_per_second': 1792.062, 'eval_train_steps_per_second': 28.673, 'epoch': 59.57}
{'loss': 0.0303, 'learning_rate': 2.9056898507446553e-05, 'epoch': 60.64}
{'eval_eval_loss': 0.038344856351614, 'eval_eval_token_acc': 0.9462002474737059, 'eval_eval_seq_acc': 0.0, 'eval_eval_move_acc': 0.13, 'eval_eval_mod7_acc': 0.16018572257690075, 'eval_eval_mod4_acc': 0.2634939059779454, 'eval_eval_runtime': 1.1183, 'eval_eval_samples_per_second': 1788.485, 'eval_eval_steps_per_second': 28.616, 'epoch': 60.64}
{'eval_train_loss': 0.0294486116617918, 'eval_train_token_acc': 0.9466422279924648, 'eval_train_seq_acc': 0.0, 'eval_train_move_acc': 0.299, 'eval_train_mod7_acc': 0.3268186753528773, 'eval_train_mod4_acc': 0.26492942453854507, 'eval_train_runtime': 0.5595, 'eval_train_samples_per_second': 1787.431, 'eval_train_steps_per_second': 28.599, 'epoch': 60.64}
{'loss': 0.0299, 'learning_rate': 2.8991025200048707e-05, 'epoch': 61.7}
{'eval_eval_loss': 0.03781634941697121, 'eval_eval_token_acc': 0.9462002474737059, 'eval_eval_seq_acc': 0.0, 'eval_eval_move_acc': 0.127, 'eval_eval_mod7_acc': 0.14816810344827586, 'eval_eval_mod4_acc': 0.2526939655172414, 'eval_eval_runtime': 1.1158, 'eval_eval_samples_per_second': 1792.409, 'eval_eval_steps_per_second': 28.679, 'epoch': 61.7}
{'eval_train_loss': 0.028793340548872948, 'eval_train_token_acc': 0.9466422279924648, 'eval_train_seq_acc': 0.0, 'eval_train_move_acc': 0.321, 'eval_train_mod7_acc': 0.3433922996878252, 'eval_train_mod4_acc': 0.2695109261186264, 'eval_train_runtime': 0.5596, 'eval_train_samples_per_second': 1786.846, 'eval_train_steps_per_second': 28.59, 'epoch': 61.7}
{'loss': 0.0299, 'learning_rate': 2.892300820994915e-05, 'epoch': 62.77}
{'eval_eval_loss': 0.039143454283475876, 'eval_eval_token_acc': 0.9462002474737059, 'eval_eval_seq_acc': 0.0, 'eval_eval_move_acc': 0.1235, 'eval_eval_mod7_acc': 0.17503136762860727, 'eval_eval_mod4_acc': 0.24780426599749059, 'eval_eval_runtime': 1.1138, 'eval_eval_samples_per_second': 1795.71, 'eval_eval_steps_per_second': 28.731, 'epoch': 62.77}
{'eval_train_loss': 0.028457095846533775, 'eval_train_token_acc': 0.9466422279924648, 'eval_train_seq_acc': 0.0, 'eval_train_move_acc': 0.335, 'eval_train_mod7_acc': 0.4060324825986079, 'eval_train_mod4_acc': 0.2668213457076566, 'eval_train_runtime': 0.5585, 'eval_train_samples_per_second': 1790.571, 'eval_train_steps_per_second': 28.649, 'epoch': 62.77}
  Pushed checkpoint step-15000 to ijinyu1113/ft_mr6_70m_seed1_purenum
{'loss': 0.0292, 'learning_rate': 2.8852857958603282e-05, 'epoch': 63.83}
{'eval_eval_loss': 0.03975507616996765, 'eval_eval_token_acc': 0.9462002474737059, 'eval_eval_seq_acc': 0.0, 'eval_eval_move_acc': 0.1255, 'eval_eval_mod7_acc': 0.14226590791515778, 'eval_eval_mod4_acc': 0.26383859286083805, 'eval_eval_runtime': 1.1129, 'eval_eval_samples_per_second': 1797.055, 'eval_eval_steps_per_second': 28.753, 'epoch': 63.83}
{'eval_train_loss': 0.028396790847182274, 'eval_train_token_acc': 0.9466422279924648, 'eval_train_seq_acc': 0.0, 'eval_train_move_acc': 0.351, 'eval_train_mod7_acc': 0.36670071501532175, 'eval_train_mod4_acc': 0.2635342185903984, 'eval_train_runtime': 0.5571, 'eval_train_samples_per_second': 1794.97, 'eval_train_steps_per_second': 28.72, 'epoch': 63.83}
{'loss': 0.0283, 'learning_rate': 2.878058519432141e-05, 'epoch': 64.89}
{'eval_eval_loss': 0.04070097208023071, 'eval_eval_token_acc': 0.9462002474737059, 'eval_eval_seq_acc': 0.0, 'eval_eval_move_acc': 0.1465, 'eval_eval_mod7_acc': 0.190625, 'eval_eval_mod4_acc': 0.253125, 'eval_eval_runtime': 1.1148, 'eval_eval_samples_per_second': 1794.068, 'eval_eval_steps_per_second': 28.705, 'epoch': 64.89}
{'eval_train_loss': 0.025970881804823875, 'eval_train_token_acc': 0.9466422279924648, 'eval_train_seq_acc': 0.0, 'eval_train_move_acc': 0.397, 'eval_train_mod7_acc': 0.4707259953161593, 'eval_train_mod4_acc': 0.2857142857142857, 'eval_train_runtime': 0.5587, 'eval_train_samples_per_second': 1789.719, 'eval_train_steps_per_second': 28.635, 'epoch': 64.89}
{'loss': 0.0278, 'learning_rate': 2.87062009906219e-05, 'epoch': 65.96}
{'eval_eval_loss': 0.039970289915800095, 'eval_eval_token_acc': 0.9462002474737059, 'eval_eval_seq_acc': 0.0, 'eval_eval_move_acc': 0.1525, 'eval_eval_mod7_acc': 0.24064563462949376, 'eval_eval_mod4_acc': 0.24064563462949376, 'eval_eval_runtime': 1.114, 'eval_eval_samples_per_second': 1795.281, 'eval_eval_steps_per_second': 28.724, 'epoch': 65.96}
{'eval_train_loss': 0.02669946663081646, 'eval_train_token_acc': 0.9466422279924648, 'eval_train_seq_acc': 0.0, 'eval_train_move_acc': 0.378, 'eval_train_mod7_acc': 0.4935064935064935, 'eval_train_mod4_acc': 0.2571428571428571, 'eval_train_runtime': 0.5587, 'eval_train_samples_per_second': 1789.796, 'eval_train_steps_per_second': 28.637, 'epoch': 65.96}
{'loss': 0.0267, 'learning_rate': 2.862971674453453e-05, 'epoch': 67.02}
{'eval_eval_loss': 0.04030175507068634, 'eval_eval_token_acc': 0.9462002474737059, 'eval_eval_seq_acc': 0.0, 'eval_eval_move_acc': 0.159, 'eval_eval_mod7_acc': 0.1843137254901961, 'eval_eval_mod4_acc': 0.23529411764705882, 'eval_eval_runtime': 1.1127, 'eval_eval_samples_per_second': 1797.386, 'eval_eval_steps_per_second': 28.758, 'epoch': 67.02}
{'eval_train_loss': 0.02505669742822647, 'eval_train_token_acc': 0.9466422279924648, 'eval_train_seq_acc': 0.0, 'eval_train_move_acc': 0.423, 'eval_train_mod7_acc': 0.45222929936305734, 'eval_train_mod4_acc': 0.2611464968152866, 'eval_train_runtime': 0.557, 'eval_train_samples_per_second': 1795.481, 'eval_train_steps_per_second': 28.728, 'epoch': 67.02}
  Pushed checkpoint step-16000 to ijinyu1113/ft_mr6_70m_seed1_purenum
{'loss': 0.0247, 'learning_rate': 2.8551144174854237e-05, 'epoch': 68.09}
{'eval_eval_loss': 0.046985168009996414, 'eval_eval_token_acc': 0.9462002474737059, 'eval_eval_seq_acc': 0.0, 'eval_eval_move_acc': 0.1825, 'eval_eval_mod7_acc': 0.23404255319148937, 'eval_eval_mod4_acc': 0.24611845888441633, 'eval_eval_runtime': 1.1128, 'eval_eval_samples_per_second': 1797.29, 'eval_eval_steps_per_second': 28.757, 'epoch': 68.09}
{'eval_train_loss': 0.02080702967941761, 'eval_train_token_acc': 0.9466422279924648, 'eval_train_seq_acc': 0.0, 'eval_train_move_acc': 0.533, 'eval_train_mod7_acc': 0.5788912579957356, 'eval_train_mod4_acc': 0.28251599147121537, 'eval_train_runtime': 0.5575, 'eval_train_samples_per_second': 1793.725, 'eval_train_steps_per_second': 28.7, 'epoch': 68.09}
{'loss': 0.0229, 'learning_rate': 2.8470495320345588e-05, 'epoch': 69.15}
{'eval_eval_loss': 0.04144902899861336, 'eval_eval_token_acc': 0.9462002474737059, 'eval_eval_seq_acc': 0.0, 'eval_eval_move_acc': 0.2155, 'eval_eval_mod7_acc': 0.2827324478178368, 'eval_eval_mod4_acc': 0.2314990512333966, 'eval_eval_runtime': 1.1154, 'eval_eval_samples_per_second': 1793.021, 'eval_eval_steps_per_second': 28.688, 'epoch': 69.15}
{'eval_train_loss': 0.021170400083065033, 'eval_train_token_acc': 0.9466422279924648, 'eval_train_seq_acc': 0.0, 'eval_train_move_acc': 0.515, 'eval_train_mod7_acc': 0.5935706084959816, 'eval_train_mod4_acc': 0.2525832376578645, 'eval_train_runtime': 0.5579, 'eval_train_samples_per_second': 1792.382, 'eval_train_steps_per_second': 28.678, 'epoch': 69.15}
{'loss': 0.0208, 'learning_rate': 2.838778253789822e-05, 'epoch': 70.21}
{'eval_eval_loss': 0.04105557128787041, 'eval_eval_token_acc': 0.9462002474737059, 'eval_eval_seq_acc': 0.0, 'eval_eval_move_acc': 0.246, 'eval_eval_mod7_acc': 0.2945990180032733, 'eval_eval_mod4_acc': 0.24331696672122205, 'eval_eval_runtime': 1.1182, 'eval_eval_samples_per_second': 1788.599, 'eval_eval_steps_per_second': 28.618, 'epoch': 70.21}
{'eval_train_loss': 0.0171849075704813, 'eval_train_token_acc': 0.9466422279924648, 'eval_train_seq_acc': 0.0, 'eval_train_move_acc': 0.623, 'eval_train_mod7_acc': 0.6462167689161554, 'eval_train_mod4_acc': 0.2689161554192229, 'eval_train_runtime': 0.5585, 'eval_train_samples_per_second': 1790.364, 'eval_train_steps_per_second': 28.646, 'epoch': 70.21}
{'loss': 0.0181, 'learning_rate': 2.830301850063354e-05, 'epoch': 71.28}
{'eval_eval_loss': 0.03831589221954346, 'eval_eval_token_acc': 0.9462002474737059, 'eval_eval_seq_acc': 0.0, 'eval_eval_move_acc': 0.324, 'eval_eval_mod7_acc': 0.3814139110604333, 'eval_eval_mod4_acc': 0.2508551881413911, 'eval_eval_runtime': 1.1143, 'eval_eval_samples_per_second': 1794.928, 'eval_eval_steps_per_second': 28.719, 'epoch': 71.28}
{'eval_train_loss': 0.01468307338654995, 'eval_train_token_acc': 0.9466422279924648, 'eval_train_seq_acc': 0.0, 'eval_train_move_acc': 0.678, 'eval_train_mod7_acc': 0.7185185185185186, 'eval_train_mod4_acc': 0.26666666666666666, 'eval_train_runtime': 0.5573, 'eval_train_samples_per_second': 1794.401, 'eval_train_steps_per_second': 28.71, 'epoch': 71.28}
  Pushed checkpoint step-17000 to ijinyu1113/ft_mr6_70m_seed1_purenum
{'loss': 0.0148, 'learning_rate': 2.8216216195962963e-05, 'epoch': 72.34}
{'eval_eval_loss': 0.029028549790382385, 'eval_eval_token_acc': 0.9462002474737059, 'eval_eval_seq_acc': 0.0, 'eval_eval_move_acc': 0.4305, 'eval_eval_mod7_acc': 0.49382022471910114, 'eval_eval_mod4_acc': 0.25449438202247193, 'eval_eval_runtime': 1.1211, 'eval_eval_samples_per_second': 1784.027, 'eval_eval_steps_per_second': 28.544, 'epoch': 72.34}
{'eval_train_loss': 0.01086924783885479, 'eval_train_token_acc': 0.9466422279924648, 'eval_train_seq_acc': 0.0, 'eval_train_move_acc': 0.773, 'eval_train_mod7_acc': 0.809375, 'eval_train_mod4_acc': 0.2864583333333333, 'eval_train_runtime': 0.5581, 'eval_train_samples_per_second': 1791.804, 'eval_train_steps_per_second': 28.669, 'epoch': 72.34}
{'loss': 0.0113, 'learning_rate': 2.812738892359801e-05, 'epoch': 73.4}
{'eval_eval_loss': 0.021132636815309525, 'eval_eval_token_acc': 0.9462002474737059, 'eval_eval_seq_acc': 0.0, 'eval_eval_move_acc': 0.577, 'eval_eval_mod7_acc': 0.6372602739726028, 'eval_eval_mod4_acc': 0.25095890410958904, 'eval_eval_runtime': 1.1163, 'eval_eval_samples_per_second': 1791.713, 'eval_eval_steps_per_second': 28.667, 'epoch': 73.4}
{'eval_train_loss': 0.008084828965365887, 'eval_train_token_acc': 0.9466422279924648, 'eval_train_seq_acc': 0.0, 'eval_train_move_acc': 0.82, 'eval_train_mod7_acc': 0.8519668737060041, 'eval_train_mod4_acc': 0.2660455486542443, 'eval_train_runtime': 0.5593, 'eval_train_samples_per_second': 1788.071, 'eval_train_steps_per_second': 28.609, 'epoch': 73.4}
{'loss': 0.0072, 'learning_rate': 2.8036550293512534e-05, 'epoch': 74.47}
{'eval_eval_loss': 0.01479047816246748, 'eval_eval_token_acc': 0.9462002474737059, 'eval_eval_seq_acc': 0.0, 'eval_eval_move_acc': 0.7085, 'eval_eval_mod7_acc': 0.7510593220338984, 'eval_eval_mod4_acc': 0.2489406779661017, 'eval_eval_runtime': 1.1143, 'eval_eval_samples_per_second': 1794.891, 'eval_eval_steps_per_second': 28.718, 'epoch': 74.47}
{'eval_train_loss': 0.005404315423220396, 'eval_train_token_acc': 0.9466422279924648, 'eval_train_seq_acc': 0.0, 'eval_train_move_acc': 0.888, 'eval_train_mod7_acc': 0.90992835209826, 'eval_train_mod4_acc': 0.2743091095189355, 'eval_train_runtime': 0.5582, 'eval_train_samples_per_second': 1791.447, 'eval_train_steps_per_second': 28.663, 'epoch': 74.47}
{'loss': 0.0048, 'learning_rate': 2.7943714223857438e-05, 'epoch': 75.53}
{'eval_eval_loss': 0.009783326648175716, 'eval_eval_token_acc': 0.9462002474737059, 'eval_eval_seq_acc': 0.0, 'eval_eval_move_acc': 0.791, 'eval_eval_mod7_acc': 0.8205394190871369, 'eval_eval_mod4_acc': 0.23807053941908712, 'eval_eval_runtime': 1.1161, 'eval_eval_samples_per_second': 1792.019, 'eval_eval_steps_per_second': 28.672, 'epoch': 75.53}
{'eval_train_loss': 0.003730948083102703, 'eval_train_token_acc': 0.9466422279924648, 'eval_train_seq_acc': 0.0, 'eval_train_move_acc': 0.911, 'eval_train_mod7_acc': 0.9202020202020202, 'eval_train_mod4_acc': 0.2727272727272727, 'eval_train_runtime': 0.5592, 'eval_train_samples_per_second': 1788.152, 'eval_train_steps_per_second': 28.61, 'epoch': 75.53}
  Pushed checkpoint step-18000 to ijinyu1113/ft_mr6_70m_seed1_purenum
{'loss': 0.0034, 'learning_rate': 2.7848894938828134e-05, 'epoch': 76.6}
{'eval_eval_loss': 0.009126934222877026, 'eval_eval_token_acc': 0.9462002474737059, 'eval_eval_seq_acc': 0.0, 'eval_eval_move_acc': 0.8105, 'eval_eval_mod7_acc': 0.8370293965961836, 'eval_eval_mod4_acc': 0.25012893243940176, 'eval_eval_runtime': 1.1177, 'eval_eval_samples_per_second': 1789.409, 'eval_eval_steps_per_second': 28.631, 'epoch': 76.6}
{'eval_train_loss': 0.003178016282618046, 'eval_train_token_acc': 0.9466422279924648, 'eval_train_seq_acc': 0.0, 'eval_train_move_acc': 0.934, 'eval_train_mod7_acc': 0.947261663286004, 'eval_train_mod4_acc': 0.2697768762677485, 'eval_train_runtime': 0.5561, 'eval_train_samples_per_second': 1798.142, 'eval_train_steps_per_second': 28.77, 'epoch': 76.6}
{'loss': 0.0024, 'learning_rate': 2.7752106966485177e-05, 'epoch': 77.66}
{'eval_eval_loss': 0.005984763149172068, 'eval_eval_token_acc': 0.9462002474737059, 'eval_eval_seq_acc': 0.0, 'eval_eval_move_acc': 0.881, 'eval_eval_mod7_acc': 0.9022017409114184, 'eval_eval_mod4_acc': 0.24423963133640553, 'eval_eval_runtime': 1.1128, 'eval_eval_samples_per_second': 1797.242, 'eval_eval_steps_per_second': 28.756, 'epoch': 77.66}
{'eval_train_loss': 0.0017997169634327292, 'eval_train_token_acc': 0.9466422279924648, 'eval_train_seq_acc': 0.0, 'eval_train_move_acc': 0.965, 'eval_train_mod7_acc': 0.9747474747474747, 'eval_train_mod4_acc': 0.27070707070707073, 'eval_train_runtime': 0.5574, 'eval_train_samples_per_second': 1794.003, 'eval_train_steps_per_second': 28.704, 'epoch': 77.66}
{'loss': 0.002, 'learning_rate': 2.7653365136528246e-05, 'epoch': 78.72}
{'eval_eval_loss': 0.00531777972355485, 'eval_eval_token_acc': 0.9462002474737059, 'eval_eval_seq_acc': 0.0, 'eval_eval_move_acc': 0.893, 'eval_eval_mod7_acc': 0.9033889731917046, 'eval_eval_mod4_acc': 0.24127465857359637, 'eval_eval_runtime': 1.1126, 'eval_eval_samples_per_second': 1797.53, 'eval_eval_steps_per_second': 28.76, 'epoch': 78.72}
{'eval_train_loss': 0.0012968569062650204, 'eval_train_token_acc': 0.9466422279924648, 'eval_train_seq_acc': 0.0, 'eval_train_move_acc': 0.974, 'eval_train_mod7_acc': 0.9769307923771314, 'eval_train_mod4_acc': 0.2748244734202608, 'eval_train_runtime': 0.556, 'eval_train_samples_per_second': 1798.5, 'eval_train_steps_per_second': 28.776, 'epoch': 78.72}
{'loss': 0.0013, 'learning_rate': 2.7552684578024e-05, 'epoch': 79.79}
{'eval_eval_loss': 0.006662251427769661, 'eval_eval_token_acc': 0.9462002474737059, 'eval_eval_seq_acc': 0.0, 'eval_eval_move_acc': 0.8715, 'eval_eval_mod7_acc': 0.889739663093415, 'eval_eval_mod4_acc': 0.24553343542623787, 'eval_eval_runtime': 1.1115, 'eval_eval_samples_per_second': 1799.408, 'eval_eval_steps_per_second': 28.791, 'epoch': 79.79}
{'eval_train_loss': 0.001981327310204506, 'eval_train_token_acc': 0.9466422279924648, 'eval_train_seq_acc': 0.0, 'eval_train_move_acc': 0.954, 'eval_train_mod7_acc': 0.9607250755287009, 'eval_train_mod4_acc': 0.27794561933534745, 'eval_train_runtime': 0.5585, 'eval_train_samples_per_second': 1790.461, 'eval_train_steps_per_second': 28.647, 'epoch': 79.79}
  Pushed checkpoint step-19000 to ijinyu1113/ft_mr6_70m_seed1_purenum
{'loss': 0.0014, 'learning_rate': 2.7450080717087995e-05, 'epoch': 80.85}
{'eval_eval_loss': 0.004156946204602718, 'eval_eval_token_acc': 0.9462002474737059, 'eval_eval_seq_acc': 0.0, 'eval_eval_move_acc': 0.9285, 'eval_eval_mod7_acc': 0.9397773279352226, 'eval_eval_mod4_acc': 0.2479757085020243, 'eval_eval_runtime': 1.1181, 'eval_eval_samples_per_second': 1788.775, 'eval_eval_steps_per_second': 28.62, 'epoch': 80.85}
{'eval_train_loss': 0.0012216400355100632, 'eval_train_token_acc': 0.9466422279924648, 'eval_train_seq_acc': 0.0, 'eval_train_move_acc': 0.979, 'eval_train_mod7_acc': 0.9819819819819819, 'eval_train_mod4_acc': 0.27927927927927926, 'eval_train_runtime': 0.5581, 'eval_train_samples_per_second': 1791.833, 'eval_train_steps_per_second': 28.669, 'epoch': 80.85}
{'loss': 0.0012, 'learning_rate': 2.7345569274521162e-05, 'epoch': 81.91}
{'eval_eval_loss': 0.004795771092176437, 'eval_eval_token_acc': 0.9462002474737059, 'eval_eval_seq_acc': 0.0, 'eval_eval_move_acc': 0.906, 'eval_eval_mod7_acc': 0.9211997966446365, 'eval_eval_mod4_acc': 0.24250127097102187, 'eval_eval_runtime': 1.1152, 'eval_eval_samples_per_second': 1793.412, 'eval_eval_steps_per_second': 28.695, 'epoch': 81.91}
{'eval_train_loss': 0.0010163919068872929, 'eval_train_token_acc': 0.9466422279924648, 'eval_train_seq_acc': 0.0, 'eval_train_move_acc': 0.978, 'eval_train_mod7_acc': 0.9819277108433735, 'eval_train_mod4_acc': 0.2751004016064257, 'eval_train_runtime': 0.5579, 'eval_train_samples_per_second': 1792.373, 'eval_train_steps_per_second': 28.678, 'epoch': 81.91}
{'loss': 0.0013, 'learning_rate': 2.7239166263401055e-05, 'epoch': 82.98}
{'eval_eval_loss': 0.00323271076194942, 'eval_eval_token_acc': 0.9462002474737059, 'eval_eval_seq_acc': 0.0, 'eval_eval_move_acc': 0.93, 'eval_eval_mod7_acc': 0.9470468431771895, 'eval_eval_mod4_acc': 0.2484725050916497, 'eval_eval_runtime': 1.109, 'eval_eval_samples_per_second': 1803.444, 'eval_eval_steps_per_second': 28.855, 'epoch': 82.98}
{'eval_train_loss': 0.0006653126911260188, 'eval_train_token_acc': 0.9466422279924648, 'eval_train_seq_acc': 0.0, 'eval_train_move_acc': 0.985, 'eval_train_mod7_acc': 0.9869739478957916, 'eval_train_mod4_acc': 0.27955911823647295, 'eval_train_runtime': 0.5596, 'eval_train_samples_per_second': 1787.038, 'eval_train_steps_per_second': 28.593, 'epoch': 82.98}
{'loss': 0.0008, 'learning_rate': 2.7130887986628354e-05, 'epoch': 84.04}
{'eval_eval_loss': 0.002510179067030549, 'eval_eval_token_acc': 0.9462002474737059, 'eval_eval_seq_acc': 0.0, 'eval_eval_move_acc': 0.948, 'eval_eval_mod7_acc': 0.951329653788259, 'eval_eval_mod4_acc': 0.24736578023080782, 'eval_eval_runtime': 1.1143, 'eval_eval_samples_per_second': 1794.881, 'eval_eval_steps_per_second': 28.718, 'epoch': 84.04}
{'eval_train_loss': 0.0004526315606199205, 'eval_train_token_acc': 0.9466422279924648, 'eval_train_seq_acc': 0.0, 'eval_train_move_acc': 0.989, 'eval_train_mod7_acc': 0.989, 'eval_train_mod4_acc': 0.273, 'eval_train_runtime': 0.5577, 'eval_train_samples_per_second': 1793.041, 'eval_train_steps_per_second': 28.689, 'epoch': 84.04}
  Pushed checkpoint step-20000 to ijinyu1113/ft_mr6_70m_seed1_purenum
{'loss': 0.001, 'learning_rate': 2.7020751034428975e-05, 'epoch': 85.11}
{'eval_eval_loss': 0.00615897960960865, 'eval_eval_token_acc': 0.9462002474737059, 'eval_eval_seq_acc': 0.0, 'eval_eval_move_acc': 0.886, 'eval_eval_mod7_acc': 0.9073220686123912, 'eval_eval_mod4_acc': 0.23860727086533537, 'eval_eval_runtime': 1.1199, 'eval_eval_samples_per_second': 1785.827, 'eval_eval_steps_per_second': 28.573, 'epoch': 85.11}
{'eval_train_loss': 0.0023058182559907436, 'eval_train_token_acc': 0.9466422279924648, 'eval_train_seq_acc': 0.0, 'eval_train_move_acc': 0.95, 'eval_train_mod7_acc': 0.9557344064386318, 'eval_train_mod4_acc': 0.27364185110663986, 'eval_train_runtime': 0.5571, 'eval_train_samples_per_second': 1795.072, 'eval_train_steps_per_second': 28.721, 'epoch': 85.11}
{'loss': 0.0009, 'learning_rate': 2.690877228181215e-05, 'epoch': 86.17}
{'eval_eval_loss': 0.0034387095365673304, 'eval_eval_token_acc': 0.9462002474737059, 'eval_eval_seq_acc': 0.0, 'eval_eval_move_acc': 0.9245, 'eval_eval_mod7_acc': 0.9371515458692347, 'eval_eval_mod4_acc': 0.2468322351748606, 'eval_eval_runtime': 1.1112, 'eval_eval_samples_per_second': 1799.835, 'eval_eval_steps_per_second': 28.797, 'epoch': 86.17}
{'eval_train_loss': 0.0009749390301294625, 'eval_train_token_acc': 0.9466422279924648, 'eval_train_seq_acc': 0.0, 'eval_train_move_acc': 0.977, 'eval_train_mod7_acc': 0.9799398194583752, 'eval_train_mod4_acc': 0.2728184553660983, 'eval_train_runtime': 0.5573, 'eval_train_samples_per_second': 1794.398, 'eval_train_steps_per_second': 28.71, 'epoch': 86.17}
{'loss': 0.0009, 'learning_rate': 2.6794968885984824e-05, 'epoch': 87.23}
{'eval_eval_loss': 0.0021369659807533026, 'eval_eval_token_acc': 0.9462002474737059, 'eval_eval_seq_acc': 0.0, 'eval_eval_move_acc': 0.9585, 'eval_eval_mod7_acc': 0.964771011575239, 'eval_eval_mod4_acc': 0.24408656265727227, 'eval_eval_runtime': 1.1166, 'eval_eval_samples_per_second': 1791.192, 'eval_eval_steps_per_second': 28.659, 'epoch': 87.23}
{'eval_train_loss': 0.000425641774199903, 'eval_train_token_acc': 0.9466422279924648, 'eval_train_seq_acc': 0.0, 'eval_train_move_acc': 0.995, 'eval_train_mod7_acc': 0.995, 'eval_train_mod4_acc': 0.277, 'eval_train_runtime': 0.5589, 'eval_train_samples_per_second': 1789.266, 'eval_train_steps_per_second': 28.628, 'epoch': 87.23}
{'loss': 0.0008, 'learning_rate': 2.6679358283722907e-05, 'epoch': 88.3}
{'eval_eval_loss': 0.003239673562347889, 'eval_eval_token_acc': 0.9462002474737059, 'eval_eval_seq_acc': 0.0, 'eval_eval_move_acc': 0.9365, 'eval_eval_mod7_acc': 0.9431017119838873, 'eval_eval_mod4_acc': 0.24672708962739173, 'eval_eval_runtime': 1.1155, 'eval_eval_samples_per_second': 1792.855, 'eval_eval_steps_per_second': 28.686, 'epoch': 88.3}
{'eval_train_loss': 0.0010197893716394901, 'eval_train_token_acc': 0.9466422279924648, 'eval_train_seq_acc': 0.0, 'eval_train_move_acc': 0.985, 'eval_train_mod7_acc': 0.9869739478957916, 'eval_train_mod4_acc': 0.2755511022044088, 'eval_train_runtime': 0.5575, 'eval_train_samples_per_second': 1793.686, 'eval_train_steps_per_second': 28.699, 'epoch': 88.3}
  Pushed checkpoint step-21000 to ijinyu1113/ft_mr6_70m_seed1_purenum
{'loss': 0.0004, 'learning_rate': 2.6561958188699604e-05, 'epoch': 89.36}
{'eval_eval_loss': 0.002262119436636567, 'eval_eval_token_acc': 0.9462002474737059, 'eval_eval_seq_acc': 0.0, 'eval_eval_move_acc': 0.955, 'eval_eval_mod7_acc': 0.9665991902834008, 'eval_eval_mod4_acc': 0.24949392712550608, 'eval_eval_runtime': 1.1138, 'eval_eval_samples_per_second': 1795.704, 'eval_eval_steps_per_second': 28.731, 'epoch': 89.36}
{'eval_train_loss': 0.0003622981021180749, 'eval_train_token_acc': 0.9466422279924648, 'eval_train_seq_acc': 0.0, 'eval_train_move_acc': 0.992, 'eval_train_mod7_acc': 0.9939879759519038, 'eval_train_mod4_acc': 0.27955911823647295, 'eval_train_runtime': 0.5566, 'eval_train_samples_per_second': 1796.548, 'eval_train_steps_per_second': 28.745, 'epoch': 89.36}
{'loss': 0.0007, 'learning_rate': 2.644278658877136e-05, 'epoch': 90.43}
{'eval_eval_loss': 0.004231653176248074, 'eval_eval_token_acc': 0.9462002474737059, 'eval_eval_seq_acc': 0.0, 'eval_eval_move_acc': 0.93, 'eval_eval_mod7_acc': 0.9441624365482234, 'eval_eval_mod4_acc': 0.25279187817258886, 'eval_eval_runtime': 1.1143, 'eval_eval_samples_per_second': 1794.926, 'eval_eval_steps_per_second': 28.719, 'epoch': 90.43}
{'eval_train_loss': 0.0010541550582274795, 'eval_train_token_acc': 0.9466422279924648, 'eval_train_seq_acc': 0.0, 'eval_train_move_acc': 0.98, 'eval_train_mod7_acc': 0.9859154929577465, 'eval_train_mod4_acc': 0.2746478873239437, 'eval_train_runtime': 0.5572, 'eval_train_samples_per_second': 1794.63, 'eval_train_steps_per_second': 28.714, 'epoch': 90.43}
{'loss': 0.0011, 'learning_rate': 2.63218617432218e-05, 'epoch': 91.49}
{'eval_eval_loss': 0.0023000678047537804, 'eval_eval_token_acc': 0.9462002474737059, 'eval_eval_seq_acc': 0.0, 'eval_eval_move_acc': 0.968, 'eval_eval_mod7_acc': 0.9723756906077348, 'eval_eval_mod4_acc': 0.24761426418884983, 'eval_eval_runtime': 1.1176, 'eval_eval_samples_per_second': 1789.497, 'eval_eval_steps_per_second': 28.632, 'epoch': 91.49}
{'eval_train_loss': 0.000260835891822353, 'eval_train_token_acc': 0.9466422279924648, 'eval_train_seq_acc': 0.0, 'eval_train_move_acc': 0.994, 'eval_train_mod7_acc': 0.995995995995996, 'eval_train_mod4_acc': 0.27427427427427425, 'eval_train_runtime': 0.5575, 'eval_train_samples_per_second': 1793.564, 'eval_train_steps_per_second': 28.697, 'epoch': 91.49}
{'loss': 0.001, 'learning_rate': 2.6199202179964063e-05, 'epoch': 92.55}
{'eval_eval_loss': 0.0035055805929005146, 'eval_eval_token_acc': 0.9462002474737059, 'eval_eval_seq_acc': 0.0, 'eval_eval_move_acc': 0.9275, 'eval_eval_mod7_acc': 0.9406693711967545, 'eval_eval_mod4_acc': 0.24442190669371197, 'eval_eval_runtime': 1.1135, 'eval_eval_samples_per_second': 1796.162, 'eval_eval_steps_per_second': 28.739, 'epoch': 92.55}
{'eval_train_loss': 0.0014632510719820857, 'eval_train_token_acc': 0.9466422279924648, 'eval_train_seq_acc': 0.0, 'eval_train_move_acc': 0.965, 'eval_train_mod7_acc': 0.9718026183282981, 'eval_train_mod4_acc': 0.28197381671701915, 'eval_train_runtime': 0.5572, 'eval_train_samples_per_second': 1794.556, 'eval_train_steps_per_second': 28.713, 'epoch': 92.55}
  Pushed checkpoint step-22000 to ijinyu1113/ft_mr6_70m_seed1_purenum
{'loss': 0.0006, 'learning_rate': 2.6074826692701983e-05, 'epoch': 93.62}
{'eval_eval_loss': 0.0016673190984874964, 'eval_eval_token_acc': 0.9462002474737059, 'eval_eval_seq_acc': 0.0, 'eval_eval_move_acc': 0.9685, 'eval_eval_mod7_acc': 0.9723895582329317, 'eval_eval_mod4_acc': 0.24849397590361447, 'eval_eval_runtime': 1.1135, 'eval_eval_samples_per_second': 1796.128, 'eval_eval_steps_per_second': 28.738, 'epoch': 93.62}
{'eval_train_loss': 0.0002944167354144156, 'eval_train_token_acc': 0.9466422279924648, 'eval_train_seq_acc': 0.0, 'eval_train_move_acc': 0.995, 'eval_train_mod7_acc': 0.996993987975952, 'eval_train_mod4_acc': 0.2775551102204409, 'eval_train_runtime': 0.5579, 'eval_train_samples_per_second': 1792.539, 'eval_train_steps_per_second': 28.681, 'epoch': 93.62}
{'loss': 0.0004, 'learning_rate': 2.594875433805055e-05, 'epoch': 94.68}
{'eval_eval_loss': 0.002645036904141307, 'eval_eval_token_acc': 0.9462002474737059, 'eval_eval_seq_acc': 0.0, 'eval_eval_move_acc': 0.956, 'eval_eval_mod7_acc': 0.9608040201005025, 'eval_eval_mod4_acc': 0.24974874371859296, 'eval_eval_runtime': 1.114, 'eval_eval_samples_per_second': 1795.364, 'eval_eval_steps_per_second': 28.726, 'epoch': 94.68}
{'eval_train_loss': 0.0005452082841657102, 'eval_train_token_acc': 0.9466422279924648, 'eval_train_seq_acc': 0.0, 'eval_train_move_acc': 0.986, 'eval_train_mod7_acc': 0.986986986986987, 'eval_train_mod4_acc': 0.27127127127127126, 'eval_train_runtime': 0.5589, 'eval_train_samples_per_second': 1789.303, 'eval_train_steps_per_second': 28.629, 'epoch': 94.68}
{'loss': 0.0003, 'learning_rate': 2.5821004432616087e-05, 'epoch': 95.74}
{'eval_eval_loss': 0.001995566301047802, 'eval_eval_token_acc': 0.9462002474737059, 'eval_eval_seq_acc': 0.0, 'eval_eval_move_acc': 0.9685, 'eval_eval_mod7_acc': 0.9719016557952835, 'eval_eval_mod4_acc': 0.24636226793778224, 'eval_eval_runtime': 1.1139, 'eval_eval_samples_per_second': 1795.496, 'eval_eval_steps_per_second': 28.728, 'epoch': 95.74}
{'eval_train_loss': 0.0002361561928410083, 'eval_train_token_acc': 0.9466422279924648, 'eval_train_seq_acc': 0.0, 'eval_train_move_acc': 0.994, 'eval_train_mod7_acc': 0.994994994994995, 'eval_train_mod4_acc': 0.27427427427427425, 'eval_train_runtime': 0.5598, 'eval_train_samples_per_second': 1786.368, 'eval_train_steps_per_second': 28.582, 'epoch': 95.74}
{'loss': 0.0005, 'learning_rate': 2.5691596550036588e-05, 'epoch': 96.81}
{'eval_eval_loss': 0.0032327151857316494, 'eval_eval_token_acc': 0.9462002474737059, 'eval_eval_seq_acc': 0.0, 'eval_eval_move_acc': 0.9465, 'eval_eval_mod7_acc': 0.955095862764884, 'eval_eval_mod4_acc': 0.248234106962664, 'eval_eval_runtime': 1.1159, 'eval_eval_samples_per_second': 1792.299, 'eval_eval_steps_per_second': 28.677, 'epoch': 96.81}
{'eval_train_loss': 0.0010363300098106265, 'eval_train_token_acc': 0.9466422279924648, 'eval_train_seq_acc': 0.0, 'eval_train_move_acc': 0.974, 'eval_train_mod7_acc': 0.9769307923771314, 'eval_train_mod4_acc': 0.275827482447342, 'eval_train_runtime': 0.5596, 'eval_train_samples_per_second': 1787.015, 'eval_train_steps_per_second': 28.592, 'epoch': 96.81}
  Pushed checkpoint step-23000 to ijinyu1113/ft_mr6_70m_seed1_purenum
{'loss': 0.0011, 'learning_rate': 2.5560550517982677e-05, 'epoch': 97.87}
{'eval_eval_loss': 0.0014044729759916663, 'eval_eval_token_acc': 0.9462002474737059, 'eval_eval_seq_acc': 0.0, 'eval_eval_move_acc': 0.974, 'eval_eval_mod7_acc': 0.981360201511335, 'eval_eval_mod4_acc': 0.24584382871536523, 'eval_eval_runtime': 1.1119, 'eval_eval_samples_per_second': 1798.679, 'eval_eval_steps_per_second': 28.779, 'epoch': 97.87}
{'eval_train_loss': 0.00014997350808698684, 'eval_train_token_acc': 0.9466422279924648, 'eval_train_seq_acc': 0.0, 'eval_train_move_acc': 0.998, 'eval_train_mod7_acc': 1.0, 'eval_train_mod4_acc': 0.2775551102204409, 'eval_train_runtime': 0.5596, 'eval_train_samples_per_second': 1787.093, 'eval_train_steps_per_second': 28.593, 'epoch': 97.87}
{'loss': 0.0002, 'learning_rate': 2.5427886415119635e-05, 'epoch': 98.94}
{'eval_eval_loss': 0.0015412563225254416, 'eval_eval_token_acc': 0.9462002474737059, 'eval_eval_seq_acc': 0.0, 'eval_eval_move_acc': 0.97, 'eval_eval_mod7_acc': 0.9738955823293173, 'eval_eval_mod4_acc': 0.24799196787148595, 'eval_eval_runtime': 1.1168, 'eval_eval_samples_per_second': 1790.786, 'eval_eval_steps_per_second': 28.653, 'epoch': 98.94}
{'eval_train_loss': 0.0001627462770557031, 'eval_train_token_acc': 0.9466422279924648, 'eval_train_seq_acc': 0.0, 'eval_train_move_acc': 0.997, 'eval_train_mod7_acc': 0.997, 'eval_train_mod4_acc': 0.278, 'eval_train_runtime': 0.5575, 'eval_train_samples_per_second': 1793.628, 'eval_train_steps_per_second': 28.698, 'epoch': 98.94}
{'loss': 0.0008, 'learning_rate': 2.5293624568031008e-05, 'epoch': 100.0}
{'eval_eval_loss': 0.0030122422613203526, 'eval_eval_token_acc': 0.9462002474737059, 'eval_eval_seq_acc': 0.0, 'eval_eval_move_acc': 0.9385, 'eval_eval_mod7_acc': 0.9446401610468043, 'eval_eval_mod4_acc': 0.24660291897332662, 'eval_eval_runtime': 1.1172, 'eval_eval_samples_per_second': 1790.234, 'eval_eval_steps_per_second': 28.644, 'epoch': 100.0}
{'eval_train_loss': 0.0015921341255307198, 'eval_train_token_acc': 0.9466422279924648, 'eval_train_seq_acc': 0.0, 'eval_train_move_acc': 0.964, 'eval_train_mod7_acc': 0.9698189134808853, 'eval_train_mod4_acc': 0.2716297786720322, 'eval_train_runtime': 0.559, 'eval_train_samples_per_second': 1788.868, 'eval_train_steps_per_second': 28.622, 'epoch': 100.0}
{'loss': 0.0011, 'learning_rate': 2.515778554810415e-05, 'epoch': 101.06}
{'eval_eval_loss': 0.002183483215048909, 'eval_eval_token_acc': 0.9462002474737059, 'eval_eval_seq_acc': 0.0, 'eval_eval_move_acc': 0.9525, 'eval_eval_mod7_acc': 0.9611503531786074, 'eval_eval_mod4_acc': 0.25025227043390513, 'eval_eval_runtime': 1.1143, 'eval_eval_samples_per_second': 1794.865, 'eval_eval_steps_per_second': 28.718, 'epoch': 101.06}
{'eval_train_loss': 0.0006151751731522381, 'eval_train_token_acc': 0.9466422279924648, 'eval_train_seq_acc': 0.0, 'eval_train_move_acc': 0.989, 'eval_train_mod7_acc': 0.9939698492462311, 'eval_train_mod4_acc': 0.2733668341708543, 'eval_train_runtime': 0.5576, 'eval_train_samples_per_second': 1793.252, 'eval_train_steps_per_second': 28.692, 'epoch': 101.06}
  Pushed checkpoint step-24000 to ijinyu1113/ft_mr6_70m_seed1_purenum
{'loss': 0.0005, 'learning_rate': 2.5020390168378374e-05, 'epoch': 102.13}
{'eval_eval_loss': 0.0012684036046266556, 'eval_eval_token_acc': 0.9462002474737059, 'eval_eval_seq_acc': 0.0, 'eval_eval_move_acc': 0.975, 'eval_eval_mod7_acc': 0.9789156626506024, 'eval_eval_mod4_acc': 0.24799196787148595, 'eval_eval_runtime': 1.1144, 'eval_eval_samples_per_second': 1794.608, 'eval_eval_steps_per_second': 28.714, 'epoch': 102.13}
{'eval_train_loss': 0.0003570608969312161, 'eval_train_token_acc': 0.9466422279924648, 'eval_train_seq_acc': 0.0, 'eval_train_move_acc': 0.993, 'eval_train_mod7_acc': 0.993993993993994, 'eval_train_mod4_acc': 0.27627627627627627, 'eval_train_runtime': 0.5567, 'eval_train_samples_per_second': 1796.184, 'eval_train_steps_per_second': 28.739, 'epoch': 102.13}
{'loss': 0.0003, 'learning_rate': 2.4881459480355942e-05, 'epoch': 103.19}
{'eval_eval_loss': 0.0009050601511262357, 'eval_eval_token_acc': 0.9462002474737059, 'eval_eval_seq_acc': 0.0, 'eval_eval_move_acc': 0.982, 'eval_eval_mod7_acc': 0.982982982982983, 'eval_eval_mod4_acc': 0.24524524524524524, 'eval_eval_runtime': 1.1118, 'eval_eval_samples_per_second': 1798.845, 'eval_eval_steps_per_second': 28.782, 'epoch': 103.19}
{'eval_train_loss': 0.0002025851863436401, 'eval_train_token_acc': 0.9466422279924648, 'eval_train_seq_acc': 0.0, 'eval_train_move_acc': 0.995, 'eval_train_mod7_acc': 0.995, 'eval_train_mod4_acc': 0.277, 'eval_train_runtime': 0.5564, 'eval_train_samples_per_second': 1797.188, 'eval_train_steps_per_second': 28.755, 'epoch': 103.19}
{'loss': 0.0001, 'learning_rate': 2.4741014770776632e-05, 'epoch': 104.26}
{'eval_eval_loss': 0.0012732705799862742, 'eval_eval_token_acc': 0.9462002474737059, 'eval_eval_seq_acc': 0.0, 'eval_eval_move_acc': 0.9795, 'eval_eval_mod7_acc': 0.9804804804804805, 'eval_eval_mod4_acc': 0.24974974974974976, 'eval_eval_runtime': 1.1122, 'eval_eval_samples_per_second': 1798.231, 'eval_eval_steps_per_second': 28.772, 'epoch': 104.26}
{'eval_train_loss': 0.0005895030917599797, 'eval_train_token_acc': 0.9466422279924648, 'eval_train_seq_acc': 0.0, 'eval_train_move_acc': 0.99, 'eval_train_mod7_acc': 0.99, 'eval_train_mod4_acc': 0.276, 'eval_train_runtime': 0.5565, 'eval_train_samples_per_second': 1796.82, 'eval_train_steps_per_second': 28.749, 'epoch': 104.26}
{'loss': 0.0008, 'learning_rate': 2.4599077558356208e-05, 'epoch': 105.32}
{'eval_eval_loss': 0.001501200022175908, 'eval_eval_token_acc': 0.9462002474737059, 'eval_eval_seq_acc': 0.0, 'eval_eval_move_acc': 0.9685, 'eval_eval_mod7_acc': 0.9719016557952835, 'eval_eval_mod4_acc': 0.2508780732563974, 'eval_eval_runtime': 1.111, 'eval_eval_samples_per_second': 1800.203, 'eval_eval_steps_per_second': 28.803, 'epoch': 105.32}
{'eval_train_loss': 0.0004159839008934796, 'eval_train_token_acc': 0.9466422279924648, 'eval_train_seq_acc': 0.0, 'eval_train_move_acc': 0.992, 'eval_train_mod7_acc': 0.992, 'eval_train_mod4_acc': 0.277, 'eval_train_runtime': 0.5561, 'eval_train_samples_per_second': 1798.317, 'eval_train_steps_per_second': 28.773, 'epoch': 105.32}
  Pushed checkpoint step-25000 to ijinyu1113/ft_mr6_70m_seed1_purenum
{'loss': 0.0002, 'learning_rate': 2.445566959048934e-05, 'epoch': 106.38}
{'eval_eval_loss': 0.0005215296405367553, 'eval_eval_token_acc': 0.9462002474737059, 'eval_eval_seq_acc': 0.0, 'eval_eval_move_acc': 0.9915, 'eval_eval_mod7_acc': 0.9924924924924925, 'eval_eval_mod4_acc': 0.24624624624624625, 'eval_eval_runtime': 1.1093, 'eval_eval_samples_per_second': 1802.906, 'eval_eval_steps_per_second': 28.846, 'epoch': 106.38}
{'eval_train_loss': 5.9278136177454144e-05, 'eval_train_token_acc': 0.9466422279924648, 'eval_train_seq_acc': 0.0, 'eval_train_move_acc': 0.999, 'eval_train_mod7_acc': 0.999, 'eval_train_mod4_acc': 0.276, 'eval_train_runtime': 0.554, 'eval_train_samples_per_second': 1805.17, 'eval_train_steps_per_second': 28.883, 'epoch': 106.38}
{'loss': 0.0, 'learning_rate': 2.4310812839917536e-05, 'epoch': 107.45}
{'eval_eval_loss': 0.0006152782589197159, 'eval_eval_token_acc': 0.9462002474737059, 'eval_eval_seq_acc': 0.0, 'eval_eval_move_acc': 0.9905, 'eval_eval_mod7_acc': 0.9929824561403509, 'eval_eval_mod4_acc': 0.24611528822055137, 'eval_eval_runtime': 1.1075, 'eval_eval_samples_per_second': 1805.833, 'eval_eval_steps_per_second': 28.893, 'epoch': 107.45}
{'eval_train_loss': 0.00014242569159250706, 'eval_train_token_acc': 0.9466422279924648, 'eval_train_seq_acc': 0.0, 'eval_train_move_acc': 0.999, 'eval_train_mod7_acc': 1.0, 'eval_train_mod4_acc': 0.2772772772772773, 'eval_train_runtime': 0.5558, 'eval_train_samples_per_second': 1799.347, 'eval_train_steps_per_second': 28.79, 'epoch': 107.45}
{'loss': 0.0, 'learning_rate': 2.416452950136248e-05, 'epoch': 108.51}
{'eval_eval_loss': 0.0002936562232207507, 'eval_eval_token_acc': 0.9462002474737059, 'eval_eval_seq_acc': 0.0, 'eval_eval_move_acc': 0.9955, 'eval_eval_mod7_acc': 0.9959979989994997, 'eval_eval_mod4_acc': 0.24712356178089045, 'eval_eval_runtime': 1.1104, 'eval_eval_samples_per_second': 1801.092, 'eval_eval_steps_per_second': 28.817, 'epoch': 108.51}
{'eval_train_loss': 5.666096512868535e-06, 'eval_train_token_acc': 0.9466422279924648, 'eval_train_seq_acc': 0.0, 'eval_train_move_acc': 1.0, 'eval_train_mod7_acc': 1.0, 'eval_train_mod4_acc': 0.277, 'eval_train_runtime': 0.5553, 'eval_train_samples_per_second': 1800.794, 'eval_train_steps_per_second': 28.813, 'epoch': 108.51}
{'loss': 0.0001, 'learning_rate': 2.401684198812541e-05, 'epoch': 109.57}
{'eval_eval_loss': 0.0013828061055392027, 'eval_eval_token_acc': 0.9462002474737059, 'eval_eval_seq_acc': 0.0, 'eval_eval_move_acc': 0.9775, 'eval_eval_mod7_acc': 0.981425702811245, 'eval_eval_mod4_acc': 0.24748995983935743, 'eval_eval_runtime': 1.1128, 'eval_eval_samples_per_second': 1797.282, 'eval_eval_steps_per_second': 28.757, 'epoch': 109.57}
{'eval_train_loss': 0.0004377508885227144, 'eval_train_token_acc': 0.9466422279924648, 'eval_train_seq_acc': 0.0, 'eval_train_move_acc': 0.99, 'eval_train_mod7_acc': 0.9919839679358717, 'eval_train_mod4_acc': 0.27655310621242485, 'eval_train_runtime': 0.5553, 'eval_train_samples_per_second': 1800.791, 'eval_train_steps_per_second': 28.813, 'epoch': 109.57}
  Pushed checkpoint step-26000 to ijinyu1113/ft_mr6_70m_seed1_purenum
{'loss': 0.0018, 'learning_rate': 2.386777292865297e-05, 'epoch': 110.64}
{'eval_eval_loss': 0.0015682521043345332, 'eval_eval_token_acc': 0.9462002474737059, 'eval_eval_seq_acc': 0.0, 'eval_eval_move_acc': 0.973, 'eval_eval_mod7_acc': 0.9823321554770318, 'eval_eval_mod4_acc': 0.2458354366481575, 'eval_eval_runtime': 1.1063, 'eval_eval_samples_per_second': 1807.788, 'eval_eval_steps_per_second': 28.925, 'epoch': 110.64}
{'eval_train_loss': 0.00032502925023436546, 'eval_train_token_acc': 0.9466422279924648, 'eval_train_seq_acc': 0.0, 'eval_train_move_acc': 0.993, 'eval_train_mod7_acc': 0.995987963891675, 'eval_train_mod4_acc': 0.27883650952858574, 'eval_train_runtime': 0.5551, 'eval_train_samples_per_second': 1801.381, 'eval_train_steps_per_second': 28.822, 'epoch': 110.64}
{'loss': 0.0002, 'learning_rate': 2.371734516307015e-05, 'epoch': 111.7}
{'eval_eval_loss': 0.000855835503898561, 'eval_eval_token_acc': 0.9462002474737059, 'eval_eval_seq_acc': 0.0, 'eval_eval_move_acc': 0.984, 'eval_eval_mod7_acc': 0.9844922461230615, 'eval_eval_mod4_acc': 0.2466233116558279, 'eval_eval_runtime': 1.112, 'eval_eval_samples_per_second': 1798.606, 'eval_eval_steps_per_second': 28.778, 'epoch': 111.7}
{'eval_train_loss': 0.00016973049787338823, 'eval_train_token_acc': 0.9466422279924648, 'eval_train_seq_acc': 0.0, 'eval_train_move_acc': 0.998, 'eval_train_mod7_acc': 0.998998998998999, 'eval_train_mod4_acc': 0.2782782782782783, 'eval_train_runtime': 0.5563, 'eval_train_samples_per_second': 1797.739, 'eval_train_steps_per_second': 28.764, 'epoch': 111.7}
{'loss': 0.0006, 'learning_rate': 2.3565581739680718e-05, 'epoch': 112.77}
{'eval_eval_loss': 0.0029660165309906006, 'eval_eval_token_acc': 0.9462002474737059, 'eval_eval_seq_acc': 0.0, 'eval_eval_move_acc': 0.942, 'eval_eval_mod7_acc': 0.9429429429429429, 'eval_eval_mod4_acc': 0.24624624624624625, 'eval_eval_runtime': 1.1155, 'eval_eval_samples_per_second': 1792.842, 'eval_eval_steps_per_second': 28.685, 'epoch': 112.77}
{'eval_train_loss': 0.0011695993598550558, 'eval_train_token_acc': 0.9466422279924648, 'eval_train_seq_acc': 0.0, 'eval_train_move_acc': 0.976, 'eval_train_mod7_acc': 0.9769769769769769, 'eval_train_mod4_acc': 0.2872872872872873, 'eval_train_runtime': 0.5542, 'eval_train_samples_per_second': 1804.427, 'eval_train_steps_per_second': 28.871, 'epoch': 112.77}
{'loss': 0.0004, 'learning_rate': 2.3412505911435827e-05, 'epoch': 113.83}
{'eval_eval_loss': 0.0007234383374452591, 'eval_eval_token_acc': 0.9462002474737059, 'eval_eval_seq_acc': 0.0, 'eval_eval_move_acc': 0.988, 'eval_eval_mod7_acc': 0.9934640522875817, 'eval_eval_mod4_acc': 0.24434389140271492, 'eval_eval_runtime': 1.1129, 'eval_eval_samples_per_second': 1797.104, 'eval_eval_steps_per_second': 28.754, 'epoch': 113.83}
{'eval_train_loss': 0.0001458949118386954, 'eval_train_token_acc': 0.9466422279924648, 'eval_train_seq_acc': 0.0, 'eval_train_move_acc': 0.997, 'eval_train_mod7_acc': 0.997, 'eval_train_mod4_acc': 0.275, 'eval_train_runtime': 0.5563, 'eval_train_samples_per_second': 1797.605, 'eval_train_steps_per_second': 28.762, 'epoch': 113.83}
  Pushed checkpoint step-27000 to ijinyu1113/ft_mr6_70m_seed1_purenum
{'loss': 0.0001, 'learning_rate': 2.3258141132371215e-05, 'epoch': 114.89}
{'eval_eval_loss': 0.0003158740873914212, 'eval_eval_token_acc': 0.9462002474737059, 'eval_eval_seq_acc': 0.0, 'eval_eval_move_acc': 0.9955, 'eval_eval_mod7_acc': 0.9959979989994997, 'eval_eval_mod4_acc': 0.24762381190595298, 'eval_eval_runtime': 1.1119, 'eval_eval_samples_per_second': 1798.673, 'eval_eval_steps_per_second': 28.779, 'epoch': 114.89}
{'eval_train_loss': 9.082786164071877e-06, 'eval_train_token_acc': 0.9466422279924648, 'eval_train_seq_acc': 0.0, 'eval_train_move_acc': 1.0, 'eval_train_mod7_acc': 1.0, 'eval_train_mod4_acc': 0.277, 'eval_train_runtime': 0.556, 'eval_train_samples_per_second': 1798.67, 'eval_train_steps_per_second': 28.779, 'epoch': 114.89}
{'loss': 0.0, 'learning_rate': 2.3102511054013615e-05, 'epoch': 115.96}
{'eval_eval_loss': 0.00023679959122091532, 'eval_eval_token_acc': 0.9462002474737059, 'eval_eval_seq_acc': 0.0, 'eval_eval_move_acc': 0.996, 'eval_eval_mod7_acc': 0.996996996996997, 'eval_eval_mod4_acc': 0.24824824824824826, 'eval_eval_runtime': 1.1142, 'eval_eval_samples_per_second': 1794.972, 'eval_eval_steps_per_second': 28.72, 'epoch': 115.96}
{'eval_train_loss': 3.5741204555961303e-06, 'eval_train_token_acc': 0.9466422279924648, 'eval_train_seq_acc': 0.0, 'eval_train_move_acc': 1.0, 'eval_train_mod7_acc': 1.0, 'eval_train_mod4_acc': 0.277, 'eval_train_runtime': 0.5577, 'eval_train_samples_per_second': 1793.088, 'eval_train_steps_per_second': 28.689, 'epoch': 115.96}
{'loss': 0.0, 'learning_rate': 2.2945639521756923e-05, 'epoch': 117.02}
{'eval_eval_loss': 0.00023397615586873144, 'eval_eval_token_acc': 0.9462002474737059, 'eval_eval_seq_acc': 0.0, 'eval_eval_move_acc': 0.997, 'eval_eval_mod7_acc': 0.9974987493746873, 'eval_eval_mod4_acc': 0.24712356178089045, 'eval_eval_runtime': 1.1162, 'eval_eval_samples_per_second': 1791.81, 'eval_eval_steps_per_second': 28.669, 'epoch': 117.02}
{'eval_train_loss': 2.983519379995414e-06, 'eval_train_token_acc': 0.9466422279924648, 'eval_train_seq_acc': 0.0, 'eval_train_move_acc': 1.0, 'eval_train_mod7_acc': 1.0, 'eval_train_mod4_acc': 0.277, 'eval_train_runtime': 0.5552, 'eval_train_samples_per_second': 1801.056, 'eval_train_steps_per_second': 28.817, 'epoch': 117.02}
{'loss': 0.0, 'learning_rate': 2.278755057120863e-05, 'epoch': 118.09}
{'eval_eval_loss': 0.00021878325787838548, 'eval_eval_token_acc': 0.9462002474737059, 'eval_eval_seq_acc': 0.0, 'eval_eval_move_acc': 0.997, 'eval_eval_mod7_acc': 0.997997997997998, 'eval_eval_mod4_acc': 0.24774774774774774, 'eval_eval_runtime': 1.1148, 'eval_eval_samples_per_second': 1794.115, 'eval_eval_steps_per_second': 28.706, 'epoch': 118.09}
{'eval_train_loss': 2.3892073386377888e-06, 'eval_train_token_acc': 0.9466422279924648, 'eval_train_seq_acc': 0.0, 'eval_train_move_acc': 1.0, 'eval_train_mod7_acc': 1.0, 'eval_train_mod4_acc': 0.277, 'eval_train_runtime': 0.5569, 'eval_train_samples_per_second': 1795.502, 'eval_train_steps_per_second': 28.728, 'epoch': 118.09}
  Pushed checkpoint step-28000 to ijinyu1113/ft_mr6_70m_seed1_purenum
{'loss': 0.0, 'learning_rate': 2.2628268424507127e-05, 'epoch': 119.15}
{'eval_eval_loss': 0.00021415611263364553, 'eval_eval_token_acc': 0.9462002474737059, 'eval_eval_seq_acc': 0.0, 'eval_eval_move_acc': 0.9975, 'eval_eval_mod7_acc': 0.9979989994997499, 'eval_eval_mod4_acc': 0.2466233116558279, 'eval_eval_runtime': 1.1097, 'eval_eval_samples_per_second': 1802.212, 'eval_eval_steps_per_second': 28.835, 'epoch': 119.15}
{'eval_train_loss': 2.117908024956705e-06, 'eval_train_token_acc': 0.9466422279924648, 'eval_train_seq_acc': 0.0, 'eval_train_move_acc': 1.0, 'eval_train_mod7_acc': 1.0, 'eval_train_mod4_acc': 0.277, 'eval_train_runtime': 0.5559, 'eval_train_samples_per_second': 1799.037, 'eval_train_steps_per_second': 28.785, 'epoch': 119.15}
{'loss': 0.0, 'learning_rate': 2.2467817486610425e-05, 'epoch': 120.21}
{'eval_eval_loss': 0.00020836046314798295, 'eval_eval_token_acc': 0.9462002474737059, 'eval_eval_seq_acc': 0.0, 'eval_eval_move_acc': 0.998, 'eval_eval_mod7_acc': 0.9984992496248124, 'eval_eval_mod4_acc': 0.24712356178089045, 'eval_eval_runtime': 1.1082, 'eval_eval_samples_per_second': 1804.736, 'eval_eval_steps_per_second': 28.876, 'epoch': 120.21}
{'eval_train_loss': 1.8065569520331337e-06, 'eval_train_token_acc': 0.9466422279924648, 'eval_train_seq_acc': 0.0, 'eval_train_move_acc': 1.0, 'eval_train_mod7_acc': 1.0, 'eval_train_mod4_acc': 0.277, 'eval_train_runtime': 0.5551, 'eval_train_samples_per_second': 1801.488, 'eval_train_steps_per_second': 28.824, 'epoch': 120.21}
{'loss': 0.0, 'learning_rate': 2.2306222341556868e-05, 'epoch': 121.28}
{'eval_eval_loss': 0.00020683923503383994, 'eval_eval_token_acc': 0.9462002474737059, 'eval_eval_seq_acc': 0.0, 'eval_eval_move_acc': 0.9975, 'eval_eval_mod7_acc': 0.9979989994997499, 'eval_eval_mod4_acc': 0.2466233116558279, 'eval_eval_runtime': 1.1114, 'eval_eval_samples_per_second': 1799.59, 'eval_eval_steps_per_second': 28.793, 'epoch': 121.28}
{'eval_train_loss': 1.5722415582786198e-06, 'eval_train_token_acc': 0.9466422279924648, 'eval_train_seq_acc': 0.0, 'eval_train_move_acc': 1.0, 'eval_train_mod7_acc': 1.0, 'eval_train_mod4_acc': 0.277, 'eval_train_runtime': 0.5554, 'eval_train_samples_per_second': 1800.478, 'eval_train_steps_per_second': 28.808, 'epoch': 121.28}
{'loss': 0.0, 'learning_rate': 2.214350774869842e-05, 'epoch': 122.34}
{'eval_eval_loss': 0.00020119946566410363, 'eval_eval_token_acc': 0.9462002474737059, 'eval_eval_seq_acc': 0.0, 'eval_eval_move_acc': 0.9975, 'eval_eval_mod7_acc': 0.9979989994997499, 'eval_eval_mod4_acc': 0.2466233116558279, 'eval_eval_runtime': 1.1099, 'eval_eval_samples_per_second': 1801.91, 'eval_eval_steps_per_second': 28.831, 'epoch': 122.34}
{'eval_train_loss': 1.3916034049543669e-06, 'eval_train_token_acc': 0.9466422279924648, 'eval_train_seq_acc': 0.0, 'eval_train_move_acc': 1.0, 'eval_train_mod7_acc': 1.0, 'eval_train_mod4_acc': 0.277, 'eval_train_runtime': 0.5578, 'eval_train_samples_per_second': 1792.657, 'eval_train_steps_per_second': 28.683, 'epoch': 122.34}
  Pushed checkpoint step-29000 to ijinyu1113/ft_mr6_70m_seed1_purenum
{'loss': 0.0, 'learning_rate': 2.197969863890705e-05, 'epoch': 123.4}
{'eval_eval_loss': 0.0001973434118553996, 'eval_eval_token_acc': 0.9462002474737059, 'eval_eval_seq_acc': 0.0, 'eval_eval_move_acc': 0.998, 'eval_eval_mod7_acc': 0.9984992496248124, 'eval_eval_mod4_acc': 0.24712356178089045, 'eval_eval_runtime': 1.111, 'eval_eval_samples_per_second': 1800.23, 'eval_eval_steps_per_second': 28.804, 'epoch': 123.4}
{'eval_train_loss': 1.2309415069466922e-06, 'eval_train_token_acc': 0.9466422279924648, 'eval_train_seq_acc': 0.0, 'eval_train_move_acc': 1.0, 'eval_train_mod7_acc': 1.0, 'eval_train_mod4_acc': 0.277, 'eval_train_runtime': 0.5558, 'eval_train_samples_per_second': 1799.303, 'eval_train_steps_per_second': 28.789, 'epoch': 123.4}
{'loss': 0.0, 'learning_rate': 2.1814820110754875e-05, 'epoch': 124.47}
{'eval_eval_loss': 0.00019099352357443422, 'eval_eval_token_acc': 0.9462002474737059, 'eval_eval_seq_acc': 0.0, 'eval_eval_move_acc': 0.998, 'eval_eval_mod7_acc': 0.9984992496248124, 'eval_eval_mod4_acc': 0.24712356178089045, 'eval_eval_runtime': 1.112, 'eval_eval_samples_per_second': 1798.549, 'eval_eval_steps_per_second': 28.777, 'epoch': 124.47}
{'eval_train_loss': 1.2040261481160996e-06, 'eval_train_token_acc': 0.9466422279924648, 'eval_train_seq_acc': 0.0, 'eval_train_move_acc': 1.0, 'eval_train_mod7_acc': 1.0, 'eval_train_mod4_acc': 0.277, 'eval_train_runtime': 0.5579, 'eval_train_samples_per_second': 1792.498, 'eval_train_steps_per_second': 28.68, 'epoch': 124.47}
{'loss': 0.0, 'learning_rate': 2.1648897426668606e-05, 'epoch': 125.53}
{'eval_eval_loss': 0.00019142711244057864, 'eval_eval_token_acc': 0.9462002474737059, 'eval_eval_seq_acc': 0.0, 'eval_eval_move_acc': 0.9975, 'eval_eval_mod7_acc': 0.9979989994997499, 'eval_eval_mod4_acc': 0.2466233116558279, 'eval_eval_runtime': 1.1123, 'eval_eval_samples_per_second': 1798.081, 'eval_eval_steps_per_second': 28.769, 'epoch': 125.53}
{'eval_train_loss': 1.0177249123444199e-06, 'eval_train_token_acc': 0.9466422279924648, 'eval_train_seq_acc': 0.0, 'eval_train_move_acc': 1.0, 'eval_train_mod7_acc': 1.0, 'eval_train_mod4_acc': 0.277, 'eval_train_runtime': 0.5588, 'eval_train_samples_per_second': 1789.404, 'eval_train_steps_per_second': 28.63, 'epoch': 125.53}
{'loss': 0.0, 'learning_rate': 2.148195600905887e-05, 'epoch': 126.6}
{'eval_eval_loss': 0.00018698276835493743, 'eval_eval_token_acc': 0.9462002474737059, 'eval_eval_seq_acc': 0.0, 'eval_eval_move_acc': 0.9975, 'eval_eval_mod7_acc': 0.9979989994997499, 'eval_eval_mod4_acc': 0.24712356178089045, 'eval_eval_runtime': 1.1117, 'eval_eval_samples_per_second': 1798.987, 'eval_eval_steps_per_second': 28.784, 'epoch': 126.6}
{'eval_train_loss': 9.419957791578781e-07, 'eval_train_token_acc': 0.9466422279924648, 'eval_train_seq_acc': 0.0, 'eval_train_move_acc': 1.0, 'eval_train_mod7_acc': 1.0, 'eval_train_mod4_acc': 0.277, 'eval_train_runtime': 0.5567, 'eval_train_samples_per_second': 1796.26, 'eval_train_steps_per_second': 28.74, 'epoch': 126.6}
  Pushed checkpoint step-30000 to ijinyu1113/ft_mr6_70m_seed1_purenum
{'loss': 0.0, 'learning_rate': 2.1314021436425026e-05, 'epoch': 127.66}
{'eval_eval_loss': 0.00018519219884183258, 'eval_eval_token_acc': 0.9462002474737059, 'eval_eval_seq_acc': 0.0, 'eval_eval_move_acc': 0.9975, 'eval_eval_mod7_acc': 0.9979989994997499, 'eval_eval_mod4_acc': 0.24712356178089045, 'eval_eval_runtime': 1.1202, 'eval_eval_samples_per_second': 1785.415, 'eval_eval_steps_per_second': 28.567, 'epoch': 127.66}
{'eval_train_loss': 8.279752705675492e-07, 'eval_train_token_acc': 0.9466422279924648, 'eval_train_seq_acc': 0.0, 'eval_train_move_acc': 1.0, 'eval_train_mod7_acc': 1.0, 'eval_train_mod4_acc': 0.277, 'eval_train_runtime': 0.5589, 'eval_train_samples_per_second': 1789.358, 'eval_train_steps_per_second': 28.63, 'epoch': 127.66}
{'loss': 0.0, 'learning_rate': 2.1145119439436072e-05, 'epoch': 128.72}
{'eval_eval_loss': 0.00018426922906655818, 'eval_eval_token_acc': 0.9462002474737059, 'eval_eval_seq_acc': 0.0, 'eval_eval_move_acc': 0.997, 'eval_eval_mod7_acc': 0.9974987493746873, 'eval_eval_mod4_acc': 0.2466233116558279, 'eval_eval_runtime': 1.1135, 'eval_eval_samples_per_second': 1796.165, 'eval_eval_steps_per_second': 28.739, 'epoch': 128.72}
{'eval_train_loss': 7.606292911077617e-07, 'eval_train_token_acc': 0.9466422279924648, 'eval_train_seq_acc': 0.0, 'eval_train_move_acc': 1.0, 'eval_train_mod7_acc': 1.0, 'eval_train_mod4_acc': 0.277, 'eval_train_runtime': 0.5572, 'eval_train_samples_per_second': 1794.676, 'eval_train_steps_per_second': 28.715, 'epoch': 128.72}
{'loss': 0.0, 'learning_rate': 2.097527589698823e-05, 'epoch': 129.79}
{'eval_eval_loss': 0.00018041819566860795, 'eval_eval_token_acc': 0.9462002474737059, 'eval_eval_seq_acc': 0.0, 'eval_eval_move_acc': 0.9975, 'eval_eval_mod7_acc': 0.9979989994997499, 'eval_eval_mod4_acc': 0.24712356178089045, 'eval_eval_runtime': 1.1133, 'eval_eval_samples_per_second': 1796.524, 'eval_eval_steps_per_second': 28.744, 'epoch': 129.79}
{'eval_train_loss': 6.859181667095982e-07, 'eval_train_token_acc': 0.9466422279924648, 'eval_train_seq_acc': 0.0, 'eval_train_move_acc': 1.0, 'eval_train_mod7_acc': 1.0, 'eval_train_mod4_acc': 0.277, 'eval_train_runtime': 0.5561, 'eval_train_samples_per_second': 1798.329, 'eval_train_steps_per_second': 28.773, 'epoch': 129.79}
{'loss': 0.0, 'learning_rate': 2.080451683223983e-05, 'epoch': 130.85}
{'eval_eval_loss': 0.0001767405919963494, 'eval_eval_token_acc': 0.9462002474737059, 'eval_eval_seq_acc': 0.0, 'eval_eval_move_acc': 0.9975, 'eval_eval_mod7_acc': 0.9979989994997499, 'eval_eval_mod4_acc': 0.24712356178089045, 'eval_eval_runtime': 1.1118, 'eval_eval_samples_per_second': 1798.956, 'eval_eval_steps_per_second': 28.783, 'epoch': 130.85}
{'eval_train_loss': 6.29792737072421e-07, 'eval_train_token_acc': 0.9466422279924648, 'eval_train_seq_acc': 0.0, 'eval_train_move_acc': 1.0, 'eval_train_mod7_acc': 1.0, 'eval_train_mod4_acc': 0.277, 'eval_train_runtime': 0.5574, 'eval_train_samples_per_second': 1794.064, 'eval_train_steps_per_second': 28.705, 'epoch': 130.85}
  Pushed checkpoint step-31000 to ijinyu1113/ft_mr6_70m_seed1_purenum
{'loss': 0.0, 'learning_rate': 2.063286840862408e-05, 'epoch': 131.91}
{'eval_eval_loss': 0.00017827979172579944, 'eval_eval_token_acc': 0.9462002474737059, 'eval_eval_seq_acc': 0.0, 'eval_eval_move_acc': 0.9975, 'eval_eval_mod7_acc': 0.9979989994997499, 'eval_eval_mod4_acc': 0.24712356178089045, 'eval_eval_runtime': 1.1144, 'eval_eval_samples_per_second': 1794.685, 'eval_eval_steps_per_second': 28.715, 'epoch': 131.91}
{'eval_train_loss': 5.533718763217621e-07, 'eval_train_token_acc': 0.9466422279924648, 'eval_train_seq_acc': 0.0, 'eval_train_move_acc': 1.0, 'eval_train_mod7_acc': 1.0, 'eval_train_mod4_acc': 0.277, 'eval_train_runtime': 0.5583, 'eval_train_samples_per_second': 1791.018, 'eval_train_steps_per_second': 28.656, 'epoch': 131.91}
{'loss': 0.0, 'learning_rate': 2.0460356925840325e-05, 'epoch': 132.98}
{'eval_eval_loss': 0.00017557739920448512, 'eval_eval_token_acc': 0.9462002474737059, 'eval_eval_seq_acc': 0.0, 'eval_eval_move_acc': 0.9975, 'eval_eval_mod7_acc': 0.9979989994997499, 'eval_eval_mod4_acc': 0.24712356178089045, 'eval_eval_runtime': 1.115, 'eval_eval_samples_per_second': 1793.784, 'eval_eval_steps_per_second': 28.701, 'epoch': 132.98}
{'eval_train_loss': 4.933944524054823e-07, 'eval_train_token_acc': 0.9466422279924648, 'eval_train_seq_acc': 0.0, 'eval_train_move_acc': 1.0, 'eval_train_mod7_acc': 1.0, 'eval_train_mod4_acc': 0.277, 'eval_train_runtime': 0.5591, 'eval_train_samples_per_second': 1788.455, 'eval_train_steps_per_second': 28.615, 'epoch': 132.98}
{'loss': 0.0, 'learning_rate': 2.0287008815824495e-05, 'epoch': 134.04}
{'eval_eval_loss': 0.0001733454701025039, 'eval_eval_token_acc': 0.9462002474737059, 'eval_eval_seq_acc': 0.0, 'eval_eval_move_acc': 0.9975, 'eval_eval_mod7_acc': 0.9979989994997499, 'eval_eval_mod4_acc': 0.24712356178089045, 'eval_eval_runtime': 1.1133, 'eval_eval_samples_per_second': 1796.456, 'eval_eval_steps_per_second': 28.743, 'epoch': 134.04}
{'eval_train_loss': 4.470037993087317e-07, 'eval_train_token_acc': 0.9466422279924648, 'eval_train_seq_acc': 0.0, 'eval_train_move_acc': 1.0, 'eval_train_mod7_acc': 1.0, 'eval_train_mod4_acc': 0.277, 'eval_train_runtime': 0.5602, 'eval_train_samples_per_second': 1784.987, 'eval_train_steps_per_second': 28.56, 'epoch': 134.04}
{'loss': 0.0, 'learning_rate': 2.0112850638699195e-05, 'epoch': 135.11}
{'eval_eval_loss': 0.0001716023252811283, 'eval_eval_token_acc': 0.9462002474737059, 'eval_eval_seq_acc': 0.0, 'eval_eval_move_acc': 0.9975, 'eval_eval_mod7_acc': 0.9979989994997499, 'eval_eval_mod4_acc': 0.24712356178089045, 'eval_eval_runtime': 1.108, 'eval_eval_samples_per_second': 1805.109, 'eval_eval_steps_per_second': 28.882, 'epoch': 135.11}
{'eval_train_loss': 4.067752001901681e-07, 'eval_train_token_acc': 0.9466422279924648, 'eval_train_seq_acc': 0.0, 'eval_train_move_acc': 1.0, 'eval_train_mod7_acc': 1.0, 'eval_train_mod4_acc': 0.277, 'eval_train_runtime': 0.5566, 'eval_train_samples_per_second': 1796.769, 'eval_train_steps_per_second': 28.748, 'epoch': 135.11}
  Pushed checkpoint step-32000 to ijinyu1113/ft_mr6_70m_seed1_purenum
{'loss': 0.0, 'learning_rate': 1.9937909078704247e-05, 'epoch': 136.17}
{'eval_eval_loss': 0.00017424051475245506, 'eval_eval_token_acc': 0.9462002474737059, 'eval_eval_seq_acc': 0.0, 'eval_eval_move_acc': 0.9975, 'eval_eval_mod7_acc': 0.9979989994997499, 'eval_eval_mod4_acc': 0.24712356178089045, 'eval_eval_runtime': 1.1147, 'eval_eval_samples_per_second': 1794.134, 'eval_eval_steps_per_second': 28.706, 'epoch': 136.17}
{'eval_train_loss': 3.6962381955163437e-07, 'eval_train_token_acc': 0.9466422279924648, 'eval_train_seq_acc': 0.0, 'eval_train_move_acc': 1.0, 'eval_train_mod7_acc': 1.0, 'eval_train_mod4_acc': 0.277, 'eval_train_runtime': 0.5581, 'eval_train_samples_per_second': 1791.739, 'eval_train_steps_per_second': 28.668, 'epoch': 136.17}
{'loss': 0.0, 'learning_rate': 1.976221094010814e-05, 'epoch': 137.23}
{'eval_eval_loss': 0.0001684335875324905, 'eval_eval_token_acc': 0.9462002474737059, 'eval_eval_seq_acc': 0.0, 'eval_eval_move_acc': 0.9975, 'eval_eval_mod7_acc': 0.9979989994997499, 'eval_eval_mod4_acc': 0.24712356178089045, 'eval_eval_runtime': 1.1141, 'eval_eval_samples_per_second': 1795.232, 'eval_eval_steps_per_second': 28.724, 'epoch': 137.23}
{'eval_train_loss': 3.348453958551545e-07, 'eval_train_token_acc': 0.9466422279924648, 'eval_train_seq_acc': 0.0, 'eval_train_move_acc': 1.0, 'eval_train_mod7_acc': 1.0, 'eval_train_mod4_acc': 0.277, 'eval_train_runtime': 0.5574, 'eval_train_samples_per_second': 1794.128, 'eval_train_steps_per_second': 28.706, 'epoch': 137.23}
{'loss': 0.0, 'learning_rate': 1.958578314310114e-05, 'epoch': 138.3}
{'eval_eval_loss': 0.00016895738372113556, 'eval_eval_token_acc': 0.9462002474737059, 'eval_eval_seq_acc': 0.0, 'eval_eval_move_acc': 0.9975, 'eval_eval_mod7_acc': 0.9979989994997499, 'eval_eval_mod4_acc': 0.24712356178089045, 'eval_eval_runtime': 1.1135, 'eval_eval_samples_per_second': 1796.148, 'eval_eval_steps_per_second': 28.738, 'epoch': 138.3}
{'eval_train_loss': 3.00553807619508e-07, 'eval_train_token_acc': 0.9466422279924648, 'eval_train_seq_acc': 0.0, 'eval_train_move_acc': 1.0, 'eval_train_mod7_acc': 1.0, 'eval_train_mod4_acc': 0.277, 'eval_train_runtime': 0.5569, 'eval_train_samples_per_second': 1795.783, 'eval_train_steps_per_second': 28.733, 'epoch': 138.3}
{'loss': 0.0, 'learning_rate': 1.9408652719670622e-05, 'epoch': 139.36}
{'eval_eval_loss': 0.00016948785923887044, 'eval_eval_token_acc': 0.9462002474737059, 'eval_eval_seq_acc': 0.0, 'eval_eval_move_acc': 0.9975, 'eval_eval_mod7_acc': 0.9979989994997499, 'eval_eval_mod4_acc': 0.24712356178089045, 'eval_eval_runtime': 1.1131, 'eval_eval_samples_per_second': 1796.753, 'eval_eval_steps_per_second': 28.748, 'epoch': 139.36}
{'eval_train_loss': 2.7075603270532156e-07, 'eval_train_token_acc': 0.9466422279924648, 'eval_train_seq_acc': 0.0, 'eval_train_move_acc': 1.0, 'eval_train_mod7_acc': 1.0, 'eval_train_mod4_acc': 0.277, 'eval_train_runtime': 0.5565, 'eval_train_samples_per_second': 1796.816, 'eval_train_steps_per_second': 28.749, 'epoch': 139.36}
  Pushed checkpoint step-33000 to ijinyu1113/ft_mr6_70m_seed1_purenum
{'loss': 0.0, 'learning_rate': 1.923084680945927e-05, 'epoch': 140.43}
{'eval_eval_loss': 0.0001686856703599915, 'eval_eval_token_acc': 0.9462002474737059, 'eval_eval_seq_acc': 0.0, 'eval_eval_move_acc': 0.9975, 'eval_eval_mod7_acc': 0.9979989994997499, 'eval_eval_mod4_acc': 0.24712356178089045, 'eval_eval_runtime': 1.1169, 'eval_eval_samples_per_second': 1790.732, 'eval_eval_steps_per_second': 28.652, 'epoch': 140.43}
{'eval_train_loss': 2.449944531690562e-07, 'eval_train_token_acc': 0.9466422279924648, 'eval_train_seq_acc': 0.0, 'eval_train_move_acc': 1.0, 'eval_train_mod7_acc': 1.0, 'eval_train_mod4_acc': 0.277, 'eval_train_runtime': 0.5595, 'eval_train_samples_per_second': 1787.212, 'eval_train_steps_per_second': 28.595, 'epoch': 140.43}
{'loss': 0.0, 'learning_rate': 1.905239265560677e-05, 'epoch': 141.49}
{'eval_eval_loss': 0.00016377495194319636, 'eval_eval_token_acc': 0.9462002474737059, 'eval_eval_seq_acc': 0.0, 'eval_eval_move_acc': 0.998, 'eval_eval_mod7_acc': 0.9984992496248124, 'eval_eval_mod4_acc': 0.2466233116558279, 'eval_eval_runtime': 1.1111, 'eval_eval_samples_per_second': 1800.039, 'eval_eval_steps_per_second': 28.801, 'epoch': 141.49}
{'eval_train_loss': 2.3370201063244167e-07, 'eval_train_token_acc': 0.9466422279924648, 'eval_train_seq_acc': 0.0, 'eval_train_move_acc': 1.0, 'eval_train_mod7_acc': 1.0, 'eval_train_mod4_acc': 0.277, 'eval_train_runtime': 0.5566, 'eval_train_samples_per_second': 1796.475, 'eval_train_steps_per_second': 28.744, 'epoch': 141.49}
{'loss': 0.0, 'learning_rate': 1.887331760057568e-05, 'epoch': 142.55}
{'eval_eval_loss': 0.0001656078384257853, 'eval_eval_token_acc': 0.9462002474737059, 'eval_eval_seq_acc': 0.0, 'eval_eval_move_acc': 0.9975, 'eval_eval_mod7_acc': 0.9979989994997499, 'eval_eval_mod4_acc': 0.24712356178089045, 'eval_eval_runtime': 1.1108, 'eval_eval_samples_per_second': 1800.454, 'eval_eval_steps_per_second': 28.807, 'epoch': 142.55}
{'eval_train_loss': 1.9870617506967392e-07, 'eval_train_token_acc': 0.9466422279924648, 'eval_train_seq_acc': 0.0, 'eval_train_move_acc': 1.0, 'eval_train_mod7_acc': 1.0, 'eval_train_mod4_acc': 0.277, 'eval_train_runtime': 0.5566, 'eval_train_samples_per_second': 1796.678, 'eval_train_steps_per_second': 28.747, 'epoch': 142.55}
{'loss': 0.0, 'learning_rate': 1.869364908196206e-05, 'epoch': 143.62}
{'eval_eval_loss': 0.0001623344433028251, 'eval_eval_token_acc': 0.9462002474737059, 'eval_eval_seq_acc': 0.0, 'eval_eval_move_acc': 0.9985, 'eval_eval_mod7_acc': 0.9989994997498749, 'eval_eval_mod4_acc': 0.2466233116558279, 'eval_eval_runtime': 1.1145, 'eval_eval_samples_per_second': 1794.587, 'eval_eval_steps_per_second': 28.713, 'epoch': 143.62}
{'eval_train_loss': 1.8265052403876325e-07, 'eval_train_token_acc': 0.9466422279924648, 'eval_train_seq_acc': 0.0, 'eval_train_move_acc': 1.0, 'eval_train_mod7_acc': 1.0, 'eval_train_mod4_acc': 0.277, 'eval_train_runtime': 0.5566, 'eval_train_samples_per_second': 1796.465, 'eval_train_steps_per_second': 28.743, 'epoch': 143.62}
  Pushed checkpoint step-34000 to ijinyu1113/ft_mr6_70m_seed1_purenum
{'loss': 0.0, 'learning_rate': 1.85134146282915e-05, 'epoch': 144.68}
{'eval_eval_loss': 0.00016282679280266166, 'eval_eval_token_acc': 0.9462002474737059, 'eval_eval_seq_acc': 0.0, 'eval_eval_move_acc': 0.998, 'eval_eval_mod7_acc': 0.9984992496248124, 'eval_eval_mod4_acc': 0.2466233116558279, 'eval_eval_runtime': 1.1113, 'eval_eval_samples_per_second': 1799.715, 'eval_eval_steps_per_second': 28.795, 'epoch': 144.68}
{'eval_train_loss': 1.6461439145132317e-07, 'eval_train_token_acc': 0.9466422279924648, 'eval_train_seq_acc': 0.0, 'eval_train_move_acc': 1.0, 'eval_train_mod7_acc': 1.0, 'eval_train_mod4_acc': 0.277, 'eval_train_runtime': 0.556, 'eval_train_samples_per_second': 1798.431, 'eval_train_steps_per_second': 28.775, 'epoch': 144.68}
{'loss': 0.0, 'learning_rate': 1.8332641854801276e-05, 'epoch': 145.74}
{'eval_eval_loss': 0.00016275164671242237, 'eval_eval_token_acc': 0.9462002474737059, 'eval_eval_seq_acc': 0.0, 'eval_eval_move_acc': 0.998, 'eval_eval_mod7_acc': 0.9984992496248124, 'eval_eval_mod4_acc': 0.2466233116558279, 'eval_eval_runtime': 1.1145, 'eval_eval_samples_per_second': 1794.595, 'eval_eval_steps_per_second': 28.714, 'epoch': 145.74}
{'eval_train_loss': 1.4967892525419302e-07, 'eval_train_token_acc': 0.9466422279924648, 'eval_train_seq_acc': 0.0, 'eval_train_move_acc': 1.0, 'eval_train_mod7_acc': 1.0, 'eval_train_mod4_acc': 0.277, 'eval_train_runtime': 0.5592, 'eval_train_samples_per_second': 1788.264, 'eval_train_steps_per_second': 28.612, 'epoch': 145.74}
{'loss': 0.0, 'learning_rate': 1.8151358459209167e-05, 'epoch': 146.81}
{'eval_eval_loss': 0.00015934415569063276, 'eval_eval_token_acc': 0.9462002474737059, 'eval_eval_seq_acc': 0.0, 'eval_eval_move_acc': 0.9985, 'eval_eval_mod7_acc': 0.9989994997498749, 'eval_eval_mod4_acc': 0.2466233116558279, 'eval_eval_runtime': 1.1121, 'eval_eval_samples_per_second': 1798.347, 'eval_eval_steps_per_second': 28.774, 'epoch': 146.81}
{'eval_train_loss': 1.3473182036705111e-07, 'eval_train_token_acc': 0.9466422279924648, 'eval_train_seq_acc': 0.0, 'eval_train_move_acc': 1.0, 'eval_train_mod7_acc': 1.0, 'eval_train_mod4_acc': 0.277, 'eval_train_runtime': 0.5568, 'eval_train_samples_per_second': 1795.835, 'eval_train_steps_per_second': 28.733, 'epoch': 146.81}
{'loss': 0.0, 'learning_rate': 1.7969592217469675e-05, 'epoch': 147.87}
{'eval_eval_loss': 0.00015809238539077342, 'eval_eval_token_acc': 0.9462002474737059, 'eval_eval_seq_acc': 0.0, 'eval_eval_move_acc': 0.9985, 'eval_eval_mod7_acc': 0.9989994997498749, 'eval_eval_mod4_acc': 0.2466233116558279, 'eval_eval_runtime': 1.1125, 'eval_eval_samples_per_second': 1797.699, 'eval_eval_steps_per_second': 28.763, 'epoch': 147.87}
{'eval_train_loss': 1.215536400422934e-07, 'eval_train_token_acc': 0.9466422279924648, 'eval_train_seq_acc': 0.0, 'eval_train_move_acc': 1.0, 'eval_train_mod7_acc': 1.0, 'eval_train_mod4_acc': 0.277, 'eval_train_runtime': 0.5576, 'eval_train_samples_per_second': 1793.399, 'eval_train_steps_per_second': 28.694, 'epoch': 147.87}
  Pushed checkpoint step-35000 to ijinyu1113/ft_mr6_70m_seed1_purenum
{'loss': 0.0, 'learning_rate': 1.7787370979518197e-05, 'epoch': 148.94}
{'eval_eval_loss': 0.00015791899932082742, 'eval_eval_token_acc': 0.9462002474737059, 'eval_eval_seq_acc': 0.0, 'eval_eval_move_acc': 0.9985, 'eval_eval_mod7_acc': 0.9989994997498749, 'eval_eval_mod4_acc': 0.2466233116558279, 'eval_eval_runtime': 1.1118, 'eval_eval_samples_per_second': 1798.889, 'eval_eval_steps_per_second': 28.782, 'epoch': 148.94}
{'eval_train_loss': 1.1351716011631652e-07, 'eval_train_token_acc': 0.9466422279924648, 'eval_train_seq_acc': 0.0, 'eval_train_move_acc': 1.0, 'eval_train_mod7_acc': 1.0, 'eval_train_mod4_acc': 0.277, 'eval_train_runtime': 0.5586, 'eval_train_samples_per_second': 1790.326, 'eval_train_steps_per_second': 28.645, 'epoch': 148.94}
{'loss': 0.0, 'learning_rate': 1.760472266500396e-05, 'epoch': 150.0}
{'eval_eval_loss': 0.00015794587670825422, 'eval_eval_token_acc': 0.9462002474737059, 'eval_eval_seq_acc': 0.0, 'eval_eval_move_acc': 0.9985, 'eval_eval_mod7_acc': 0.9989994997498749, 'eval_eval_mod4_acc': 0.2466233116558279, 'eval_eval_runtime': 1.1141, 'eval_eval_samples_per_second': 1795.179, 'eval_eval_steps_per_second': 28.723, 'epoch': 150.0}
{'eval_train_loss': 9.901294362180124e-08, 'eval_train_token_acc': 0.9466422279924648, 'eval_train_seq_acc': 0.0, 'eval_train_move_acc': 1.0, 'eval_train_mod7_acc': 1.0, 'eval_train_mod4_acc': 0.277, 'eval_train_runtime': 0.5577, 'eval_train_samples_per_second': 1793.003, 'eval_train_steps_per_second': 28.688, 'epoch': 150.0}
{'loss': 0.0, 'learning_rate': 1.742167525901215e-05, 'epoch': 151.06}
{'eval_eval_loss': 0.00015253144374582916, 'eval_eval_token_acc': 0.9462002474737059, 'eval_eval_seq_acc': 0.0, 'eval_eval_move_acc': 0.9985, 'eval_eval_mod7_acc': 0.9989994997498749, 'eval_eval_mod4_acc': 0.2466233116558279, 'eval_eval_runtime': 1.114, 'eval_eval_samples_per_second': 1795.347, 'eval_eval_steps_per_second': 28.726, 'epoch': 151.06}
{'eval_train_loss': 8.843669263569609e-08, 'eval_train_token_acc': 0.9466422279924648, 'eval_train_seq_acc': 0.0, 'eval_train_move_acc': 1.0, 'eval_train_mod7_acc': 1.0, 'eval_train_mod4_acc': 0.277, 'eval_train_runtime': 0.5585, 'eval_train_samples_per_second': 1790.49, 'eval_train_steps_per_second': 28.648, 'epoch': 151.06}
{'loss': 0.0, 'learning_rate': 1.723825680777615e-05, 'epoch': 152.13}
{'eval_eval_loss': 0.00015655496099498123, 'eval_eval_token_acc': 0.9462002474737059, 'eval_eval_seq_acc': 0.0, 'eval_eval_move_acc': 0.9985, 'eval_eval_mod7_acc': 0.9989994997498749, 'eval_eval_mod4_acc': 0.2466233116558279, 'eval_eval_runtime': 1.1134, 'eval_eval_samples_per_second': 1796.327, 'eval_eval_steps_per_second': 28.741, 'epoch': 152.13}
{'eval_train_loss': 7.964861481468688e-08, 'eval_train_token_acc': 0.9466422279924648, 'eval_train_seq_acc': 0.0, 'eval_train_move_acc': 1.0, 'eval_train_mod7_acc': 1.0, 'eval_train_mod4_acc': 0.277, 'eval_train_runtime': 0.5577, 'eval_train_samples_per_second': 1793.168, 'eval_train_steps_per_second': 28.691, 'epoch': 152.13}
  Pushed checkpoint step-36000 to ijinyu1113/ft_mr6_70m_seed1_purenum
{'loss': 0.0, 'learning_rate': 1.705449541438028e-05, 'epoch': 153.19}
{'eval_eval_loss': 0.00015352541231550276, 'eval_eval_token_acc': 0.9462002474737059, 'eval_eval_seq_acc': 0.0, 'eval_eval_move_acc': 0.9985, 'eval_eval_mod7_acc': 0.9989994997498749, 'eval_eval_mod4_acc': 0.2466233116558279, 'eval_eval_runtime': 1.1141, 'eval_eval_samples_per_second': 1795.097, 'eval_eval_steps_per_second': 28.722, 'epoch': 153.19}
{'eval_train_loss': 7.268143065175536e-08, 'eval_train_token_acc': 0.9466422279924648, 'eval_train_seq_acc': 0.0, 'eval_train_move_acc': 1.0, 'eval_train_mod7_acc': 1.0, 'eval_train_mod4_acc': 0.277, 'eval_train_runtime': 0.5564, 'eval_train_samples_per_second': 1797.159, 'eval_train_steps_per_second': 28.755, 'epoch': 153.19}
{'loss': 0.0, 'learning_rate': 1.6870419234453938e-05, 'epoch': 154.26}
{'eval_eval_loss': 0.0001511330046923831, 'eval_eval_token_acc': 0.9462002474737059, 'eval_eval_seq_acc': 0.0, 'eval_eval_move_acc': 0.9985, 'eval_eval_mod7_acc': 0.9989994997498749, 'eval_eval_mod4_acc': 0.2466233116558279, 'eval_eval_runtime': 1.116, 'eval_eval_samples_per_second': 1792.108, 'eval_eval_steps_per_second': 28.674, 'epoch': 154.26}
{'eval_train_loss': 6.498746785155163e-08, 'eval_train_token_acc': 0.9466422279924648, 'eval_train_seq_acc': 0.0, 'eval_train_move_acc': 1.0, 'eval_train_mod7_acc': 1.0, 'eval_train_mod4_acc': 0.277, 'eval_train_runtime': 0.5574, 'eval_train_samples_per_second': 1794.025, 'eval_train_steps_per_second': 28.704, 'epoch': 154.26}
{'loss': 0.0, 'learning_rate': 1.6686056471857595e-05, 'epoch': 155.32}
{'eval_eval_loss': 0.0001525302795926109, 'eval_eval_token_acc': 0.9462002474737059, 'eval_eval_seq_acc': 0.0, 'eval_eval_move_acc': 0.9985, 'eval_eval_mod7_acc': 0.9989994997498749, 'eval_eval_mod4_acc': 0.2466233116558279, 'eval_eval_runtime': 1.1137, 'eval_eval_samples_per_second': 1795.754, 'eval_eval_steps_per_second': 28.732, 'epoch': 155.32}
{'eval_train_loss': 5.987821083408562e-08, 'eval_train_token_acc': 0.9466422279924648, 'eval_train_seq_acc': 0.0, 'eval_train_move_acc': 1.0, 'eval_train_mod7_acc': 1.0, 'eval_train_mod4_acc': 0.277, 'eval_train_runtime': 0.5572, 'eval_train_samples_per_second': 1794.657, 'eval_train_steps_per_second': 28.715, 'epoch': 155.32}
{'loss': 0.0, 'learning_rate': 1.6501435374361478e-05, 'epoch': 156.38}
{'eval_eval_loss': 0.0001536321360617876, 'eval_eval_token_acc': 0.9462002474737059, 'eval_eval_seq_acc': 0.0, 'eval_eval_move_acc': 0.9985, 'eval_eval_mod7_acc': 0.9989994997498749, 'eval_eval_mod4_acc': 0.2466233116558279, 'eval_eval_runtime': 1.1191, 'eval_eval_samples_per_second': 1787.139, 'eval_eval_steps_per_second': 28.594, 'epoch': 156.38}
{'eval_train_loss': 5.7389517138517476e-08, 'eval_train_token_acc': 0.9466422279924648, 'eval_train_seq_acc': 0.0, 'eval_train_move_acc': 1.0, 'eval_train_mod7_acc': 1.0, 'eval_train_mod4_acc': 0.277, 'eval_train_runtime': 0.5659, 'eval_train_samples_per_second': 1767.251, 'eval_train_steps_per_second': 28.276, 'epoch': 156.38}
  Pushed checkpoint step-37000 to ijinyu1113/ft_mr6_70m_seed1_purenum
{'loss': 0.0, 'learning_rate': 1.6316584229317465e-05, 'epoch': 157.45}
{'eval_eval_loss': 0.0001525509578641504, 'eval_eval_token_acc': 0.9462002474737059, 'eval_eval_seq_acc': 0.0, 'eval_eval_move_acc': 0.9985, 'eval_eval_mod7_acc': 0.9989994997498749, 'eval_eval_mod4_acc': 0.2466233116558279, 'eval_eval_runtime': 1.1129, 'eval_eval_samples_per_second': 1797.056, 'eval_eval_steps_per_second': 28.753, 'epoch': 157.45}
{'eval_train_loss': 5.0114699945424945e-08, 'eval_train_token_acc': 0.9466422279924648, 'eval_train_seq_acc': 0.0, 'eval_train_move_acc': 1.0, 'eval_train_mod7_acc': 1.0, 'eval_train_mod4_acc': 0.277, 'eval_train_runtime': 0.558, 'eval_train_samples_per_second': 1792.077, 'eval_train_steps_per_second': 28.673, 'epoch': 157.45}
{'loss': 0.0, 'learning_rate': 1.613153135932497e-05, 'epoch': 158.51}
{'eval_eval_loss': 0.0001525450497865677, 'eval_eval_token_acc': 0.9462002474737059, 'eval_eval_seq_acc': 0.0, 'eval_eval_move_acc': 0.9985, 'eval_eval_mod7_acc': 0.9989994997498749, 'eval_eval_mod4_acc': 0.2466233116558279, 'eval_eval_runtime': 1.1148, 'eval_eval_samples_per_second': 1794.05, 'eval_eval_steps_per_second': 28.705, 'epoch': 158.51}
{'eval_train_loss': 4.7025867644379105e-08, 'eval_train_token_acc': 0.9466422279924648, 'eval_train_seq_acc': 0.0, 'eval_train_move_acc': 1.0, 'eval_train_mod7_acc': 1.0, 'eval_train_mod4_acc': 0.277, 'eval_train_runtime': 0.5586, 'eval_train_samples_per_second': 1790.136, 'eval_train_steps_per_second': 28.642, 'epoch': 158.51}
{'loss': 0.0018, 'learning_rate': 1.594630511789137e-05, 'epoch': 159.57}
{'eval_eval_loss': 0.0008102152496576309, 'eval_eval_token_acc': 0.9462002474737059, 'eval_eval_seq_acc': 0.0, 'eval_eval_move_acc': 0.987, 'eval_eval_mod7_acc': 0.9909638554216867, 'eval_eval_mod4_acc': 0.24447791164658633, 'eval_eval_runtime': 1.1116, 'eval_eval_samples_per_second': 1799.132, 'eval_eval_steps_per_second': 28.786, 'epoch': 159.57}
{'eval_train_loss': 0.00017571044736541808, 'eval_train_token_acc': 0.9466422279924648, 'eval_train_seq_acc': 0.0, 'eval_train_move_acc': 0.997, 'eval_train_mod7_acc': 0.997997997997998, 'eval_train_mod4_acc': 0.2782782782782783, 'eval_train_runtime': 0.5602, 'eval_train_samples_per_second': 1785.225, 'eval_train_steps_per_second': 28.564, 'epoch': 159.57}
{'loss': 0.0, 'learning_rate': 1.576093388508776e-05, 'epoch': 160.64}
{'eval_eval_loss': 0.0002457717782817781, 'eval_eval_token_acc': 0.9462002474737059, 'eval_eval_seq_acc': 0.0, 'eval_eval_move_acc': 0.9975, 'eval_eval_mod7_acc': 0.9979989994997499, 'eval_eval_mod4_acc': 0.24712356178089045, 'eval_eval_runtime': 1.117, 'eval_eval_samples_per_second': 1790.512, 'eval_eval_steps_per_second': 28.648, 'epoch': 160.64}
{'eval_train_loss': 1.2927846910315566e-05, 'eval_train_token_acc': 0.9466422279924648, 'eval_train_seq_acc': 0.0, 'eval_train_move_acc': 1.0, 'eval_train_mod7_acc': 1.0, 'eval_train_mod4_acc': 0.277, 'eval_train_runtime': 0.5576, 'eval_train_samples_per_second': 1793.258, 'eval_train_steps_per_second': 28.692, 'epoch': 160.64}
  Pushed checkpoint step-38000 to ijinyu1113/ft_mr6_70m_seed1_purenum
{'loss': 0.0, 'learning_rate': 1.5575446063200546e-05, 'epoch': 161.7}
{'eval_eval_loss': 0.0002515198721084744, 'eval_eval_token_acc': 0.9462002474737059, 'eval_eval_seq_acc': 0.0, 'eval_eval_move_acc': 0.997, 'eval_eval_mod7_acc': 0.997997997997998, 'eval_eval_mod4_acc': 0.24724724724724725, 'eval_eval_runtime': 1.1149, 'eval_eval_samples_per_second': 1793.946, 'eval_eval_steps_per_second': 28.703, 'epoch': 161.7}
{'eval_train_loss': 1.0808033039211296e-05, 'eval_train_token_acc': 0.9466422279924648, 'eval_train_seq_acc': 0.0, 'eval_train_move_acc': 1.0, 'eval_train_mod7_acc': 1.0, 'eval_train_mod4_acc': 0.277, 'eval_train_runtime': 0.5582, 'eval_train_samples_per_second': 1791.547, 'eval_train_steps_per_second': 28.665, 'epoch': 161.7}
{'loss': 0.0001, 'learning_rate': 1.5389870072379766e-05, 'epoch': 162.77}
{'eval_eval_loss': 0.0006654759054072201, 'eval_eval_token_acc': 0.9462002474737059, 'eval_eval_seq_acc': 0.0, 'eval_eval_move_acc': 0.987, 'eval_eval_mod7_acc': 0.9919597989949749, 'eval_eval_mod4_acc': 0.2457286432160804, 'eval_eval_runtime': 1.1166, 'eval_eval_samples_per_second': 1791.132, 'eval_eval_steps_per_second': 28.658, 'epoch': 162.77}
{'eval_train_loss': 7.18597584636882e-05, 'eval_train_token_acc': 0.9466422279924648, 'eval_train_seq_acc': 0.0, 'eval_train_move_acc': 0.998, 'eval_train_mod7_acc': 0.998998998998999, 'eval_train_mod4_acc': 0.27627627627627627, 'eval_train_runtime': 0.5584, 'eval_train_samples_per_second': 1790.929, 'eval_train_steps_per_second': 28.655, 'epoch': 162.77}
{'loss': 0.0, 'learning_rate': 1.5204234346284535e-05, 'epoch': 163.83}
{'eval_eval_loss': 0.00032128512975759804, 'eval_eval_token_acc': 0.9462002474737059, 'eval_eval_seq_acc': 0.0, 'eval_eval_move_acc': 0.997, 'eval_eval_mod7_acc': 0.9974987493746873, 'eval_eval_mod4_acc': 0.24712356178089045, 'eval_eval_runtime': 1.1165, 'eval_eval_samples_per_second': 1791.329, 'eval_eval_steps_per_second': 28.661, 'epoch': 163.83}
{'eval_train_loss': 2.0411813238752075e-05, 'eval_train_token_acc': 0.9466422279924648, 'eval_train_seq_acc': 0.0, 'eval_train_move_acc': 0.999, 'eval_train_mod7_acc': 1.0, 'eval_train_mod4_acc': 0.27627627627627627, 'eval_train_runtime': 0.5568, 'eval_train_samples_per_second': 1796.103, 'eval_train_steps_per_second': 28.738, 'epoch': 163.83}
{'loss': 0.0008, 'learning_rate': 1.501856732772654e-05, 'epoch': 164.89}
{'eval_eval_loss': 0.00271779322065413, 'eval_eval_token_acc': 0.9462002474737059, 'eval_eval_seq_acc': 0.0, 'eval_eval_move_acc': 0.942, 'eval_eval_mod7_acc': 0.9582909460834181, 'eval_eval_mod4_acc': 0.24109867751780265, 'eval_eval_runtime': 1.1197, 'eval_eval_samples_per_second': 1786.223, 'eval_eval_steps_per_second': 28.58, 'epoch': 164.89}
{'eval_train_loss': 0.0010680889245122671, 'eval_train_token_acc': 0.9466422279924648, 'eval_train_seq_acc': 0.0, 'eval_train_move_acc': 0.975, 'eval_train_mod7_acc': 0.9808853118712274, 'eval_train_mod4_acc': 0.2766599597585513, 'eval_train_runtime': 0.565, 'eval_train_samples_per_second': 1769.93, 'eval_train_steps_per_second': 28.319, 'epoch': 164.89}
  Pushed checkpoint step-39000 to ijinyu1113/ft_mr6_70m_seed1_purenum
{'loss': 0.0001, 'learning_rate': 1.4832897464312018e-05, 'epoch': 165.96}
{'eval_eval_loss': 0.00029518193332478404, 'eval_eval_token_acc': 0.9462002474737059, 'eval_eval_seq_acc': 0.0, 'eval_eval_move_acc': 0.994, 'eval_eval_mod7_acc': 0.994994994994995, 'eval_eval_mod4_acc': 0.24724724724724725, 'eval_eval_runtime': 1.1145, 'eval_eval_samples_per_second': 1794.515, 'eval_eval_steps_per_second': 28.712, 'epoch': 165.96}
{'eval_train_loss': 2.169708204746712e-05, 'eval_train_token_acc': 0.9466422279924648, 'eval_train_seq_acc': 0.0, 'eval_train_move_acc': 0.999, 'eval_train_mod7_acc': 0.999, 'eval_train_mod4_acc': 0.277, 'eval_train_runtime': 0.5613, 'eval_train_samples_per_second': 1781.522, 'eval_train_steps_per_second': 28.504, 'epoch': 165.96}
{'loss': 0.0, 'learning_rate': 1.4647253204083116e-05, 'epoch': 167.02}
{'eval_eval_loss': 0.00028912100242450833, 'eval_eval_token_acc': 0.9462002474737059, 'eval_eval_seq_acc': 0.0, 'eval_eval_move_acc': 0.9945, 'eval_eval_mod7_acc': 0.9954954954954955, 'eval_eval_mod4_acc': 0.24724724724724725, 'eval_eval_runtime': 1.1173, 'eval_eval_samples_per_second': 1790.068, 'eval_eval_steps_per_second': 28.641, 'epoch': 167.02}
{'eval_train_loss': 3.307063707325142e-06, 'eval_train_token_acc': 0.9466422279924648, 'eval_train_seq_acc': 0.0, 'eval_train_move_acc': 1.0, 'eval_train_mod7_acc': 1.0, 'eval_train_mod4_acc': 0.277, 'eval_train_runtime': 0.5576, 'eval_train_samples_per_second': 1793.535, 'eval_train_steps_per_second': 28.697, 'epoch': 167.02}
{'loss': 0.0, 'learning_rate': 1.446166299115909e-05, 'epoch': 168.09}
{'eval_eval_loss': 0.0002849726297426969, 'eval_eval_token_acc': 0.9462002474737059, 'eval_eval_seq_acc': 0.0, 'eval_eval_move_acc': 0.9945, 'eval_eval_mod7_acc': 0.9954954954954955, 'eval_eval_mod4_acc': 0.24724724724724725, 'eval_eval_runtime': 1.1148, 'eval_eval_samples_per_second': 1794.066, 'eval_eval_steps_per_second': 28.705, 'epoch': 168.09}
{'eval_train_loss': 2.4067462618404534e-06, 'eval_train_token_acc': 0.9466422279924648, 'eval_train_seq_acc': 0.0, 'eval_train_move_acc': 1.0, 'eval_train_mod7_acc': 1.0, 'eval_train_mod4_acc': 0.277, 'eval_train_runtime': 0.557, 'eval_train_samples_per_second': 1795.394, 'eval_train_steps_per_second': 28.726, 'epoch': 168.09}
{'loss': 0.0, 'learning_rate': 1.427615526137815e-05, 'epoch': 169.15}
{'eval_eval_loss': 0.0002773533633444458, 'eval_eval_token_acc': 0.9462002474737059, 'eval_eval_seq_acc': 0.0, 'eval_eval_move_acc': 0.9945, 'eval_eval_mod7_acc': 0.9954954954954955, 'eval_eval_mod4_acc': 0.24724724724724725, 'eval_eval_runtime': 1.1117, 'eval_eval_samples_per_second': 1799.017, 'eval_eval_steps_per_second': 28.784, 'epoch': 169.15}
{'eval_train_loss': 1.879471710708458e-06, 'eval_train_token_acc': 0.9466422279924648, 'eval_train_seq_acc': 0.0, 'eval_train_move_acc': 1.0, 'eval_train_mod7_acc': 1.0, 'eval_train_mod4_acc': 0.277, 'eval_train_runtime': 0.5557, 'eval_train_samples_per_second': 1799.457, 'eval_train_steps_per_second': 28.791, 'epoch': 169.15}
  Pushed checkpoint step-40000 to ijinyu1113/ft_mr6_70m_seed1_purenum
{'loss': 0.0, 'learning_rate': 1.4090758437940578e-05, 'epoch': 170.21}
{'eval_eval_loss': 0.00027543690521270037, 'eval_eval_token_acc': 0.9462002474737059, 'eval_eval_seq_acc': 0.0, 'eval_eval_move_acc': 0.9945, 'eval_eval_mod7_acc': 0.9954954954954955, 'eval_eval_mod4_acc': 0.24724724724724725, 'eval_eval_runtime': 1.1119, 'eval_eval_samples_per_second': 1798.77, 'eval_eval_steps_per_second': 28.78, 'epoch': 170.21}
{'eval_train_loss': 1.4880080243528937e-06, 'eval_train_token_acc': 0.9466422279924648, 'eval_train_seq_acc': 0.0, 'eval_train_move_acc': 1.0, 'eval_train_mod7_acc': 1.0, 'eval_train_mod4_acc': 0.277, 'eval_train_runtime': 0.5549, 'eval_train_samples_per_second': 1802.003, 'eval_train_steps_per_second': 28.832, 'epoch': 170.21}
{'loss': 0.0, 'learning_rate': 1.390550092705376e-05, 'epoch': 171.28}
{'eval_eval_loss': 0.0002751314314082265, 'eval_eval_token_acc': 0.9462002474737059, 'eval_eval_seq_acc': 0.0, 'eval_eval_move_acc': 0.995, 'eval_eval_mod7_acc': 0.995995995995996, 'eval_eval_mod4_acc': 0.24674674674674674, 'eval_eval_runtime': 1.112, 'eval_eval_samples_per_second': 1798.533, 'eval_eval_steps_per_second': 28.777, 'epoch': 171.28}
{'eval_train_loss': 1.3092314929963322e-06, 'eval_train_token_acc': 0.9466422279924648, 'eval_train_seq_acc': 0.0, 'eval_train_move_acc': 1.0, 'eval_train_mod7_acc': 1.0, 'eval_train_mod4_acc': 0.277, 'eval_train_runtime': 0.5566, 'eval_train_samples_per_second': 1796.6, 'eval_train_steps_per_second': 28.746, 'epoch': 171.28}
{'loss': 0.0, 'learning_rate': 1.372041111357983e-05, 'epoch': 172.34}
{'eval_eval_loss': 0.00026824159431271255, 'eval_eval_token_acc': 0.9462002474737059, 'eval_eval_seq_acc': 0.0, 'eval_eval_move_acc': 0.995, 'eval_eval_mod7_acc': 0.995995995995996, 'eval_eval_mod4_acc': 0.24674674674674674, 'eval_eval_runtime': 1.1135, 'eval_eval_samples_per_second': 1796.195, 'eval_eval_steps_per_second': 28.739, 'epoch': 172.34}
{'eval_train_loss': 1.0978045565934735e-06, 'eval_train_token_acc': 0.9466422279924648, 'eval_train_seq_acc': 0.0, 'eval_train_move_acc': 1.0, 'eval_train_mod7_acc': 1.0, 'eval_train_mod4_acc': 0.277, 'eval_train_runtime': 0.5558, 'eval_train_samples_per_second': 1799.199, 'eval_train_steps_per_second': 28.787, 'epoch': 172.34}
{'loss': 0.0, 'learning_rate': 1.3535517356686595e-05, 'epoch': 173.4}
{'eval_eval_loss': 0.00026714152772910893, 'eval_eval_token_acc': 0.9462002474737059, 'eval_eval_seq_acc': 0.0, 'eval_eval_move_acc': 0.995, 'eval_eval_mod7_acc': 0.995995995995996, 'eval_eval_mod4_acc': 0.24674674674674674, 'eval_eval_runtime': 1.1138, 'eval_eval_samples_per_second': 1795.691, 'eval_eval_steps_per_second': 28.731, 'epoch': 173.4}
{'eval_train_loss': 9.672509122538031e-07, 'eval_train_token_acc': 0.9466422279924648, 'eval_train_seq_acc': 0.0, 'eval_train_move_acc': 1.0, 'eval_train_mod7_acc': 1.0, 'eval_train_mod4_acc': 0.277, 'eval_train_runtime': 0.5579, 'eval_train_samples_per_second': 1792.499, 'eval_train_steps_per_second': 28.68, 'epoch': 173.4}
  Pushed checkpoint step-41000 to ijinyu1113/ft_mr6_70m_seed1_purenum
{'loss': 0.0, 'learning_rate': 1.335084798550238e-05, 'epoch': 174.47}
{'eval_eval_loss': 0.00026587341562844813, 'eval_eval_token_acc': 0.9462002474737059, 'eval_eval_seq_acc': 0.0, 'eval_eval_move_acc': 0.9955, 'eval_eval_mod7_acc': 0.9964964964964965, 'eval_eval_mod4_acc': 0.24674674674674674, 'eval_eval_runtime': 1.1116, 'eval_eval_samples_per_second': 1799.176, 'eval_eval_steps_per_second': 28.787, 'epoch': 174.47}
{'eval_train_loss': 8.371282547159353e-07, 'eval_train_token_acc': 0.9466422279924648, 'eval_train_seq_acc': 0.0, 'eval_train_move_acc': 1.0, 'eval_train_mod7_acc': 1.0, 'eval_train_mod4_acc': 0.277, 'eval_train_runtime': 0.5542, 'eval_train_samples_per_second': 1804.407, 'eval_train_steps_per_second': 28.871, 'epoch': 174.47}
{'loss': 0.0, 'learning_rate': 1.3166431294775487e-05, 'epoch': 175.53}
{'eval_eval_loss': 0.0002621246094349772, 'eval_eval_token_acc': 0.9462002474737059, 'eval_eval_seq_acc': 0.0, 'eval_eval_move_acc': 0.9955, 'eval_eval_mod7_acc': 0.9964964964964965, 'eval_eval_mod4_acc': 0.24674674674674674, 'eval_eval_runtime': 1.1116, 'eval_eval_samples_per_second': 1799.263, 'eval_eval_steps_per_second': 28.788, 'epoch': 175.53}
{'eval_train_loss': 7.31788020402746e-07, 'eval_train_token_acc': 0.9466422279924648, 'eval_train_seq_acc': 0.0, 'eval_train_move_acc': 1.0, 'eval_train_mod7_acc': 1.0, 'eval_train_mod4_acc': 0.277, 'eval_train_runtime': 0.557, 'eval_train_samples_per_second': 1795.342, 'eval_train_steps_per_second': 28.725, 'epoch': 175.53}
{'loss': 0.0, 'learning_rate': 1.2982295540538918e-05, 'epoch': 176.6}
{'eval_eval_loss': 0.0002581667504273355, 'eval_eval_token_acc': 0.9462002474737059, 'eval_eval_seq_acc': 0.0, 'eval_eval_move_acc': 0.9955, 'eval_eval_mod7_acc': 0.9964964964964965, 'eval_eval_mod4_acc': 0.24674674674674674, 'eval_eval_runtime': 1.1125, 'eval_eval_samples_per_second': 1797.823, 'eval_eval_steps_per_second': 28.765, 'epoch': 176.6}
{'eval_train_loss': 6.668612400062557e-07, 'eval_train_token_acc': 0.9466422279924648, 'eval_train_seq_acc': 0.0, 'eval_train_move_acc': 1.0, 'eval_train_mod7_acc': 1.0, 'eval_train_mod4_acc': 0.277, 'eval_train_runtime': 0.5565, 'eval_train_samples_per_second': 1796.788, 'eval_train_steps_per_second': 28.749, 'epoch': 176.6}
{'loss': 0.0, 'learning_rate': 1.279846893578104e-05, 'epoch': 177.66}
{'eval_eval_loss': 0.00025792300584726036, 'eval_eval_token_acc': 0.9462002474737059, 'eval_eval_seq_acc': 0.0, 'eval_eval_move_acc': 0.996, 'eval_eval_mod7_acc': 0.996996996996997, 'eval_eval_mod4_acc': 0.24674674674674674, 'eval_eval_runtime': 1.1132, 'eval_eval_samples_per_second': 1796.563, 'eval_eval_steps_per_second': 28.745, 'epoch': 177.66}
{'eval_train_loss': 5.937930041000072e-07, 'eval_train_token_acc': 0.9466422279924648, 'eval_train_seq_acc': 0.0, 'eval_train_move_acc': 1.0, 'eval_train_mod7_acc': 1.0, 'eval_train_mod4_acc': 0.277, 'eval_train_runtime': 0.5572, 'eval_train_samples_per_second': 1794.796, 'eval_train_steps_per_second': 28.717, 'epoch': 177.66}
  Pushed checkpoint step-42000 to ijinyu1113/ft_mr6_70m_seed1_purenum
{'loss': 0.0, 'learning_rate': 1.2614979646122818e-05, 'epoch': 178.72}
{'eval_eval_loss': 0.00025358409038744867, 'eval_eval_token_acc': 0.9462002474737059, 'eval_eval_seq_acc': 0.0, 'eval_eval_move_acc': 0.996, 'eval_eval_mod7_acc': 0.996996996996997, 'eval_eval_mod4_acc': 0.24674674674674674, 'eval_eval_runtime': 1.1097, 'eval_eval_samples_per_second': 1802.321, 'eval_eval_steps_per_second': 28.837, 'epoch': 178.72}
{'eval_train_loss': 5.322712013366981e-07, 'eval_train_token_acc': 0.9466422279924648, 'eval_train_seq_acc': 0.0, 'eval_train_move_acc': 1.0, 'eval_train_mod7_acc': 1.0, 'eval_train_mod4_acc': 0.277, 'eval_train_runtime': 0.5552, 'eval_train_samples_per_second': 1801.115, 'eval_train_steps_per_second': 28.818, 'epoch': 178.72}
{'loss': 0.0, 'learning_rate': 1.2431855785502335e-05, 'epoch': 179.79}
{'eval_eval_loss': 0.00025110162096098065, 'eval_eval_token_acc': 0.9462002474737059, 'eval_eval_seq_acc': 0.0, 'eval_eval_move_acc': 0.996, 'eval_eval_mod7_acc': 0.996996996996997, 'eval_eval_mod4_acc': 0.24674674674674674, 'eval_eval_runtime': 1.1153, 'eval_eval_samples_per_second': 1793.254, 'eval_eval_steps_per_second': 28.692, 'epoch': 179.79}
{'eval_train_loss': 4.801969453183119e-07, 'eval_train_token_acc': 0.9466422279924648, 'eval_train_seq_acc': 0.0, 'eval_train_move_acc': 1.0, 'eval_train_mod7_acc': 1.0, 'eval_train_mod4_acc': 0.277, 'eval_train_runtime': 0.557, 'eval_train_samples_per_second': 1795.415, 'eval_train_steps_per_second': 28.727, 'epoch': 179.79}
{'loss': 0.0, 'learning_rate': 1.2249125411867217e-05, 'epoch': 180.85}
{'eval_eval_loss': 0.0002498060348443687, 'eval_eval_token_acc': 0.9462002474737059, 'eval_eval_seq_acc': 0.0, 'eval_eval_move_acc': 0.9965, 'eval_eval_mod7_acc': 0.9969984992496248, 'eval_eval_mod4_acc': 0.2466233116558279, 'eval_eval_runtime': 1.1171, 'eval_eval_samples_per_second': 1790.327, 'eval_eval_steps_per_second': 28.645, 'epoch': 180.85}
{'eval_train_loss': 4.4361820528138196e-07, 'eval_train_token_acc': 0.9466422279924648, 'eval_train_seq_acc': 0.0, 'eval_train_move_acc': 1.0, 'eval_train_mod7_acc': 1.0, 'eval_train_mod4_acc': 0.277, 'eval_train_runtime': 0.5566, 'eval_train_samples_per_second': 1796.627, 'eval_train_steps_per_second': 28.746, 'epoch': 180.85}
{'loss': 0.0, 'learning_rate': 1.2066816522875634e-05, 'epoch': 181.91}
{'eval_eval_loss': 0.00024574974668212235, 'eval_eval_token_acc': 0.9462002474737059, 'eval_eval_seq_acc': 0.0, 'eval_eval_move_acc': 0.9965, 'eval_eval_mod7_acc': 0.9969984992496248, 'eval_eval_mod4_acc': 0.2466233116558279, 'eval_eval_runtime': 1.1254, 'eval_eval_samples_per_second': 1777.14, 'eval_eval_steps_per_second': 28.434, 'epoch': 181.91}
{'eval_train_loss': 4.0172312765207607e-07, 'eval_train_token_acc': 0.9466422279924648, 'eval_train_seq_acc': 0.0, 'eval_train_move_acc': 1.0, 'eval_train_mod7_acc': 1.0, 'eval_train_mod4_acc': 0.277, 'eval_train_runtime': 0.562, 'eval_train_samples_per_second': 1779.353, 'eval_train_steps_per_second': 28.47, 'epoch': 181.91}
  Pushed checkpoint step-43000 to ijinyu1113/ft_mr6_70m_seed1_purenum
{'loss': 0.0, 'learning_rate': 1.1884957051606551e-05, 'epoch': 182.98}
{'eval_eval_loss': 0.00024467965704388916, 'eval_eval_token_acc': 0.9462002474737059, 'eval_eval_seq_acc': 0.0, 'eval_eval_move_acc': 0.9965, 'eval_eval_mod7_acc': 0.9969984992496248, 'eval_eval_mod4_acc': 0.2466233116558279, 'eval_eval_runtime': 1.1257, 'eval_eval_samples_per_second': 1776.601, 'eval_eval_steps_per_second': 28.426, 'epoch': 182.98}
{'eval_train_loss': 3.6304692230260116e-07, 'eval_train_token_acc': 0.9466422279924648, 'eval_train_seq_acc': 0.0, 'eval_train_move_acc': 1.0, 'eval_train_mod7_acc': 1.0, 'eval_train_mod4_acc': 0.277, 'eval_train_runtime': 0.5595, 'eval_train_samples_per_second': 1787.433, 'eval_train_steps_per_second': 28.599, 'epoch': 182.98}
{'loss': 0.0, 'learning_rate': 1.1703574862279862e-05, 'epoch': 184.04}
{'eval_eval_loss': 0.00024299844517372549, 'eval_eval_token_acc': 0.9462002474737059, 'eval_eval_seq_acc': 0.0, 'eval_eval_move_acc': 0.9965, 'eval_eval_mod7_acc': 0.9969984992496248, 'eval_eval_mod4_acc': 0.2466233116558279, 'eval_eval_runtime': 1.1278, 'eval_eval_samples_per_second': 1773.431, 'eval_eval_steps_per_second': 28.375, 'epoch': 184.04}
{'eval_train_loss': 3.3046160297089955e-07, 'eval_train_token_acc': 0.9466422279924648, 'eval_train_seq_acc': 0.0, 'eval_train_move_acc': 1.0, 'eval_train_mod7_acc': 1.0, 'eval_train_mod4_acc': 0.277, 'eval_train_runtime': 0.5566, 'eval_train_samples_per_second': 1796.597, 'eval_train_steps_per_second': 28.746, 'epoch': 184.04}
{'loss': 0.0, 'learning_rate': 1.1522697745987076e-05, 'epoch': 185.11}
{'eval_eval_loss': 0.000239298926317133, 'eval_eval_token_acc': 0.9462002474737059, 'eval_eval_seq_acc': 0.0, 'eval_eval_move_acc': 0.9965, 'eval_eval_mod7_acc': 0.9969984992496248, 'eval_eval_mod4_acc': 0.2466233116558279, 'eval_eval_runtime': 1.1158, 'eval_eval_samples_per_second': 1792.431, 'eval_eval_steps_per_second': 28.679, 'epoch': 185.11}
{'eval_train_loss': 3.069447416237381e-07, 'eval_train_token_acc': 0.9466422279924648, 'eval_train_seq_acc': 0.0, 'eval_train_move_acc': 1.0, 'eval_train_mod7_acc': 1.0, 'eval_train_mod4_acc': 0.277, 'eval_train_runtime': 0.5585, 'eval_train_samples_per_second': 1790.517, 'eval_train_steps_per_second': 28.648, 'epoch': 185.11}
{'loss': 0.0, 'learning_rate': 1.1342353416433218e-05, 'epoch': 186.17}
{'eval_eval_loss': 0.00023785076336935163, 'eval_eval_token_acc': 0.9462002474737059, 'eval_eval_seq_acc': 0.0, 'eval_eval_move_acc': 0.9965, 'eval_eval_mod7_acc': 0.9969984992496248, 'eval_eval_mod4_acc': 0.2466233116558279, 'eval_eval_runtime': 1.1217, 'eval_eval_samples_per_second': 1783.081, 'eval_eval_steps_per_second': 28.529, 'epoch': 186.17}
{'eval_train_loss': 2.8038775212735345e-07, 'eval_train_token_acc': 0.9466422279924648, 'eval_train_seq_acc': 0.0, 'eval_train_move_acc': 1.0, 'eval_train_mod7_acc': 1.0, 'eval_train_mod4_acc': 0.277, 'eval_train_runtime': 0.5602, 'eval_train_samples_per_second': 1785.091, 'eval_train_steps_per_second': 28.561, 'epoch': 186.17}
  Pushed checkpoint step-44000 to ijinyu1113/ft_mr6_70m_seed1_purenum
{'loss': 0.0, 'learning_rate': 1.1162569505690563e-05, 'epoch': 187.23}
{'eval_eval_loss': 0.00023368303664028645, 'eval_eval_token_acc': 0.9462002474737059, 'eval_eval_seq_acc': 0.0, 'eval_eval_move_acc': 0.9965, 'eval_eval_mod7_acc': 0.9969984992496248, 'eval_eval_mod4_acc': 0.2466233116558279, 'eval_eval_runtime': 1.124, 'eval_eval_samples_per_second': 1779.406, 'eval_eval_steps_per_second': 28.47, 'epoch': 187.23}
{'eval_train_loss': 2.5605663722672034e-07, 'eval_train_token_acc': 0.9466422279924648, 'eval_train_seq_acc': 0.0, 'eval_train_move_acc': 1.0, 'eval_train_mod7_acc': 1.0, 'eval_train_mod4_acc': 0.277, 'eval_train_runtime': 0.7273, 'eval_train_samples_per_second': 1374.949, 'eval_train_steps_per_second': 21.999, 'epoch': 187.23}
{'loss': 0.0, 'learning_rate': 1.0983373559964911e-05, 'epoch': 188.3}
{'eval_eval_loss': 0.00023291489924304187, 'eval_eval_token_acc': 0.9462002474737059, 'eval_eval_seq_acc': 0.0, 'eval_eval_move_acc': 0.9965, 'eval_eval_mod7_acc': 0.9969984992496248, 'eval_eval_mod4_acc': 0.2466233116558279, 'eval_eval_runtime': 1.1147, 'eval_eval_samples_per_second': 1794.213, 'eval_eval_steps_per_second': 28.707, 'epoch': 188.3}
{'eval_train_loss': 2.3877544208517065e-07, 'eval_train_token_acc': 0.9466422279924648, 'eval_train_seq_acc': 0.0, 'eval_train_move_acc': 1.0, 'eval_train_mod7_acc': 1.0, 'eval_train_mod4_acc': 0.277, 'eval_train_runtime': 0.6333, 'eval_train_samples_per_second': 1578.907, 'eval_train_steps_per_second': 25.263, 'epoch': 188.3}
{'loss': 0.0, 'learning_rate': 1.0804793035374997e-05, 'epoch': 189.36}
{'eval_eval_loss': 0.00022947840625420213, 'eval_eval_token_acc': 0.9462002474737059, 'eval_eval_seq_acc': 0.0, 'eval_eval_move_acc': 0.9965, 'eval_eval_mod7_acc': 0.9969984992496248, 'eval_eval_mod4_acc': 0.2466233116558279, 'eval_eval_runtime': 1.1215, 'eval_eval_samples_per_second': 1783.387, 'eval_eval_steps_per_second': 28.534, 'epoch': 189.36}
{'eval_train_loss': 2.1209201861438487e-07, 'eval_train_token_acc': 0.9466422279924648, 'eval_train_seq_acc': 0.0, 'eval_train_move_acc': 1.0, 'eval_train_mod7_acc': 1.0, 'eval_train_mod4_acc': 0.277, 'eval_train_runtime': 0.5591, 'eval_train_samples_per_second': 1788.733, 'eval_train_steps_per_second': 28.62, 'epoch': 189.36}
{'loss': 0.0, 'learning_rate': 1.06268552937457e-05, 'epoch': 190.43}
{'eval_eval_loss': 0.00022885014186613262, 'eval_eval_token_acc': 0.9462002474737059, 'eval_eval_seq_acc': 0.0, 'eval_eval_move_acc': 0.9965, 'eval_eval_mod7_acc': 0.9969984992496248, 'eval_eval_mod4_acc': 0.2466233116558279, 'eval_eval_runtime': 1.1153, 'eval_eval_samples_per_second': 1793.229, 'eval_eval_steps_per_second': 28.692, 'epoch': 190.43}
{'eval_train_loss': 1.992411569062824e-07, 'eval_train_token_acc': 0.9466422279924648, 'eval_train_seq_acc': 0.0, 'eval_train_move_acc': 1.0, 'eval_train_mod7_acc': 1.0, 'eval_train_mod4_acc': 0.277, 'eval_train_runtime': 0.5564, 'eval_train_samples_per_second': 1797.114, 'eval_train_steps_per_second': 28.754, 'epoch': 190.43}
  Pushed checkpoint step-45000 to ijinyu1113/ft_mr6_70m_seed1_purenum
{'loss': 0.0, 'learning_rate': 1.0449587598415714e-05, 'epoch': 191.49}
{'eval_eval_loss': 0.00022136476763989776, 'eval_eval_token_acc': 0.9462002474737059, 'eval_eval_seq_acc': 0.0, 'eval_eval_move_acc': 0.9965, 'eval_eval_mod7_acc': 0.9969984992496248, 'eval_eval_mod4_acc': 0.2466233116558279, 'eval_eval_runtime': 1.1224, 'eval_eval_samples_per_second': 1781.912, 'eval_eval_steps_per_second': 28.511, 'epoch': 191.49}
{'eval_train_loss': 1.8623639164161432e-07, 'eval_train_token_acc': 0.9466422279924648, 'eval_train_seq_acc': 0.0, 'eval_train_move_acc': 1.0, 'eval_train_mod7_acc': 1.0, 'eval_train_mod4_acc': 0.277, 'eval_train_runtime': 0.5579, 'eval_train_samples_per_second': 1792.386, 'eval_train_steps_per_second': 28.678, 'epoch': 191.49}
{'loss': 0.0, 'learning_rate': 1.0273017110060303e-05, 'epoch': 192.55}
{'eval_eval_loss': 0.0002200748276663944, 'eval_eval_token_acc': 0.9462002474737059, 'eval_eval_seq_acc': 0.0, 'eval_eval_move_acc': 0.9965, 'eval_eval_mod7_acc': 0.9969984992496248, 'eval_eval_mod4_acc': 0.2466233116558279, 'eval_eval_runtime': 1.1179, 'eval_eval_samples_per_second': 1789.083, 'eval_eval_steps_per_second': 28.625, 'epoch': 192.55}
{'eval_train_loss': 1.686049841964632e-07, 'eval_train_token_acc': 0.9466422279924648, 'eval_train_seq_acc': 0.0, 'eval_train_move_acc': 1.0, 'eval_train_mod7_acc': 1.0, 'eval_train_mod4_acc': 0.277, 'eval_train_runtime': 0.5603, 'eval_train_samples_per_second': 1784.792, 'eval_train_steps_per_second': 28.557, 'epoch': 192.55}
{'loss': 0.0, 'learning_rate': 1.0097170882529782e-05, 'epoch': 193.62}
{'eval_eval_loss': 0.00021838233806192875, 'eval_eval_token_acc': 0.9462002474737059, 'eval_eval_seq_acc': 0.0, 'eval_eval_move_acc': 0.9965, 'eval_eval_mod7_acc': 0.9969984992496248, 'eval_eval_mod4_acc': 0.2466233116558279, 'eval_eval_runtime': 1.1167, 'eval_eval_samples_per_second': 1790.944, 'eval_eval_steps_per_second': 28.655, 'epoch': 193.62}
{'eval_train_loss': 1.5536170394625515e-07, 'eval_train_token_acc': 0.9466422279924648, 'eval_train_seq_acc': 0.0, 'eval_train_move_acc': 1.0, 'eval_train_mod7_acc': 1.0, 'eval_train_mod4_acc': 0.277, 'eval_train_runtime': 0.5589, 'eval_train_samples_per_second': 1789.232, 'eval_train_steps_per_second': 28.628, 'epoch': 193.62}
{'loss': 0.0, 'learning_rate': 9.922075858704368e-06, 'epoch': 194.68}
{'eval_eval_loss': 0.00021839296096004546, 'eval_eval_token_acc': 0.9462002474737059, 'eval_eval_seq_acc': 0.0, 'eval_eval_move_acc': 0.9965, 'eval_eval_mod7_acc': 0.9969984992496248, 'eval_eval_mod4_acc': 0.2466233116558279, 'eval_eval_runtime': 1.1162, 'eval_eval_samples_per_second': 1791.769, 'eval_eval_steps_per_second': 28.668, 'epoch': 194.68}
{'eval_train_loss': 1.4297771144811122e-07, 'eval_train_token_acc': 0.9466422279924648, 'eval_train_seq_acc': 0.0, 'eval_train_move_acc': 1.0, 'eval_train_mod7_acc': 1.0, 'eval_train_mod4_acc': 0.277, 'eval_train_runtime': 0.5592, 'eval_train_samples_per_second': 1788.149, 'eval_train_steps_per_second': 28.61, 'epoch': 194.68}
  Pushed checkpoint step-46000 to ijinyu1113/ft_mr6_70m_seed1_purenum
{'loss': 0.0, 'learning_rate': 9.747758866366046e-06, 'epoch': 195.74}
{'eval_eval_loss': 0.00021098097204230726, 'eval_eval_token_acc': 0.9462002474737059, 'eval_eval_seq_acc': 0.0, 'eval_eval_move_acc': 0.9965, 'eval_eval_mod7_acc': 0.9969984992496248, 'eval_eval_mod4_acc': 0.2466233116558279, 'eval_eval_runtime': 1.1128, 'eval_eval_samples_per_second': 1797.257, 'eval_eval_steps_per_second': 28.756, 'epoch': 195.74}
{'eval_train_loss': 1.2891634071365843e-07, 'eval_train_token_acc': 0.9466422279924648, 'eval_train_seq_acc': 0.0, 'eval_train_move_acc': 1.0, 'eval_train_mod7_acc': 1.0, 'eval_train_mod4_acc': 0.277, 'eval_train_runtime': 0.5575, 'eval_train_samples_per_second': 1793.744, 'eval_train_steps_per_second': 28.7, 'epoch': 195.74}
{'loss': 0.0, 'learning_rate': 9.574246614088038e-06, 'epoch': 196.81}
{'eval_eval_loss': 0.0002099270059261471, 'eval_eval_token_acc': 0.9462002474737059, 'eval_eval_seq_acc': 0.0, 'eval_eval_move_acc': 0.9965, 'eval_eval_mod7_acc': 0.9969984992496248, 'eval_eval_mod4_acc': 0.2466233116558279, 'eval_eval_runtime': 1.1172, 'eval_eval_samples_per_second': 1790.233, 'eval_eval_steps_per_second': 28.644, 'epoch': 196.81}
{'eval_train_loss': 1.1895981089082852e-07, 'eval_train_token_acc': 0.9466422279924648, 'eval_train_seq_acc': 0.0, 'eval_train_move_acc': 1.0, 'eval_train_mod7_acc': 1.0, 'eval_train_mod4_acc': 0.277, 'eval_train_runtime': 0.5571, 'eval_train_samples_per_second': 1794.973, 'eval_train_steps_per_second': 28.72, 'epoch': 196.81}
{'loss': 0.0, 'learning_rate': 9.401565687142579e-06, 'epoch': 197.87}
{'eval_eval_loss': 0.00020522726117633283, 'eval_eval_token_acc': 0.9462002474737059, 'eval_eval_seq_acc': 0.0, 'eval_eval_move_acc': 0.9965, 'eval_eval_mod7_acc': 0.9969984992496248, 'eval_eval_mod4_acc': 0.2466233116558279, 'eval_eval_runtime': 1.1169, 'eval_eval_samples_per_second': 1790.686, 'eval_eval_steps_per_second': 28.651, 'epoch': 197.87}
{'eval_train_loss': 1.0868686928233728e-07, 'eval_train_token_acc': 0.9466422279924648, 'eval_train_seq_acc': 0.0, 'eval_train_move_acc': 1.0, 'eval_train_mod7_acc': 1.0, 'eval_train_mod4_acc': 0.277, 'eval_train_runtime': 0.5602, 'eval_train_samples_per_second': 1784.951, 'eval_train_steps_per_second': 28.559, 'epoch': 197.87}
{'loss': 0.0, 'learning_rate': 9.229742543427552e-06, 'epoch': 198.94}
{'eval_eval_loss': 0.00020416498591657728, 'eval_eval_token_acc': 0.9462002474737059, 'eval_eval_seq_acc': 0.0, 'eval_eval_move_acc': 0.9965, 'eval_eval_mod7_acc': 0.9969984992496248, 'eval_eval_mod4_acc': 0.2466233116558279, 'eval_eval_runtime': 1.1171, 'eval_eval_samples_per_second': 1790.388, 'eval_eval_steps_per_second': 28.646, 'epoch': 198.94}
{'eval_train_loss': 9.977416226547575e-08, 'eval_train_token_acc': 0.9466422279924648, 'eval_train_seq_acc': 0.0, 'eval_train_move_acc': 1.0, 'eval_train_mod7_acc': 1.0, 'eval_train_mod4_acc': 0.277, 'eval_train_runtime': 0.5593, 'eval_train_samples_per_second': 1787.853, 'eval_train_steps_per_second': 28.606, 'epoch': 198.94}
  Pushed checkpoint step-47000 to ijinyu1113/ft_mr6_70m_seed1_purenum
{'loss': 0.0, 'learning_rate': 9.058803509412647e-06, 'epoch': 200.0}
{'eval_eval_loss': 0.00019980987417511642, 'eval_eval_token_acc': 0.9462002474737059, 'eval_eval_seq_acc': 0.0, 'eval_eval_move_acc': 0.9965, 'eval_eval_mod7_acc': 0.9969984992496248, 'eval_eval_mod4_acc': 0.2466233116558279, 'eval_eval_runtime': 1.1136, 'eval_eval_samples_per_second': 1795.982, 'eval_eval_steps_per_second': 28.736, 'epoch': 200.0}
{'eval_train_loss': 9.385928478877759e-08, 'eval_train_token_acc': 0.9466422279924648, 'eval_train_seq_acc': 0.0, 'eval_train_move_acc': 1.0, 'eval_train_mod7_acc': 1.0, 'eval_train_mod4_acc': 0.277, 'eval_train_runtime': 0.556, 'eval_train_samples_per_second': 1798.417, 'eval_train_steps_per_second': 28.775, 'epoch': 200.0}
{'loss': 0.0, 'learning_rate': 8.888774776105679e-06, 'epoch': 201.06}
{'eval_eval_loss': 0.0002008125011343509, 'eval_eval_token_acc': 0.9462002474737059, 'eval_eval_seq_acc': 0.0, 'eval_eval_move_acc': 0.9965, 'eval_eval_mod7_acc': 0.9969984992496248, 'eval_eval_mod4_acc': 0.2466233116558279, 'eval_eval_runtime': 1.1223, 'eval_eval_samples_per_second': 1782.072, 'eval_eval_steps_per_second': 28.513, 'epoch': 201.06}
{'eval_train_loss': 8.43512424353321e-08, 'eval_train_token_acc': 0.9466422279924648, 'eval_train_seq_acc': 0.0, 'eval_train_move_acc': 1.0, 'eval_train_mod7_acc': 1.0, 'eval_train_mod4_acc': 0.277, 'eval_train_runtime': 0.5613, 'eval_train_samples_per_second': 1781.438, 'eval_train_steps_per_second': 28.503, 'epoch': 201.06}
{'loss': 0.0, 'learning_rate': 8.719682395039619e-06, 'epoch': 202.13}
{'eval_eval_loss': 0.00019654413335956633, 'eval_eval_token_acc': 0.9462002474737059, 'eval_eval_seq_acc': 0.0, 'eval_eval_move_acc': 0.997, 'eval_eval_mod7_acc': 0.9974987493746873, 'eval_eval_mod4_acc': 0.24612306153076538, 'eval_eval_runtime': 1.1165, 'eval_eval_samples_per_second': 1791.341, 'eval_eval_steps_per_second': 28.661, 'epoch': 202.13}
{'eval_train_loss': 7.97763277660124e-08, 'eval_train_token_acc': 0.9466422279924648, 'eval_train_seq_acc': 0.0, 'eval_train_move_acc': 1.0, 'eval_train_mod7_acc': 1.0, 'eval_train_mod4_acc': 0.277, 'eval_train_runtime': 0.5592, 'eval_train_samples_per_second': 1788.205, 'eval_train_steps_per_second': 28.611, 'epoch': 202.13}
{'loss': 0.0, 'learning_rate': 8.551552274281049e-06, 'epoch': 203.19}
{'eval_eval_loss': 0.00019589114526752383, 'eval_eval_token_acc': 0.9462002474737059, 'eval_eval_seq_acc': 0.0, 'eval_eval_move_acc': 0.997, 'eval_eval_mod7_acc': 0.9974987493746873, 'eval_eval_mod4_acc': 0.24612306153076538, 'eval_eval_runtime': 1.1117, 'eval_eval_samples_per_second': 1798.977, 'eval_eval_steps_per_second': 28.784, 'epoch': 203.19}
{'eval_train_loss': 7.472920771078861e-08, 'eval_train_token_acc': 0.9466422279924648, 'eval_train_seq_acc': 0.0, 'eval_train_move_acc': 1.0, 'eval_train_mod7_acc': 1.0, 'eval_train_mod4_acc': 0.277, 'eval_train_runtime': 0.5556, 'eval_train_samples_per_second': 1799.793, 'eval_train_steps_per_second': 28.797, 'epoch': 203.19}
  Pushed checkpoint step-48000 to ijinyu1113/ft_mr6_70m_seed1_purenum
{'loss': 0.0, 'learning_rate': 8.384410174460525e-06, 'epoch': 204.26}
{'eval_eval_loss': 0.00019330366922076792, 'eval_eval_token_acc': 0.9462002474737059, 'eval_eval_seq_acc': 0.0, 'eval_eval_move_acc': 0.9965, 'eval_eval_mod7_acc': 0.9969984992496248, 'eval_eval_mod4_acc': 0.2466233116558279, 'eval_eval_runtime': 1.1132, 'eval_eval_samples_per_second': 1796.548, 'eval_eval_steps_per_second': 28.745, 'epoch': 204.26}
{'eval_train_loss': 6.779079342322802e-08, 'eval_train_token_acc': 0.9466422279924648, 'eval_train_seq_acc': 0.0, 'eval_train_move_acc': 1.0, 'eval_train_mod7_acc': 1.0, 'eval_train_mod4_acc': 0.277, 'eval_train_runtime': 0.5559, 'eval_train_samples_per_second': 1799.016, 'eval_train_steps_per_second': 28.784, 'epoch': 204.26}
{'loss': 0.0, 'learning_rate': 8.218281704825633e-06, 'epoch': 205.32}
{'eval_eval_loss': 0.00018917857960332185, 'eval_eval_token_acc': 0.9462002474737059, 'eval_eval_seq_acc': 0.0, 'eval_eval_move_acc': 0.997, 'eval_eval_mod7_acc': 0.9974987493746873, 'eval_eval_mod4_acc': 0.24612306153076538, 'eval_eval_runtime': 1.1166, 'eval_eval_samples_per_second': 1791.108, 'eval_eval_steps_per_second': 28.658, 'epoch': 205.32}
{'eval_train_loss': 6.322911616507554e-08, 'eval_train_token_acc': 0.9466422279924648, 'eval_train_seq_acc': 0.0, 'eval_train_move_acc': 1.0, 'eval_train_mod7_acc': 1.0, 'eval_train_mod4_acc': 0.277, 'eval_train_runtime': 0.5581, 'eval_train_samples_per_second': 1791.95, 'eval_train_steps_per_second': 28.671, 'epoch': 205.32}
{'loss': 0.0, 'learning_rate': 8.05319231931712e-06, 'epoch': 206.38}
{'eval_eval_loss': 0.00018944016483146697, 'eval_eval_token_acc': 0.9462002474737059, 'eval_eval_seq_acc': 0.0, 'eval_eval_move_acc': 0.9965, 'eval_eval_mod7_acc': 0.9969984992496248, 'eval_eval_mod4_acc': 0.2466233116558279, 'eval_eval_runtime': 1.1154, 'eval_eval_samples_per_second': 1793.026, 'eval_eval_steps_per_second': 28.688, 'epoch': 206.38}
{'eval_train_loss': 5.640892908331807e-08, 'eval_train_token_acc': 0.9466422279924648, 'eval_train_seq_acc': 0.0, 'eval_train_move_acc': 1.0, 'eval_train_mod7_acc': 1.0, 'eval_train_mod4_acc': 0.277, 'eval_train_runtime': 0.5585, 'eval_train_samples_per_second': 1790.665, 'eval_train_steps_per_second': 28.651, 'epoch': 206.38}
{'loss': 0.0, 'learning_rate': 7.889167312668936e-06, 'epoch': 207.45}
{'eval_eval_loss': 0.00018640354392118752, 'eval_eval_token_acc': 0.9462002474737059, 'eval_eval_seq_acc': 0.0, 'eval_eval_move_acc': 0.9965, 'eval_eval_mod7_acc': 0.9969984992496248, 'eval_eval_mod4_acc': 0.2466233116558279, 'eval_eval_runtime': 1.1187, 'eval_eval_samples_per_second': 1787.726, 'eval_eval_steps_per_second': 28.604, 'epoch': 207.45}
{'eval_train_loss': 5.382158718703067e-08, 'eval_train_token_acc': 0.9466422279924648, 'eval_train_seq_acc': 0.0, 'eval_train_move_acc': 1.0, 'eval_train_mod7_acc': 1.0, 'eval_train_mod4_acc': 0.277, 'eval_train_runtime': 0.556, 'eval_train_samples_per_second': 1798.614, 'eval_train_steps_per_second': 28.778, 'epoch': 207.45}
  Pushed checkpoint step-49000 to ijinyu1113/ft_mr6_70m_seed1_purenum
{'loss': 0.0, 'learning_rate': 7.726231816532574e-06, 'epoch': 208.51}
{'eval_eval_loss': 0.00018569639360066503, 'eval_eval_token_acc': 0.9462002474737059, 'eval_eval_seq_acc': 0.0, 'eval_eval_move_acc': 0.9965, 'eval_eval_mod7_acc': 0.9969984992496248, 'eval_eval_mod4_acc': 0.2466233116558279, 'eval_eval_runtime': 1.115, 'eval_eval_samples_per_second': 1793.649, 'eval_eval_steps_per_second': 28.698, 'epoch': 208.51}
{'eval_train_loss': 4.7684899584510276e-08, 'eval_train_token_acc': 0.9466422279924648, 'eval_train_seq_acc': 0.0, 'eval_train_move_acc': 1.0, 'eval_train_mod7_acc': 1.0, 'eval_train_mod4_acc': 0.277, 'eval_train_runtime': 0.5567, 'eval_train_samples_per_second': 1796.452, 'eval_train_steps_per_second': 28.743, 'epoch': 208.51}
{'loss': 0.0, 'learning_rate': 7.5644107956264455e-06, 'epoch': 209.57}
{'eval_eval_loss': 0.00018360149988438934, 'eval_eval_token_acc': 0.9462002474737059, 'eval_eval_seq_acc': 0.0, 'eval_eval_move_acc': 0.997, 'eval_eval_mod7_acc': 0.9974987493746873, 'eval_eval_mod4_acc': 0.24612306153076538, 'eval_eval_runtime': 1.1185, 'eval_eval_samples_per_second': 1788.099, 'eval_eval_steps_per_second': 28.61, 'epoch': 209.57}
{'eval_train_loss': 4.530784636358476e-08, 'eval_train_token_acc': 0.9466422279924648, 'eval_train_seq_acc': 0.0, 'eval_train_move_acc': 1.0, 'eval_train_mod7_acc': 1.0, 'eval_train_mod4_acc': 0.277, 'eval_train_runtime': 0.5603, 'eval_train_samples_per_second': 1784.875, 'eval_train_steps_per_second': 28.558, 'epoch': 209.57}
{'loss': 0.0, 'learning_rate': 7.40372904391086e-06, 'epoch': 210.64}
{'eval_eval_loss': 0.00018051596998702735, 'eval_eval_token_acc': 0.9462002474737059, 'eval_eval_seq_acc': 0.0, 'eval_eval_move_acc': 0.9975, 'eval_eval_mod7_acc': 0.9979989994997499, 'eval_eval_mod4_acc': 0.24612306153076538, 'eval_eval_runtime': 1.1166, 'eval_eval_samples_per_second': 1791.226, 'eval_eval_steps_per_second': 28.66, 'epoch': 210.64}
{'eval_train_loss': 4.192043334683149e-08, 'eval_train_token_acc': 0.9466422279924648, 'eval_train_seq_acc': 0.0, 'eval_train_move_acc': 1.0, 'eval_train_mod7_acc': 1.0, 'eval_train_mod4_acc': 0.277, 'eval_train_runtime': 0.5587, 'eval_train_samples_per_second': 1789.787, 'eval_train_steps_per_second': 28.637, 'epoch': 210.64}
{'loss': 0.0, 'learning_rate': 7.244211180789079e-06, 'epoch': 211.7}
{'eval_eval_loss': 0.00018195589655078948, 'eval_eval_token_acc': 0.9462002474737059, 'eval_eval_seq_acc': 0.0, 'eval_eval_move_acc': 0.9975, 'eval_eval_mod7_acc': 0.9979989994997499, 'eval_eval_mod4_acc': 0.24612306153076538, 'eval_eval_runtime': 1.1181, 'eval_eval_samples_per_second': 1788.756, 'eval_eval_steps_per_second': 28.62, 'epoch': 211.7}
{'eval_train_loss': 3.8070560037795076e-08, 'eval_train_token_acc': 0.9466422279924648, 'eval_train_seq_acc': 0.0, 'eval_train_move_acc': 1.0, 'eval_train_mod7_acc': 1.0, 'eval_train_mod4_acc': 0.277, 'eval_train_runtime': 0.5575, 'eval_train_samples_per_second': 1793.814, 'eval_train_steps_per_second': 28.701, 'epoch': 211.7}
  Pushed checkpoint step-50000 to ijinyu1113/ft_mr6_70m_seed1_purenum
{'loss': 0.0, 'learning_rate': 7.085881647335225e-06, 'epoch': 212.77}
{'eval_eval_loss': 0.00017626877524890006, 'eval_eval_token_acc': 0.9462002474737059, 'eval_eval_seq_acc': 0.0, 'eval_eval_move_acc': 0.9975, 'eval_eval_mod7_acc': 0.9979989994997499, 'eval_eval_mod4_acc': 0.24612306153076538, 'eval_eval_runtime': 1.1128, 'eval_eval_samples_per_second': 1797.287, 'eval_eval_steps_per_second': 28.757, 'epoch': 212.77}
{'eval_train_loss': 3.51583508972908e-08, 'eval_train_token_acc': 0.9466422279924648, 'eval_train_seq_acc': 0.0, 'eval_train_move_acc': 1.0, 'eval_train_mod7_acc': 1.0, 'eval_train_mod4_acc': 0.277, 'eval_train_runtime': 0.5561, 'eval_train_samples_per_second': 1798.082, 'eval_train_steps_per_second': 28.769, 'epoch': 212.77}
{'loss': 0.0, 'learning_rate': 6.928764702549411e-06, 'epoch': 213.83}
{'eval_eval_loss': 0.0001737848506309092, 'eval_eval_token_acc': 0.9462002474737059, 'eval_eval_seq_acc': 0.0, 'eval_eval_move_acc': 0.998, 'eval_eval_mod7_acc': 0.9984992496248124, 'eval_eval_mod4_acc': 0.2466233116558279, 'eval_eval_runtime': 1.1179, 'eval_eval_samples_per_second': 1789.084, 'eval_eval_steps_per_second': 28.625, 'epoch': 213.83}
{'eval_train_loss': 3.437965645503027e-08, 'eval_train_token_acc': 0.9466422279924648, 'eval_train_seq_acc': 0.0, 'eval_train_move_acc': 1.0, 'eval_train_mod7_acc': 1.0, 'eval_train_mod4_acc': 0.277, 'eval_train_runtime': 0.5593, 'eval_train_samples_per_second': 1787.921, 'eval_train_steps_per_second': 28.607, 'epoch': 213.83}
{'loss': 0.0, 'learning_rate': 6.772884419640854e-06, 'epoch': 214.89}
{'eval_eval_loss': 0.00017533343634568155, 'eval_eval_token_acc': 0.9462002474737059, 'eval_eval_seq_acc': 0.0, 'eval_eval_move_acc': 0.998, 'eval_eval_mod7_acc': 0.9984992496248124, 'eval_eval_mod4_acc': 0.2466233116558279, 'eval_eval_runtime': 1.1191, 'eval_eval_samples_per_second': 1787.115, 'eval_eval_steps_per_second': 28.594, 'epoch': 214.89}
{'eval_train_loss': 3.232118572782383e-08, 'eval_train_token_acc': 0.9466422279924648, 'eval_train_seq_acc': 0.0, 'eval_train_move_acc': 1.0, 'eval_train_mod7_acc': 1.0, 'eval_train_mod4_acc': 0.277, 'eval_train_runtime': 0.5587, 'eval_train_samples_per_second': 1790.011, 'eval_train_steps_per_second': 28.64, 'epoch': 214.89}
{'loss': 0.0, 'learning_rate': 6.618264682339377e-06, 'epoch': 215.96}
{'eval_eval_loss': 0.0001715620601316914, 'eval_eval_token_acc': 0.9462002474737059, 'eval_eval_seq_acc': 0.0, 'eval_eval_move_acc': 0.998, 'eval_eval_mod7_acc': 0.9984992496248124, 'eval_eval_mod4_acc': 0.2466233116558279, 'eval_eval_runtime': 1.1171, 'eval_eval_samples_per_second': 1790.402, 'eval_eval_steps_per_second': 28.646, 'epoch': 215.96}
{'eval_train_loss': 3.075572152511086e-08, 'eval_train_token_acc': 0.9466422279924648, 'eval_train_seq_acc': 0.0, 'eval_train_move_acc': 1.0, 'eval_train_mod7_acc': 1.0, 'eval_train_mod4_acc': 0.277, 'eval_train_runtime': 0.559, 'eval_train_samples_per_second': 1788.852, 'eval_train_steps_per_second': 28.622, 'epoch': 215.96}
  Pushed checkpoint step-51000 to ijinyu1113/ft_mr6_70m_seed1_purenum
{'loss': 0.0, 'learning_rate': 6.464929181236033e-06, 'epoch': 217.02}
{'eval_eval_loss': 0.00017128008767031133, 'eval_eval_token_acc': 0.9462002474737059, 'eval_eval_seq_acc': 0.0, 'eval_eval_move_acc': 0.998, 'eval_eval_mod7_acc': 0.9984992496248124, 'eval_eval_mod4_acc': 0.2466233116558279, 'eval_eval_runtime': 1.1145, 'eval_eval_samples_per_second': 1794.46, 'eval_eval_steps_per_second': 28.711, 'epoch': 217.02}
{'eval_train_loss': 2.8405723995206245e-08, 'eval_train_token_acc': 0.9466422279924648, 'eval_train_seq_acc': 0.0, 'eval_train_move_acc': 1.0, 'eval_train_mod7_acc': 1.0, 'eval_train_mod4_acc': 0.277, 'eval_train_runtime': 0.5553, 'eval_train_samples_per_second': 1800.88, 'eval_train_steps_per_second': 28.814, 'epoch': 217.02}
{'loss': 0.0, 'learning_rate': 6.312901410153208e-06, 'epoch': 218.09}
{'eval_eval_loss': 0.000169835751876235, 'eval_eval_token_acc': 0.9462002474737059, 'eval_eval_seq_acc': 0.0, 'eval_eval_move_acc': 0.998, 'eval_eval_mod7_acc': 0.9984992496248124, 'eval_eval_mod4_acc': 0.2466233116558279, 'eval_eval_runtime': 1.1183, 'eval_eval_samples_per_second': 1788.365, 'eval_eval_steps_per_second': 28.614, 'epoch': 218.09}
{'eval_train_loss': 2.8300433996264474e-08, 'eval_train_token_acc': 0.9466422279924648, 'eval_train_seq_acc': 0.0, 'eval_train_move_acc': 1.0, 'eval_train_mod7_acc': 1.0, 'eval_train_mod4_acc': 0.277, 'eval_train_runtime': 0.5589, 'eval_train_samples_per_second': 1789.275, 'eval_train_steps_per_second': 28.628, 'epoch': 218.09}
{'loss': 0.0, 'learning_rate': 6.162204662544992e-06, 'epoch': 219.15}
{'eval_eval_loss': 0.00017022938118316233, 'eval_eval_token_acc': 0.9462002474737059, 'eval_eval_seq_acc': 0.0, 'eval_eval_move_acc': 0.998, 'eval_eval_mod7_acc': 0.9984992496248124, 'eval_eval_mod4_acc': 0.2466233116558279, 'eval_eval_runtime': 1.1174, 'eval_eval_samples_per_second': 1789.855, 'eval_eval_steps_per_second': 28.638, 'epoch': 219.15}
{'eval_train_loss': 2.6273799136333764e-08, 'eval_train_token_acc': 0.9466422279924648, 'eval_train_seq_acc': 0.0, 'eval_train_move_acc': 1.0, 'eval_train_mod7_acc': 1.0, 'eval_train_mod4_acc': 0.277, 'eval_train_runtime': 0.5586, 'eval_train_samples_per_second': 1790.263, 'eval_train_steps_per_second': 28.644, 'epoch': 219.15}
{'loss': 0.0, 'learning_rate': 6.0128620279281635e-06, 'epoch': 220.21}
{'eval_eval_loss': 0.00016826677892822772, 'eval_eval_token_acc': 0.9462002474737059, 'eval_eval_seq_acc': 0.0, 'eval_eval_move_acc': 0.998, 'eval_eval_mod7_acc': 0.9984992496248124, 'eval_eval_mod4_acc': 0.2466233116558279, 'eval_eval_runtime': 1.1143, 'eval_eval_samples_per_second': 1794.855, 'eval_eval_steps_per_second': 28.718, 'epoch': 220.21}
{'eval_train_loss': 2.473552207504781e-08, 'eval_train_token_acc': 0.9466422279924648, 'eval_train_seq_acc': 0.0, 'eval_train_move_acc': 1.0, 'eval_train_mod7_acc': 1.0, 'eval_train_mod4_acc': 0.277, 'eval_train_runtime': 0.5573, 'eval_train_samples_per_second': 1794.475, 'eval_train_steps_per_second': 28.712, 'epoch': 220.21}
  Pushed checkpoint step-52000 to ijinyu1113/ft_mr6_70m_seed1_purenum
{'loss': 0.0, 'learning_rate': 5.864896388344442e-06, 'epoch': 221.28}
{'eval_eval_loss': 0.00016427737136837095, 'eval_eval_token_acc': 0.9462002474737059, 'eval_eval_seq_acc': 0.0, 'eval_eval_move_acc': 0.998, 'eval_eval_mod7_acc': 0.9984992496248124, 'eval_eval_mod4_acc': 0.2466233116558279, 'eval_eval_runtime': 1.1113, 'eval_eval_samples_per_second': 1799.701, 'eval_eval_steps_per_second': 28.795, 'epoch': 221.28}
{'eval_train_loss': 2.3658969894313486e-08, 'eval_train_token_acc': 0.9466422279924648, 'eval_train_seq_acc': 0.0, 'eval_train_move_acc': 1.0, 'eval_train_mod7_acc': 1.0, 'eval_train_mod4_acc': 0.277, 'eval_train_runtime': 0.5569, 'eval_train_samples_per_second': 1795.794, 'eval_train_steps_per_second': 28.733, 'epoch': 221.28}
{'loss': 0.0, 'learning_rate': 5.71833041485457e-06, 'epoch': 222.34}
{'eval_eval_loss': 0.00016668994794599712, 'eval_eval_token_acc': 0.9462002474737059, 'eval_eval_seq_acc': 0.0, 'eval_eval_move_acc': 0.998, 'eval_eval_mod7_acc': 0.9984992496248124, 'eval_eval_mod4_acc': 0.2466233116558279, 'eval_eval_runtime': 1.1167, 'eval_eval_samples_per_second': 1790.97, 'eval_eval_steps_per_second': 28.656, 'epoch': 222.34}
{'eval_train_loss': 2.2652283604429613e-08, 'eval_train_token_acc': 0.9466422279924648, 'eval_train_seq_acc': 0.0, 'eval_train_move_acc': 1.0, 'eval_train_mod7_acc': 1.0, 'eval_train_mod4_acc': 0.277, 'eval_train_runtime': 0.5594, 'eval_train_samples_per_second': 1787.528, 'eval_train_steps_per_second': 28.6, 'epoch': 222.34}
{'loss': 0.0, 'learning_rate': 5.573186564064649e-06, 'epoch': 223.4}
{'eval_eval_loss': 0.00016241634148173034, 'eval_eval_token_acc': 0.9462002474737059, 'eval_eval_seq_acc': 0.0, 'eval_eval_move_acc': 0.998, 'eval_eval_mod7_acc': 0.9984992496248124, 'eval_eval_mod4_acc': 0.2466233116558279, 'eval_eval_runtime': 1.1139, 'eval_eval_samples_per_second': 1795.493, 'eval_eval_steps_per_second': 28.728, 'epoch': 223.4}
{'eval_train_loss': 2.2186181780625702e-08, 'eval_train_token_acc': 0.9466422279924648, 'eval_train_seq_acc': 0.0, 'eval_train_move_acc': 1.0, 'eval_train_mod7_acc': 1.0, 'eval_train_mod4_acc': 0.277, 'eval_train_runtime': 0.5573, 'eval_train_samples_per_second': 1794.421, 'eval_train_steps_per_second': 28.711, 'epoch': 223.4}
{'loss': 0.0, 'learning_rate': 5.429487074685418e-06, 'epoch': 224.47}
{'eval_eval_loss': 0.0001639339461689815, 'eval_eval_token_acc': 0.9462002474737059, 'eval_eval_seq_acc': 0.0, 'eval_eval_move_acc': 0.998, 'eval_eval_mod7_acc': 0.9984992496248124, 'eval_eval_mod4_acc': 0.2466233116558279, 'eval_eval_runtime': 1.1132, 'eval_eval_samples_per_second': 1796.549, 'eval_eval_steps_per_second': 28.745, 'epoch': 224.47}
{'eval_train_loss': 1.9691212216343956e-08, 'eval_train_token_acc': 0.9466422279924648, 'eval_train_seq_acc': 0.0, 'eval_train_move_acc': 1.0, 'eval_train_mod7_acc': 1.0, 'eval_train_mod4_acc': 0.277, 'eval_train_runtime': 0.5563, 'eval_train_samples_per_second': 1797.645, 'eval_train_steps_per_second': 28.762, 'epoch': 224.47}
  Pushed checkpoint step-53000 to ijinyu1113/ft_mr6_70m_seed1_purenum
{'loss': 0.0, 'learning_rate': 5.287253964124826e-06, 'epoch': 225.53}
{'eval_eval_loss': 0.0001599299139343202, 'eval_eval_token_acc': 0.9462002474737059, 'eval_eval_seq_acc': 0.0, 'eval_eval_move_acc': 0.998, 'eval_eval_mod7_acc': 0.9984992496248124, 'eval_eval_mod4_acc': 0.2466233116558279, 'eval_eval_runtime': 1.1094, 'eval_eval_samples_per_second': 1802.803, 'eval_eval_steps_per_second': 28.845, 'epoch': 225.53}
{'eval_train_loss': 2.011592670214668e-08, 'eval_train_token_acc': 0.9466422279924648, 'eval_train_seq_acc': 0.0, 'eval_train_move_acc': 1.0, 'eval_train_mod7_acc': 1.0, 'eval_train_mod4_acc': 0.277, 'eval_train_runtime': 0.5543, 'eval_train_samples_per_second': 1803.961, 'eval_train_steps_per_second': 28.863, 'epoch': 225.53}
{'loss': 0.0, 'learning_rate': 5.1465090251146084e-06, 'epoch': 226.6}
{'eval_eval_loss': 0.00015943536709528416, 'eval_eval_token_acc': 0.9462002474737059, 'eval_eval_seq_acc': 0.0, 'eval_eval_move_acc': 0.998, 'eval_eval_mod7_acc': 0.9984992496248124, 'eval_eval_mod4_acc': 0.2466233116558279, 'eval_eval_runtime': 1.1129, 'eval_eval_samples_per_second': 1797.088, 'eval_eval_steps_per_second': 28.753, 'epoch': 226.6}
{'eval_train_loss': 1.896578538662652e-08, 'eval_train_token_acc': 0.9466422279924648, 'eval_train_seq_acc': 0.0, 'eval_train_move_acc': 1.0, 'eval_train_mod7_acc': 1.0, 'eval_train_mod4_acc': 0.277, 'eval_train_runtime': 0.5604, 'eval_train_samples_per_second': 1784.373, 'eval_train_steps_per_second': 28.55, 'epoch': 226.6}
{'loss': 0.0, 'learning_rate': 5.007273822371196e-06, 'epoch': 227.66}
{'eval_eval_loss': 0.00016016015433706343, 'eval_eval_token_acc': 0.9462002474737059, 'eval_eval_seq_acc': 0.0, 'eval_eval_move_acc': 0.998, 'eval_eval_mod7_acc': 0.9984992496248124, 'eval_eval_mod4_acc': 0.2466233116558279, 'eval_eval_runtime': 1.1139, 'eval_eval_samples_per_second': 1795.464, 'eval_eval_steps_per_second': 28.727, 'epoch': 227.66}
{'eval_train_loss': 1.841319985373957e-08, 'eval_train_token_acc': 0.9466422279924648, 'eval_train_seq_acc': 0.0, 'eval_train_move_acc': 1.0, 'eval_train_mod7_acc': 1.0, 'eval_train_mod4_acc': 0.277, 'eval_train_runtime': 0.556, 'eval_train_samples_per_second': 1798.428, 'eval_train_steps_per_second': 28.775, 'epoch': 227.66}
{'loss': 0.0, 'learning_rate': 4.869569689291626e-06, 'epoch': 228.72}
{'eval_eval_loss': 0.000159290517331101, 'eval_eval_token_acc': 0.9462002474737059, 'eval_eval_seq_acc': 0.0, 'eval_eval_move_acc': 0.998, 'eval_eval_mod7_acc': 0.9984992496248124, 'eval_eval_mod4_acc': 0.2466233116558279, 'eval_eval_runtime': 1.117, 'eval_eval_samples_per_second': 1790.467, 'eval_eval_steps_per_second': 28.647, 'epoch': 228.72}
{'eval_train_loss': 1.7739839819341796e-08, 'eval_train_token_acc': 0.9466422279924648, 'eval_train_seq_acc': 0.0, 'eval_train_move_acc': 1.0, 'eval_train_mod7_acc': 1.0, 'eval_train_mod4_acc': 0.277, 'eval_train_runtime': 0.5589, 'eval_train_samples_per_second': 1789.215, 'eval_train_steps_per_second': 28.627, 'epoch': 228.72}
  Pushed checkpoint step-54000 to ijinyu1113/ft_mr6_70m_seed1_purenum
{'loss': 0.0, 'learning_rate': 4.733417724684879e-06, 'epoch': 229.79}
{'eval_eval_loss': 0.00015641337085980922, 'eval_eval_token_acc': 0.9462002474737059, 'eval_eval_seq_acc': 0.0, 'eval_eval_move_acc': 0.998, 'eval_eval_mod7_acc': 0.9984992496248124, 'eval_eval_mod4_acc': 0.2466233116558279, 'eval_eval_runtime': 1.1133, 'eval_eval_samples_per_second': 1796.446, 'eval_eval_steps_per_second': 28.743, 'epoch': 229.79}
{'eval_train_loss': 1.7251521100547507e-08, 'eval_train_token_acc': 0.9466422279924648, 'eval_train_seq_acc': 0.0, 'eval_train_move_acc': 1.0, 'eval_train_mod7_acc': 1.0, 'eval_train_mod4_acc': 0.277, 'eval_train_runtime': 0.5573, 'eval_train_samples_per_second': 1794.471, 'eval_train_steps_per_second': 28.712, 'epoch': 229.79}
{'loss': 0.0, 'learning_rate': 4.598838789539128e-06, 'epoch': 230.85}
{'eval_eval_loss': 0.0001592507614986971, 'eval_eval_token_acc': 0.9462002474737059, 'eval_eval_seq_acc': 0.0, 'eval_eval_move_acc': 0.998, 'eval_eval_mod7_acc': 0.9984992496248124, 'eval_eval_mod4_acc': 0.2466233116558279, 'eval_eval_runtime': 1.1157, 'eval_eval_samples_per_second': 1792.616, 'eval_eval_steps_per_second': 28.682, 'epoch': 230.85}
{'eval_train_loss': 1.6423392423803307e-08, 'eval_train_token_acc': 0.9466422279924648, 'eval_train_seq_acc': 0.0, 'eval_train_move_acc': 1.0, 'eval_train_mod7_acc': 1.0, 'eval_train_mod4_acc': 0.277, 'eval_train_runtime': 0.5558, 'eval_train_samples_per_second': 1799.105, 'eval_train_steps_per_second': 28.786, 'epoch': 230.85}
{'loss': 0.0, 'learning_rate': 4.46585350382548e-06, 'epoch': 231.91}
{'eval_eval_loss': 0.00015641763457097113, 'eval_eval_token_acc': 0.9462002474737059, 'eval_eval_seq_acc': 0.0, 'eval_eval_move_acc': 0.998, 'eval_eval_mod7_acc': 0.9984992496248124, 'eval_eval_mod4_acc': 0.2466233116558279, 'eval_eval_runtime': 1.1158, 'eval_eval_samples_per_second': 1792.474, 'eval_eval_steps_per_second': 28.68, 'epoch': 231.91}
{'eval_train_loss': 1.6137972735918993e-08, 'eval_train_token_acc': 0.9466422279924648, 'eval_train_seq_acc': 0.0, 'eval_train_move_acc': 1.0, 'eval_train_mod7_acc': 1.0, 'eval_train_mod4_acc': 0.277, 'eval_train_runtime': 0.5588, 'eval_train_samples_per_second': 1789.707, 'eval_train_steps_per_second': 28.635, 'epoch': 231.91}
{'loss': 0.0, 'learning_rate': 4.334482243338589e-06, 'epoch': 232.98}
{'eval_eval_loss': 0.00015356311632785946, 'eval_eval_token_acc': 0.9462002474737059, 'eval_eval_seq_acc': 0.0, 'eval_eval_move_acc': 0.998, 'eval_eval_mod7_acc': 0.9984992496248124, 'eval_eval_mod4_acc': 0.2466233116558279, 'eval_eval_runtime': 1.1155, 'eval_eval_samples_per_second': 1792.969, 'eval_eval_steps_per_second': 28.688, 'epoch': 232.98}
{'eval_train_loss': 1.6019171766856743e-08, 'eval_train_token_acc': 0.9466422279924648, 'eval_train_seq_acc': 0.0, 'eval_train_move_acc': 1.0, 'eval_train_mod7_acc': 1.0, 'eval_train_mod4_acc': 0.277, 'eval_train_runtime': 0.5596, 'eval_train_samples_per_second': 1787.047, 'eval_train_steps_per_second': 28.593, 'epoch': 232.98}
  Pushed checkpoint step-55000 to ijinyu1113/ft_mr6_70m_seed1_purenum
{'loss': 0.0, 'learning_rate': 4.204745136574737e-06, 'epoch': 234.04}
{'eval_eval_loss': 0.00014899474626872689, 'eval_eval_token_acc': 0.9462002474737059, 'eval_eval_seq_acc': 0.0, 'eval_eval_move_acc': 0.998, 'eval_eval_mod7_acc': 0.9984992496248124, 'eval_eval_mod4_acc': 0.2466233116558279, 'eval_eval_runtime': 1.1156, 'eval_eval_samples_per_second': 1792.697, 'eval_eval_steps_per_second': 28.683, 'epoch': 234.04}
{'eval_train_loss': 1.5410300591156556e-08, 'eval_train_token_acc': 0.9466422279924648, 'eval_train_seq_acc': 0.0, 'eval_train_move_acc': 1.0, 'eval_train_mod7_acc': 1.0, 'eval_train_mod4_acc': 0.277, 'eval_train_runtime': 0.5571, 'eval_train_samples_per_second': 1795.136, 'eval_train_steps_per_second': 28.722, 'epoch': 234.04}
{'loss': 0.0, 'learning_rate': 4.076662061647747e-06, 'epoch': 235.11}
{'eval_eval_loss': 0.00014656032726634294, 'eval_eval_token_acc': 0.9462002474737059, 'eval_eval_seq_acc': 0.0, 'eval_eval_move_acc': 0.9985, 'eval_eval_mod7_acc': 0.9989994997498749, 'eval_eval_mod4_acc': 0.2466233116558279, 'eval_eval_runtime': 1.1166, 'eval_eval_samples_per_second': 1791.163, 'eval_eval_steps_per_second': 28.659, 'epoch': 235.11}
{'eval_train_loss': 1.526350068559168e-08, 'eval_train_token_acc': 0.9466422279924648, 'eval_train_seq_acc': 0.0, 'eval_train_move_acc': 1.0, 'eval_train_mod7_acc': 1.0, 'eval_train_mod4_acc': 0.277, 'eval_train_runtime': 0.5594, 'eval_train_samples_per_second': 1787.475, 'eval_train_steps_per_second': 28.6, 'epoch': 235.11}
{'loss': 0.0, 'learning_rate': 3.950252643243317e-06, 'epoch': 236.17}
{'eval_eval_loss': 0.0001431553391739726, 'eval_eval_token_acc': 0.9462002474737059, 'eval_eval_seq_acc': 0.0, 'eval_eval_move_acc': 0.9985, 'eval_eval_mod7_acc': 0.9989994997498749, 'eval_eval_mod4_acc': 0.2466233116558279, 'eval_eval_runtime': 1.1152, 'eval_eval_samples_per_second': 1793.361, 'eval_eval_steps_per_second': 28.694, 'epoch': 236.17}
{'eval_train_loss': 1.3418613775684207e-08, 'eval_train_token_acc': 0.9466422279924648, 'eval_train_seq_acc': 0.0, 'eval_train_move_acc': 1.0, 'eval_train_mod7_acc': 1.0, 'eval_train_mod4_acc': 0.277, 'eval_train_runtime': 0.5577, 'eval_train_samples_per_second': 1793.011, 'eval_train_steps_per_second': 28.688, 'epoch': 236.17}
{'loss': 0.0, 'learning_rate': 3.825536249612147e-06, 'epoch': 237.23}
{'eval_eval_loss': 0.00014259121962822974, 'eval_eval_token_acc': 0.9462002474737059, 'eval_eval_seq_acc': 0.0, 'eval_eval_move_acc': 0.9985, 'eval_eval_mod7_acc': 0.9989994997498749, 'eval_eval_mod4_acc': 0.2466233116558279, 'eval_eval_runtime': 1.1178, 'eval_eval_samples_per_second': 1789.25, 'eval_eval_steps_per_second': 28.628, 'epoch': 237.23}
{'eval_train_loss': 1.3173739432659204e-08, 'eval_train_token_acc': 0.9466422279924648, 'eval_train_seq_acc': 0.0, 'eval_train_move_acc': 1.0, 'eval_train_mod7_acc': 1.0, 'eval_train_mod4_acc': 0.277, 'eval_train_runtime': 0.5583, 'eval_train_samples_per_second': 1791.191, 'eval_train_steps_per_second': 28.659, 'epoch': 237.23}
  Pushed checkpoint step-56000 to ijinyu1113/ft_mr6_70m_seed1_purenum
{'loss': 0.0, 'learning_rate': 3.702531989602354e-06, 'epoch': 238.3}
{'eval_eval_loss': 0.00014100548287387937, 'eval_eval_token_acc': 0.9462002474737059, 'eval_eval_seq_acc': 0.0, 'eval_eval_move_acc': 0.9985, 'eval_eval_mod7_acc': 0.9989994997498749, 'eval_eval_mod4_acc': 0.2466233116558279, 'eval_eval_runtime': 1.1122, 'eval_eval_samples_per_second': 1798.25, 'eval_eval_steps_per_second': 28.772, 'epoch': 238.3}
{'eval_train_loss': 1.2575673835613088e-08, 'eval_train_token_acc': 0.9466422279924648, 'eval_train_seq_acc': 0.0, 'eval_train_move_acc': 1.0, 'eval_train_mod7_acc': 1.0, 'eval_train_mod4_acc': 0.277, 'eval_train_runtime': 0.5551, 'eval_train_samples_per_second': 1801.457, 'eval_train_steps_per_second': 28.823, 'epoch': 238.3}
{'loss': 0.0, 'learning_rate': 3.5812587097316712e-06, 'epoch': 239.36}
{'eval_eval_loss': 0.00013914864393882453, 'eval_eval_token_acc': 0.9462002474737059, 'eval_eval_seq_acc': 0.0, 'eval_eval_move_acc': 0.9985, 'eval_eval_mod7_acc': 0.9989994997498749, 'eval_eval_mod4_acc': 0.2466233116558279, 'eval_eval_runtime': 1.1204, 'eval_eval_samples_per_second': 1785.101, 'eval_eval_steps_per_second': 28.562, 'epoch': 239.36}
{'eval_train_loss': 1.294077467406396e-08, 'eval_train_token_acc': 0.9466422279924648, 'eval_train_seq_acc': 0.0, 'eval_train_move_acc': 1.0, 'eval_train_mod7_acc': 1.0, 'eval_train_mod4_acc': 0.277, 'eval_train_runtime': 0.5591, 'eval_train_samples_per_second': 1788.569, 'eval_train_steps_per_second': 28.617, 'epoch': 239.36}
{'loss': 0.0, 'learning_rate': 3.461734991299779e-06, 'epoch': 240.43}
{'eval_eval_loss': 0.0001367198274238035, 'eval_eval_token_acc': 0.9462002474737059, 'eval_eval_seq_acc': 0.0, 'eval_eval_move_acc': 0.9985, 'eval_eval_mod7_acc': 0.9989994997498749, 'eval_eval_mod4_acc': 0.2466233116558279, 'eval_eval_runtime': 1.1132, 'eval_eval_samples_per_second': 1796.587, 'eval_eval_steps_per_second': 28.745, 'epoch': 240.43}
{'eval_train_loss': 1.261861548584875e-08, 'eval_train_token_acc': 0.9466422279924648, 'eval_train_seq_acc': 0.0, 'eval_train_move_acc': 1.0, 'eval_train_mod7_acc': 1.0, 'eval_train_mod4_acc': 0.277, 'eval_train_runtime': 0.5571, 'eval_train_samples_per_second': 1794.951, 'eval_train_steps_per_second': 28.719, 'epoch': 240.43}
{'loss': 0.0, 'learning_rate': 3.343979147541352e-06, 'epoch': 241.49}
{'eval_eval_loss': 0.00014664497575722635, 'eval_eval_token_acc': 0.9462002474737059, 'eval_eval_seq_acc': 0.0, 'eval_eval_move_acc': 0.9975, 'eval_eval_mod7_acc': 0.9984984984984985, 'eval_eval_mod4_acc': 0.24774774774774774, 'eval_eval_runtime': 1.1164, 'eval_eval_samples_per_second': 1791.491, 'eval_eval_steps_per_second': 28.664, 'epoch': 241.49}
{'eval_train_loss': 2.8322705958316874e-08, 'eval_train_token_acc': 0.9466422279924648, 'eval_train_seq_acc': 0.0, 'eval_train_move_acc': 1.0, 'eval_train_mod7_acc': 1.0, 'eval_train_mod4_acc': 0.277, 'eval_train_runtime': 0.5594, 'eval_train_samples_per_second': 1787.642, 'eval_train_steps_per_second': 28.602, 'epoch': 241.49}
  Pushed checkpoint step-57000 to ijinyu1113/ft_mr6_70m_seed1_purenum
{'loss': 0.0, 'learning_rate': 3.2280092208200853e-06, 'epoch': 242.55}
{'eval_eval_loss': 0.00012423403677530587, 'eval_eval_token_acc': 0.9462002474737059, 'eval_eval_seq_acc': 0.0, 'eval_eval_move_acc': 0.998, 'eval_eval_mod7_acc': 0.9984992496248124, 'eval_eval_mod4_acc': 0.24762381190595298, 'eval_eval_runtime': 1.12, 'eval_eval_samples_per_second': 1785.697, 'eval_eval_steps_per_second': 28.571, 'epoch': 242.55}
{'eval_train_loss': 1.1233884045225295e-08, 'eval_train_token_acc': 0.9466422279924648, 'eval_train_seq_acc': 0.0, 'eval_train_move_acc': 1.0, 'eval_train_mod7_acc': 1.0, 'eval_train_mod4_acc': 0.277, 'eval_train_runtime': 0.5565, 'eval_train_samples_per_second': 1796.847, 'eval_train_steps_per_second': 28.75, 'epoch': 242.55}
{'loss': 0.0, 'learning_rate': 3.1138429798643182e-06, 'epoch': 243.62}
{'eval_eval_loss': 0.00012221965880598873, 'eval_eval_token_acc': 0.9462002474737059, 'eval_eval_seq_acc': 0.0, 'eval_eval_move_acc': 0.9985, 'eval_eval_mod7_acc': 0.9989994997498749, 'eval_eval_mod4_acc': 0.24712356178089045, 'eval_eval_runtime': 1.1174, 'eval_eval_samples_per_second': 1789.854, 'eval_eval_steps_per_second': 28.638, 'epoch': 243.62}
{'eval_train_loss': 8.952516949989331e-09, 'eval_train_token_acc': 0.9466422279924648, 'eval_train_seq_acc': 0.0, 'eval_train_move_acc': 1.0, 'eval_train_mod7_acc': 1.0, 'eval_train_mod4_acc': 0.277, 'eval_train_runtime': 0.5572, 'eval_train_samples_per_second': 1794.639, 'eval_train_steps_per_second': 28.714, 'epoch': 243.62}
{'loss': 0.0, 'learning_rate': 3.0014979170444963e-06, 'epoch': 244.68}
{'eval_eval_loss': 0.00012088364019291475, 'eval_eval_token_acc': 0.9462002474737059, 'eval_eval_seq_acc': 0.0, 'eval_eval_move_acc': 0.9985, 'eval_eval_mod7_acc': 0.9989994997498749, 'eval_eval_mod4_acc': 0.24712356178089045, 'eval_eval_runtime': 1.1163, 'eval_eval_samples_per_second': 1791.556, 'eval_eval_steps_per_second': 28.665, 'epoch': 244.68}
{'eval_train_loss': 8.009870988701095e-09, 'eval_train_token_acc': 0.9466422279924648, 'eval_train_seq_acc': 0.0, 'eval_train_move_acc': 1.0, 'eval_train_mod7_acc': 1.0, 'eval_train_mod4_acc': 0.277, 'eval_train_runtime': 0.5565, 'eval_train_samples_per_second': 1796.945, 'eval_train_steps_per_second': 28.751, 'epoch': 244.68}
{'loss': 0.0, 'learning_rate': 2.8909912456930587e-06, 'epoch': 245.74}
{'eval_eval_loss': 0.00012102177424822003, 'eval_eval_token_acc': 0.9462002474737059, 'eval_eval_seq_acc': 0.0, 'eval_eval_move_acc': 0.9985, 'eval_eval_mod7_acc': 0.9989994997498749, 'eval_eval_mod4_acc': 0.24712356178089045, 'eval_eval_runtime': 1.1174, 'eval_eval_samples_per_second': 1789.935, 'eval_eval_steps_per_second': 28.639, 'epoch': 245.74}
{'eval_train_loss': 7.391005585333232e-09, 'eval_train_token_acc': 0.9466422279924648, 'eval_train_seq_acc': 0.0, 'eval_train_move_acc': 1.0, 'eval_train_mod7_acc': 1.0, 'eval_train_mod4_acc': 0.277, 'eval_train_runtime': 0.5587, 'eval_train_samples_per_second': 1789.894, 'eval_train_steps_per_second': 28.638, 'epoch': 245.74}
  Pushed checkpoint step-58000 to ijinyu1113/ft_mr6_70m_seed1_purenum
{'loss': 0.0, 'learning_rate': 2.7823398974670004e-06, 'epoch': 246.81}
{'eval_eval_loss': 0.00011930138134630397, 'eval_eval_token_acc': 0.9462002474737059, 'eval_eval_seq_acc': 0.0, 'eval_eval_move_acc': 0.9985, 'eval_eval_mod7_acc': 0.9989994997498749, 'eval_eval_mod4_acc': 0.24712356178089045, 'eval_eval_runtime': 1.1199, 'eval_eval_samples_per_second': 1785.925, 'eval_eval_steps_per_second': 28.575, 'epoch': 246.81}
{'eval_train_loss': 6.946152097953018e-09, 'eval_train_token_acc': 0.9466422279924648, 'eval_train_seq_acc': 0.0, 'eval_train_move_acc': 1.0, 'eval_train_mod7_acc': 1.0, 'eval_train_mod4_acc': 0.277, 'eval_train_runtime': 0.5558, 'eval_train_samples_per_second': 1799.219, 'eval_train_steps_per_second': 28.787, 'epoch': 246.81}
{'loss': 0.0, 'learning_rate': 2.675560519753659e-06, 'epoch': 247.87}
{'eval_eval_loss': 0.00011822357919299975, 'eval_eval_token_acc': 0.9462002474737059, 'eval_eval_seq_acc': 0.0, 'eval_eval_move_acc': 0.9985, 'eval_eval_mod7_acc': 0.9989994997498749, 'eval_eval_mod4_acc': 0.24712356178089045, 'eval_eval_runtime': 1.1152, 'eval_eval_samples_per_second': 1793.428, 'eval_eval_steps_per_second': 28.695, 'epoch': 247.87}
{'eval_train_loss': 6.696798671157467e-09, 'eval_train_token_acc': 0.9466422279924648, 'eval_train_seq_acc': 0.0, 'eval_train_move_acc': 1.0, 'eval_train_mod7_acc': 1.0, 'eval_train_mod4_acc': 0.277, 'eval_train_runtime': 0.5588, 'eval_train_samples_per_second': 1789.529, 'eval_train_steps_per_second': 28.632, 'epoch': 247.87}
{'loss': 0.0, 'learning_rate': 2.5706694731200194e-06, 'epoch': 248.94}
{'eval_eval_loss': 0.00011738197645172477, 'eval_eval_token_acc': 0.9462002474737059, 'eval_eval_seq_acc': 0.0, 'eval_eval_move_acc': 0.9985, 'eval_eval_mod7_acc': 0.9989994997498749, 'eval_eval_mod4_acc': 0.24712356178089045, 'eval_eval_runtime': 1.118, 'eval_eval_samples_per_second': 1788.921, 'eval_eval_steps_per_second': 28.623, 'epoch': 248.94}
{'eval_train_loss': 6.335924673805948e-09, 'eval_train_token_acc': 0.9466422279924648, 'eval_train_seq_acc': 0.0, 'eval_train_move_acc': 1.0, 'eval_train_mod7_acc': 1.0, 'eval_train_mod4_acc': 0.277, 'eval_train_runtime': 0.558, 'eval_train_samples_per_second': 1792.176, 'eval_train_steps_per_second': 28.675, 'epoch': 248.94}
{'loss': 0.0, 'learning_rate': 2.467682828805956e-06, 'epoch': 250.0}
{'eval_eval_loss': 0.00011610077490331605, 'eval_eval_token_acc': 0.9462002474737059, 'eval_eval_seq_acc': 0.0, 'eval_eval_move_acc': 0.9985, 'eval_eval_mod7_acc': 0.9989994997498749, 'eval_eval_mod4_acc': 0.24712356178089045, 'eval_eval_runtime': 1.1167, 'eval_eval_samples_per_second': 1790.933, 'eval_eval_steps_per_second': 28.655, 'epoch': 250.0}
{'eval_train_loss': 6.041910083354196e-09, 'eval_train_token_acc': 0.9466422279924648, 'eval_train_seq_acc': 0.0, 'eval_train_move_acc': 1.0, 'eval_train_mod7_acc': 1.0, 'eval_train_mod4_acc': 0.277, 'eval_train_runtime': 0.5589, 'eval_train_samples_per_second': 1789.144, 'eval_train_steps_per_second': 28.626, 'epoch': 250.0}
  Pushed checkpoint step-59000 to ijinyu1113/ft_mr6_70m_seed1_purenum
{'loss': 0.0, 'learning_rate': 2.3666163662618575e-06, 'epoch': 251.06}
{'eval_eval_loss': 0.00011535447993082926, 'eval_eval_token_acc': 0.9462002474737059, 'eval_eval_seq_acc': 0.0, 'eval_eval_move_acc': 0.9985, 'eval_eval_mod7_acc': 0.9989994997498749, 'eval_eval_mod4_acc': 0.24712356178089045, 'eval_eval_runtime': 1.115, 'eval_eval_samples_per_second': 1793.773, 'eval_eval_steps_per_second': 28.7, 'epoch': 251.06}
{'eval_train_loss': 5.836808814052574e-09, 'eval_train_token_acc': 0.9466422279924648, 'eval_train_seq_acc': 0.0, 'eval_train_move_acc': 1.0, 'eval_train_mod7_acc': 1.0, 'eval_train_mod4_acc': 0.277, 'eval_train_runtime': 0.5553, 'eval_train_samples_per_second': 1800.859, 'eval_train_steps_per_second': 28.814, 'epoch': 251.06}
{'loss': 0.0, 'learning_rate': 2.267485570730894e-06, 'epoch': 252.13}
{'eval_eval_loss': 0.00011500224354676902, 'eval_eval_token_acc': 0.9462002474737059, 'eval_eval_seq_acc': 0.0, 'eval_eval_move_acc': 0.9985, 'eval_eval_mod7_acc': 0.9989994997498749, 'eval_eval_mod4_acc': 0.24712356178089045, 'eval_eval_runtime': 1.1197, 'eval_eval_samples_per_second': 1786.14, 'eval_eval_steps_per_second': 28.578, 'epoch': 252.13}
{'eval_train_loss': 5.591570761964704e-09, 'eval_train_token_acc': 0.9466422279924648, 'eval_train_seq_acc': 0.0, 'eval_train_move_acc': 1.0, 'eval_train_mod7_acc': 1.0, 'eval_train_mod4_acc': 0.277, 'eval_train_runtime': 0.5583, 'eval_train_samples_per_second': 1791.136, 'eval_train_steps_per_second': 28.658, 'epoch': 252.13}
{'loss': 0.0, 'learning_rate': 2.170305630876408e-06, 'epoch': 253.19}
{'eval_eval_loss': 0.00011375554458936676, 'eval_eval_token_acc': 0.9462002474737059, 'eval_eval_seq_acc': 0.0, 'eval_eval_move_acc': 0.9985, 'eval_eval_mod7_acc': 0.9989994997498749, 'eval_eval_mod4_acc': 0.24712356178089045, 'eval_eval_runtime': 1.1161, 'eval_eval_samples_per_second': 1792.01, 'eval_eval_steps_per_second': 28.672, 'epoch': 253.19}
{'eval_train_loss': 5.460714103122655e-09, 'eval_train_token_acc': 0.9466422279924648, 'eval_train_seq_acc': 0.0, 'eval_train_move_acc': 1.0, 'eval_train_mod7_acc': 1.0, 'eval_train_mod4_acc': 0.277, 'eval_train_runtime': 0.559, 'eval_train_samples_per_second': 1788.93, 'eval_train_steps_per_second': 28.623, 'epoch': 253.19}
{'loss': 0.0, 'learning_rate': 2.0750914364547357e-06, 'epoch': 254.26}
{'eval_eval_loss': 0.00011298069875920191, 'eval_eval_token_acc': 0.9462002474737059, 'eval_eval_seq_acc': 0.0, 'eval_eval_move_acc': 0.9985, 'eval_eval_mod7_acc': 0.9989994997498749, 'eval_eval_mod4_acc': 0.24712356178089045, 'eval_eval_runtime': 1.118, 'eval_eval_samples_per_second': 1788.926, 'eval_eval_steps_per_second': 28.623, 'epoch': 254.26}
{'eval_train_loss': 5.284467530231041e-09, 'eval_train_token_acc': 0.9466422279924648, 'eval_train_seq_acc': 0.0, 'eval_train_move_acc': 1.0, 'eval_train_mod7_acc': 1.0, 'eval_train_mod4_acc': 0.277, 'eval_train_runtime': 0.5555, 'eval_train_samples_per_second': 1800.253, 'eval_train_steps_per_second': 28.804, 'epoch': 254.26}
  Pushed checkpoint step-60000 to ijinyu1113/ft_mr6_70m_seed1_purenum
{'loss': 0.0, 'learning_rate': 1.9818575760337995e-06, 'epoch': 255.32}
{'eval_eval_loss': 0.00011231336247874424, 'eval_eval_token_acc': 0.9462002474737059, 'eval_eval_seq_acc': 0.0, 'eval_eval_move_acc': 0.999, 'eval_eval_mod7_acc': 0.9994997498749375, 'eval_eval_mod4_acc': 0.2466233116558279, 'eval_eval_runtime': 1.1198, 'eval_eval_samples_per_second': 1786.052, 'eval_eval_steps_per_second': 28.577, 'epoch': 255.32}
{'eval_train_loss': 5.11176567741245e-09, 'eval_train_token_acc': 0.9466422279924648, 'eval_train_seq_acc': 0.0, 'eval_train_move_acc': 1.0, 'eval_train_mod7_acc': 1.0, 'eval_train_mod4_acc': 0.277, 'eval_train_runtime': 0.5562, 'eval_train_samples_per_second': 1797.803, 'eval_train_steps_per_second': 28.765, 'epoch': 255.32}
{'loss': 0.0, 'learning_rate': 1.8906183347578975e-06, 'epoch': 256.38}
{'eval_eval_loss': 0.00011206571798538789, 'eval_eval_token_acc': 0.9462002474737059, 'eval_eval_seq_acc': 0.0, 'eval_eval_move_acc': 0.999, 'eval_eval_mod7_acc': 0.9994997498749375, 'eval_eval_mod4_acc': 0.2466233116558279, 'eval_eval_runtime': 1.1156, 'eval_eval_samples_per_second': 1792.752, 'eval_eval_steps_per_second': 28.684, 'epoch': 256.38}
{'eval_train_loss': 4.972064093777817e-09, 'eval_train_token_acc': 0.9466422279924648, 'eval_train_seq_acc': 0.0, 'eval_train_move_acc': 1.0, 'eval_train_mod7_acc': 1.0, 'eval_train_mod4_acc': 0.277, 'eval_train_runtime': 0.5596, 'eval_train_samples_per_second': 1787.119, 'eval_train_steps_per_second': 28.594, 'epoch': 256.38}
{'loss': 0.0, 'learning_rate': 1.8013876921589363e-06, 'epoch': 257.45}
{'eval_eval_loss': 0.00011136827379232273, 'eval_eval_token_acc': 0.9462002474737059, 'eval_eval_seq_acc': 0.0, 'eval_eval_move_acc': 0.999, 'eval_eval_mod7_acc': 0.9994997498749375, 'eval_eval_mod4_acc': 0.2466233116558279, 'eval_eval_runtime': 1.1186, 'eval_eval_samples_per_second': 1787.888, 'eval_eval_steps_per_second': 28.606, 'epoch': 257.45}
{'eval_train_loss': 4.868298653093461e-09, 'eval_train_token_acc': 0.9466422279924648, 'eval_train_seq_acc': 0.0, 'eval_train_move_acc': 1.0, 'eval_train_mod7_acc': 1.0, 'eval_train_mod4_acc': 0.277, 'eval_train_runtime': 0.5589, 'eval_train_samples_per_second': 1789.321, 'eval_train_steps_per_second': 28.629, 'epoch': 257.45}
{'loss': 0.0, 'learning_rate': 1.7141793200145234e-06, 'epoch': 258.51}
{'eval_eval_loss': 0.00011103873839601874, 'eval_eval_token_acc': 0.9462002474737059, 'eval_eval_seq_acc': 0.0, 'eval_eval_move_acc': 0.999, 'eval_eval_mod7_acc': 0.9994997498749375, 'eval_eval_mod4_acc': 0.2466233116558279, 'eval_eval_runtime': 1.1179, 'eval_eval_samples_per_second': 1789.033, 'eval_eval_steps_per_second': 28.625, 'epoch': 258.51}
{'eval_train_loss': 4.78172745843608e-09, 'eval_train_token_acc': 0.9466422279924648, 'eval_train_seq_acc': 0.0, 'eval_train_move_acc': 1.0, 'eval_train_mod7_acc': 1.0, 'eval_train_mod4_acc': 0.277, 'eval_train_runtime': 0.5617, 'eval_train_samples_per_second': 1780.294, 'eval_train_steps_per_second': 28.485, 'epoch': 258.51}
  Pushed checkpoint step-61000 to ijinyu1113/ft_mr6_70m_seed1_purenum
{'loss': 0.0, 'learning_rate': 1.6290065802531878e-06, 'epoch': 259.57}
{'eval_eval_loss': 0.00011055264621973038, 'eval_eval_token_acc': 0.9462002474737059, 'eval_eval_seq_acc': 0.0, 'eval_eval_move_acc': 0.999, 'eval_eval_mod7_acc': 0.9994997498749375, 'eval_eval_mod4_acc': 0.2466233116558279, 'eval_eval_runtime': 1.1205, 'eval_eval_samples_per_second': 1784.982, 'eval_eval_steps_per_second': 28.56, 'epoch': 259.57}
{'eval_train_loss': 4.722974011883707e-09, 'eval_train_token_acc': 0.9466422279924648, 'eval_train_seq_acc': 0.0, 'eval_train_move_acc': 1.0, 'eval_train_mod7_acc': 1.0, 'eval_train_mod4_acc': 0.277, 'eval_train_runtime': 0.5571, 'eval_train_samples_per_second': 1795.118, 'eval_train_steps_per_second': 28.722, 'epoch': 259.57}
{'loss': 0.0, 'learning_rate': 1.5458825229070995e-06, 'epoch': 260.64}
{'eval_eval_loss': 0.00011072480992879719, 'eval_eval_token_acc': 0.9462002474737059, 'eval_eval_seq_acc': 0.0, 'eval_eval_move_acc': 0.999, 'eval_eval_mod7_acc': 0.9994997498749375, 'eval_eval_mod4_acc': 0.2466233116558279, 'eval_eval_runtime': 1.1205, 'eval_eval_samples_per_second': 1784.913, 'eval_eval_steps_per_second': 28.559, 'epoch': 260.64}
{'eval_train_loss': 4.646216300585593e-09, 'eval_train_token_acc': 0.9466422279924648, 'eval_train_seq_acc': 0.0, 'eval_train_move_acc': 1.0, 'eval_train_mod7_acc': 1.0, 'eval_train_mod4_acc': 0.277, 'eval_train_runtime': 0.5632, 'eval_train_samples_per_second': 1775.561, 'eval_train_steps_per_second': 28.409, 'epoch': 260.64}
{'loss': 0.0, 'learning_rate': 1.4648198841125453e-06, 'epoch': 261.7}
{'eval_eval_loss': 0.00011001053644577041, 'eval_eval_token_acc': 0.9462002474737059, 'eval_eval_seq_acc': 0.0, 'eval_eval_move_acc': 0.999, 'eval_eval_mod7_acc': 0.9994997498749375, 'eval_eval_mod4_acc': 0.2466233116558279, 'eval_eval_runtime': 1.1191, 'eval_eval_samples_per_second': 1787.205, 'eval_eval_steps_per_second': 28.595, 'epoch': 261.7}
{'eval_train_loss': 4.62759475183816e-09, 'eval_train_token_acc': 0.9466422279924648, 'eval_train_seq_acc': 0.0, 'eval_train_move_acc': 1.0, 'eval_train_mod7_acc': 1.0, 'eval_train_mod4_acc': 0.277, 'eval_train_runtime': 0.5607, 'eval_train_samples_per_second': 1783.519, 'eval_train_steps_per_second': 28.536, 'epoch': 261.7}
{'loss': 0.0, 'learning_rate': 1.385831084158543e-06, 'epoch': 262.77}
{'eval_eval_loss': 0.00010910868877544999, 'eval_eval_token_acc': 0.9462002474737059, 'eval_eval_seq_acc': 0.0, 'eval_eval_move_acc': 0.999, 'eval_eval_mod7_acc': 0.9994997498749375, 'eval_eval_mod4_acc': 0.2466233116558279, 'eval_eval_runtime': 1.1175, 'eval_eval_samples_per_second': 1789.75, 'eval_eval_steps_per_second': 28.636, 'epoch': 262.77}
{'eval_train_loss': 4.617936255613131e-09, 'eval_train_token_acc': 0.9466422279924648, 'eval_train_seq_acc': 0.0, 'eval_train_move_acc': 1.0, 'eval_train_mod7_acc': 1.0, 'eval_train_mod4_acc': 0.277, 'eval_train_runtime': 0.5576, 'eval_train_samples_per_second': 1793.389, 'eval_train_steps_per_second': 28.694, 'epoch': 262.77}
  Pushed checkpoint step-62000 to ijinyu1113/ft_mr6_70m_seed1_purenum
{'loss': 0.0, 'learning_rate': 1.308928225583797e-06, 'epoch': 263.83}
{'eval_eval_loss': 0.00010922361980192363, 'eval_eval_token_acc': 0.9462002474737059, 'eval_eval_seq_acc': 0.0, 'eval_eval_move_acc': 0.999, 'eval_eval_mod7_acc': 0.9994997498749375, 'eval_eval_mod4_acc': 0.2466233116558279, 'eval_eval_runtime': 1.1168, 'eval_eval_samples_per_second': 1790.756, 'eval_eval_steps_per_second': 28.652, 'epoch': 263.83}
{'eval_train_loss': 4.532650255129056e-09, 'eval_train_token_acc': 0.9466422279924648, 'eval_train_seq_acc': 0.0, 'eval_train_move_acc': 1.0, 'eval_train_mod7_acc': 1.0, 'eval_train_mod4_acc': 0.277, 'eval_train_runtime': 0.558, 'eval_train_samples_per_second': 1792.273, 'eval_train_steps_per_second': 28.676, 'epoch': 263.83}
{'loss': 0.0, 'learning_rate': 1.234123091322389e-06, 'epoch': 264.89}
{'eval_eval_loss': 0.00010862714407267049, 'eval_eval_token_acc': 0.9462002474737059, 'eval_eval_seq_acc': 0.0, 'eval_eval_move_acc': 0.999, 'eval_eval_mod7_acc': 0.9994997498749375, 'eval_eval_mod4_acc': 0.2466233116558279, 'eval_eval_runtime': 1.1193, 'eval_eval_samples_per_second': 1786.878, 'eval_eval_steps_per_second': 28.59, 'epoch': 264.89}
{'eval_train_loss': 4.514638884955957e-09, 'eval_train_token_acc': 0.9466422279924648, 'eval_train_seq_acc': 0.0, 'eval_train_move_acc': 1.0, 'eval_train_mod7_acc': 1.0, 'eval_train_mod4_acc': 0.277, 'eval_train_runtime': 0.5596, 'eval_train_samples_per_second': 1787.047, 'eval_train_steps_per_second': 28.593, 'epoch': 264.89}
{'loss': 0.0, 'learning_rate': 1.1614271428984087e-06, 'epoch': 265.96}
{'eval_eval_loss': 0.00010885919618885964, 'eval_eval_token_acc': 0.9462002474737059, 'eval_eval_seq_acc': 0.0, 'eval_eval_move_acc': 0.999, 'eval_eval_mod7_acc': 0.9994997498749375, 'eval_eval_mod4_acc': 0.2466233116558279, 'eval_eval_runtime': 1.1176, 'eval_eval_samples_per_second': 1789.565, 'eval_eval_steps_per_second': 28.633, 'epoch': 265.96}
{'eval_train_loss': 4.5287982253228165e-09, 'eval_train_token_acc': 0.9466422279924648, 'eval_train_seq_acc': 0.0, 'eval_train_move_acc': 1.0, 'eval_train_mod7_acc': 1.0, 'eval_train_mod4_acc': 0.277, 'eval_train_runtime': 0.5603, 'eval_train_samples_per_second': 1784.79, 'eval_train_steps_per_second': 28.557, 'epoch': 265.96}
{'loss': 0.0, 'learning_rate': 1.0908515186698253e-06, 'epoch': 267.02}
{'eval_eval_loss': 0.00010842546907952055, 'eval_eval_token_acc': 0.9462002474737059, 'eval_eval_seq_acc': 0.0, 'eval_eval_move_acc': 0.999, 'eval_eval_mod7_acc': 0.9994997498749375, 'eval_eval_mod4_acc': 0.2466233116558279, 'eval_eval_runtime': 1.1195, 'eval_eval_samples_per_second': 1786.45, 'eval_eval_steps_per_second': 28.583, 'epoch': 267.02}
{'eval_train_loss': 4.540831710642124e-09, 'eval_train_token_acc': 0.9466422279924648, 'eval_train_seq_acc': 0.0, 'eval_train_move_acc': 1.0, 'eval_train_mod7_acc': 1.0, 'eval_train_mod4_acc': 0.277, 'eval_train_runtime': 0.5598, 'eval_train_samples_per_second': 1786.498, 'eval_train_steps_per_second': 28.584, 'epoch': 267.02}
  Pushed checkpoint step-63000 to ijinyu1113/ft_mr6_70m_seed1_purenum
{'loss': 0.0, 'learning_rate': 1.0224070321219065e-06, 'epoch': 268.09}
{'eval_eval_loss': 0.00010820206807693467, 'eval_eval_token_acc': 0.9462002474737059, 'eval_eval_seq_acc': 0.0, 'eval_eval_move_acc': 0.999, 'eval_eval_mod7_acc': 0.9994997498749375, 'eval_eval_mod4_acc': 0.2466233116558279, 'eval_eval_runtime': 1.1192, 'eval_eval_samples_per_second': 1786.945, 'eval_eval_steps_per_second': 28.591, 'epoch': 268.09}
{'eval_train_loss': 4.5789629865566894e-09, 'eval_train_token_acc': 0.9466422279924648, 'eval_train_seq_acc': 0.0, 'eval_train_move_acc': 1.0, 'eval_train_mod7_acc': 1.0, 'eval_train_mod4_acc': 0.277, 'eval_train_runtime': 0.5564, 'eval_train_samples_per_second': 1797.196, 'eval_train_steps_per_second': 28.755, 'epoch': 268.09}
{'loss': 0.0, 'learning_rate': 9.56104170210379e-07, 'epoch': 269.15}
{'eval_eval_loss': 0.00010788093641167507, 'eval_eval_token_acc': 0.9462002474737059, 'eval_eval_seq_acc': 0.0, 'eval_eval_move_acc': 0.999, 'eval_eval_mod7_acc': 0.9994997498749375, 'eval_eval_mod4_acc': 0.2466233116558279, 'eval_eval_runtime': 1.1184, 'eval_eval_samples_per_second': 1788.211, 'eval_eval_steps_per_second': 28.611, 'epoch': 269.15}
{'eval_train_loss': 4.635751782444686e-09, 'eval_train_token_acc': 0.9466422279924648, 'eval_train_seq_acc': 0.0, 'eval_train_move_acc': 1.0, 'eval_train_mod7_acc': 1.0, 'eval_train_mod4_acc': 0.277, 'eval_train_runtime': 0.5593, 'eval_train_samples_per_second': 1788.055, 'eval_train_steps_per_second': 28.609, 'epoch': 269.15}
{'loss': 0.0, 'learning_rate': 8.919530917546354e-07, 'epoch': 270.21}
{'eval_eval_loss': 0.00010769163054646924, 'eval_eval_token_acc': 0.9462002474737059, 'eval_eval_seq_acc': 0.0, 'eval_eval_move_acc': 0.999, 'eval_eval_mod7_acc': 0.9994997498749375, 'eval_eval_mod4_acc': 0.2466233116558279, 'eval_eval_runtime': 1.119, 'eval_eval_samples_per_second': 1787.264, 'eval_eval_steps_per_second': 28.596, 'epoch': 270.21}
{'eval_train_loss': 4.6420201016417195e-09, 'eval_train_token_acc': 0.9466422279924648, 'eval_train_seq_acc': 0.0, 'eval_train_move_acc': 1.0, 'eval_train_mod7_acc': 1.0, 'eval_train_mod4_acc': 0.277, 'eval_train_runtime': 0.5594, 'eval_train_samples_per_second': 1787.555, 'eval_train_steps_per_second': 28.601, 'epoch': 270.21}
{'loss': 0.0, 'learning_rate': 8.299636258812199e-07, 'epoch': 271.28}
{'eval_eval_loss': 0.00010777793067973107, 'eval_eval_token_acc': 0.9462002474737059, 'eval_eval_seq_acc': 0.0, 'eval_eval_move_acc': 0.999, 'eval_eval_mod7_acc': 0.9994997498749375, 'eval_eval_mod4_acc': 0.2466233116558279, 'eval_eval_runtime': 1.1182, 'eval_eval_samples_per_second': 1788.561, 'eval_eval_steps_per_second': 28.617, 'epoch': 271.28}
{'eval_train_loss': 4.680440479631898e-09, 'eval_train_token_acc': 0.9466422279924648, 'eval_train_seq_acc': 0.0, 'eval_train_move_acc': 1.0, 'eval_train_mod7_acc': 1.0, 'eval_train_mod4_acc': 0.277, 'eval_train_runtime': 0.5621, 'eval_train_samples_per_second': 1779.083, 'eval_train_steps_per_second': 28.465, 'epoch': 271.28}
  Pushed checkpoint step-64000 to ijinyu1113/ft_mr6_70m_seed1_purenum
{'loss': 0.0, 'learning_rate': 7.701452705178236e-07, 'epoch': 272.34}
{'eval_eval_loss': 0.00010723549348767847, 'eval_eval_token_acc': 0.9462002474737059, 'eval_eval_seq_acc': 0.0, 'eval_eval_move_acc': 0.999, 'eval_eval_mod7_acc': 0.9994997498749375, 'eval_eval_mod4_acc': 0.2466233116558279, 'eval_eval_runtime': 1.1215, 'eval_eval_samples_per_second': 1783.382, 'eval_eval_steps_per_second': 28.534, 'epoch': 272.34}
{'eval_train_loss': 4.761639971206932e-09, 'eval_train_token_acc': 0.9466422279924648, 'eval_train_seq_acc': 0.0, 'eval_train_move_acc': 1.0, 'eval_train_mod7_acc': 1.0, 'eval_train_mod4_acc': 0.277, 'eval_train_runtime': 0.5575, 'eval_train_samples_per_second': 1793.717, 'eval_train_steps_per_second': 28.699, 'epoch': 272.34}
{'loss': 0.0, 'learning_rate': 7.125071909380315e-07, 'epoch': 273.4}
{'eval_eval_loss': 0.00010749178181868047, 'eval_eval_token_acc': 0.9462002474737059, 'eval_eval_seq_acc': 0.0, 'eval_eval_move_acc': 0.999, 'eval_eval_mod7_acc': 0.9994997498749375, 'eval_eval_mod4_acc': 0.2466233116558279, 'eval_eval_runtime': 1.1167, 'eval_eval_samples_per_second': 1791.035, 'eval_eval_steps_per_second': 28.657, 'epoch': 273.4}
{'eval_train_loss': 4.767507721936681e-09, 'eval_train_token_acc': 0.9466422279924648, 'eval_train_seq_acc': 0.0, 'eval_train_move_acc': 1.0, 'eval_train_mod7_acc': 1.0, 'eval_train_mod4_acc': 0.277, 'eval_train_runtime': 0.5594, 'eval_train_samples_per_second': 1787.482, 'eval_train_steps_per_second': 28.6, 'epoch': 273.4}
{'loss': 0.0, 'learning_rate': 6.570582183570212e-07, 'epoch': 274.47}
{'eval_eval_loss': 0.00010689334885682911, 'eval_eval_token_acc': 0.9462002474737059, 'eval_eval_seq_acc': 0.0, 'eval_eval_move_acc': 0.999, 'eval_eval_mod7_acc': 0.9994997498749375, 'eval_eval_mod4_acc': 0.2466233116558279, 'eval_eval_runtime': 1.1144, 'eval_eval_samples_per_second': 1794.764, 'eval_eval_steps_per_second': 28.716, 'epoch': 274.47}
{'eval_train_loss': 4.81013229247651e-09, 'eval_train_token_acc': 0.9466422279924648, 'eval_train_seq_acc': 0.0, 'eval_train_move_acc': 1.0, 'eval_train_mod7_acc': 1.0, 'eval_train_mod4_acc': 0.277, 'eval_train_runtime': 0.558, 'eval_train_samples_per_second': 1792.244, 'eval_train_steps_per_second': 28.676, 'epoch': 274.47}
{'loss': 0.0, 'learning_rate': 6.038068485784731e-07, 'epoch': 275.53}
{'eval_eval_loss': 0.0001067814591806382, 'eval_eval_token_acc': 0.9462002474737059, 'eval_eval_seq_acc': 0.0, 'eval_eval_move_acc': 0.999, 'eval_eval_mod7_acc': 0.9994997498749375, 'eval_eval_mod4_acc': 0.2466233116558279, 'eval_eval_runtime': 1.1189, 'eval_eval_samples_per_second': 1787.411, 'eval_eval_steps_per_second': 28.599, 'epoch': 275.53}
{'eval_train_loss': 4.87286433425993e-09, 'eval_train_token_acc': 0.9466422279924648, 'eval_train_seq_acc': 0.0, 'eval_train_move_acc': 1.0, 'eval_train_mod7_acc': 1.0, 'eval_train_mod4_acc': 0.277, 'eval_train_runtime': 0.5595, 'eval_train_samples_per_second': 1787.376, 'eval_train_steps_per_second': 28.598, 'epoch': 275.53}
  Pushed checkpoint step-65000 to ijinyu1113/ft_mr6_70m_seed1_purenum
{'loss': 0.0, 'learning_rate': 5.527612406928457e-07, 'epoch': 276.6}
{'eval_eval_loss': 0.00010659542022040114, 'eval_eval_token_acc': 0.9462002474737059, 'eval_eval_seq_acc': 0.0, 'eval_eval_move_acc': 0.999, 'eval_eval_mod7_acc': 0.9994997498749375, 'eval_eval_mod4_acc': 0.2466233116558279, 'eval_eval_runtime': 1.1158, 'eval_eval_samples_per_second': 1792.458, 'eval_eval_steps_per_second': 28.679, 'epoch': 276.6}
{'eval_train_loss': 4.980333478954435e-09, 'eval_train_token_acc': 0.9466422279924648, 'eval_train_seq_acc': 0.0, 'eval_train_move_acc': 1.0, 'eval_train_mod7_acc': 1.0, 'eval_train_mod4_acc': 0.277, 'eval_train_runtime': 0.5579, 'eval_train_samples_per_second': 1792.32, 'eval_train_steps_per_second': 28.677, 'epoch': 276.6}
{'loss': 0.0, 'learning_rate': 5.039292158272595e-07, 'epoch': 277.66}
{'eval_eval_loss': 0.00010637846571626142, 'eval_eval_token_acc': 0.9462002474737059, 'eval_eval_seq_acc': 0.0, 'eval_eval_move_acc': 0.999, 'eval_eval_mod7_acc': 0.9994997498749375, 'eval_eval_mod4_acc': 0.2466233116558279, 'eval_eval_runtime': 1.1188, 'eval_eval_samples_per_second': 1787.698, 'eval_eval_steps_per_second': 28.603, 'epoch': 277.66}
{'eval_train_loss': 5.018510051968406e-09, 'eval_train_token_acc': 0.9466422279924648, 'eval_train_seq_acc': 0.0, 'eval_train_move_acc': 1.0, 'eval_train_mod7_acc': 1.0, 'eval_train_mod4_acc': 0.277, 'eval_train_runtime': 0.5603, 'eval_train_samples_per_second': 1784.898, 'eval_train_steps_per_second': 28.558, 'epoch': 277.66}
{'loss': 0.0, 'learning_rate': 4.573182559471523e-07, 'epoch': 278.72}
{'eval_eval_loss': 0.00010621381079545245, 'eval_eval_token_acc': 0.9462002474737059, 'eval_eval_seq_acc': 0.0, 'eval_eval_move_acc': 0.999, 'eval_eval_mod7_acc': 0.9994997498749375, 'eval_eval_mod4_acc': 0.2466233116558279, 'eval_eval_runtime': 1.1157, 'eval_eval_samples_per_second': 1792.62, 'eval_eval_steps_per_second': 28.682, 'epoch': 278.72}
{'eval_train_loss': 5.110110556927339e-09, 'eval_train_token_acc': 0.9466422279924648, 'eval_train_seq_acc': 0.0, 'eval_train_move_acc': 1.0, 'eval_train_mod7_acc': 1.0, 'eval_train_mod4_acc': 0.277, 'eval_train_runtime': 0.5585, 'eval_train_samples_per_second': 1790.462, 'eval_train_steps_per_second': 28.647, 'epoch': 278.72}
{'loss': 0.0, 'learning_rate': 4.1293550270990745e-07, 'epoch': 279.79}
{'eval_eval_loss': 0.00010639180254656821, 'eval_eval_token_acc': 0.9462002474737059, 'eval_eval_seq_acc': 0.0, 'eval_eval_move_acc': 0.999, 'eval_eval_mod7_acc': 0.9994997498749375, 'eval_eval_mod4_acc': 0.2466233116558279, 'eval_eval_runtime': 1.1191, 'eval_eval_samples_per_second': 1787.113, 'eval_eval_steps_per_second': 28.594, 'epoch': 279.79}
{'eval_train_loss': 5.15006082224545e-09, 'eval_train_token_acc': 0.9466422279924648, 'eval_train_seq_acc': 0.0, 'eval_train_move_acc': 1.0, 'eval_train_mod7_acc': 1.0, 'eval_train_mod4_acc': 0.277, 'eval_train_runtime': 0.5596, 'eval_train_samples_per_second': 1786.888, 'eval_train_steps_per_second': 28.59, 'epoch': 279.79}
  Pushed checkpoint step-66000 to ijinyu1113/ft_mr6_70m_seed1_purenum
{'loss': 0.0, 'learning_rate': 3.707877563706158e-07, 'epoch': 280.85}
{'eval_eval_loss': 0.0001062772425939329, 'eval_eval_token_acc': 0.9462002474737059, 'eval_eval_seq_acc': 0.0, 'eval_eval_move_acc': 0.999, 'eval_eval_mod7_acc': 0.9994997498749375, 'eval_eval_mod4_acc': 0.2466233116558279, 'eval_eval_runtime': 1.1153, 'eval_eval_samples_per_second': 1793.313, 'eval_eval_steps_per_second': 28.693, 'epoch': 280.85}
{'eval_train_loss': 5.257610791176148e-09, 'eval_train_token_acc': 0.9466422279924648, 'eval_train_seq_acc': 0.0, 'eval_train_move_acc': 1.0, 'eval_train_mod7_acc': 1.0, 'eval_train_mod4_acc': 0.277, 'eval_train_runtime': 0.5563, 'eval_train_samples_per_second': 1797.666, 'eval_train_steps_per_second': 28.763, 'epoch': 280.85}
{'loss': 0.0, 'learning_rate': 3.308814747401567e-07, 'epoch': 281.91}
{'eval_eval_loss': 0.00010613587801344693, 'eval_eval_token_acc': 0.9462002474737059, 'eval_eval_seq_acc': 0.0, 'eval_eval_move_acc': 0.999, 'eval_eval_mod7_acc': 0.9994997498749375, 'eval_eval_mod4_acc': 0.2466233116558279, 'eval_eval_runtime': 1.1188, 'eval_eval_samples_per_second': 1787.555, 'eval_eval_steps_per_second': 28.601, 'epoch': 281.91}
{'eval_train_loss': 5.31832311523317e-09, 'eval_train_token_acc': 0.9466422279924648, 'eval_train_seq_acc': 0.0, 'eval_train_move_acc': 1.0, 'eval_train_mod7_acc': 1.0, 'eval_train_mod4_acc': 0.277, 'eval_train_runtime': 0.5603, 'eval_train_samples_per_second': 1784.645, 'eval_train_steps_per_second': 28.554, 'epoch': 281.91}
{'loss': 0.0, 'learning_rate': 2.9322277219574145e-07, 'epoch': 282.98}
{'eval_eval_loss': 0.00010610675963107497, 'eval_eval_token_acc': 0.9462002474737059, 'eval_eval_seq_acc': 0.0, 'eval_eval_move_acc': 0.999, 'eval_eval_mod7_acc': 0.9994997498749375, 'eval_eval_mod4_acc': 0.2466233116558279, 'eval_eval_runtime': 1.1201, 'eval_eval_samples_per_second': 1785.621, 'eval_eval_steps_per_second': 28.57, 'epoch': 282.98}
{'eval_train_loss': 5.387135182388647e-09, 'eval_train_token_acc': 0.9466422279924648, 'eval_train_seq_acc': 0.0, 'eval_train_move_acc': 1.0, 'eval_train_mod7_acc': 1.0, 'eval_train_mod4_acc': 0.277, 'eval_train_runtime': 0.5598, 'eval_train_samples_per_second': 1786.512, 'eval_train_steps_per_second': 28.584, 'epoch': 282.98}
{'loss': 0.0, 'learning_rate': 2.578174187440707e-07, 'epoch': 284.04}
{'eval_eval_loss': 0.00010606925206957385, 'eval_eval_token_acc': 0.9462002474737059, 'eval_eval_seq_acc': 0.0, 'eval_eval_move_acc': 0.999, 'eval_eval_mod7_acc': 0.9994997498749375, 'eval_eval_mod4_acc': 0.2466233116558279, 'eval_eval_runtime': 1.1181, 'eval_eval_samples_per_second': 1788.698, 'eval_eval_steps_per_second': 28.619, 'epoch': 284.04}
{'eval_train_loss': 5.462039709414057e-09, 'eval_train_token_acc': 0.9466422279924648, 'eval_train_seq_acc': 0.0, 'eval_train_move_acc': 1.0, 'eval_train_mod7_acc': 1.0, 'eval_train_mod4_acc': 0.277, 'eval_train_runtime': 0.5612, 'eval_train_samples_per_second': 1781.818, 'eval_train_steps_per_second': 28.509, 'epoch': 284.04}
  Pushed checkpoint step-67000 to ijinyu1113/ft_mr6_70m_seed1_purenum
{'loss': 0.0, 'learning_rate': 2.2467083913728036e-07, 'epoch': 285.11}
{'eval_eval_loss': 0.00010591003228910267, 'eval_eval_token_acc': 0.9462002474737059, 'eval_eval_seq_acc': 0.0, 'eval_eval_move_acc': 0.999, 'eval_eval_mod7_acc': 0.9994997498749375, 'eval_eval_mod4_acc': 0.2466233116558279, 'eval_eval_runtime': 1.1202, 'eval_eval_samples_per_second': 1785.371, 'eval_eval_steps_per_second': 28.566, 'epoch': 285.11}
{'eval_train_loss': 5.534990688005337e-09, 'eval_train_token_acc': 0.9466422279924648, 'eval_train_seq_acc': 0.0, 'eval_train_move_acc': 1.0, 'eval_train_mod7_acc': 1.0, 'eval_train_mod4_acc': 0.277, 'eval_train_runtime': 0.5574, 'eval_train_samples_per_second': 1794.131, 'eval_train_steps_per_second': 28.706, 'epoch': 285.11}
{'loss': 0.0, 'learning_rate': 1.9378811204174617e-07, 'epoch': 286.17}
{'eval_eval_loss': 0.00010597015352686867, 'eval_eval_token_acc': 0.9462002474737059, 'eval_eval_seq_acc': 0.0, 'eval_eval_move_acc': 0.999, 'eval_eval_mod7_acc': 0.9994997498749375, 'eval_eval_mod4_acc': 0.2466233116558279, 'eval_eval_runtime': 1.1204, 'eval_eval_samples_per_second': 1785.018, 'eval_eval_steps_per_second': 28.56, 'epoch': 286.17}
{'eval_train_loss': 5.597736940643472e-09, 'eval_train_token_acc': 0.9466422279924648, 'eval_train_seq_acc': 0.0, 'eval_train_move_acc': 1.0, 'eval_train_mod7_acc': 1.0, 'eval_train_mod4_acc': 0.277, 'eval_train_runtime': 0.5588, 'eval_train_samples_per_second': 1789.685, 'eval_train_steps_per_second': 28.635, 'epoch': 286.17}
{'loss': 0.0, 'learning_rate': 1.6517396925995797e-07, 'epoch': 287.23}
{'eval_eval_loss': 0.00010581030801404268, 'eval_eval_token_acc': 0.9462002474737059, 'eval_eval_seq_acc': 0.0, 'eval_eval_move_acc': 0.999, 'eval_eval_mod7_acc': 0.9994997498749375, 'eval_eval_mod4_acc': 0.2466233116558279, 'eval_eval_runtime': 1.1175, 'eval_eval_samples_per_second': 1789.682, 'eval_eval_steps_per_second': 28.635, 'epoch': 287.23}
{'eval_train_loss': 5.65464031154761e-09, 'eval_train_token_acc': 0.9466422279924648, 'eval_train_seq_acc': 0.0, 'eval_train_move_acc': 1.0, 'eval_train_mod7_acc': 1.0, 'eval_train_mod4_acc': 0.277, 'eval_train_runtime': 0.5595, 'eval_train_samples_per_second': 1787.434, 'eval_train_steps_per_second': 28.599, 'epoch': 287.23}
{'loss': 0.0, 'learning_rate': 1.3883279500551295e-07, 'epoch': 288.3}
{'eval_eval_loss': 0.00010587488213786855, 'eval_eval_token_acc': 0.9462002474737059, 'eval_eval_seq_acc': 0.0, 'eval_eval_move_acc': 0.999, 'eval_eval_mod7_acc': 0.9994997498749375, 'eval_eval_mod4_acc': 0.2466233116558279, 'eval_eval_runtime': 1.116, 'eval_eval_samples_per_second': 1792.147, 'eval_eval_steps_per_second': 28.674, 'epoch': 288.3}
{'eval_train_loss': 5.697148086625248e-09, 'eval_train_token_acc': 0.9466422279924648, 'eval_train_seq_acc': 0.0, 'eval_train_move_acc': 1.0, 'eval_train_mod7_acc': 1.0, 'eval_train_mod4_acc': 0.277, 'eval_train_runtime': 0.5583, 'eval_train_samples_per_second': 1791.107, 'eval_train_steps_per_second': 28.658, 'epoch': 288.3}
  Pushed checkpoint step-68000 to ijinyu1113/ft_mr6_70m_seed1_purenum
{'loss': 0.0, 'learning_rate': 1.1476862523137122e-07, 'epoch': 289.36}
{'eval_eval_loss': 0.00010588082659523934, 'eval_eval_token_acc': 0.9462002474737059, 'eval_eval_seq_acc': 0.0, 'eval_eval_move_acc': 0.999, 'eval_eval_mod7_acc': 0.9994997498749375, 'eval_eval_mod4_acc': 0.2466233116558279, 'eval_eval_runtime': 1.1151, 'eval_eval_samples_per_second': 1793.584, 'eval_eval_steps_per_second': 28.697, 'epoch': 289.36}
{'eval_train_loss': 5.729325014414144e-09, 'eval_train_token_acc': 0.9466422279924648, 'eval_train_seq_acc': 0.0, 'eval_train_move_acc': 1.0, 'eval_train_mod7_acc': 1.0, 'eval_train_mod4_acc': 0.277, 'eval_train_runtime': 0.5555, 'eval_train_samples_per_second': 1800.066, 'eval_train_steps_per_second': 28.801, 'epoch': 289.36}
{'loss': 0.0, 'learning_rate': 9.298514701147898e-08, 'epoch': 290.43}
{'eval_eval_loss': 0.00010579905210761353, 'eval_eval_token_acc': 0.9462002474737059, 'eval_eval_seq_acc': 0.0, 'eval_eval_move_acc': 0.999, 'eval_eval_mod7_acc': 0.9994997498749375, 'eval_eval_mod4_acc': 0.2466233116558279, 'eval_eval_runtime': 1.117, 'eval_eval_samples_per_second': 1790.494, 'eval_eval_steps_per_second': 28.648, 'epoch': 290.43}
{'eval_train_loss': 5.763919563861464e-09, 'eval_train_token_acc': 0.9466422279924648, 'eval_train_seq_acc': 0.0, 'eval_train_move_acc': 1.0, 'eval_train_mod7_acc': 1.0, 'eval_train_mod4_acc': 0.277, 'eval_train_runtime': 0.5595, 'eval_train_samples_per_second': 1787.466, 'eval_train_steps_per_second': 28.599, 'epoch': 290.43}
{'loss': 0.0, 'learning_rate': 7.348569797583527e-08, 'epoch': 291.49}
{'eval_eval_loss': 0.00010575428314041346, 'eval_eval_token_acc': 0.9462002474737059, 'eval_eval_seq_acc': 0.0, 'eval_eval_move_acc': 0.999, 'eval_eval_mod7_acc': 0.9994997498749375, 'eval_eval_mod4_acc': 0.2466233116558279, 'eval_eval_runtime': 1.1185, 'eval_eval_samples_per_second': 1788.135, 'eval_eval_steps_per_second': 28.61, 'epoch': 291.49}
{'eval_train_loss': 5.8023084115177426e-09, 'eval_train_token_acc': 0.9466422279924648, 'eval_train_seq_acc': 0.0, 'eval_train_move_acc': 1.0, 'eval_train_mod7_acc': 1.0, 'eval_train_mod4_acc': 0.277, 'eval_train_runtime': 0.5594, 'eval_train_samples_per_second': 1787.562, 'eval_train_steps_per_second': 28.601, 'epoch': 291.49}
{'loss': 0.0, 'learning_rate': 5.627326579911107e-08, 'epoch': 292.55}
{'eval_eval_loss': 0.00010579417721601203, 'eval_eval_token_acc': 0.9462002474737059, 'eval_eval_seq_acc': 0.0, 'eval_eval_move_acc': 0.999, 'eval_eval_mod7_acc': 0.9994997498749375, 'eval_eval_mod4_acc': 0.2466233116558279, 'eval_eval_runtime': 1.1162, 'eval_eval_samples_per_second': 1791.768, 'eval_eval_steps_per_second': 28.668, 'epoch': 292.55}
{'eval_train_loss': 5.814328574160754e-09, 'eval_train_token_acc': 0.9466422279924648, 'eval_train_seq_acc': 0.0, 'eval_train_move_acc': 1.0, 'eval_train_mod7_acc': 1.0, 'eval_train_mod4_acc': 0.277, 'eval_train_runtime': 0.5596, 'eval_train_samples_per_second': 1787.066, 'eval_train_steps_per_second': 28.593, 'epoch': 292.55}
  Pushed checkpoint step-69000 to ijinyu1113/ft_mr6_70m_seed1_purenum
{'loss': 0.0, 'learning_rate': 4.135048774287553e-08, 'epoch': 293.62}
{'eval_eval_loss': 0.00010579268564470112, 'eval_eval_token_acc': 0.9462002474737059, 'eval_eval_seq_acc': 0.0, 'eval_eval_move_acc': 0.999, 'eval_eval_mod7_acc': 0.9994997498749375, 'eval_eval_mod4_acc': 0.2466233116558279, 'eval_eval_runtime': 1.1152, 'eval_eval_samples_per_second': 1793.451, 'eval_eval_steps_per_second': 28.695, 'epoch': 293.62}
{'eval_train_loss': 5.830658622585361e-09, 'eval_train_token_acc': 0.9466422279924648, 'eval_train_seq_acc': 0.0, 'eval_train_move_acc': 1.0, 'eval_train_mod7_acc': 1.0, 'eval_train_mod4_acc': 0.277, 'eval_train_runtime': 0.5596, 'eval_train_samples_per_second': 1786.948, 'eval_train_steps_per_second': 28.591, 'epoch': 293.62}
{'loss': 0.0, 'learning_rate': 2.8719650251529116e-08, 'epoch': 294.68}
{'eval_eval_loss': 0.00010579614172456786, 'eval_eval_token_acc': 0.9462002474737059, 'eval_eval_seq_acc': 0.0, 'eval_eval_move_acc': 0.999, 'eval_eval_mod7_acc': 0.9994997498749375, 'eval_eval_mod4_acc': 0.2466233116558279, 'eval_eval_runtime': 1.1178, 'eval_eval_samples_per_second': 1789.202, 'eval_eval_steps_per_second': 28.627, 'epoch': 294.68}
{'eval_train_loss': 5.840917971511317e-09, 'eval_train_token_acc': 0.9466422279924648, 'eval_train_seq_acc': 0.0, 'eval_train_move_acc': 1.0, 'eval_train_mod7_acc': 1.0, 'eval_train_mod4_acc': 0.277, 'eval_train_runtime': 0.5579, 'eval_train_samples_per_second': 1792.586, 'eval_train_steps_per_second': 28.681, 'epoch': 294.68}
{'loss': 0.0, 'learning_rate': 1.8382688601967234e-08, 'epoch': 295.74}
{'eval_eval_loss': 0.00010578818910289556, 'eval_eval_token_acc': 0.9462002474737059, 'eval_eval_seq_acc': 0.0, 'eval_eval_move_acc': 0.999, 'eval_eval_mod7_acc': 0.9994997498749375, 'eval_eval_mod4_acc': 0.2466233116558279, 'eval_eval_runtime': 1.1191, 'eval_eval_samples_per_second': 1787.096, 'eval_eval_steps_per_second': 28.594, 'epoch': 295.74}
{'eval_train_loss': 5.847021533611496e-09, 'eval_train_token_acc': 0.9466422279924648, 'eval_train_seq_acc': 0.0, 'eval_train_move_acc': 1.0, 'eval_train_mod7_acc': 1.0, 'eval_train_mod4_acc': 0.277, 'eval_train_runtime': 0.5596, 'eval_train_samples_per_second': 1786.961, 'eval_train_steps_per_second': 28.591, 'epoch': 295.74}
{'loss': 0.0, 'learning_rate': 1.03411866070674e-08, 'epoch': 296.81}
{'eval_eval_loss': 0.00010579275840427727, 'eval_eval_token_acc': 0.9462002474737059, 'eval_eval_seq_acc': 0.0, 'eval_eval_move_acc': 0.999, 'eval_eval_mod7_acc': 0.9994997498749375, 'eval_eval_mod4_acc': 0.2466233116558279, 'eval_eval_runtime': 1.1156, 'eval_eval_samples_per_second': 1792.814, 'eval_eval_steps_per_second': 28.685, 'epoch': 296.81}
{'eval_train_loss': 5.85103698824696e-09, 'eval_train_token_acc': 0.9466422279924648, 'eval_train_seq_acc': 0.0, 'eval_train_move_acc': 1.0, 'eval_train_mod7_acc': 1.0, 'eval_train_mod4_acc': 0.277, 'eval_train_runtime': 0.5583, 'eval_train_samples_per_second': 1791.176, 'eval_train_steps_per_second': 28.659, 'epoch': 296.81}
  Pushed checkpoint step-70000 to ijinyu1113/ft_mr6_70m_seed1_purenum
{'loss': 0.0, 'learning_rate': 4.596376373016686e-09, 'epoch': 297.87}
{'eval_eval_loss': 0.00010579761874396354, 'eval_eval_token_acc': 0.9462002474737059, 'eval_eval_seq_acc': 0.0, 'eval_eval_move_acc': 0.999, 'eval_eval_mod7_acc': 0.9994997498749375, 'eval_eval_mod4_acc': 0.2466233116558279, 'eval_eval_runtime': 1.1213, 'eval_eval_samples_per_second': 1783.618, 'eval_eval_steps_per_second': 28.538, 'epoch': 297.87}
{'eval_train_loss': 5.853074913630962e-09, 'eval_train_token_acc': 0.9466422279924648, 'eval_train_seq_acc': 0.0, 'eval_train_move_acc': 1.0, 'eval_train_mod7_acc': 1.0, 'eval_train_mod4_acc': 0.277, 'eval_train_runtime': 0.5605, 'eval_train_samples_per_second': 1784.053, 'eval_train_steps_per_second': 28.545, 'epoch': 297.87}
{'loss': 0.0, 'learning_rate': 1.149138110534409e-09, 'epoch': 298.94}
{'eval_eval_loss': 0.00010579876106930897, 'eval_eval_token_acc': 0.9462002474737059, 'eval_eval_seq_acc': 0.0, 'eval_eval_move_acc': 0.999, 'eval_eval_mod7_acc': 0.9994997498749375, 'eval_eval_mod4_acc': 0.2466233116558279, 'eval_eval_runtime': 1.1184, 'eval_eval_samples_per_second': 1788.194, 'eval_eval_steps_per_second': 28.611, 'epoch': 298.94}
{'eval_train_loss': 5.855073315075288e-09, 'eval_train_token_acc': 0.9466422279924648, 'eval_train_seq_acc': 0.0, 'eval_train_move_acc': 1.0, 'eval_train_mod7_acc': 1.0, 'eval_train_mod4_acc': 0.277, 'eval_train_runtime': 0.5589, 'eval_train_samples_per_second': 1789.083, 'eval_train_steps_per_second': 28.625, 'epoch': 298.94}
{'loss': 0.0, 'learning_rate': 0.0, 'epoch': 300.0}
{'eval_eval_loss': 0.00010579766239970922, 'eval_eval_token_acc': 0.9462002474737059, 'eval_eval_seq_acc': 0.0, 'eval_eval_move_acc': 0.999, 'eval_eval_mod7_acc': 0.9994997498749375, 'eval_eval_mod4_acc': 0.2466233116558279, 'eval_eval_runtime': 1.1216, 'eval_eval_samples_per_second': 1783.162, 'eval_eval_steps_per_second': 28.531, 'epoch': 300.0}
{'eval_train_loss': 5.855073315075288e-09, 'eval_train_token_acc': 0.9466422279924648, 'eval_train_seq_acc': 0.0, 'eval_train_move_acc': 1.0, 'eval_train_mod7_acc': 1.0, 'eval_train_mod4_acc': 0.277, 'eval_train_runtime': 0.5624, 'eval_train_samples_per_second': 1778.211, 'eval_train_steps_per_second': 28.451, 'epoch': 300.0}
{'train_runtime': 6344.7012, 'train_samples_per_second': 709.253, 'train_steps_per_second': 11.112, 'train_loss': 2.303308369718019, 'epoch': 300.0}
  Pushed checkpoint step-70500 to ijinyu1113/ft_mr6_70m_seed1_purenum
Final eval: {'eval_loss': 0.00010579766239970922, 'eval_token_acc': 0.9462002474737059, 'eval_seq_acc': 0.0, 'eval_move_acc': 0.999, 'eval_mod7_acc': 0.9994997498749375, 'eval_mod4_acc': 0.2466233116558279, 'eval_runtime': 1.1257, 'eval_samples_per_second': 1776.73, 'eval_steps_per_second': 28.428, 'epoch': 300.0}
Final train: {'train_loss': 5.855073315075288e-09, 'train_token_acc': 0.9466422279924648, 'train_seq_acc': 0.0, 'train_move_acc': 1.0, 'train_mod7_acc': 1.0, 'train_mod4_acc': 0.277, 'train_runtime': 0.5601, 'train_samples_per_second': 1785.322, 'train_steps_per_second': 28.565, 'epoch': 300.0}
