=== array task 0: mr=3 seed=1 size=70m lr=3e-5 eval=250 save=1000 ===
Config: max_remove=3, seed=1, model=70m (EleutherAI/pythia-70m-deduped), lr=3e-05
HF_REPO=ijinyu1113/ft_mr3_70m_seed1_purenum
TRAIN_FILE=../data/purenums/3_train.jsonl
EVAL_FILE=../data/purenums/3_eval.jsonl
METRICS_JSONL=new_result/purenum_metrics/mr3_70m_seed1.jsonl
Using base checkpoint: step143000
train: 15000 examples, eval: 2000 examples
train_acc subset: 1000 examples
train size=15000, steps/epoch=235, epochs=300 → ~70500 total steps
{'loss': 645.8406, 'learning_rate': 1.0638297872340427e-06, 'epoch': 1.06}
{'eval_eval_loss': 0.0720464289188385, 'eval_eval_token_acc': 0.9414810472840953, 'eval_eval_seq_acc': 0.0, 'eval_eval_move_acc': 0.2525, 'eval_eval_mod4_acc': 0.2526263131565783, 'eval_eval_runtime': 1.128, 'eval_eval_samples_per_second': 1773.063, 'eval_eval_steps_per_second': 28.369, 'epoch': 1.06}
{'eval_train_loss': 0.07067109644412994, 'eval_train_token_acc': 0.9444115307141527, 'eval_train_seq_acc': 0.0, 'eval_train_move_acc': 0.241, 'eval_train_mod4_acc': 0.241, 'eval_train_runtime': 0.5484, 'eval_train_samples_per_second': 1823.351, 'eval_train_steps_per_second': 29.174, 'epoch': 1.06}
{'loss': 0.031, 'learning_rate': 2.1276595744680853e-06, 'epoch': 2.13}
{'eval_eval_loss': 0.024995919317007065, 'eval_eval_token_acc': 0.9419961632740061, 'eval_eval_seq_acc': 0.0, 'eval_eval_move_acc': 0.238, 'eval_eval_mod4_acc': 0.238, 'eval_eval_runtime': 1.1032, 'eval_eval_samples_per_second': 1812.887, 'eval_eval_steps_per_second': 29.006, 'epoch': 2.13}
{'eval_train_loss': 0.023721083998680115, 'eval_train_token_acc': 0.9451563214110398, 'eval_train_seq_acc': 0.0, 'eval_train_move_acc': 0.244, 'eval_train_mod4_acc': 0.244, 'eval_train_runtime': 0.5501, 'eval_train_samples_per_second': 1818.003, 'eval_train_steps_per_second': 29.088, 'epoch': 2.13}
{'loss': 0.0238, 'learning_rate': 3.1914893617021277e-06, 'epoch': 3.19}
{'eval_eval_loss': 0.02491440437734127, 'eval_eval_token_acc': 0.942013925894348, 'eval_eval_seq_acc': 0.0, 'eval_eval_move_acc': 0.2455, 'eval_eval_mod4_acc': 0.2455, 'eval_eval_runtime': 1.0987, 'eval_eval_samples_per_second': 1820.309, 'eval_eval_steps_per_second': 29.125, 'epoch': 3.19}
{'eval_train_loss': 0.02357073314487934, 'eval_train_token_acc': 0.9451563214110398, 'eval_train_seq_acc': 0.0, 'eval_train_move_acc': 0.263, 'eval_train_mod4_acc': 0.263, 'eval_train_runtime': 0.5503, 'eval_train_samples_per_second': 1817.033, 'eval_train_steps_per_second': 29.073, 'epoch': 3.19}
  Pushed checkpoint step-1000 to ijinyu1113/ft_mr3_70m_seed1_purenum
{'loss': 0.0238, 'learning_rate': 4.255319148936171e-06, 'epoch': 4.26}
{'eval_eval_loss': 0.024752933531999588, 'eval_eval_token_acc': 0.942013925894348, 'eval_eval_seq_acc': 0.0, 'eval_eval_move_acc': 0.2365, 'eval_eval_mod4_acc': 0.26395089285714285, 'eval_eval_runtime': 1.1042, 'eval_eval_samples_per_second': 1811.192, 'eval_eval_steps_per_second': 28.979, 'epoch': 4.26}
{'eval_train_loss': 0.02356508933007717, 'eval_train_token_acc': 0.9451563214110398, 'eval_train_seq_acc': 0.0, 'eval_train_move_acc': 0.257, 'eval_train_mod4_acc': 0.27813852813852813, 'eval_train_runtime': 0.5493, 'eval_train_samples_per_second': 1820.654, 'eval_train_steps_per_second': 29.13, 'epoch': 4.26}
{'loss': 0.0237, 'learning_rate': 5.319148936170213e-06, 'epoch': 5.32}
{'eval_eval_loss': 0.024889614433050156, 'eval_eval_token_acc': 0.942013925894348, 'eval_eval_seq_acc': 0.0, 'eval_eval_move_acc': 0.235, 'eval_eval_mod4_acc': 0.235, 'eval_eval_runtime': 1.0996, 'eval_eval_samples_per_second': 1818.885, 'eval_eval_steps_per_second': 29.102, 'epoch': 5.32}
{'eval_train_loss': 0.023646533489227295, 'eval_train_token_acc': 0.9451563214110398, 'eval_train_seq_acc': 0.0, 'eval_train_move_acc': 0.242, 'eval_train_mod4_acc': 0.242, 'eval_train_runtime': 0.549, 'eval_train_samples_per_second': 1821.567, 'eval_train_steps_per_second': 29.145, 'epoch': 5.32}
{'loss': 0.0289, 'learning_rate': 6.3829787234042555e-06, 'epoch': 6.38}
{'eval_eval_loss': 0.024838989600539207, 'eval_eval_token_acc': 0.942013925894348, 'eval_eval_seq_acc': 0.0, 'eval_eval_move_acc': 0.225, 'eval_eval_mod4_acc': 0.225, 'eval_eval_runtime': 1.0978, 'eval_eval_samples_per_second': 1821.907, 'eval_eval_steps_per_second': 29.151, 'epoch': 6.38}
{'eval_train_loss': 0.02350929193198681, 'eval_train_token_acc': 0.9451563214110398, 'eval_train_seq_acc': 0.0, 'eval_train_move_acc': 0.236, 'eval_train_mod4_acc': 0.236, 'eval_train_runtime': 0.5494, 'eval_train_samples_per_second': 1820.09, 'eval_train_steps_per_second': 29.121, 'epoch': 6.38}
{'loss': 0.0236, 'learning_rate': 7.446808510638298e-06, 'epoch': 7.45}
{'eval_eval_loss': 0.024731338024139404, 'eval_eval_token_acc': 0.942013925894348, 'eval_eval_seq_acc': 0.0, 'eval_eval_move_acc': 0.2445, 'eval_eval_mod4_acc': 0.45829428303655106, 'eval_eval_runtime': 1.0981, 'eval_eval_samples_per_second': 1821.3, 'eval_eval_steps_per_second': 29.141, 'epoch': 7.45}
{'eval_train_loss': 0.02358945645391941, 'eval_train_token_acc': 0.9451563214110398, 'eval_train_seq_acc': 0.0, 'eval_train_move_acc': 0.26, 'eval_train_mod4_acc': 0.5098039215686274, 'eval_train_runtime': 0.5496, 'eval_train_samples_per_second': 1819.647, 'eval_train_steps_per_second': 29.114, 'epoch': 7.45}
  Pushed checkpoint step-2000 to ijinyu1113/ft_mr3_70m_seed1_purenum
{'loss': 0.0236, 'learning_rate': 8.510638297872341e-06, 'epoch': 8.51}
{'eval_eval_loss': 0.024779777973890305, 'eval_eval_token_acc': 0.942013925894348, 'eval_eval_seq_acc': 0.0, 'eval_eval_move_acc': 0.2645, 'eval_eval_mod4_acc': 1.0, 'eval_eval_runtime': 1.1081, 'eval_eval_samples_per_second': 1804.868, 'eval_eval_steps_per_second': 28.878, 'epoch': 8.51}
{'eval_train_loss': 0.023680752143263817, 'eval_train_token_acc': 0.9451563214110398, 'eval_train_seq_acc': 0.0, 'eval_train_move_acc': 0.24, 'eval_train_mod4_acc': 1.0, 'eval_train_runtime': 0.5516, 'eval_train_samples_per_second': 1812.819, 'eval_train_steps_per_second': 29.005, 'epoch': 8.51}
{'loss': 0.0251, 'learning_rate': 9.574468085106385e-06, 'epoch': 9.57}
{'eval_eval_loss': 0.024809155613183975, 'eval_eval_token_acc': 0.942013925894348, 'eval_eval_seq_acc': 0.0, 'eval_eval_move_acc': 0.247, 'eval_eval_mod4_acc': 0.24786753637732062, 'eval_eval_runtime': 1.1013, 'eval_eval_samples_per_second': 1816.076, 'eval_eval_steps_per_second': 29.057, 'epoch': 9.57}
{'eval_train_loss': 0.023492958396673203, 'eval_train_token_acc': 0.9451563214110398, 'eval_train_seq_acc': 0.0, 'eval_train_move_acc': 0.283, 'eval_train_mod4_acc': 0.28585858585858587, 'eval_train_runtime': 0.5493, 'eval_train_samples_per_second': 1820.412, 'eval_train_steps_per_second': 29.127, 'epoch': 9.57}
{'loss': 0.0238, 'learning_rate': 1.0638297872340426e-05, 'epoch': 10.64}
{'eval_eval_loss': 0.024903228506445885, 'eval_eval_token_acc': 0.942013925894348, 'eval_eval_seq_acc': 0.0, 'eval_eval_move_acc': 0.26, 'eval_eval_mod4_acc': 0.5915813424345847, 'eval_eval_runtime': 1.0998, 'eval_eval_samples_per_second': 1818.58, 'eval_eval_steps_per_second': 29.097, 'epoch': 10.64}
{'eval_train_loss': 0.023677455261349678, 'eval_train_token_acc': 0.9451563214110398, 'eval_train_seq_acc': 0.0, 'eval_train_move_acc': 0.273, 'eval_train_mod4_acc': 0.6408450704225352, 'eval_train_runtime': 0.5509, 'eval_train_samples_per_second': 1815.271, 'eval_train_steps_per_second': 29.044, 'epoch': 10.64}
{'loss': 0.0237, 'learning_rate': 1.170212765957447e-05, 'epoch': 11.7}
{'eval_eval_loss': 0.02492358349263668, 'eval_eval_token_acc': 0.942013925894348, 'eval_eval_seq_acc': 0.0, 'eval_eval_move_acc': 0.235, 'eval_eval_mod4_acc': 0.23629964806435394, 'eval_eval_runtime': 1.099, 'eval_eval_samples_per_second': 1819.879, 'eval_eval_steps_per_second': 29.118, 'epoch': 11.7}
{'eval_train_loss': 0.0234081968665123, 'eval_train_token_acc': 0.9451563214110398, 'eval_train_seq_acc': 0.0, 'eval_train_move_acc': 0.28, 'eval_train_mod4_acc': 0.28311425682507585, 'eval_train_runtime': 0.5499, 'eval_train_samples_per_second': 1818.392, 'eval_train_steps_per_second': 29.094, 'epoch': 11.7}
  Pushed checkpoint step-3000 to ijinyu1113/ft_mr3_70m_seed1_purenum
{'loss': 0.0236, 'learning_rate': 1.2765957446808511e-05, 'epoch': 12.77}
{'eval_eval_loss': 0.0249031949788332, 'eval_eval_token_acc': 0.942013925894348, 'eval_eval_seq_acc': 0.0, 'eval_eval_move_acc': 0.2435, 'eval_eval_mod4_acc': 0.27176339285714285, 'eval_eval_runtime': 1.1043, 'eval_eval_samples_per_second': 1811.062, 'eval_eval_steps_per_second': 28.977, 'epoch': 12.77}
{'eval_train_loss': 0.02327941544353962, 'eval_train_token_acc': 0.9451563214110398, 'eval_train_seq_acc': 0.0, 'eval_train_move_acc': 0.29, 'eval_train_mod4_acc': 0.3251121076233184, 'eval_train_runtime': 0.5515, 'eval_train_samples_per_second': 1813.151, 'eval_train_steps_per_second': 29.01, 'epoch': 12.77}
{'loss': 0.0237, 'learning_rate': 1.3829787234042554e-05, 'epoch': 13.83}
{'eval_eval_loss': 0.026178311556577682, 'eval_eval_token_acc': 0.942013925894348, 'eval_eval_seq_acc': 0.0, 'eval_eval_move_acc': 0.2645, 'eval_eval_mod4_acc': 1.0, 'eval_eval_runtime': 1.1034, 'eval_eval_samples_per_second': 1812.597, 'eval_eval_steps_per_second': 29.002, 'epoch': 13.83}
{'eval_train_loss': 0.024789027869701385, 'eval_train_token_acc': 0.9451563214110398, 'eval_train_seq_acc': 0.0, 'eval_train_move_acc': 0.24, 'eval_train_mod4_acc': 1.0, 'eval_train_runtime': 0.5515, 'eval_train_samples_per_second': 1813.205, 'eval_train_steps_per_second': 29.011, 'epoch': 13.83}
{'loss': 0.0237, 'learning_rate': 1.4893617021276596e-05, 'epoch': 14.89}
{'eval_eval_loss': 0.024817729368805885, 'eval_eval_token_acc': 0.942013925894348, 'eval_eval_seq_acc': 0.0, 'eval_eval_move_acc': 0.2375, 'eval_eval_mod4_acc': 0.3919141914191419, 'eval_eval_runtime': 1.0996, 'eval_eval_samples_per_second': 1818.836, 'eval_eval_steps_per_second': 29.101, 'epoch': 14.89}
{'eval_train_loss': 0.0232327152043581, 'eval_train_token_acc': 0.9451563214110398, 'eval_train_seq_acc': 0.0, 'eval_train_move_acc': 0.3, 'eval_train_mod4_acc': 0.4854368932038835, 'eval_train_runtime': 0.5499, 'eval_train_samples_per_second': 1818.632, 'eval_train_steps_per_second': 29.098, 'epoch': 14.89}
{'loss': 0.0236, 'learning_rate': 1.5957446808510637e-05, 'epoch': 15.96}
{'eval_eval_loss': 0.025052480399608612, 'eval_eval_token_acc': 0.942013925894348, 'eval_eval_seq_acc': 0.0, 'eval_eval_move_acc': 0.25, 'eval_eval_mod4_acc': 0.4803073967339097, 'eval_eval_runtime': 1.1043, 'eval_eval_samples_per_second': 1811.078, 'eval_eval_steps_per_second': 28.977, 'epoch': 15.96}
{'eval_train_loss': 0.023178668692708015, 'eval_train_token_acc': 0.9451563214110398, 'eval_train_seq_acc': 0.0, 'eval_train_move_acc': 0.32, 'eval_train_mod4_acc': 0.595903165735568, 'eval_train_runtime': 0.5528, 'eval_train_samples_per_second': 1808.87, 'eval_train_steps_per_second': 28.942, 'epoch': 15.96}
  Pushed checkpoint step-4000 to ijinyu1113/ft_mr3_70m_seed1_purenum
{'loss': 0.0234, 'learning_rate': 1.7021276595744682e-05, 'epoch': 17.02}
{'eval_eval_loss': 0.023988746106624603, 'eval_eval_token_acc': 0.942013925894348, 'eval_eval_seq_acc': 0.0, 'eval_eval_move_acc': 0.3275, 'eval_eval_mod4_acc': 0.40482076637824477, 'eval_eval_runtime': 1.1043, 'eval_eval_samples_per_second': 1811.131, 'eval_eval_steps_per_second': 28.978, 'epoch': 17.02}
{'eval_train_loss': 0.021650737151503563, 'eval_train_token_acc': 0.9451563214110398, 'eval_train_seq_acc': 0.0, 'eval_train_move_acc': 0.361, 'eval_train_mod4_acc': 0.4523809523809524, 'eval_train_runtime': 0.5532, 'eval_train_samples_per_second': 1807.552, 'eval_train_steps_per_second': 28.921, 'epoch': 17.02}
{'loss': 0.0179, 'learning_rate': 1.8085106382978724e-05, 'epoch': 18.09}
{'eval_eval_loss': 0.01885165646672249, 'eval_eval_token_acc': 0.942013925894348, 'eval_eval_seq_acc': 0.0, 'eval_eval_move_acc': 0.4025, 'eval_eval_mod4_acc': 0.4341963322545847, 'eval_eval_runtime': 1.1009, 'eval_eval_samples_per_second': 1816.756, 'eval_eval_steps_per_second': 29.068, 'epoch': 18.09}
{'eval_train_loss': 0.01597539149224758, 'eval_train_token_acc': 0.9451563214110398, 'eval_train_seq_acc': 0.0, 'eval_train_move_acc': 0.471, 'eval_train_mod4_acc': 0.49631190727081137, 'eval_train_runtime': 0.5514, 'eval_train_samples_per_second': 1813.563, 'eval_train_steps_per_second': 29.017, 'epoch': 18.09}
{'loss': 0.0151, 'learning_rate': 1.914893617021277e-05, 'epoch': 19.15}
{'eval_eval_loss': 0.01453543733805418, 'eval_eval_token_acc': 0.942013925894348, 'eval_eval_seq_acc': 0.0, 'eval_eval_move_acc': 0.4755, 'eval_eval_mod4_acc': 0.4937694704049844, 'eval_eval_runtime': 1.1023, 'eval_eval_samples_per_second': 1814.346, 'eval_eval_steps_per_second': 29.03, 'epoch': 19.15}
{'eval_train_loss': 0.013278617523610592, 'eval_train_token_acc': 0.9451563214110398, 'eval_train_seq_acc': 0.0, 'eval_train_move_acc': 0.497, 'eval_train_mod4_acc': 0.5128998968008256, 'eval_train_runtime': 0.5518, 'eval_train_samples_per_second': 1812.331, 'eval_train_steps_per_second': 28.997, 'epoch': 19.15}
{'loss': 0.0124, 'learning_rate': 2.0212765957446807e-05, 'epoch': 20.21}
{'eval_eval_loss': 0.01386184711009264, 'eval_eval_token_acc': 0.942013925894348, 'eval_eval_seq_acc': 0.0, 'eval_eval_move_acc': 0.4675, 'eval_eval_mod4_acc': 0.4921052631578947, 'eval_eval_runtime': 1.1003, 'eval_eval_samples_per_second': 1817.761, 'eval_eval_steps_per_second': 29.084, 'epoch': 20.21}
{'eval_train_loss': 0.012151669710874557, 'eval_train_token_acc': 0.9451563214110398, 'eval_train_seq_acc': 0.0, 'eval_train_move_acc': 0.556, 'eval_train_mod4_acc': 0.5773624091381101, 'eval_train_runtime': 0.5504, 'eval_train_samples_per_second': 1816.743, 'eval_train_steps_per_second': 29.068, 'epoch': 20.21}
  Pushed checkpoint step-5000 to ijinyu1113/ft_mr3_70m_seed1_purenum
{'loss': 0.012, 'learning_rate': 2.1276595744680852e-05, 'epoch': 21.28}
{'eval_eval_loss': 0.013745184056460857, 'eval_eval_token_acc': 0.942013925894348, 'eval_eval_seq_acc': 0.0, 'eval_eval_move_acc': 0.4795, 'eval_eval_mod4_acc': 0.5313019390581717, 'eval_eval_runtime': 1.1088, 'eval_eval_samples_per_second': 1803.692, 'eval_eval_steps_per_second': 28.859, 'epoch': 21.28}
{'eval_train_loss': 0.011503549292683601, 'eval_train_token_acc': 0.9451563214110398, 'eval_train_seq_acc': 0.0, 'eval_train_move_acc': 0.587, 'eval_train_mod4_acc': 0.6415300546448087, 'eval_train_runtime': 0.5551, 'eval_train_samples_per_second': 1801.345, 'eval_train_steps_per_second': 28.822, 'epoch': 21.28}
{'loss': 0.0118, 'learning_rate': 2.2340425531914894e-05, 'epoch': 22.34}
{'eval_eval_loss': 0.012968976981937885, 'eval_eval_token_acc': 0.942013925894348, 'eval_eval_seq_acc': 0.0, 'eval_eval_move_acc': 0.4895, 'eval_eval_mod4_acc': 0.5926150121065376, 'eval_eval_runtime': 1.1005, 'eval_eval_samples_per_second': 1817.37, 'eval_eval_steps_per_second': 29.078, 'epoch': 22.34}
{'eval_train_loss': 0.011285251937806606, 'eval_train_token_acc': 0.9451563214110398, 'eval_train_seq_acc': 0.0, 'eval_train_move_acc': 0.599, 'eval_train_mod4_acc': 0.7105575326215896, 'eval_train_runtime': 0.5513, 'eval_train_samples_per_second': 1814.014, 'eval_train_steps_per_second': 29.024, 'epoch': 22.34}
{'loss': 0.0117, 'learning_rate': 2.340425531914894e-05, 'epoch': 23.4}
{'eval_eval_loss': 0.013173811137676239, 'eval_eval_token_acc': 0.942013925894348, 'eval_eval_seq_acc': 0.0, 'eval_eval_move_acc': 0.483, 'eval_eval_mod4_acc': 0.5516847515705311, 'eval_eval_runtime': 1.0996, 'eval_eval_samples_per_second': 1818.804, 'eval_eval_steps_per_second': 29.101, 'epoch': 23.4}
{'eval_train_loss': 0.011083154939115047, 'eval_train_token_acc': 0.9451563214110398, 'eval_train_seq_acc': 0.0, 'eval_train_move_acc': 0.604, 'eval_train_mod4_acc': 0.6778900112233446, 'eval_train_runtime': 0.5511, 'eval_train_samples_per_second': 1814.652, 'eval_train_steps_per_second': 29.034, 'epoch': 23.4}
{'loss': 0.0113, 'learning_rate': 2.4468085106382977e-05, 'epoch': 24.47}
{'eval_eval_loss': 0.012462069280445576, 'eval_eval_token_acc': 0.942013925894348, 'eval_eval_seq_acc': 0.0, 'eval_eval_move_acc': 0.543, 'eval_eval_mod4_acc': 0.6506890353505093, 'eval_eval_runtime': 1.1001, 'eval_eval_samples_per_second': 1818.071, 'eval_eval_steps_per_second': 29.089, 'epoch': 24.47}
{'eval_train_loss': 0.009841113351285458, 'eval_train_token_acc': 0.9451563214110398, 'eval_train_seq_acc': 0.0, 'eval_train_move_acc': 0.658, 'eval_train_mod4_acc': 0.757192174913694, 'eval_train_runtime': 0.5502, 'eval_train_samples_per_second': 1817.56, 'eval_train_steps_per_second': 29.081, 'epoch': 24.47}
  Pushed checkpoint step-6000 to ijinyu1113/ft_mr3_70m_seed1_purenum
{'loss': 0.0088, 'learning_rate': 2.5531914893617022e-05, 'epoch': 25.53}
{'eval_eval_loss': 0.008583585731685162, 'eval_eval_token_acc': 0.942013925894348, 'eval_eval_seq_acc': 0.0, 'eval_eval_move_acc': 0.7265, 'eval_eval_mod4_acc': 0.7571651902032308, 'eval_eval_runtime': 1.1101, 'eval_eval_samples_per_second': 1801.571, 'eval_eval_steps_per_second': 28.825, 'epoch': 25.53}
{'eval_train_loss': 0.0063819666393101215, 'eval_train_token_acc': 0.9451563214110398, 'eval_train_seq_acc': 0.0, 'eval_train_move_acc': 0.779, 'eval_train_mod4_acc': 0.798155737704918, 'eval_train_runtime': 0.5534, 'eval_train_samples_per_second': 1806.91, 'eval_train_steps_per_second': 28.911, 'epoch': 25.53}
{'loss': 0.004, 'learning_rate': 2.6595744680851064e-05, 'epoch': 26.6}
{'eval_eval_loss': 0.0025918609462678432, 'eval_eval_token_acc': 0.942013925894348, 'eval_eval_seq_acc': 0.0, 'eval_eval_move_acc': 0.944, 'eval_eval_mod4_acc': 0.944944944944945, 'eval_eval_runtime': 1.1008, 'eval_eval_samples_per_second': 1816.911, 'eval_eval_steps_per_second': 29.071, 'epoch': 26.6}
{'eval_train_loss': 0.0016006686491891742, 'eval_train_token_acc': 0.9451563214110398, 'eval_train_seq_acc': 0.0, 'eval_train_move_acc': 0.962, 'eval_train_mod4_acc': 0.962, 'eval_train_runtime': 0.5529, 'eval_train_samples_per_second': 1808.733, 'eval_train_steps_per_second': 28.94, 'epoch': 26.6}
{'loss': 0.0014, 'learning_rate': 2.765957446808511e-05, 'epoch': 27.66}
{'eval_eval_loss': 0.0012912362581118941, 'eval_eval_token_acc': 0.942013925894348, 'eval_eval_seq_acc': 0.0, 'eval_eval_move_acc': 0.9815, 'eval_eval_mod4_acc': 0.9824824824824825, 'eval_eval_runtime': 1.1017, 'eval_eval_samples_per_second': 1815.372, 'eval_eval_steps_per_second': 29.046, 'epoch': 27.66}
{'eval_train_loss': 0.0008307902608066797, 'eval_train_token_acc': 0.9451563214110398, 'eval_train_seq_acc': 0.0, 'eval_train_move_acc': 0.986, 'eval_train_mod4_acc': 0.986, 'eval_train_runtime': 0.5509, 'eval_train_samples_per_second': 1815.283, 'eval_train_steps_per_second': 29.045, 'epoch': 27.66}
{'loss': 0.0006, 'learning_rate': 2.872340425531915e-05, 'epoch': 28.72}
{'eval_eval_loss': 0.0014154554810374975, 'eval_eval_token_acc': 0.942013925894348, 'eval_eval_seq_acc': 0.0, 'eval_eval_move_acc': 0.977, 'eval_eval_mod4_acc': 0.9828973843058351, 'eval_eval_runtime': 1.0992, 'eval_eval_samples_per_second': 1819.588, 'eval_eval_steps_per_second': 29.113, 'epoch': 28.72}
{'eval_train_loss': 0.0004252885119058192, 'eval_train_token_acc': 0.9451563214110398, 'eval_train_seq_acc': 0.0, 'eval_train_move_acc': 0.99, 'eval_train_mod4_acc': 0.9919839679358717, 'eval_train_runtime': 0.5497, 'eval_train_samples_per_second': 1819.198, 'eval_train_steps_per_second': 29.107, 'epoch': 28.72}
  Pushed checkpoint step-7000 to ijinyu1113/ft_mr3_70m_seed1_purenum
{'loss': 0.0002, 'learning_rate': 2.9787234042553192e-05, 'epoch': 29.79}
{'eval_eval_loss': 0.003139364765956998, 'eval_eval_token_acc': 0.942013925894348, 'eval_eval_seq_acc': 0.0, 'eval_eval_move_acc': 0.9535, 'eval_eval_mod4_acc': 0.9621594349142281, 'eval_eval_runtime': 1.1138, 'eval_eval_samples_per_second': 1795.583, 'eval_eval_steps_per_second': 28.729, 'epoch': 29.79}
{'eval_train_loss': 0.0012906461488455534, 'eval_train_token_acc': 0.9451563214110398, 'eval_train_seq_acc': 0.0, 'eval_train_move_acc': 0.971, 'eval_train_mod4_acc': 0.9739217652958877, 'eval_train_runtime': 0.5526, 'eval_train_samples_per_second': 1809.78, 'eval_train_steps_per_second': 28.956, 'epoch': 29.79}
{'loss': 0.0003, 'learning_rate': 2.9999264548228676e-05, 'epoch': 30.85}
{'eval_eval_loss': 0.00014077496598474681, 'eval_eval_token_acc': 0.942013925894348, 'eval_eval_seq_acc': 0.0, 'eval_eval_move_acc': 0.9985, 'eval_eval_mod4_acc': 0.9994994994994995, 'eval_eval_runtime': 1.1021, 'eval_eval_samples_per_second': 1814.774, 'eval_eval_steps_per_second': 29.036, 'epoch': 30.85}
{'eval_train_loss': 5.558958036999684e-06, 'eval_train_token_acc': 0.9451563214110398, 'eval_train_seq_acc': 0.0, 'eval_train_move_acc': 1.0, 'eval_train_mod4_acc': 1.0, 'eval_train_runtime': 0.551, 'eval_train_samples_per_second': 1814.978, 'eval_train_steps_per_second': 29.04, 'epoch': 30.85}
{'loss': 0.0, 'learning_rate': 2.9996276899008885e-05, 'epoch': 31.91}
{'eval_eval_loss': 0.00011158280540257692, 'eval_eval_token_acc': 0.942013925894348, 'eval_eval_seq_acc': 0.0, 'eval_eval_move_acc': 0.999, 'eval_eval_mod4_acc': 0.9994997498749375, 'eval_eval_runtime': 1.1, 'eval_eval_samples_per_second': 1818.262, 'eval_eval_steps_per_second': 29.092, 'epoch': 31.91}
{'eval_train_loss': 7.130336712179997e-07, 'eval_train_token_acc': 0.9451563214110398, 'eval_train_seq_acc': 0.0, 'eval_train_move_acc': 1.0, 'eval_train_mod4_acc': 1.0, 'eval_train_runtime': 0.5505, 'eval_train_samples_per_second': 1816.421, 'eval_train_steps_per_second': 29.063, 'epoch': 31.91}
{'loss': 0.0, 'learning_rate': 2.9990991544015662e-05, 'epoch': 32.98}
{'eval_eval_loss': 0.00020144689187873155, 'eval_eval_token_acc': 0.942013925894348, 'eval_eval_seq_acc': 0.0, 'eval_eval_move_acc': 0.9985, 'eval_eval_mod4_acc': 0.9994994994994995, 'eval_eval_runtime': 1.1002, 'eval_eval_samples_per_second': 1817.845, 'eval_eval_steps_per_second': 29.086, 'epoch': 32.98}
{'eval_train_loss': 2.851722001651069e-06, 'eval_train_token_acc': 0.9451563214110398, 'eval_train_seq_acc': 0.0, 'eval_train_move_acc': 1.0, 'eval_train_mod4_acc': 1.0, 'eval_train_runtime': 0.5515, 'eval_train_samples_per_second': 1813.175, 'eval_train_steps_per_second': 29.011, 'epoch': 32.98}
  Pushed checkpoint step-8000 to ijinyu1113/ft_mr3_70m_seed1_purenum
{'loss': 0.0003, 'learning_rate': 2.9983409293062717e-05, 'epoch': 34.04}
{'eval_eval_loss': 0.0006680884398519993, 'eval_eval_token_acc': 0.942013925894348, 'eval_eval_seq_acc': 0.0, 'eval_eval_move_acc': 0.9855, 'eval_eval_mod4_acc': 0.9859929964982491, 'eval_eval_runtime': 1.1104, 'eval_eval_samples_per_second': 1801.215, 'eval_eval_steps_per_second': 28.819, 'epoch': 34.04}
{'eval_train_loss': 0.0005316452006809413, 'eval_train_token_acc': 0.9451563214110398, 'eval_train_seq_acc': 0.0, 'eval_train_move_acc': 0.99, 'eval_train_mod4_acc': 0.99, 'eval_train_runtime': 0.5521, 'eval_train_samples_per_second': 1811.198, 'eval_train_steps_per_second': 28.979, 'epoch': 34.04}
{'loss': 0.0004, 'learning_rate': 2.9973531307890522e-05, 'epoch': 35.11}
{'eval_eval_loss': 0.0008748155669309199, 'eval_eval_token_acc': 0.942013925894348, 'eval_eval_seq_acc': 0.0, 'eval_eval_move_acc': 0.9835, 'eval_eval_mod4_acc': 0.9914314516129032, 'eval_eval_runtime': 1.1001, 'eval_eval_samples_per_second': 1817.987, 'eval_eval_steps_per_second': 29.088, 'epoch': 35.11}
{'eval_train_loss': 0.0006413787486962974, 'eval_train_token_acc': 0.9451563214110398, 'eval_train_seq_acc': 0.0, 'eval_train_move_acc': 0.987, 'eval_train_mod4_acc': 0.9929577464788732, 'eval_train_runtime': 0.551, 'eval_train_samples_per_second': 1814.835, 'eval_train_steps_per_second': 29.037, 'epoch': 35.11}
{'loss': 0.0001, 'learning_rate': 2.9961359101988298e-05, 'epoch': 36.17}
{'eval_eval_loss': 0.0001172317352029495, 'eval_eval_token_acc': 0.942013925894348, 'eval_eval_seq_acc': 0.0, 'eval_eval_move_acc': 0.9985, 'eval_eval_mod4_acc': 0.9989994997498749, 'eval_eval_runtime': 1.0996, 'eval_eval_samples_per_second': 1818.825, 'eval_eval_steps_per_second': 29.101, 'epoch': 36.17}
{'eval_train_loss': 1.6868381862877868e-05, 'eval_train_token_acc': 0.9451563214110398, 'eval_train_seq_acc': 0.0, 'eval_train_move_acc': 0.999, 'eval_train_mod4_acc': 0.999, 'eval_train_runtime': 0.5502, 'eval_train_samples_per_second': 1817.685, 'eval_train_steps_per_second': 29.083, 'epoch': 36.17}
{'loss': 0.0, 'learning_rate': 2.9946894540362144e-05, 'epoch': 37.23}
{'eval_eval_loss': 8.044754213187844e-05, 'eval_eval_token_acc': 0.942013925894348, 'eval_eval_seq_acc': 0.0, 'eval_eval_move_acc': 0.9995, 'eval_eval_mod4_acc': 1.0, 'eval_eval_runtime': 1.0997, 'eval_eval_samples_per_second': 1818.728, 'eval_eval_steps_per_second': 29.1, 'epoch': 37.23}
{'eval_train_loss': 5.490838361765782e-07, 'eval_train_token_acc': 0.9451563214110398, 'eval_train_seq_acc': 0.0, 'eval_train_move_acc': 1.0, 'eval_train_mod4_acc': 1.0, 'eval_train_runtime': 0.5512, 'eval_train_samples_per_second': 1814.291, 'eval_train_steps_per_second': 29.029, 'epoch': 37.23}
  Pushed checkpoint step-9000 to ijinyu1113/ft_mr3_70m_seed1_purenum
{'loss': 0.0, 'learning_rate': 2.9930139839249263e-05, 'epoch': 38.3}
{'eval_eval_loss': 0.00013234223297331482, 'eval_eval_token_acc': 0.942013925894348, 'eval_eval_seq_acc': 0.0, 'eval_eval_move_acc': 0.9985, 'eval_eval_mod4_acc': 1.0, 'eval_eval_runtime': 1.1055, 'eval_eval_samples_per_second': 1809.095, 'eval_eval_steps_per_second': 28.946, 'epoch': 38.3}
{'eval_train_loss': 2.525495119698462e-07, 'eval_train_token_acc': 0.9451563214110398, 'eval_train_seq_acc': 0.0, 'eval_train_move_acc': 1.0, 'eval_train_mod4_acc': 1.0, 'eval_train_runtime': 0.5511, 'eval_train_samples_per_second': 1814.615, 'eval_train_steps_per_second': 29.034, 'epoch': 38.3}
{'loss': 0.0006, 'learning_rate': 2.9911097565778392e-05, 'epoch': 39.36}
{'eval_eval_loss': 0.0002796125481836498, 'eval_eval_token_acc': 0.942013925894348, 'eval_eval_seq_acc': 0.0, 'eval_eval_move_acc': 0.9975, 'eval_eval_mod4_acc': 0.99899849774662, 'eval_eval_runtime': 1.1011, 'eval_eval_samples_per_second': 1816.309, 'eval_eval_steps_per_second': 29.061, 'epoch': 39.36}
{'eval_train_loss': 2.9744289349764585e-05, 'eval_train_token_acc': 0.9451563214110398, 'eval_train_seq_acc': 0.0, 'eval_train_move_acc': 0.999, 'eval_train_mod4_acc': 0.999, 'eval_train_runtime': 0.5511, 'eval_train_samples_per_second': 1814.706, 'eval_train_steps_per_second': 29.035, 'epoch': 39.36}
{'loss': 0.0, 'learning_rate': 2.98897706375765e-05, 'epoch': 40.43}
{'eval_eval_loss': 0.0001619548856979236, 'eval_eval_token_acc': 0.942013925894348, 'eval_eval_seq_acc': 0.0, 'eval_eval_move_acc': 0.9985, 'eval_eval_mod4_acc': 0.9989994997498749, 'eval_eval_runtime': 1.0996, 'eval_eval_samples_per_second': 1818.898, 'eval_eval_steps_per_second': 29.102, 'epoch': 40.43}
{'eval_train_loss': 7.809773592271085e-07, 'eval_train_token_acc': 0.9451563214110398, 'eval_train_seq_acc': 0.0, 'eval_train_move_acc': 1.0, 'eval_train_mod4_acc': 1.0, 'eval_train_runtime': 0.5504, 'eval_train_samples_per_second': 1816.904, 'eval_train_steps_per_second': 29.07, 'epoch': 40.43}
{'loss': 0.0, 'learning_rate': 2.9866162322321703e-05, 'epoch': 41.49}
{'eval_eval_loss': 8.854726183926687e-05, 'eval_eval_token_acc': 0.942013925894348, 'eval_eval_seq_acc': 0.0, 'eval_eval_move_acc': 0.9985, 'eval_eval_mod4_acc': 0.9989994997498749, 'eval_eval_runtime': 1.0995, 'eval_eval_samples_per_second': 1818.948, 'eval_eval_steps_per_second': 29.103, 'epoch': 41.49}
{'eval_train_loss': 4.238145550061745e-07, 'eval_train_token_acc': 0.9451563214110398, 'eval_train_seq_acc': 0.0, 'eval_train_move_acc': 1.0, 'eval_train_mod4_acc': 1.0, 'eval_train_runtime': 0.552, 'eval_train_samples_per_second': 1811.444, 'eval_train_steps_per_second': 28.983, 'epoch': 41.49}
  Pushed checkpoint step-10000 to ijinyu1113/ft_mr3_70m_seed1_purenum
{'loss': 0.0, 'learning_rate': 2.9840276237242647e-05, 'epoch': 42.55}
{'eval_eval_loss': 0.00010589919838821515, 'eval_eval_token_acc': 0.942013925894348, 'eval_eval_seq_acc': 0.0, 'eval_eval_move_acc': 0.999, 'eval_eval_mod4_acc': 1.0, 'eval_eval_runtime': 1.1093, 'eval_eval_samples_per_second': 1802.992, 'eval_eval_steps_per_second': 28.848, 'epoch': 42.55}
{'eval_train_loss': 2.2293519919003302e-07, 'eval_train_token_acc': 0.9451563214110398, 'eval_train_seq_acc': 0.0, 'eval_train_move_acc': 1.0, 'eval_train_mod4_acc': 1.0, 'eval_train_runtime': 0.5528, 'eval_train_samples_per_second': 1808.846, 'eval_train_steps_per_second': 28.942, 'epoch': 42.55}
{'loss': 0.0, 'learning_rate': 2.981211634856424e-05, 'epoch': 43.62}
{'eval_eval_loss': 9.981142648030072e-05, 'eval_eval_token_acc': 0.942013925894348, 'eval_eval_seq_acc': 0.0, 'eval_eval_move_acc': 0.999, 'eval_eval_mod4_acc': 1.0, 'eval_eval_runtime': 1.1053, 'eval_eval_samples_per_second': 1809.416, 'eval_eval_steps_per_second': 28.951, 'epoch': 43.62}
{'eval_train_loss': 1.2923634074013535e-07, 'eval_train_token_acc': 0.9451563214110398, 'eval_train_seq_acc': 0.0, 'eval_train_move_acc': 1.0, 'eval_train_mod4_acc': 1.0, 'eval_train_runtime': 0.5529, 'eval_train_samples_per_second': 1808.535, 'eval_train_steps_per_second': 28.937, 'epoch': 43.62}
{'loss': 0.0, 'learning_rate': 2.9781686970899998e-05, 'epoch': 44.68}
{'eval_eval_loss': 0.00010402830230304971, 'eval_eval_token_acc': 0.942013925894348, 'eval_eval_seq_acc': 0.0, 'eval_eval_move_acc': 0.999, 'eval_eval_mod4_acc': 1.0, 'eval_eval_runtime': 1.1016, 'eval_eval_samples_per_second': 1815.582, 'eval_eval_steps_per_second': 29.049, 'epoch': 44.68}
{'eval_train_loss': 9.555459712373704e-08, 'eval_train_token_acc': 0.9451563214110398, 'eval_train_seq_acc': 0.0, 'eval_train_move_acc': 1.0, 'eval_train_mod4_acc': 1.0, 'eval_train_runtime': 0.5517, 'eval_train_samples_per_second': 1812.703, 'eval_train_steps_per_second': 29.003, 'epoch': 44.68}
{'loss': 0.0, 'learning_rate': 2.9748992766590924e-05, 'epoch': 45.74}
{'eval_eval_loss': 0.00010429659596411511, 'eval_eval_token_acc': 0.942013925894348, 'eval_eval_seq_acc': 0.0, 'eval_eval_move_acc': 0.999, 'eval_eval_mod4_acc': 1.0, 'eval_eval_runtime': 1.1015, 'eval_eval_samples_per_second': 1815.636, 'eval_eval_steps_per_second': 29.05, 'epoch': 45.74}
{'eval_train_loss': 7.653559208620209e-08, 'eval_train_token_acc': 0.9451563214110398, 'eval_train_seq_acc': 0.0, 'eval_train_move_acc': 1.0, 'eval_train_mod4_acc': 1.0, 'eval_train_runtime': 0.5521, 'eval_train_samples_per_second': 1811.356, 'eval_train_steps_per_second': 28.982, 'epoch': 45.74}
  Pushed checkpoint step-11000 to ijinyu1113/ft_mr3_70m_seed1_purenum
{'loss': 0.0, 'learning_rate': 2.971403874499117e-05, 'epoch': 46.81}
{'eval_eval_loss': 0.00011102145799668506, 'eval_eval_token_acc': 0.942013925894348, 'eval_eval_seq_acc': 0.0, 'eval_eval_move_acc': 0.999, 'eval_eval_mod4_acc': 1.0, 'eval_eval_runtime': 1.1041, 'eval_eval_samples_per_second': 1811.468, 'eval_eval_steps_per_second': 28.983, 'epoch': 46.81}
{'eval_train_loss': 5.9382539774333054e-08, 'eval_train_token_acc': 0.9451563214110398, 'eval_train_seq_acc': 0.0, 'eval_train_move_acc': 1.0, 'eval_train_mod4_acc': 1.0, 'eval_train_runtime': 0.552, 'eval_train_samples_per_second': 1811.65, 'eval_train_steps_per_second': 28.986, 'epoch': 46.81}
{'loss': 0.0, 'learning_rate': 2.967683026170052e-05, 'epoch': 47.87}
{'eval_eval_loss': 0.0001099888831959106, 'eval_eval_token_acc': 0.942013925894348, 'eval_eval_seq_acc': 0.0, 'eval_eval_move_acc': 0.999, 'eval_eval_mod4_acc': 1.0, 'eval_eval_runtime': 1.1002, 'eval_eval_samples_per_second': 1817.786, 'eval_eval_steps_per_second': 29.085, 'epoch': 47.87}
{'eval_train_loss': 4.575658962835405e-08, 'eval_train_token_acc': 0.9451563214110398, 'eval_train_seq_acc': 0.0, 'eval_train_move_acc': 1.0, 'eval_train_mod4_acc': 1.0, 'eval_train_runtime': 0.5528, 'eval_train_samples_per_second': 1808.879, 'eval_train_steps_per_second': 28.942, 'epoch': 47.87}
{'loss': 0.0, 'learning_rate': 2.963737301774379e-05, 'epoch': 48.94}
{'eval_eval_loss': 0.00011224069021409377, 'eval_eval_token_acc': 0.942013925894348, 'eval_eval_seq_acc': 0.0, 'eval_eval_move_acc': 0.999, 'eval_eval_mod4_acc': 1.0, 'eval_eval_runtime': 1.1019, 'eval_eval_samples_per_second': 1815.0, 'eval_eval_steps_per_second': 29.04, 'epoch': 48.94}
{'eval_train_loss': 3.836530027001572e-08, 'eval_train_token_acc': 0.9451563214110398, 'eval_train_seq_acc': 0.0, 'eval_train_move_acc': 1.0, 'eval_train_mod4_acc': 1.0, 'eval_train_runtime': 0.5514, 'eval_train_samples_per_second': 1813.693, 'eval_train_steps_per_second': 29.019, 'epoch': 48.94}
{'loss': 0.0, 'learning_rate': 2.959567305869736e-05, 'epoch': 50.0}
{'eval_eval_loss': 0.00011586975597310811, 'eval_eval_token_acc': 0.942013925894348, 'eval_eval_seq_acc': 0.0, 'eval_eval_move_acc': 0.999, 'eval_eval_mod4_acc': 1.0, 'eval_eval_runtime': 1.1012, 'eval_eval_samples_per_second': 1816.206, 'eval_eval_steps_per_second': 29.059, 'epoch': 50.0}
{'eval_train_loss': 3.0038400211651606e-08, 'eval_train_token_acc': 0.9451563214110398, 'eval_train_seq_acc': 0.0, 'eval_train_move_acc': 1.0, 'eval_train_mod4_acc': 1.0, 'eval_train_runtime': 0.5519, 'eval_train_samples_per_second': 1812.01, 'eval_train_steps_per_second': 28.992, 'epoch': 50.0}
  Pushed checkpoint step-12000 to ijinyu1113/ft_mr3_70m_seed1_purenum
{'loss': 0.0, 'learning_rate': 2.955173677376284e-05, 'epoch': 51.06}
{'eval_eval_loss': 0.00011827564594568685, 'eval_eval_token_acc': 0.942013925894348, 'eval_eval_seq_acc': 0.0, 'eval_eval_move_acc': 0.999, 'eval_eval_mod4_acc': 1.0, 'eval_eval_runtime': 1.1178, 'eval_eval_samples_per_second': 1789.2, 'eval_eval_steps_per_second': 28.627, 'epoch': 51.06}
{'eval_train_loss': 2.4218879346449285e-08, 'eval_train_token_acc': 0.9451563214110398, 'eval_train_seq_acc': 0.0, 'eval_train_move_acc': 1.0, 'eval_train_mod4_acc': 1.0, 'eval_train_runtime': 0.5568, 'eval_train_samples_per_second': 1795.847, 'eval_train_steps_per_second': 28.734, 'epoch': 51.06}
{'loss': 0.0, 'learning_rate': 2.9505570894788162e-05, 'epoch': 52.13}
{'eval_eval_loss': 0.00012078715371899307, 'eval_eval_token_acc': 0.942013925894348, 'eval_eval_seq_acc': 0.0, 'eval_eval_move_acc': 0.999, 'eval_eval_mod4_acc': 1.0, 'eval_eval_runtime': 1.0997, 'eval_eval_samples_per_second': 1818.692, 'eval_eval_steps_per_second': 29.099, 'epoch': 52.13}
{'eval_train_loss': 1.9607334422744316e-08, 'eval_train_token_acc': 0.9451563214110398, 'eval_train_seq_acc': 0.0, 'eval_train_move_acc': 1.0, 'eval_train_mod4_acc': 1.0, 'eval_train_runtime': 0.5509, 'eval_train_samples_per_second': 1815.264, 'eval_train_steps_per_second': 29.044, 'epoch': 52.13}
{'loss': 0.0, 'learning_rate': 2.9457182495236116e-05, 'epoch': 53.19}
{'eval_eval_loss': 0.0001234347582794726, 'eval_eval_token_acc': 0.942013925894348, 'eval_eval_seq_acc': 0.0, 'eval_eval_move_acc': 0.999, 'eval_eval_mod4_acc': 1.0, 'eval_eval_runtime': 1.1016, 'eval_eval_samples_per_second': 1815.612, 'eval_eval_steps_per_second': 29.05, 'epoch': 53.19}
{'eval_train_loss': 1.8243198951495287e-08, 'eval_train_token_acc': 0.9451563214110398, 'eval_train_seq_acc': 0.0, 'eval_train_move_acc': 1.0, 'eval_train_mod4_acc': 1.0, 'eval_train_runtime': 0.5511, 'eval_train_samples_per_second': 1814.683, 'eval_train_steps_per_second': 29.035, 'epoch': 53.19}
{'loss': 0.0, 'learning_rate': 2.9406578989100573e-05, 'epoch': 54.26}
{'eval_eval_loss': 0.00015144991630222648, 'eval_eval_token_acc': 0.942013925894348, 'eval_eval_seq_acc': 0.0, 'eval_eval_move_acc': 0.999, 'eval_eval_mod4_acc': 1.0, 'eval_eval_runtime': 1.1019, 'eval_eval_samples_per_second': 1815.008, 'eval_eval_steps_per_second': 29.04, 'epoch': 54.26}
{'eval_train_loss': 1.4927080016491345e-08, 'eval_train_token_acc': 0.9451563214110398, 'eval_train_seq_acc': 0.0, 'eval_train_move_acc': 1.0, 'eval_train_mod4_acc': 1.0, 'eval_train_runtime': 0.5533, 'eval_train_samples_per_second': 1807.199, 'eval_train_steps_per_second': 28.915, 'epoch': 54.26}
  Pushed checkpoint step-13000 to ijinyu1113/ft_mr3_70m_seed1_purenum
{'loss': 0.0, 'learning_rate': 2.9353768129770526e-05, 'epoch': 55.32}
{'eval_eval_loss': 0.00012902509479317814, 'eval_eval_token_acc': 0.942013925894348, 'eval_eval_seq_acc': 0.0, 'eval_eval_move_acc': 0.999, 'eval_eval_mod4_acc': 1.0, 'eval_eval_runtime': 1.1074, 'eval_eval_samples_per_second': 1806.06, 'eval_eval_steps_per_second': 28.897, 'epoch': 55.32}
{'eval_train_loss': 1.251746795105646e-08, 'eval_train_token_acc': 0.9451563214110398, 'eval_train_seq_acc': 0.0, 'eval_train_move_acc': 1.0, 'eval_train_mod4_acc': 1.0, 'eval_train_runtime': 0.5551, 'eval_train_samples_per_second': 1801.34, 'eval_train_steps_per_second': 28.821, 'epoch': 55.32}
{'loss': 0.0, 'learning_rate': 2.929875800884212e-05, 'epoch': 56.38}
{'eval_eval_loss': 0.00013235128426458687, 'eval_eval_token_acc': 0.942013925894348, 'eval_eval_seq_acc': 0.0, 'eval_eval_move_acc': 0.999, 'eval_eval_mod4_acc': 1.0, 'eval_eval_runtime': 1.1013, 'eval_eval_samples_per_second': 1815.99, 'eval_eval_steps_per_second': 29.056, 'epoch': 56.38}
{'eval_train_loss': 9.429778735636773e-09, 'eval_train_token_acc': 0.9451563214110398, 'eval_train_seq_acc': 0.0, 'eval_train_move_acc': 1.0, 'eval_train_mod4_acc': 1.0, 'eval_train_runtime': 0.5506, 'eval_train_samples_per_second': 1816.357, 'eval_train_steps_per_second': 29.062, 'epoch': 56.38}
{'loss': 0.0, 'learning_rate': 2.9241557054878875e-05, 'epoch': 57.45}
{'eval_eval_loss': 0.00013440324983093888, 'eval_eval_token_acc': 0.942013925894348, 'eval_eval_seq_acc': 0.0, 'eval_eval_move_acc': 0.999, 'eval_eval_mod4_acc': 1.0, 'eval_eval_runtime': 1.0997, 'eval_eval_samples_per_second': 1818.659, 'eval_eval_steps_per_second': 29.099, 'epoch': 57.45}
{'eval_train_loss': 8.004124474325636e-09, 'eval_train_token_acc': 0.9451563214110398, 'eval_train_seq_acc': 0.0, 'eval_train_move_acc': 1.0, 'eval_train_mod4_acc': 1.0, 'eval_train_runtime': 0.5498, 'eval_train_samples_per_second': 1818.68, 'eval_train_steps_per_second': 29.099, 'epoch': 57.45}
{'loss': 0.0017, 'learning_rate': 2.9182174032120284e-05, 'epoch': 58.51}
{'eval_eval_loss': 0.00027727411361411214, 'eval_eval_token_acc': 0.942013925894348, 'eval_eval_seq_acc': 0.0, 'eval_eval_move_acc': 0.994, 'eval_eval_mod4_acc': 0.997491219267436, 'eval_eval_runtime': 1.1004, 'eval_eval_samples_per_second': 1817.545, 'eval_eval_steps_per_second': 29.081, 'epoch': 58.51}
{'eval_train_loss': 0.00015308380534406751, 'eval_train_token_acc': 0.9451563214110398, 'eval_train_seq_acc': 0.0, 'eval_train_move_acc': 0.997, 'eval_train_mod4_acc': 0.997997997997998, 'eval_train_runtime': 0.5524, 'eval_train_samples_per_second': 1810.402, 'eval_train_steps_per_second': 28.966, 'epoch': 58.51}
  Pushed checkpoint step-14000 to ijinyu1113/ft_mr3_70m_seed1_purenum
{'loss': 0.0001, 'learning_rate': 2.9120618039138956e-05, 'epoch': 59.57}
{'eval_eval_loss': 9.463961032452062e-05, 'eval_eval_token_acc': 0.942013925894348, 'eval_eval_seq_acc': 0.0, 'eval_eval_move_acc': 0.999, 'eval_eval_mod4_acc': 0.9994997498749375, 'eval_eval_runtime': 1.1032, 'eval_eval_samples_per_second': 1812.883, 'eval_eval_steps_per_second': 29.006, 'epoch': 59.57}
{'eval_train_loss': 1.3112306987750344e-05, 'eval_train_token_acc': 0.9451563214110398, 'eval_train_seq_acc': 0.0, 'eval_train_move_acc': 1.0, 'eval_train_mod4_acc': 1.0, 'eval_train_runtime': 0.5516, 'eval_train_samples_per_second': 1812.971, 'eval_train_steps_per_second': 29.008, 'epoch': 59.57}
{'loss': 0.0, 'learning_rate': 2.9056898507446553e-05, 'epoch': 60.64}
{'eval_eval_loss': 0.0001045951503328979, 'eval_eval_token_acc': 0.942013925894348, 'eval_eval_seq_acc': 0.0, 'eval_eval_move_acc': 0.999, 'eval_eval_mod4_acc': 0.9994997498749375, 'eval_eval_runtime': 1.1015, 'eval_eval_samples_per_second': 1815.647, 'eval_eval_steps_per_second': 29.05, 'epoch': 60.64}
{'eval_train_loss': 1.1208924206584925e-06, 'eval_train_token_acc': 0.9451563214110398, 'eval_train_seq_acc': 0.0, 'eval_train_move_acc': 1.0, 'eval_train_mod4_acc': 1.0, 'eval_train_runtime': 0.5515, 'eval_train_samples_per_second': 1813.301, 'eval_train_steps_per_second': 29.013, 'epoch': 60.64}
{'loss': 0.0006, 'learning_rate': 2.8991025200048707e-05, 'epoch': 61.7}
{'eval_eval_loss': 0.00040164071833714843, 'eval_eval_token_acc': 0.942013925894348, 'eval_eval_seq_acc': 0.0, 'eval_eval_move_acc': 0.9945, 'eval_eval_mod4_acc': 0.9945, 'eval_eval_runtime': 1.1003, 'eval_eval_samples_per_second': 1817.71, 'eval_eval_steps_per_second': 29.083, 'epoch': 61.7}
{'eval_train_loss': 0.00035861897049471736, 'eval_train_token_acc': 0.9451563214110398, 'eval_train_seq_acc': 0.0, 'eval_train_move_acc': 0.991, 'eval_train_mod4_acc': 0.991, 'eval_train_runtime': 0.5516, 'eval_train_samples_per_second': 1812.851, 'eval_train_steps_per_second': 29.006, 'epoch': 61.7}
{'loss': 0.0001, 'learning_rate': 2.892300820994915e-05, 'epoch': 62.77}
{'eval_eval_loss': 0.00013094641326460987, 'eval_eval_token_acc': 0.942013925894348, 'eval_eval_seq_acc': 0.0, 'eval_eval_move_acc': 0.999, 'eval_eval_mod4_acc': 0.9994997498749375, 'eval_eval_runtime': 1.099, 'eval_eval_samples_per_second': 1819.814, 'eval_eval_steps_per_second': 29.117, 'epoch': 62.77}
{'eval_train_loss': 1.7352849681628868e-06, 'eval_train_token_acc': 0.9451563214110398, 'eval_train_seq_acc': 0.0, 'eval_train_move_acc': 1.0, 'eval_train_mod4_acc': 1.0, 'eval_train_runtime': 0.5491, 'eval_train_samples_per_second': 1821.323, 'eval_train_steps_per_second': 29.141, 'epoch': 62.77}
  Pushed checkpoint step-15000 to ijinyu1113/ft_mr3_70m_seed1_purenum
{'loss': 0.0, 'learning_rate': 2.8852857958603282e-05, 'epoch': 63.83}
{'eval_eval_loss': 3.6388537409948185e-05, 'eval_eval_token_acc': 0.942013925894348, 'eval_eval_seq_acc': 0.0, 'eval_eval_move_acc': 0.999, 'eval_eval_mod4_acc': 0.999, 'eval_eval_runtime': 1.1039, 'eval_eval_samples_per_second': 1811.721, 'eval_eval_steps_per_second': 28.988, 'epoch': 63.83}
{'eval_train_loss': 1.6302794847433688e-06, 'eval_train_token_acc': 0.9451563214110398, 'eval_train_seq_acc': 0.0, 'eval_train_move_acc': 1.0, 'eval_train_mod4_acc': 1.0, 'eval_train_runtime': 0.555, 'eval_train_samples_per_second': 1801.718, 'eval_train_steps_per_second': 28.827, 'epoch': 63.83}
{'loss': 0.0, 'learning_rate': 2.878058519432141e-05, 'epoch': 64.89}
{'eval_eval_loss': 6.252604362089187e-05, 'eval_eval_token_acc': 0.942013925894348, 'eval_eval_seq_acc': 0.0, 'eval_eval_move_acc': 0.9985, 'eval_eval_mod4_acc': 0.9994994994994995, 'eval_eval_runtime': 1.1022, 'eval_eval_samples_per_second': 1814.596, 'eval_eval_steps_per_second': 29.034, 'epoch': 64.89}
{'eval_train_loss': 2.747898861343856e-06, 'eval_train_token_acc': 0.9451563214110398, 'eval_train_seq_acc': 0.0, 'eval_train_move_acc': 1.0, 'eval_train_mod4_acc': 1.0, 'eval_train_runtime': 0.5522, 'eval_train_samples_per_second': 1810.905, 'eval_train_steps_per_second': 28.974, 'epoch': 64.89}
{'loss': 0.0, 'learning_rate': 2.87062009906219e-05, 'epoch': 65.96}
{'eval_eval_loss': 5.194467303226702e-05, 'eval_eval_token_acc': 0.942013925894348, 'eval_eval_seq_acc': 0.0, 'eval_eval_move_acc': 0.999, 'eval_eval_mod4_acc': 0.9994997498749375, 'eval_eval_runtime': 1.1013, 'eval_eval_samples_per_second': 1815.977, 'eval_eval_steps_per_second': 29.056, 'epoch': 65.96}
{'eval_train_loss': 4.784430984727805e-07, 'eval_train_token_acc': 0.9451563214110398, 'eval_train_seq_acc': 0.0, 'eval_train_move_acc': 1.0, 'eval_train_mod4_acc': 1.0, 'eval_train_runtime': 0.552, 'eval_train_samples_per_second': 1811.646, 'eval_train_steps_per_second': 28.986, 'epoch': 65.96}
{'loss': 0.0, 'learning_rate': 2.862971674453453e-05, 'epoch': 67.02}
{'eval_eval_loss': 6.151643901830539e-05, 'eval_eval_token_acc': 0.942013925894348, 'eval_eval_seq_acc': 0.0, 'eval_eval_move_acc': 0.9995, 'eval_eval_mod4_acc': 0.9995, 'eval_eval_runtime': 1.1001, 'eval_eval_samples_per_second': 1817.964, 'eval_eval_steps_per_second': 29.087, 'epoch': 67.02}
{'eval_train_loss': 4.6018809030101693e-07, 'eval_train_token_acc': 0.9451563214110398, 'eval_train_seq_acc': 0.0, 'eval_train_move_acc': 1.0, 'eval_train_mod4_acc': 1.0, 'eval_train_runtime': 0.5513, 'eval_train_samples_per_second': 1813.915, 'eval_train_steps_per_second': 29.023, 'epoch': 67.02}
  Pushed checkpoint step-16000 to ijinyu1113/ft_mr3_70m_seed1_purenum
{'loss': 0.0, 'learning_rate': 2.8551144174854237e-05, 'epoch': 68.09}
{'eval_eval_loss': 6.107288209022954e-05, 'eval_eval_token_acc': 0.942013925894348, 'eval_eval_seq_acc': 0.0, 'eval_eval_move_acc': 0.9995, 'eval_eval_mod4_acc': 0.9995, 'eval_eval_runtime': 1.1048, 'eval_eval_samples_per_second': 1810.318, 'eval_eval_steps_per_second': 28.965, 'epoch': 68.09}
{'eval_train_loss': 2.587471215065307e-07, 'eval_train_token_acc': 0.9451563214110398, 'eval_train_seq_acc': 0.0, 'eval_train_move_acc': 1.0, 'eval_train_mod4_acc': 1.0, 'eval_train_runtime': 0.5507, 'eval_train_samples_per_second': 1815.916, 'eval_train_steps_per_second': 29.055, 'epoch': 68.09}
{'loss': 0.0, 'learning_rate': 2.8470495320345588e-05, 'epoch': 69.15}
{'eval_eval_loss': 6.05806999374181e-05, 'eval_eval_token_acc': 0.942013925894348, 'eval_eval_seq_acc': 0.0, 'eval_eval_move_acc': 0.999, 'eval_eval_mod4_acc': 0.9994997498749375, 'eval_eval_runtime': 1.1057, 'eval_eval_samples_per_second': 1808.884, 'eval_eval_steps_per_second': 28.942, 'epoch': 69.15}
{'eval_train_loss': 1.7564939014391712e-07, 'eval_train_token_acc': 0.9451563214110398, 'eval_train_seq_acc': 0.0, 'eval_train_move_acc': 1.0, 'eval_train_mod4_acc': 1.0, 'eval_train_runtime': 0.5513, 'eval_train_samples_per_second': 1814.057, 'eval_train_steps_per_second': 29.025, 'epoch': 69.15}
{'loss': 0.0, 'learning_rate': 2.838778253789822e-05, 'epoch': 70.21}
{'eval_eval_loss': 6.303744157776237e-05, 'eval_eval_token_acc': 0.942013925894348, 'eval_eval_seq_acc': 0.0, 'eval_eval_move_acc': 0.999, 'eval_eval_mod4_acc': 0.9994997498749375, 'eval_eval_runtime': 1.1009, 'eval_eval_samples_per_second': 1816.725, 'eval_eval_steps_per_second': 29.068, 'epoch': 70.21}
{'eval_train_loss': 1.343704951750624e-07, 'eval_train_token_acc': 0.9451563214110398, 'eval_train_seq_acc': 0.0, 'eval_train_move_acc': 1.0, 'eval_train_mod4_acc': 1.0, 'eval_train_runtime': 0.5519, 'eval_train_samples_per_second': 1811.984, 'eval_train_steps_per_second': 28.992, 'epoch': 70.21}
{'loss': 0.0, 'learning_rate': 2.830301850063354e-05, 'epoch': 71.28}
{'eval_eval_loss': 6.373741052811965e-05, 'eval_eval_token_acc': 0.942013925894348, 'eval_eval_seq_acc': 0.0, 'eval_eval_move_acc': 0.999, 'eval_eval_mod4_acc': 0.9994997498749375, 'eval_eval_runtime': 1.1001, 'eval_eval_samples_per_second': 1818.023, 'eval_eval_steps_per_second': 29.088, 'epoch': 71.28}
{'eval_train_loss': 1.023719704562609e-07, 'eval_train_token_acc': 0.9451563214110398, 'eval_train_seq_acc': 0.0, 'eval_train_move_acc': 1.0, 'eval_train_mod4_acc': 1.0, 'eval_train_runtime': 0.5505, 'eval_train_samples_per_second': 1816.567, 'eval_train_steps_per_second': 29.065, 'epoch': 71.28}
  Pushed checkpoint step-17000 to ijinyu1113/ft_mr3_70m_seed1_purenum
{'loss': 0.0, 'learning_rate': 2.8216216195962963e-05, 'epoch': 72.34}
{'eval_eval_loss': 6.578967440873384e-05, 'eval_eval_token_acc': 0.942013925894348, 'eval_eval_seq_acc': 0.0, 'eval_eval_move_acc': 0.999, 'eval_eval_mod4_acc': 0.9994997498749375, 'eval_eval_runtime': 1.1091, 'eval_eval_samples_per_second': 1803.213, 'eval_eval_steps_per_second': 28.851, 'epoch': 72.34}
{'eval_train_loss': 8.271812390603372e-08, 'eval_train_token_acc': 0.9451563214110398, 'eval_train_seq_acc': 0.0, 'eval_train_move_acc': 1.0, 'eval_train_mod4_acc': 1.0, 'eval_train_runtime': 0.5523, 'eval_train_samples_per_second': 1810.588, 'eval_train_steps_per_second': 28.969, 'epoch': 72.34}
{'loss': 0.0, 'learning_rate': 2.812738892359801e-05, 'epoch': 73.4}
{'eval_eval_loss': 6.765877333236858e-05, 'eval_eval_token_acc': 0.942013925894348, 'eval_eval_seq_acc': 0.0, 'eval_eval_move_acc': 0.999, 'eval_eval_mod4_acc': 0.9994997498749375, 'eval_eval_runtime': 1.1047, 'eval_eval_samples_per_second': 1810.46, 'eval_eval_steps_per_second': 28.967, 'epoch': 73.4}
{'eval_train_loss': 6.718235567859665e-08, 'eval_train_token_acc': 0.9451563214110398, 'eval_train_seq_acc': 0.0, 'eval_train_move_acc': 1.0, 'eval_train_mod4_acc': 1.0, 'eval_train_runtime': 0.5511, 'eval_train_samples_per_second': 1814.656, 'eval_train_steps_per_second': 29.035, 'epoch': 73.4}
{'loss': 0.0, 'learning_rate': 2.8036550293512534e-05, 'epoch': 74.47}
{'eval_eval_loss': 6.79198928992264e-05, 'eval_eval_token_acc': 0.942013925894348, 'eval_eval_seq_acc': 0.0, 'eval_eval_move_acc': 0.999, 'eval_eval_mod4_acc': 0.9994997498749375, 'eval_eval_runtime': 1.0993, 'eval_eval_samples_per_second': 1819.324, 'eval_eval_steps_per_second': 29.109, 'epoch': 74.47}
{'eval_train_loss': 5.2197723476865576e-08, 'eval_train_token_acc': 0.9451563214110398, 'eval_train_seq_acc': 0.0, 'eval_train_move_acc': 1.0, 'eval_train_mod4_acc': 1.0, 'eval_train_runtime': 0.5503, 'eval_train_samples_per_second': 1817.318, 'eval_train_steps_per_second': 29.077, 'epoch': 74.47}
{'loss': 0.0, 'learning_rate': 2.7943714223857438e-05, 'epoch': 75.53}
{'eval_eval_loss': 6.985205982346088e-05, 'eval_eval_token_acc': 0.942013925894348, 'eval_eval_seq_acc': 0.0, 'eval_eval_move_acc': 0.999, 'eval_eval_mod4_acc': 0.9994997498749375, 'eval_eval_runtime': 1.0986, 'eval_eval_samples_per_second': 1820.488, 'eval_eval_steps_per_second': 29.128, 'epoch': 75.53}
{'eval_train_loss': 4.3870272747881245e-08, 'eval_train_token_acc': 0.9451563214110398, 'eval_train_seq_acc': 0.0, 'eval_train_move_acc': 1.0, 'eval_train_mod4_acc': 1.0, 'eval_train_runtime': 0.5502, 'eval_train_samples_per_second': 1817.367, 'eval_train_steps_per_second': 29.078, 'epoch': 75.53}
  Pushed checkpoint step-18000 to ijinyu1113/ft_mr3_70m_seed1_purenum
{'loss': 0.0, 'learning_rate': 2.7848894938828134e-05, 'epoch': 76.6}
{'eval_eval_loss': 7.121910311980173e-05, 'eval_eval_token_acc': 0.942013925894348, 'eval_eval_seq_acc': 0.0, 'eval_eval_move_acc': 0.999, 'eval_eval_mod4_acc': 0.9994997498749375, 'eval_eval_runtime': 1.1044, 'eval_eval_samples_per_second': 1810.93, 'eval_eval_steps_per_second': 28.975, 'epoch': 76.6}
{'eval_train_loss': 3.538182014040103e-08, 'eval_train_token_acc': 0.9451563214110398, 'eval_train_seq_acc': 0.0, 'eval_train_move_acc': 1.0, 'eval_train_mod4_acc': 1.0, 'eval_train_runtime': 0.5519, 'eval_train_samples_per_second': 1811.943, 'eval_train_steps_per_second': 28.991, 'epoch': 76.6}
{'loss': 0.0, 'learning_rate': 2.7752106966485177e-05, 'epoch': 77.66}
{'eval_eval_loss': 7.188837480498478e-05, 'eval_eval_token_acc': 0.942013925894348, 'eval_eval_seq_acc': 0.0, 'eval_eval_move_acc': 0.999, 'eval_eval_mod4_acc': 0.9994997498749375, 'eval_eval_runtime': 1.1323, 'eval_eval_samples_per_second': 1766.296, 'eval_eval_steps_per_second': 28.261, 'epoch': 77.66}
{'eval_train_loss': 2.912756436046493e-08, 'eval_train_token_acc': 0.9451563214110398, 'eval_train_seq_acc': 0.0, 'eval_train_move_acc': 1.0, 'eval_train_mod4_acc': 1.0, 'eval_train_runtime': 0.556, 'eval_train_samples_per_second': 1798.446, 'eval_train_steps_per_second': 28.775, 'epoch': 77.66}
{'loss': 0.0, 'learning_rate': 2.7653365136528246e-05, 'epoch': 78.72}
{'eval_eval_loss': 7.348524377448484e-05, 'eval_eval_token_acc': 0.942013925894348, 'eval_eval_seq_acc': 0.0, 'eval_eval_move_acc': 0.999, 'eval_eval_mod4_acc': 0.9994997498749375, 'eval_eval_runtime': 1.1001, 'eval_eval_samples_per_second': 1818.072, 'eval_eval_steps_per_second': 29.089, 'epoch': 78.72}
{'eval_train_loss': 2.4251933794516845e-08, 'eval_train_token_acc': 0.9451563214110398, 'eval_train_seq_acc': 0.0, 'eval_train_move_acc': 1.0, 'eval_train_mod4_acc': 1.0, 'eval_train_runtime': 0.5516, 'eval_train_samples_per_second': 1812.831, 'eval_train_steps_per_second': 29.005, 'epoch': 78.72}
{'loss': 0.0, 'learning_rate': 2.7552684578024e-05, 'epoch': 79.79}
{'eval_eval_loss': 7.419066241709515e-05, 'eval_eval_token_acc': 0.942013925894348, 'eval_eval_seq_acc': 0.0, 'eval_eval_move_acc': 0.999, 'eval_eval_mod4_acc': 0.9994997498749375, 'eval_eval_runtime': 1.1017, 'eval_eval_samples_per_second': 1815.444, 'eval_eval_steps_per_second': 29.047, 'epoch': 79.79}
{'eval_train_loss': 2.025717904530211e-08, 'eval_train_token_acc': 0.9451563214110398, 'eval_train_seq_acc': 0.0, 'eval_train_move_acc': 1.0, 'eval_train_mod4_acc': 1.0, 'eval_train_runtime': 0.5516, 'eval_train_samples_per_second': 1813.026, 'eval_train_steps_per_second': 29.008, 'epoch': 79.79}
  Pushed checkpoint step-19000 to ijinyu1113/ft_mr3_70m_seed1_purenum
{'loss': 0.0, 'learning_rate': 2.7450080717087995e-05, 'epoch': 80.85}
{'eval_eval_loss': 7.564200495835394e-05, 'eval_eval_token_acc': 0.942013925894348, 'eval_eval_seq_acc': 0.0, 'eval_eval_move_acc': 0.999, 'eval_eval_mod4_acc': 0.9994997498749375, 'eval_eval_runtime': 1.1034, 'eval_eval_samples_per_second': 1812.586, 'eval_eval_steps_per_second': 29.001, 'epoch': 80.85}
{'eval_train_loss': 1.7042546929246782e-08, 'eval_train_token_acc': 0.9451563214110398, 'eval_train_seq_acc': 0.0, 'eval_train_move_acc': 1.0, 'eval_train_mod4_acc': 1.0, 'eval_train_runtime': 0.5519, 'eval_train_samples_per_second': 1811.809, 'eval_train_steps_per_second': 28.989, 'epoch': 80.85}
{'loss': 0.0, 'learning_rate': 2.7345569274521162e-05, 'epoch': 81.91}
{'eval_eval_loss': 7.67635865486227e-05, 'eval_eval_token_acc': 0.942013925894348, 'eval_eval_seq_acc': 0.0, 'eval_eval_move_acc': 0.999, 'eval_eval_mod4_acc': 0.9994997498749375, 'eval_eval_runtime': 1.1005, 'eval_eval_samples_per_second': 1817.333, 'eval_eval_steps_per_second': 29.077, 'epoch': 81.91}
{'eval_train_loss': 1.4326679398379838e-08, 'eval_train_token_acc': 0.9451563214110398, 'eval_train_seq_acc': 0.0, 'eval_train_move_acc': 1.0, 'eval_train_mod4_acc': 1.0, 'eval_train_runtime': 0.5512, 'eval_train_samples_per_second': 1814.357, 'eval_train_steps_per_second': 29.03, 'epoch': 81.91}
{'loss': 0.0, 'learning_rate': 2.7239166263401055e-05, 'epoch': 82.98}
{'eval_eval_loss': 7.7833428804297e-05, 'eval_eval_token_acc': 0.942013925894348, 'eval_eval_seq_acc': 0.0, 'eval_eval_move_acc': 0.999, 'eval_eval_mod4_acc': 0.9994997498749375, 'eval_eval_runtime': 1.0996, 'eval_eval_samples_per_second': 1818.809, 'eval_eval_steps_per_second': 29.101, 'epoch': 82.98}
{'eval_train_loss': 1.1955146206332756e-08, 'eval_train_token_acc': 0.9451563214110398, 'eval_train_seq_acc': 0.0, 'eval_train_move_acc': 1.0, 'eval_train_mod4_acc': 1.0, 'eval_train_runtime': 0.5502, 'eval_train_samples_per_second': 1817.518, 'eval_train_steps_per_second': 29.08, 'epoch': 82.98}
{'loss': 0.0, 'learning_rate': 2.7130887986628354e-05, 'epoch': 84.04}
{'eval_eval_loss': 7.896951137809083e-05, 'eval_eval_token_acc': 0.942013925894348, 'eval_eval_seq_acc': 0.0, 'eval_eval_move_acc': 0.999, 'eval_eval_mod4_acc': 0.9994997498749375, 'eval_eval_runtime': 1.0997, 'eval_eval_samples_per_second': 1818.618, 'eval_eval_steps_per_second': 29.098, 'epoch': 84.04}
{'eval_train_loss': 1.0036229625143278e-08, 'eval_train_token_acc': 0.9451563214110398, 'eval_train_seq_acc': 0.0, 'eval_train_move_acc': 1.0, 'eval_train_mod4_acc': 1.0, 'eval_train_runtime': 0.5518, 'eval_train_samples_per_second': 1812.32, 'eval_train_steps_per_second': 28.997, 'epoch': 84.04}
  Pushed checkpoint step-20000 to ijinyu1113/ft_mr3_70m_seed1_purenum
{'loss': 0.0, 'learning_rate': 2.7020751034428975e-05, 'epoch': 85.11}
{'eval_eval_loss': 7.999108493095264e-05, 'eval_eval_token_acc': 0.942013925894348, 'eval_eval_seq_acc': 0.0, 'eval_eval_move_acc': 0.999, 'eval_eval_mod4_acc': 0.9994997498749375, 'eval_eval_runtime': 1.1033, 'eval_eval_samples_per_second': 1812.68, 'eval_eval_steps_per_second': 29.003, 'epoch': 85.11}
{'eval_train_loss': 8.356770386797052e-09, 'eval_train_token_acc': 0.9451563214110398, 'eval_train_seq_acc': 0.0, 'eval_train_move_acc': 1.0, 'eval_train_mod4_acc': 1.0, 'eval_train_runtime': 0.5509, 'eval_train_samples_per_second': 1815.247, 'eval_train_steps_per_second': 29.044, 'epoch': 85.11}
{'loss': 0.0, 'learning_rate': 2.690877228181215e-05, 'epoch': 86.17}
{'eval_eval_loss': 8.163404709193856e-05, 'eval_eval_token_acc': 0.942013925894348, 'eval_eval_seq_acc': 0.0, 'eval_eval_move_acc': 0.999, 'eval_eval_mod4_acc': 0.9994997498749375, 'eval_eval_runtime': 1.1004, 'eval_eval_samples_per_second': 1817.511, 'eval_eval_steps_per_second': 29.08, 'epoch': 86.17}
{'eval_train_loss': 7.090873666015796e-09, 'eval_train_token_acc': 0.9451563214110398, 'eval_train_seq_acc': 0.0, 'eval_train_move_acc': 1.0, 'eval_train_mod4_acc': 1.0, 'eval_train_runtime': 0.5514, 'eval_train_samples_per_second': 1813.726, 'eval_train_steps_per_second': 29.02, 'epoch': 86.17}
{'loss': 0.0, 'learning_rate': 2.6794968885984824e-05, 'epoch': 87.23}
{'eval_eval_loss': 8.299225009977818e-05, 'eval_eval_token_acc': 0.942013925894348, 'eval_eval_seq_acc': 0.0, 'eval_eval_move_acc': 0.999, 'eval_eval_mod4_acc': 0.9994997498749375, 'eval_eval_runtime': 1.1014, 'eval_eval_samples_per_second': 1815.837, 'eval_eval_steps_per_second': 29.053, 'epoch': 87.23}
{'eval_train_loss': 5.946136028001092e-09, 'eval_train_token_acc': 0.9451563214110398, 'eval_train_seq_acc': 0.0, 'eval_train_move_acc': 1.0, 'eval_train_mod4_acc': 1.0, 'eval_train_runtime': 0.5505, 'eval_train_samples_per_second': 1816.513, 'eval_train_steps_per_second': 29.064, 'epoch': 87.23}
{'loss': 0.0, 'learning_rate': 2.6679358283722907e-05, 'epoch': 88.3}
{'eval_eval_loss': 8.326615352416411e-05, 'eval_eval_token_acc': 0.942013925894348, 'eval_eval_seq_acc': 0.0, 'eval_eval_move_acc': 0.999, 'eval_eval_mod4_acc': 0.9994997498749375, 'eval_eval_runtime': 1.1021, 'eval_eval_samples_per_second': 1814.683, 'eval_eval_steps_per_second': 29.035, 'epoch': 88.3}
{'eval_train_loss': 4.913201401279821e-09, 'eval_train_token_acc': 0.9451563214110398, 'eval_train_seq_acc': 0.0, 'eval_train_move_acc': 1.0, 'eval_train_mod4_acc': 1.0, 'eval_train_runtime': 0.5521, 'eval_train_samples_per_second': 1811.252, 'eval_train_steps_per_second': 28.98, 'epoch': 88.3}
  Pushed checkpoint step-21000 to ijinyu1113/ft_mr3_70m_seed1_purenum
{'loss': 0.0, 'learning_rate': 2.6561958188699604e-05, 'epoch': 89.36}
{'eval_eval_loss': 8.498253009747714e-05, 'eval_eval_token_acc': 0.942013925894348, 'eval_eval_seq_acc': 0.0, 'eval_eval_move_acc': 0.999, 'eval_eval_mod4_acc': 0.9994997498749375, 'eval_eval_runtime': 1.1022, 'eval_eval_samples_per_second': 1814.622, 'eval_eval_steps_per_second': 29.034, 'epoch': 89.36}
{'eval_train_loss': 4.102822082074908e-09, 'eval_train_token_acc': 0.9451563214110398, 'eval_train_seq_acc': 0.0, 'eval_train_move_acc': 1.0, 'eval_train_mod4_acc': 1.0, 'eval_train_runtime': 0.5513, 'eval_train_samples_per_second': 1813.885, 'eval_train_steps_per_second': 29.022, 'epoch': 89.36}
{'loss': 0.0, 'learning_rate': 2.644278658877136e-05, 'epoch': 90.43}
{'eval_eval_loss': 8.741881902096793e-05, 'eval_eval_token_acc': 0.942013925894348, 'eval_eval_seq_acc': 0.0, 'eval_eval_move_acc': 0.999, 'eval_eval_mod4_acc': 0.9994997498749375, 'eval_eval_runtime': 1.1004, 'eval_eval_samples_per_second': 1817.493, 'eval_eval_steps_per_second': 29.08, 'epoch': 90.43}
{'eval_train_loss': 3.4618605759817456e-09, 'eval_train_token_acc': 0.9451563214110398, 'eval_train_seq_acc': 0.0, 'eval_train_move_acc': 1.0, 'eval_train_mod4_acc': 1.0, 'eval_train_runtime': 0.5505, 'eval_train_samples_per_second': 1816.388, 'eval_train_steps_per_second': 29.062, 'epoch': 90.43}
{'loss': 0.0, 'learning_rate': 2.63218617432218e-05, 'epoch': 91.49}
{'eval_eval_loss': 8.821046503726393e-05, 'eval_eval_token_acc': 0.942013925894348, 'eval_eval_seq_acc': 0.0, 'eval_eval_move_acc': 0.999, 'eval_eval_mod4_acc': 0.9994997498749375, 'eval_eval_runtime': 1.099, 'eval_eval_samples_per_second': 1819.848, 'eval_eval_steps_per_second': 29.118, 'epoch': 91.49}
{'eval_train_loss': 2.9279603186438408e-09, 'eval_train_token_acc': 0.9451563214110398, 'eval_train_seq_acc': 0.0, 'eval_train_move_acc': 1.0, 'eval_train_mod4_acc': 1.0, 'eval_train_runtime': 0.5501, 'eval_train_samples_per_second': 1817.94, 'eval_train_steps_per_second': 29.087, 'epoch': 91.49}
{'loss': 0.0, 'learning_rate': 2.6199202179964063e-05, 'epoch': 92.55}
{'eval_eval_loss': 8.936640369938686e-05, 'eval_eval_token_acc': 0.942013925894348, 'eval_eval_seq_acc': 0.0, 'eval_eval_move_acc': 0.999, 'eval_eval_mod4_acc': 0.9994997498749375, 'eval_eval_runtime': 1.097, 'eval_eval_samples_per_second': 1823.203, 'eval_eval_steps_per_second': 29.171, 'epoch': 92.55}
{'eval_train_loss': 2.5038069395577622e-09, 'eval_train_token_acc': 0.9451563214110398, 'eval_train_seq_acc': 0.0, 'eval_train_move_acc': 1.0, 'eval_train_mod4_acc': 1.0, 'eval_train_runtime': 0.5495, 'eval_train_samples_per_second': 1819.834, 'eval_train_steps_per_second': 29.117, 'epoch': 92.55}
  Pushed checkpoint step-22000 to ijinyu1113/ft_mr3_70m_seed1_purenum
{'loss': 0.0, 'learning_rate': 2.6074826692701983e-05, 'epoch': 93.62}
{'eval_eval_loss': 9.157020394923165e-05, 'eval_eval_token_acc': 0.942013925894348, 'eval_eval_seq_acc': 0.0, 'eval_eval_move_acc': 0.999, 'eval_eval_mod4_acc': 0.9994997498749375, 'eval_eval_runtime': 1.0986, 'eval_eval_samples_per_second': 1820.453, 'eval_eval_steps_per_second': 29.127, 'epoch': 93.62}
{'eval_train_loss': 2.214972871783516e-09, 'eval_train_token_acc': 0.9451563214110398, 'eval_train_seq_acc': 0.0, 'eval_train_move_acc': 1.0, 'eval_train_mod4_acc': 1.0, 'eval_train_runtime': 0.552, 'eval_train_samples_per_second': 1811.589, 'eval_train_steps_per_second': 28.985, 'epoch': 93.62}
{'loss': 0.0, 'learning_rate': 2.594875433805055e-05, 'epoch': 94.68}
{'eval_eval_loss': 9.407527977600694e-05, 'eval_eval_token_acc': 0.942013925894348, 'eval_eval_seq_acc': 0.0, 'eval_eval_move_acc': 0.999, 'eval_eval_mod4_acc': 0.9994997498749375, 'eval_eval_runtime': 1.1, 'eval_eval_samples_per_second': 1818.118, 'eval_eval_steps_per_second': 29.09, 'epoch': 94.68}
{'eval_train_loss': 1.999141741038102e-09, 'eval_train_token_acc': 0.9451563214110398, 'eval_train_seq_acc': 0.0, 'eval_train_move_acc': 1.0, 'eval_train_mod4_acc': 1.0, 'eval_train_runtime': 0.5506, 'eval_train_samples_per_second': 1816.324, 'eval_train_steps_per_second': 29.061, 'epoch': 94.68}
{'loss': 0.0, 'learning_rate': 2.5821004432616087e-05, 'epoch': 95.74}
{'eval_eval_loss': 9.80292315944098e-05, 'eval_eval_token_acc': 0.942013925894348, 'eval_eval_seq_acc': 0.0, 'eval_eval_move_acc': 0.999, 'eval_eval_mod4_acc': 0.9994997498749375, 'eval_eval_runtime': 1.1007, 'eval_eval_samples_per_second': 1817.092, 'eval_eval_steps_per_second': 29.073, 'epoch': 95.74}
{'eval_train_loss': 1.7891381709489451e-09, 'eval_train_token_acc': 0.9451563214110398, 'eval_train_seq_acc': 0.0, 'eval_train_move_acc': 1.0, 'eval_train_mod4_acc': 1.0, 'eval_train_runtime': 0.5506, 'eval_train_samples_per_second': 1816.222, 'eval_train_steps_per_second': 29.06, 'epoch': 95.74}
{'loss': 0.0, 'learning_rate': 2.5691596550036588e-05, 'epoch': 96.81}
{'eval_eval_loss': 0.00010094991012010723, 'eval_eval_token_acc': 0.942013925894348, 'eval_eval_seq_acc': 0.0, 'eval_eval_move_acc': 0.999, 'eval_eval_mod4_acc': 0.9994997498749375, 'eval_eval_runtime': 1.1006, 'eval_eval_samples_per_second': 1817.229, 'eval_eval_steps_per_second': 29.076, 'epoch': 96.81}
{'eval_train_loss': 1.7230583626570706e-09, 'eval_train_token_acc': 0.9451563214110398, 'eval_train_seq_acc': 0.0, 'eval_train_move_acc': 1.0, 'eval_train_mod4_acc': 1.0, 'eval_train_runtime': 0.5505, 'eval_train_samples_per_second': 1816.548, 'eval_train_steps_per_second': 29.065, 'epoch': 96.81}
  Pushed checkpoint step-23000 to ijinyu1113/ft_mr3_70m_seed1_purenum
{'loss': 0.0, 'learning_rate': 2.5560550517982677e-05, 'epoch': 97.87}
{'eval_eval_loss': 0.00010362606553826481, 'eval_eval_token_acc': 0.942013925894348, 'eval_eval_seq_acc': 0.0, 'eval_eval_move_acc': 0.999, 'eval_eval_mod4_acc': 0.9994997498749375, 'eval_eval_runtime': 1.1046, 'eval_eval_samples_per_second': 1810.569, 'eval_eval_steps_per_second': 28.969, 'epoch': 97.87}
{'eval_train_loss': 1.7356170944893279e-09, 'eval_train_token_acc': 0.9451563214110398, 'eval_train_seq_acc': 0.0, 'eval_train_move_acc': 1.0, 'eval_train_mod4_acc': 1.0, 'eval_train_runtime': 0.5518, 'eval_train_samples_per_second': 1812.402, 'eval_train_steps_per_second': 28.998, 'epoch': 97.87}
{'loss': 0.0, 'learning_rate': 2.5427886415119635e-05, 'epoch': 98.94}
{'eval_eval_loss': 0.0001082869857782498, 'eval_eval_token_acc': 0.942013925894348, 'eval_eval_seq_acc': 0.0, 'eval_eval_move_acc': 0.999, 'eval_eval_mod4_acc': 0.9994997498749375, 'eval_eval_runtime': 1.1016, 'eval_eval_samples_per_second': 1815.514, 'eval_eval_steps_per_second': 29.048, 'epoch': 98.94}
{'eval_train_loss': 2.069202809096282e-09, 'eval_train_token_acc': 0.9451563214110398, 'eval_train_seq_acc': 0.0, 'eval_train_move_acc': 1.0, 'eval_train_mod4_acc': 1.0, 'eval_train_runtime': 0.5508, 'eval_train_samples_per_second': 1815.612, 'eval_train_steps_per_second': 29.05, 'epoch': 98.94}
{'loss': 0.0, 'learning_rate': 2.5293624568031008e-05, 'epoch': 100.0}
{'eval_eval_loss': 0.00011274694406893104, 'eval_eval_token_acc': 0.942013925894348, 'eval_eval_seq_acc': 0.0, 'eval_eval_move_acc': 0.999, 'eval_eval_mod4_acc': 0.9994997498749375, 'eval_eval_runtime': 1.1006, 'eval_eval_samples_per_second': 1817.117, 'eval_eval_steps_per_second': 29.074, 'epoch': 100.0}
{'eval_train_loss': 2.4771704687509555e-09, 'eval_train_token_acc': 0.9451563214110398, 'eval_train_seq_acc': 0.0, 'eval_train_move_acc': 1.0, 'eval_train_mod4_acc': 1.0, 'eval_train_runtime': 0.551, 'eval_train_samples_per_second': 1814.957, 'eval_train_steps_per_second': 29.039, 'epoch': 100.0}
{'loss': 0.0, 'learning_rate': 2.515778554810415e-05, 'epoch': 101.06}
{'eval_eval_loss': 0.0001187039160868153, 'eval_eval_token_acc': 0.942013925894348, 'eval_eval_seq_acc': 0.0, 'eval_eval_move_acc': 0.999, 'eval_eval_mod4_acc': 0.9994997498749375, 'eval_eval_runtime': 1.1002, 'eval_eval_samples_per_second': 1817.775, 'eval_eval_steps_per_second': 29.084, 'epoch': 101.06}
{'eval_train_loss': 3.4830045514411268e-09, 'eval_train_token_acc': 0.9451563214110398, 'eval_train_seq_acc': 0.0, 'eval_train_move_acc': 1.0, 'eval_train_mod4_acc': 1.0, 'eval_train_runtime': 0.5522, 'eval_train_samples_per_second': 1811.029, 'eval_train_steps_per_second': 28.976, 'epoch': 101.06}
  Pushed checkpoint step-24000 to ijinyu1113/ft_mr3_70m_seed1_purenum
{'loss': 0.0005, 'learning_rate': 2.5020390168378374e-05, 'epoch': 102.13}
{'eval_eval_loss': 0.0017027459107339382, 'eval_eval_token_acc': 0.942013925894348, 'eval_eval_seq_acc': 0.0, 'eval_eval_move_acc': 0.9695, 'eval_eval_mod4_acc': 0.9699849924962481, 'eval_eval_runtime': 1.1025, 'eval_eval_samples_per_second': 1814.134, 'eval_eval_steps_per_second': 29.026, 'epoch': 102.13}
{'eval_train_loss': 0.001522158388979733, 'eval_train_token_acc': 0.9451563214110398, 'eval_train_seq_acc': 0.0, 'eval_train_move_acc': 0.978, 'eval_train_mod4_acc': 0.9799599198396793, 'eval_train_runtime': 0.5508, 'eval_train_samples_per_second': 1815.42, 'eval_train_steps_per_second': 29.047, 'epoch': 102.13}
{'loss': 0.0001, 'learning_rate': 2.4881459480355942e-05, 'epoch': 103.19}
{'eval_eval_loss': 0.0001414252183167264, 'eval_eval_token_acc': 0.942013925894348, 'eval_eval_seq_acc': 0.0, 'eval_eval_move_acc': 0.9985, 'eval_eval_mod4_acc': 0.9994994994994995, 'eval_eval_runtime': 1.1, 'eval_eval_samples_per_second': 1818.227, 'eval_eval_steps_per_second': 29.092, 'epoch': 103.19}
{'eval_train_loss': 7.013682534307009e-06, 'eval_train_token_acc': 0.9451563214110398, 'eval_train_seq_acc': 0.0, 'eval_train_move_acc': 1.0, 'eval_train_mod4_acc': 1.0, 'eval_train_runtime': 0.5507, 'eval_train_samples_per_second': 1815.905, 'eval_train_steps_per_second': 29.054, 'epoch': 103.19}
{'loss': 0.0, 'learning_rate': 2.4741014770776632e-05, 'epoch': 104.26}
{'eval_eval_loss': 0.00010263595322612673, 'eval_eval_token_acc': 0.942013925894348, 'eval_eval_seq_acc': 0.0, 'eval_eval_move_acc': 0.999, 'eval_eval_mod4_acc': 0.9994997498749375, 'eval_eval_runtime': 1.1061, 'eval_eval_samples_per_second': 1808.162, 'eval_eval_steps_per_second': 28.931, 'epoch': 104.26}
{'eval_train_loss': 9.435650554223685e-07, 'eval_train_token_acc': 0.9451563214110398, 'eval_train_seq_acc': 0.0, 'eval_train_move_acc': 1.0, 'eval_train_mod4_acc': 1.0, 'eval_train_runtime': 0.552, 'eval_train_samples_per_second': 1811.433, 'eval_train_steps_per_second': 28.983, 'epoch': 104.26}
{'loss': 0.0, 'learning_rate': 2.4599077558356208e-05, 'epoch': 105.32}
{'eval_eval_loss': 9.652744483901188e-05, 'eval_eval_token_acc': 0.942013925894348, 'eval_eval_seq_acc': 0.0, 'eval_eval_move_acc': 0.999, 'eval_eval_mod4_acc': 0.9994997498749375, 'eval_eval_runtime': 1.0994, 'eval_eval_samples_per_second': 1819.222, 'eval_eval_steps_per_second': 29.108, 'epoch': 105.32}
{'eval_train_loss': 2.6063736413561855e-07, 'eval_train_token_acc': 0.9451563214110398, 'eval_train_seq_acc': 0.0, 'eval_train_move_acc': 1.0, 'eval_train_mod4_acc': 1.0, 'eval_train_runtime': 0.5505, 'eval_train_samples_per_second': 1816.539, 'eval_train_steps_per_second': 29.065, 'epoch': 105.32}
  Pushed checkpoint step-25000 to ijinyu1113/ft_mr3_70m_seed1_purenum
{'loss': 0.0, 'learning_rate': 2.445566959048934e-05, 'epoch': 106.38}
{'eval_eval_loss': 0.00010518290946492925, 'eval_eval_token_acc': 0.942013925894348, 'eval_eval_seq_acc': 0.0, 'eval_eval_move_acc': 0.999, 'eval_eval_mod4_acc': 0.9994997498749375, 'eval_eval_runtime': 1.1043, 'eval_eval_samples_per_second': 1811.022, 'eval_eval_steps_per_second': 28.976, 'epoch': 106.38}
{'eval_train_loss': 1.9971614051428332e-07, 'eval_train_token_acc': 0.9451563214110398, 'eval_train_seq_acc': 0.0, 'eval_train_move_acc': 1.0, 'eval_train_mod4_acc': 1.0, 'eval_train_runtime': 0.5521, 'eval_train_samples_per_second': 1811.267, 'eval_train_steps_per_second': 28.98, 'epoch': 106.38}
{'loss': 0.0, 'learning_rate': 2.4310812839917536e-05, 'epoch': 107.45}
{'eval_eval_loss': 0.00011063963756896555, 'eval_eval_token_acc': 0.942013925894348, 'eval_eval_seq_acc': 0.0, 'eval_eval_move_acc': 0.999, 'eval_eval_mod4_acc': 0.9994997498749375, 'eval_eval_runtime': 1.1027, 'eval_eval_samples_per_second': 1813.719, 'eval_eval_steps_per_second': 29.02, 'epoch': 107.45}
{'eval_train_loss': 1.6022715954022715e-07, 'eval_train_token_acc': 0.9451563214110398, 'eval_train_seq_acc': 0.0, 'eval_train_move_acc': 1.0, 'eval_train_mod4_acc': 1.0, 'eval_train_runtime': 0.5523, 'eval_train_samples_per_second': 1810.76, 'eval_train_steps_per_second': 28.972, 'epoch': 107.45}
{'loss': 0.0, 'learning_rate': 2.416452950136248e-05, 'epoch': 108.51}
{'eval_eval_loss': 0.00011419569636927918, 'eval_eval_token_acc': 0.942013925894348, 'eval_eval_seq_acc': 0.0, 'eval_eval_move_acc': 0.999, 'eval_eval_mod4_acc': 0.9994997498749375, 'eval_eval_runtime': 1.1064, 'eval_eval_samples_per_second': 1807.638, 'eval_eval_steps_per_second': 28.922, 'epoch': 108.51}
{'eval_train_loss': 1.2701377727353247e-07, 'eval_train_token_acc': 0.9451563214110398, 'eval_train_seq_acc': 0.0, 'eval_train_move_acc': 1.0, 'eval_train_mod4_acc': 1.0, 'eval_train_runtime': 0.5535, 'eval_train_samples_per_second': 1806.696, 'eval_train_steps_per_second': 28.907, 'epoch': 108.51}
{'loss': 0.0, 'learning_rate': 2.401684198812541e-05, 'epoch': 109.57}
{'eval_eval_loss': 0.00011640612501651049, 'eval_eval_token_acc': 0.942013925894348, 'eval_eval_seq_acc': 0.0, 'eval_eval_move_acc': 0.999, 'eval_eval_mod4_acc': 0.9994997498749375, 'eval_eval_runtime': 1.1001, 'eval_eval_samples_per_second': 1817.974, 'eval_eval_steps_per_second': 29.088, 'epoch': 109.57}
{'eval_train_loss': 1.0263961058853965e-07, 'eval_train_token_acc': 0.9451563214110398, 'eval_train_seq_acc': 0.0, 'eval_train_move_acc': 1.0, 'eval_train_mod4_acc': 1.0, 'eval_train_runtime': 0.551, 'eval_train_samples_per_second': 1815.028, 'eval_train_steps_per_second': 29.04, 'epoch': 109.57}
  Pushed checkpoint step-26000 to ijinyu1113/ft_mr3_70m_seed1_purenum
{'loss': 0.0, 'learning_rate': 2.386777292865297e-05, 'epoch': 110.64}
{'eval_eval_loss': 0.00011985097808064893, 'eval_eval_token_acc': 0.942013925894348, 'eval_eval_seq_acc': 0.0, 'eval_eval_move_acc': 0.999, 'eval_eval_mod4_acc': 0.9994997498749375, 'eval_eval_runtime': 1.104, 'eval_eval_samples_per_second': 1811.586, 'eval_eval_steps_per_second': 28.985, 'epoch': 110.64}
{'eval_train_loss': 8.56564099649404e-08, 'eval_train_token_acc': 0.9451563214110398, 'eval_train_seq_acc': 0.0, 'eval_train_move_acc': 1.0, 'eval_train_mod4_acc': 1.0, 'eval_train_runtime': 0.5525, 'eval_train_samples_per_second': 1810.025, 'eval_train_steps_per_second': 28.96, 'epoch': 110.64}
{'loss': 0.0, 'learning_rate': 2.371734516307015e-05, 'epoch': 111.7}
{'eval_eval_loss': 0.00012202613288536668, 'eval_eval_token_acc': 0.942013925894348, 'eval_eval_seq_acc': 0.0, 'eval_eval_move_acc': 0.999, 'eval_eval_mod4_acc': 0.9994997498749375, 'eval_eval_runtime': 1.1029, 'eval_eval_samples_per_second': 1813.483, 'eval_eval_steps_per_second': 29.016, 'epoch': 111.7}
{'eval_train_loss': 6.860731360802674e-08, 'eval_train_token_acc': 0.9451563214110398, 'eval_train_seq_acc': 0.0, 'eval_train_move_acc': 1.0, 'eval_train_mod4_acc': 1.0, 'eval_train_runtime': 0.5523, 'eval_train_samples_per_second': 1810.525, 'eval_train_steps_per_second': 28.968, 'epoch': 111.7}
{'loss': 0.0, 'learning_rate': 2.3565581739680718e-05, 'epoch': 112.77}
{'eval_eval_loss': 0.00012526617501862347, 'eval_eval_token_acc': 0.942013925894348, 'eval_eval_seq_acc': 0.0, 'eval_eval_move_acc': 0.999, 'eval_eval_mod4_acc': 0.9994997498749375, 'eval_eval_runtime': 1.1023, 'eval_eval_samples_per_second': 1814.341, 'eval_eval_steps_per_second': 29.029, 'epoch': 112.77}
{'eval_train_loss': 5.804733760328418e-08, 'eval_train_token_acc': 0.9451563214110398, 'eval_train_seq_acc': 0.0, 'eval_train_move_acc': 1.0, 'eval_train_mod4_acc': 1.0, 'eval_train_runtime': 0.5552, 'eval_train_samples_per_second': 1801.227, 'eval_train_steps_per_second': 28.82, 'epoch': 112.77}
{'loss': 0.0, 'learning_rate': 2.3412505911435827e-05, 'epoch': 113.83}
{'eval_eval_loss': 0.00012705875269602984, 'eval_eval_token_acc': 0.942013925894348, 'eval_eval_seq_acc': 0.0, 'eval_eval_move_acc': 0.999, 'eval_eval_mod4_acc': 0.9994997498749375, 'eval_eval_runtime': 1.102, 'eval_eval_samples_per_second': 1814.825, 'eval_eval_steps_per_second': 29.037, 'epoch': 113.83}
{'eval_train_loss': 4.876204329207212e-08, 'eval_train_token_acc': 0.9451563214110398, 'eval_train_seq_acc': 0.0, 'eval_train_move_acc': 1.0, 'eval_train_mod4_acc': 1.0, 'eval_train_runtime': 0.5503, 'eval_train_samples_per_second': 1817.135, 'eval_train_steps_per_second': 29.074, 'epoch': 113.83}
  Pushed checkpoint step-27000 to ijinyu1113/ft_mr3_70m_seed1_purenum
{'loss': 0.0, 'learning_rate': 2.3258141132371215e-05, 'epoch': 114.89}
{'eval_eval_loss': 0.0001306339690927416, 'eval_eval_token_acc': 0.942013925894348, 'eval_eval_seq_acc': 0.0, 'eval_eval_move_acc': 0.999, 'eval_eval_mod4_acc': 0.9994997498749375, 'eval_eval_runtime': 1.1022, 'eval_eval_samples_per_second': 1814.509, 'eval_eval_steps_per_second': 29.032, 'epoch': 114.89}
{'eval_train_loss': 4.332599345957533e-08, 'eval_train_token_acc': 0.9451563214110398, 'eval_train_seq_acc': 0.0, 'eval_train_move_acc': 1.0, 'eval_train_mod4_acc': 1.0, 'eval_train_runtime': 0.5529, 'eval_train_samples_per_second': 1808.596, 'eval_train_steps_per_second': 28.938, 'epoch': 114.89}
{'loss': 0.0, 'learning_rate': 2.3102511054013615e-05, 'epoch': 115.96}
{'eval_eval_loss': 0.0001320204755757004, 'eval_eval_token_acc': 0.942013925894348, 'eval_eval_seq_acc': 0.0, 'eval_eval_move_acc': 0.999, 'eval_eval_mod4_acc': 0.9994997498749375, 'eval_eval_runtime': 1.1008, 'eval_eval_samples_per_second': 1816.841, 'eval_eval_steps_per_second': 29.069, 'epoch': 115.96}
{'eval_train_loss': 3.5112464047415415e-08, 'eval_train_token_acc': 0.9451563214110398, 'eval_train_seq_acc': 0.0, 'eval_train_move_acc': 1.0, 'eval_train_mod4_acc': 1.0, 'eval_train_runtime': 0.5508, 'eval_train_samples_per_second': 1815.519, 'eval_train_steps_per_second': 29.048, 'epoch': 115.96}
{'loss': 0.0, 'learning_rate': 2.2945639521756923e-05, 'epoch': 117.02}
{'eval_eval_loss': 0.00013437450979836285, 'eval_eval_token_acc': 0.942013925894348, 'eval_eval_seq_acc': 0.0, 'eval_eval_move_acc': 0.999, 'eval_eval_mod4_acc': 0.9994997498749375, 'eval_eval_runtime': 1.101, 'eval_eval_samples_per_second': 1816.476, 'eval_eval_steps_per_second': 29.064, 'epoch': 117.02}
{'eval_train_loss': 3.006607229849578e-08, 'eval_train_token_acc': 0.9451563214110398, 'eval_train_seq_acc': 0.0, 'eval_train_move_acc': 1.0, 'eval_train_mod4_acc': 1.0, 'eval_train_runtime': 0.5509, 'eval_train_samples_per_second': 1815.06, 'eval_train_steps_per_second': 29.041, 'epoch': 117.02}
{'loss': 0.0, 'learning_rate': 2.278755057120863e-05, 'epoch': 118.09}
{'eval_eval_loss': 0.0001371238031424582, 'eval_eval_token_acc': 0.942013925894348, 'eval_eval_seq_acc': 0.0, 'eval_eval_move_acc': 0.999, 'eval_eval_mod4_acc': 0.9994997498749375, 'eval_eval_runtime': 1.0995, 'eval_eval_samples_per_second': 1819.084, 'eval_eval_steps_per_second': 29.105, 'epoch': 118.09}
{'eval_train_loss': 2.565159107348336e-08, 'eval_train_token_acc': 0.9451563214110398, 'eval_train_seq_acc': 0.0, 'eval_train_move_acc': 1.0, 'eval_train_mod4_acc': 1.0, 'eval_train_runtime': 0.5526, 'eval_train_samples_per_second': 1809.699, 'eval_train_steps_per_second': 28.955, 'epoch': 118.09}
  Pushed checkpoint step-28000 to ijinyu1113/ft_mr3_70m_seed1_purenum
{'loss': 0.0, 'learning_rate': 2.2628268424507127e-05, 'epoch': 119.15}
{'eval_eval_loss': 0.0001393388956785202, 'eval_eval_token_acc': 0.942013925894348, 'eval_eval_seq_acc': 0.0, 'eval_eval_move_acc': 0.999, 'eval_eval_mod4_acc': 0.9994997498749375, 'eval_eval_runtime': 1.104, 'eval_eval_samples_per_second': 1811.539, 'eval_eval_steps_per_second': 28.985, 'epoch': 119.15}
{'eval_train_loss': 2.1847929687623946e-08, 'eval_train_token_acc': 0.9451563214110398, 'eval_train_seq_acc': 0.0, 'eval_train_move_acc': 1.0, 'eval_train_mod4_acc': 1.0, 'eval_train_runtime': 0.5532, 'eval_train_samples_per_second': 1807.506, 'eval_train_steps_per_second': 28.92, 'epoch': 119.15}
{'loss': 0.0, 'learning_rate': 2.2467817486610425e-05, 'epoch': 120.21}
{'eval_eval_loss': 0.00014084239955991507, 'eval_eval_token_acc': 0.942013925894348, 'eval_eval_seq_acc': 0.0, 'eval_eval_move_acc': 0.999, 'eval_eval_mod4_acc': 0.9994997498749375, 'eval_eval_runtime': 1.1033, 'eval_eval_samples_per_second': 1812.757, 'eval_eval_steps_per_second': 29.004, 'epoch': 120.21}
{'eval_train_loss': 1.8268407231403216e-08, 'eval_train_token_acc': 0.9451563214110398, 'eval_train_seq_acc': 0.0, 'eval_train_move_acc': 1.0, 'eval_train_mod4_acc': 1.0, 'eval_train_runtime': 0.5524, 'eval_train_samples_per_second': 1810.35, 'eval_train_steps_per_second': 28.966, 'epoch': 120.21}
{'loss': 0.0, 'learning_rate': 2.2306222341556868e-05, 'epoch': 121.28}
{'eval_eval_loss': 0.00014252438268158585, 'eval_eval_token_acc': 0.942013925894348, 'eval_eval_seq_acc': 0.0, 'eval_eval_move_acc': 0.999, 'eval_eval_mod4_acc': 0.9994997498749375, 'eval_eval_runtime': 1.1001, 'eval_eval_samples_per_second': 1818.081, 'eval_eval_steps_per_second': 29.089, 'epoch': 121.28}
{'eval_train_loss': 1.507560476454728e-08, 'eval_train_token_acc': 0.9451563214110398, 'eval_train_seq_acc': 0.0, 'eval_train_move_acc': 1.0, 'eval_train_mod4_acc': 1.0, 'eval_train_runtime': 0.5511, 'eval_train_samples_per_second': 1814.708, 'eval_train_steps_per_second': 29.035, 'epoch': 121.28}
{'loss': 0.0, 'learning_rate': 2.214350774869842e-05, 'epoch': 122.34}
{'eval_eval_loss': 0.00014584523160010576, 'eval_eval_token_acc': 0.942013925894348, 'eval_eval_seq_acc': 0.0, 'eval_eval_move_acc': 0.999, 'eval_eval_mod4_acc': 0.9994997498749375, 'eval_eval_runtime': 1.0999, 'eval_eval_samples_per_second': 1818.372, 'eval_eval_steps_per_second': 29.094, 'epoch': 122.34}
{'eval_train_loss': 1.3289661815463205e-08, 'eval_train_token_acc': 0.9451563214110398, 'eval_train_seq_acc': 0.0, 'eval_train_move_acc': 1.0, 'eval_train_mod4_acc': 1.0, 'eval_train_runtime': 0.5505, 'eval_train_samples_per_second': 1816.616, 'eval_train_steps_per_second': 29.066, 'epoch': 122.34}
  Pushed checkpoint step-29000 to ijinyu1113/ft_mr3_70m_seed1_purenum
{'loss': 0.0, 'learning_rate': 2.197969863890705e-05, 'epoch': 123.4}
{'eval_eval_loss': 0.00014844245743006468, 'eval_eval_token_acc': 0.942013925894348, 'eval_eval_seq_acc': 0.0, 'eval_eval_move_acc': 0.999, 'eval_eval_mod4_acc': 0.9994997498749375, 'eval_eval_runtime': 1.1074, 'eval_eval_samples_per_second': 1806.085, 'eval_eval_steps_per_second': 28.897, 'epoch': 123.4}
{'eval_train_loss': 1.1478712202972474e-08, 'eval_train_token_acc': 0.9451563214110398, 'eval_train_seq_acc': 0.0, 'eval_train_move_acc': 1.0, 'eval_train_mod4_acc': 1.0, 'eval_train_runtime': 0.5529, 'eval_train_samples_per_second': 1808.635, 'eval_train_steps_per_second': 28.938, 'epoch': 123.4}
{'loss': 0.0, 'learning_rate': 2.1814820110754875e-05, 'epoch': 124.47}
{'eval_eval_loss': 0.0001504430256318301, 'eval_eval_token_acc': 0.942013925894348, 'eval_eval_seq_acc': 0.0, 'eval_eval_move_acc': 0.999, 'eval_eval_mod4_acc': 0.9994997498749375, 'eval_eval_runtime': 1.1011, 'eval_eval_samples_per_second': 1816.334, 'eval_eval_steps_per_second': 29.061, 'epoch': 124.47}
{'eval_train_loss': 9.800741551657666e-09, 'eval_train_token_acc': 0.9451563214110398, 'eval_train_seq_acc': 0.0, 'eval_train_move_acc': 1.0, 'eval_train_mod4_acc': 1.0, 'eval_train_runtime': 0.5525, 'eval_train_samples_per_second': 1809.812, 'eval_train_steps_per_second': 28.957, 'epoch': 124.47}
{'loss': 0.0, 'learning_rate': 2.1648897426668606e-05, 'epoch': 125.53}
{'eval_eval_loss': 0.0001519972283858806, 'eval_eval_token_acc': 0.942013925894348, 'eval_eval_seq_acc': 0.0, 'eval_eval_move_acc': 0.999, 'eval_eval_mod4_acc': 0.9994997498749375, 'eval_eval_runtime': 1.1024, 'eval_eval_samples_per_second': 1814.205, 'eval_eval_steps_per_second': 29.027, 'epoch': 125.53}
{'eval_train_loss': 8.34152391604448e-09, 'eval_train_token_acc': 0.9451563214110398, 'eval_train_seq_acc': 0.0, 'eval_train_move_acc': 1.0, 'eval_train_mod4_acc': 1.0, 'eval_train_runtime': 0.5505, 'eval_train_samples_per_second': 1816.477, 'eval_train_steps_per_second': 29.064, 'epoch': 125.53}
{'loss': 0.0, 'learning_rate': 2.148195600905887e-05, 'epoch': 126.6}
{'eval_eval_loss': 0.00015373749192804098, 'eval_eval_token_acc': 0.942013925894348, 'eval_eval_seq_acc': 0.0, 'eval_eval_move_acc': 0.9985, 'eval_eval_mod4_acc': 0.9994994994994995, 'eval_eval_runtime': 1.1009, 'eval_eval_samples_per_second': 1816.774, 'eval_eval_steps_per_second': 29.068, 'epoch': 126.6}
{'eval_train_loss': 6.967360022258617e-09, 'eval_train_token_acc': 0.9451563214110398, 'eval_train_seq_acc': 0.0, 'eval_train_move_acc': 1.0, 'eval_train_mod4_acc': 1.0, 'eval_train_runtime': 0.551, 'eval_train_samples_per_second': 1814.725, 'eval_train_steps_per_second': 29.036, 'epoch': 126.6}
  Pushed checkpoint step-30000 to ijinyu1113/ft_mr3_70m_seed1_purenum
{'loss': 0.0, 'learning_rate': 2.1314021436425026e-05, 'epoch': 127.66}
{'eval_eval_loss': 0.0001572082401253283, 'eval_eval_token_acc': 0.942013925894348, 'eval_eval_seq_acc': 0.0, 'eval_eval_move_acc': 0.9985, 'eval_eval_mod4_acc': 0.9994994994994995, 'eval_eval_runtime': 1.1041, 'eval_eval_samples_per_second': 1811.377, 'eval_eval_steps_per_second': 28.982, 'epoch': 127.66}
{'eval_train_loss': 5.995792307089687e-09, 'eval_train_token_acc': 0.9451563214110398, 'eval_train_seq_acc': 0.0, 'eval_train_move_acc': 1.0, 'eval_train_mod4_acc': 1.0, 'eval_train_runtime': 0.5523, 'eval_train_samples_per_second': 1810.459, 'eval_train_steps_per_second': 28.967, 'epoch': 127.66}
{'loss': 0.0, 'learning_rate': 2.1145119439436072e-05, 'epoch': 128.72}
{'eval_eval_loss': 0.0001591598556842655, 'eval_eval_token_acc': 0.942013925894348, 'eval_eval_seq_acc': 0.0, 'eval_eval_move_acc': 0.9985, 'eval_eval_mod4_acc': 0.9994994994994995, 'eval_eval_runtime': 1.1032, 'eval_eval_samples_per_second': 1812.83, 'eval_eval_steps_per_second': 29.005, 'epoch': 128.72}
{'eval_train_loss': 4.914555429280654e-09, 'eval_train_token_acc': 0.9451563214110398, 'eval_train_seq_acc': 0.0, 'eval_train_move_acc': 1.0, 'eval_train_mod4_acc': 1.0, 'eval_train_runtime': 0.5521, 'eval_train_samples_per_second': 1811.116, 'eval_train_steps_per_second': 28.978, 'epoch': 128.72}
{'loss': 0.0, 'learning_rate': 2.097527589698823e-05, 'epoch': 129.79}
{'eval_eval_loss': 0.0001617194211576134, 'eval_eval_token_acc': 0.942013925894348, 'eval_eval_seq_acc': 0.0, 'eval_eval_move_acc': 0.9985, 'eval_eval_mod4_acc': 0.9994994994994995, 'eval_eval_runtime': 1.1054, 'eval_eval_samples_per_second': 1809.286, 'eval_eval_steps_per_second': 28.949, 'epoch': 129.79}
{'eval_train_loss': 3.96811339342662e-09, 'eval_train_token_acc': 0.9451563214110398, 'eval_train_seq_acc': 0.0, 'eval_train_move_acc': 1.0, 'eval_train_mod4_acc': 1.0, 'eval_train_runtime': 0.5498, 'eval_train_samples_per_second': 1818.982, 'eval_train_steps_per_second': 29.104, 'epoch': 129.79}
{'loss': 0.0, 'learning_rate': 2.080451683223983e-05, 'epoch': 130.85}
{'eval_eval_loss': 0.00016627259901724756, 'eval_eval_token_acc': 0.942013925894348, 'eval_eval_seq_acc': 0.0, 'eval_eval_move_acc': 0.9985, 'eval_eval_mod4_acc': 0.9994994994994995, 'eval_eval_runtime': 1.1018, 'eval_eval_samples_per_second': 1815.276, 'eval_eval_steps_per_second': 29.044, 'epoch': 130.85}
{'eval_train_loss': 3.1729345817410604e-09, 'eval_train_token_acc': 0.9451563214110398, 'eval_train_seq_acc': 0.0, 'eval_train_move_acc': 1.0, 'eval_train_mod4_acc': 1.0, 'eval_train_runtime': 0.5517, 'eval_train_samples_per_second': 1812.718, 'eval_train_steps_per_second': 29.003, 'epoch': 130.85}
  Pushed checkpoint step-31000 to ijinyu1113/ft_mr3_70m_seed1_purenum
{'loss': 0.0, 'learning_rate': 2.063286840862408e-05, 'epoch': 131.91}
{'eval_eval_loss': 0.0001695367245702073, 'eval_eval_token_acc': 0.942013925894348, 'eval_eval_seq_acc': 0.0, 'eval_eval_move_acc': 0.9985, 'eval_eval_mod4_acc': 0.9994994994994995, 'eval_eval_runtime': 1.1047, 'eval_eval_samples_per_second': 1810.526, 'eval_eval_steps_per_second': 28.968, 'epoch': 131.91}
{'eval_train_loss': 2.640543339538226e-09, 'eval_train_token_acc': 0.9451563214110398, 'eval_train_seq_acc': 0.0, 'eval_train_move_acc': 1.0, 'eval_train_mod4_acc': 1.0, 'eval_train_runtime': 0.5511, 'eval_train_samples_per_second': 1814.678, 'eval_train_steps_per_second': 29.035, 'epoch': 131.91}
{'loss': 0.0, 'learning_rate': 2.0460356925840325e-05, 'epoch': 132.98}
{'eval_eval_loss': 0.00017255799320992082, 'eval_eval_token_acc': 0.942013925894348, 'eval_eval_seq_acc': 0.0, 'eval_eval_move_acc': 0.9985, 'eval_eval_mod4_acc': 0.9994994994994995, 'eval_eval_runtime': 1.0998, 'eval_eval_samples_per_second': 1818.503, 'eval_eval_steps_per_second': 29.096, 'epoch': 132.98}
{'eval_train_loss': 2.218053296587641e-09, 'eval_train_token_acc': 0.9451563214110398, 'eval_train_seq_acc': 0.0, 'eval_train_move_acc': 1.0, 'eval_train_mod4_acc': 1.0, 'eval_train_runtime': 0.5511, 'eval_train_samples_per_second': 1814.586, 'eval_train_steps_per_second': 29.033, 'epoch': 132.98}
{'loss': 0.0, 'learning_rate': 2.0287008815824495e-05, 'epoch': 134.04}
{'eval_eval_loss': 0.0001748589420458302, 'eval_eval_token_acc': 0.942013925894348, 'eval_eval_seq_acc': 0.0, 'eval_eval_move_acc': 0.9985, 'eval_eval_mod4_acc': 0.9994994994994995, 'eval_eval_runtime': 1.1064, 'eval_eval_samples_per_second': 1807.611, 'eval_eval_steps_per_second': 28.922, 'epoch': 134.04}
{'eval_train_loss': 1.8090161590933462e-09, 'eval_train_token_acc': 0.9451563214110398, 'eval_train_seq_acc': 0.0, 'eval_train_move_acc': 1.0, 'eval_train_mod4_acc': 1.0, 'eval_train_runtime': 0.5539, 'eval_train_samples_per_second': 1805.372, 'eval_train_steps_per_second': 28.886, 'epoch': 134.04}
{'loss': 0.0, 'learning_rate': 2.0112850638699195e-05, 'epoch': 135.11}
{'eval_eval_loss': 0.00017800180648919195, 'eval_eval_token_acc': 0.942013925894348, 'eval_eval_seq_acc': 0.0, 'eval_eval_move_acc': 0.9985, 'eval_eval_mod4_acc': 0.9994994994994995, 'eval_eval_runtime': 1.1012, 'eval_eval_samples_per_second': 1816.139, 'eval_eval_steps_per_second': 29.058, 'epoch': 135.11}
{'eval_train_loss': 1.4853740459841447e-09, 'eval_train_token_acc': 0.9451563214110398, 'eval_train_seq_acc': 0.0, 'eval_train_move_acc': 1.0, 'eval_train_mod4_acc': 1.0, 'eval_train_runtime': 0.5519, 'eval_train_samples_per_second': 1811.868, 'eval_train_steps_per_second': 28.99, 'epoch': 135.11}
  Pushed checkpoint step-32000 to ijinyu1113/ft_mr3_70m_seed1_purenum
{'loss': 0.0, 'learning_rate': 1.9937909078704247e-05, 'epoch': 136.17}
{'eval_eval_loss': 0.00018176213779952377, 'eval_eval_token_acc': 0.942013925894348, 'eval_eval_seq_acc': 0.0, 'eval_eval_move_acc': 0.9985, 'eval_eval_mod4_acc': 0.9994994994994995, 'eval_eval_runtime': 1.1048, 'eval_eval_samples_per_second': 1810.357, 'eval_eval_steps_per_second': 28.966, 'epoch': 136.17}
{'eval_train_loss': 1.2483890587944302e-09, 'eval_train_token_acc': 0.9451563214110398, 'eval_train_seq_acc': 0.0, 'eval_train_move_acc': 1.0, 'eval_train_mod4_acc': 1.0, 'eval_train_runtime': 0.5516, 'eval_train_samples_per_second': 1812.866, 'eval_train_steps_per_second': 29.006, 'epoch': 136.17}
{'loss': 0.0, 'learning_rate': 1.976221094010814e-05, 'epoch': 137.23}
{'eval_eval_loss': 0.00018577916489448398, 'eval_eval_token_acc': 0.942013925894348, 'eval_eval_seq_acc': 0.0, 'eval_eval_move_acc': 0.9985, 'eval_eval_mod4_acc': 0.9994994994994995, 'eval_eval_runtime': 1.1011, 'eval_eval_samples_per_second': 1816.364, 'eval_eval_steps_per_second': 29.062, 'epoch': 137.23}
{'eval_train_loss': 9.954407298451429e-10, 'eval_train_token_acc': 0.9451563214110398, 'eval_train_seq_acc': 0.0, 'eval_train_move_acc': 1.0, 'eval_train_mod4_acc': 1.0, 'eval_train_runtime': 0.553, 'eval_train_samples_per_second': 1808.328, 'eval_train_steps_per_second': 28.933, 'epoch': 137.23}
{'loss': 0.0, 'learning_rate': 1.958578314310114e-05, 'epoch': 138.3}
{'eval_eval_loss': 0.00018842981080524623, 'eval_eval_token_acc': 0.942013925894348, 'eval_eval_seq_acc': 0.0, 'eval_eval_move_acc': 0.9985, 'eval_eval_mod4_acc': 0.9994994994994995, 'eval_eval_runtime': 1.1065, 'eval_eval_samples_per_second': 1807.455, 'eval_eval_steps_per_second': 28.919, 'epoch': 138.3}
{'eval_train_loss': 7.888036335224058e-10, 'eval_train_token_acc': 0.9451563214110398, 'eval_train_seq_acc': 0.0, 'eval_train_move_acc': 1.0, 'eval_train_mod4_acc': 1.0, 'eval_train_runtime': 0.5546, 'eval_train_samples_per_second': 1803.214, 'eval_train_steps_per_second': 28.851, 'epoch': 138.3}
{'loss': 0.0, 'learning_rate': 1.9408652719670622e-05, 'epoch': 139.36}
{'eval_eval_loss': 0.00019268019241280854, 'eval_eval_token_acc': 0.942013925894348, 'eval_eval_seq_acc': 0.0, 'eval_eval_move_acc': 0.9985, 'eval_eval_mod4_acc': 0.9994994994994995, 'eval_eval_runtime': 1.1023, 'eval_eval_samples_per_second': 1814.402, 'eval_eval_steps_per_second': 29.03, 'epoch': 139.36}
{'eval_train_loss': 5.419849014032252e-10, 'eval_train_token_acc': 0.9451563214110398, 'eval_train_seq_acc': 0.0, 'eval_train_move_acc': 1.0, 'eval_train_mod4_acc': 1.0, 'eval_train_runtime': 0.5522, 'eval_train_samples_per_second': 1810.788, 'eval_train_steps_per_second': 28.973, 'epoch': 139.36}
  Pushed checkpoint step-33000 to ijinyu1113/ft_mr3_70m_seed1_purenum
{'loss': 0.0, 'learning_rate': 1.923084680945927e-05, 'epoch': 140.43}
{'eval_eval_loss': 0.0002024114364758134, 'eval_eval_token_acc': 0.942013925894348, 'eval_eval_seq_acc': 0.0, 'eval_eval_move_acc': 0.9985, 'eval_eval_mod4_acc': 0.9994994994994995, 'eval_eval_runtime': 1.1104, 'eval_eval_samples_per_second': 1801.146, 'eval_eval_steps_per_second': 28.818, 'epoch': 140.43}
{'eval_train_loss': 4.1452177801382106e-10, 'eval_train_token_acc': 0.9451563214110398, 'eval_train_seq_acc': 0.0, 'eval_train_move_acc': 1.0, 'eval_train_mod4_acc': 1.0, 'eval_train_runtime': 0.5516, 'eval_train_samples_per_second': 1813.044, 'eval_train_steps_per_second': 29.009, 'epoch': 140.43}
{'loss': 0.0, 'learning_rate': 1.905239265560677e-05, 'epoch': 141.49}
{'eval_eval_loss': 0.0002092901850119233, 'eval_eval_token_acc': 0.942013925894348, 'eval_eval_seq_acc': 0.0, 'eval_eval_move_acc': 0.9985, 'eval_eval_mod4_acc': 0.9994994994994995, 'eval_eval_runtime': 1.0982, 'eval_eval_samples_per_second': 1821.161, 'eval_eval_steps_per_second': 29.139, 'epoch': 141.49}
{'eval_train_loss': 3.234261192197607e-10, 'eval_train_token_acc': 0.9451563214110398, 'eval_train_seq_acc': 0.0, 'eval_train_move_acc': 1.0, 'eval_train_mod4_acc': 1.0, 'eval_train_runtime': 0.5497, 'eval_train_samples_per_second': 1819.267, 'eval_train_steps_per_second': 29.108, 'epoch': 141.49}
{'loss': 0.0, 'learning_rate': 1.887331760057568e-05, 'epoch': 142.55}
{'eval_eval_loss': 0.00021370577451307327, 'eval_eval_token_acc': 0.942013925894348, 'eval_eval_seq_acc': 0.0, 'eval_eval_move_acc': 0.9985, 'eval_eval_mod4_acc': 0.9994994994994995, 'eval_eval_runtime': 1.106, 'eval_eval_samples_per_second': 1808.399, 'eval_eval_steps_per_second': 28.934, 'epoch': 142.55}
{'eval_train_loss': 2.362343376471898e-10, 'eval_train_token_acc': 0.9451563214110398, 'eval_train_seq_acc': 0.0, 'eval_train_move_acc': 1.0, 'eval_train_mod4_acc': 1.0, 'eval_train_runtime': 0.5535, 'eval_train_samples_per_second': 1806.765, 'eval_train_steps_per_second': 28.908, 'epoch': 142.55}
{'loss': 0.0, 'learning_rate': 1.869364908196206e-05, 'epoch': 143.62}
{'eval_eval_loss': 0.00022223216365091503, 'eval_eval_token_acc': 0.942013925894348, 'eval_eval_seq_acc': 0.0, 'eval_eval_move_acc': 0.9985, 'eval_eval_mod4_acc': 0.9994994994994995, 'eval_eval_runtime': 1.102, 'eval_eval_samples_per_second': 1814.875, 'eval_eval_steps_per_second': 29.038, 'epoch': 143.62}
{'eval_train_loss': 1.958331968809901e-10, 'eval_train_token_acc': 0.9451563214110398, 'eval_train_seq_acc': 0.0, 'eval_train_move_acc': 1.0, 'eval_train_mod4_acc': 1.0, 'eval_train_runtime': 0.552, 'eval_train_samples_per_second': 1811.453, 'eval_train_steps_per_second': 28.983, 'epoch': 143.62}
  Pushed checkpoint step-34000 to ijinyu1113/ft_mr3_70m_seed1_purenum
{'loss': 0.0, 'learning_rate': 1.85134146282915e-05, 'epoch': 144.68}
{'eval_eval_loss': 0.00023425328254234046, 'eval_eval_token_acc': 0.942013925894348, 'eval_eval_seq_acc': 0.0, 'eval_eval_move_acc': 0.9985, 'eval_eval_mod4_acc': 0.9994994994994995, 'eval_eval_runtime': 1.1058, 'eval_eval_samples_per_second': 1808.628, 'eval_eval_steps_per_second': 28.938, 'epoch': 144.68}
{'eval_train_loss': 1.695321244499226e-10, 'eval_train_token_acc': 0.9451563214110398, 'eval_train_seq_acc': 0.0, 'eval_train_move_acc': 1.0, 'eval_train_mod4_acc': 1.0, 'eval_train_runtime': 0.5523, 'eval_train_samples_per_second': 1810.552, 'eval_train_steps_per_second': 28.969, 'epoch': 144.68}
{'loss': 0.0, 'learning_rate': 1.8332641854801276e-05, 'epoch': 145.74}
{'eval_eval_loss': 0.00023882488312665373, 'eval_eval_token_acc': 0.942013925894348, 'eval_eval_seq_acc': 0.0, 'eval_eval_move_acc': 0.9985, 'eval_eval_mod4_acc': 0.9994994994994995, 'eval_eval_runtime': 1.1011, 'eval_eval_samples_per_second': 1816.359, 'eval_eval_steps_per_second': 29.062, 'epoch': 145.74}
{'eval_train_loss': 1.4332962594565402e-10, 'eval_train_token_acc': 0.9451563214110398, 'eval_train_seq_acc': 0.0, 'eval_train_move_acc': 1.0, 'eval_train_mod4_acc': 1.0, 'eval_train_runtime': 0.5523, 'eval_train_samples_per_second': 1810.601, 'eval_train_steps_per_second': 28.97, 'epoch': 145.74}
{'loss': 0.0, 'learning_rate': 1.8151358459209167e-05, 'epoch': 146.81}
{'eval_eval_loss': 0.00023305261856876314, 'eval_eval_token_acc': 0.942013925894348, 'eval_eval_seq_acc': 0.0, 'eval_eval_move_acc': 0.9985, 'eval_eval_mod4_acc': 0.9994994994994995, 'eval_eval_runtime': 1.102, 'eval_eval_samples_per_second': 1814.93, 'eval_eval_steps_per_second': 29.039, 'epoch': 146.81}
{'eval_train_loss': 1.273062627538124e-10, 'eval_train_token_acc': 0.9451563214110398, 'eval_train_seq_acc': 0.0, 'eval_train_move_acc': 1.0, 'eval_train_mod4_acc': 1.0, 'eval_train_runtime': 0.5541, 'eval_train_samples_per_second': 1804.88, 'eval_train_steps_per_second': 28.878, 'epoch': 146.81}
{'loss': 0.0, 'learning_rate': 1.7969592217469675e-05, 'epoch': 147.87}
{'eval_eval_loss': 0.0002476446097716689, 'eval_eval_token_acc': 0.942013925894348, 'eval_eval_seq_acc': 0.0, 'eval_eval_move_acc': 0.9985, 'eval_eval_mod4_acc': 0.9994994994994995, 'eval_eval_runtime': 1.1001, 'eval_eval_samples_per_second': 1818.071, 'eval_eval_steps_per_second': 29.089, 'epoch': 147.87}
{'eval_train_loss': 1.7923812434261777e-10, 'eval_train_token_acc': 0.9451563214110398, 'eval_train_seq_acc': 0.0, 'eval_train_move_acc': 1.0, 'eval_train_mod4_acc': 1.0, 'eval_train_runtime': 0.5511, 'eval_train_samples_per_second': 1814.698, 'eval_train_steps_per_second': 29.035, 'epoch': 147.87}
  Pushed checkpoint step-35000 to ijinyu1113/ft_mr3_70m_seed1_purenum
{'loss': 0.0, 'learning_rate': 1.7787370979518197e-05, 'epoch': 148.94}
{'eval_eval_loss': 0.0002468312159180641, 'eval_eval_token_acc': 0.942013925894348, 'eval_eval_seq_acc': 0.0, 'eval_eval_move_acc': 0.9985, 'eval_eval_mod4_acc': 0.9994994994994995, 'eval_eval_runtime': 1.1021, 'eval_eval_samples_per_second': 1814.733, 'eval_eval_steps_per_second': 29.036, 'epoch': 148.94}
{'eval_train_loss': 2.4353627448014947e-10, 'eval_train_token_acc': 0.9451563214110398, 'eval_train_seq_acc': 0.0, 'eval_train_move_acc': 1.0, 'eval_train_mod4_acc': 1.0, 'eval_train_runtime': 0.5517, 'eval_train_samples_per_second': 1812.505, 'eval_train_steps_per_second': 29.0, 'epoch': 148.94}
{'loss': 0.0, 'learning_rate': 1.760472266500396e-05, 'epoch': 150.0}
{'eval_eval_loss': 0.00024400198890361935, 'eval_eval_token_acc': 0.942013925894348, 'eval_eval_seq_acc': 0.0, 'eval_eval_move_acc': 0.9985, 'eval_eval_mod4_acc': 0.9994994994994995, 'eval_eval_runtime': 1.1021, 'eval_eval_samples_per_second': 1814.687, 'eval_eval_steps_per_second': 29.035, 'epoch': 150.0}
{'eval_train_loss': 2.921236863517862e-10, 'eval_train_token_acc': 0.9451563214110398, 'eval_train_seq_acc': 0.0, 'eval_train_move_acc': 1.0, 'eval_train_mod4_acc': 1.0, 'eval_train_runtime': 0.551, 'eval_train_samples_per_second': 1815.003, 'eval_train_steps_per_second': 29.04, 'epoch': 150.0}
{'loss': 0.0, 'learning_rate': 1.742167525901215e-05, 'epoch': 151.06}
{'eval_eval_loss': 0.0002519999979995191, 'eval_eval_token_acc': 0.942013925894348, 'eval_eval_seq_acc': 0.0, 'eval_eval_move_acc': 0.9985, 'eval_eval_mod4_acc': 0.9994994994994995, 'eval_eval_runtime': 1.1, 'eval_eval_samples_per_second': 1818.116, 'eval_eval_steps_per_second': 29.09, 'epoch': 151.06}
{'eval_train_loss': 4.885618021255311e-10, 'eval_train_token_acc': 0.9451563214110398, 'eval_train_seq_acc': 0.0, 'eval_train_move_acc': 1.0, 'eval_train_mod4_acc': 1.0, 'eval_train_runtime': 0.5521, 'eval_train_samples_per_second': 1811.186, 'eval_train_steps_per_second': 28.979, 'epoch': 151.06}
{'loss': 0.0, 'learning_rate': 1.723825680777615e-05, 'epoch': 152.13}
{'eval_eval_loss': 0.0032417145557701588, 'eval_eval_token_acc': 0.942013925894348, 'eval_eval_seq_acc': 0.0, 'eval_eval_move_acc': 0.9785, 'eval_eval_mod4_acc': 0.9858942065491184, 'eval_eval_runtime': 1.1015, 'eval_eval_samples_per_second': 1815.761, 'eval_eval_steps_per_second': 29.052, 'epoch': 152.13}
{'eval_train_loss': 0.0011508853640407324, 'eval_train_token_acc': 0.9451563214110398, 'eval_train_seq_acc': 0.0, 'eval_train_move_acc': 0.988, 'eval_train_mod4_acc': 0.9909729187562688, 'eval_train_runtime': 0.5519, 'eval_train_samples_per_second': 1811.944, 'eval_train_steps_per_second': 28.991, 'epoch': 152.13}
  Pushed checkpoint step-36000 to ijinyu1113/ft_mr3_70m_seed1_purenum
{'loss': 0.0002, 'learning_rate': 1.705449541438028e-05, 'epoch': 153.19}
{'eval_eval_loss': 9.71907502389513e-05, 'eval_eval_token_acc': 0.942013925894348, 'eval_eval_seq_acc': 0.0, 'eval_eval_move_acc': 0.999, 'eval_eval_mod4_acc': 0.9994997498749375, 'eval_eval_runtime': 1.1026, 'eval_eval_samples_per_second': 1813.851, 'eval_eval_steps_per_second': 29.022, 'epoch': 153.19}
{'eval_train_loss': 6.947590804884385e-07, 'eval_train_token_acc': 0.9451563214110398, 'eval_train_seq_acc': 0.0, 'eval_train_move_acc': 1.0, 'eval_train_mod4_acc': 1.0, 'eval_train_runtime': 0.5517, 'eval_train_samples_per_second': 1812.508, 'eval_train_steps_per_second': 29.0, 'epoch': 153.19}
{'loss': 0.0, 'learning_rate': 1.6870419234453938e-05, 'epoch': 154.26}
{'eval_eval_loss': 9.32775074033998e-05, 'eval_eval_token_acc': 0.942013925894348, 'eval_eval_seq_acc': 0.0, 'eval_eval_move_acc': 0.999, 'eval_eval_mod4_acc': 0.9994997498749375, 'eval_eval_runtime': 1.1004, 'eval_eval_samples_per_second': 1817.503, 'eval_eval_steps_per_second': 29.08, 'epoch': 154.26}
{'eval_train_loss': 4.088010996383673e-07, 'eval_train_token_acc': 0.9451563214110398, 'eval_train_seq_acc': 0.0, 'eval_train_move_acc': 1.0, 'eval_train_mod4_acc': 1.0, 'eval_train_runtime': 0.5518, 'eval_train_samples_per_second': 1812.378, 'eval_train_steps_per_second': 28.998, 'epoch': 154.26}
{'loss': 0.0, 'learning_rate': 1.6686056471857595e-05, 'epoch': 155.32}
{'eval_eval_loss': 9.010611393023282e-05, 'eval_eval_token_acc': 0.942013925894348, 'eval_eval_seq_acc': 0.0, 'eval_eval_move_acc': 0.999, 'eval_eval_mod4_acc': 0.9994997498749375, 'eval_eval_runtime': 1.101, 'eval_eval_samples_per_second': 1816.528, 'eval_eval_steps_per_second': 29.064, 'epoch': 155.32}
{'eval_train_loss': 2.9839344506399357e-07, 'eval_train_token_acc': 0.9451563214110398, 'eval_train_seq_acc': 0.0, 'eval_train_move_acc': 1.0, 'eval_train_mod4_acc': 1.0, 'eval_train_runtime': 0.5518, 'eval_train_samples_per_second': 1812.182, 'eval_train_steps_per_second': 28.995, 'epoch': 155.32}
{'loss': 0.0, 'learning_rate': 1.6501435374361478e-05, 'epoch': 156.38}
{'eval_eval_loss': 9.099566523218527e-05, 'eval_eval_token_acc': 0.942013925894348, 'eval_eval_seq_acc': 0.0, 'eval_eval_move_acc': 0.999, 'eval_eval_mod4_acc': 0.9994997498749375, 'eval_eval_runtime': 1.1085, 'eval_eval_samples_per_second': 1804.255, 'eval_eval_steps_per_second': 28.868, 'epoch': 156.38}
{'eval_train_loss': 2.303308548334826e-07, 'eval_train_token_acc': 0.9451563214110398, 'eval_train_seq_acc': 0.0, 'eval_train_move_acc': 1.0, 'eval_train_mod4_acc': 1.0, 'eval_train_runtime': 0.5531, 'eval_train_samples_per_second': 1807.859, 'eval_train_steps_per_second': 28.926, 'epoch': 156.38}
  Pushed checkpoint step-37000 to ijinyu1113/ft_mr3_70m_seed1_purenum
{'loss': 0.0, 'learning_rate': 1.6316584229317465e-05, 'epoch': 157.45}
{'eval_eval_loss': 9.244871762348339e-05, 'eval_eval_token_acc': 0.942013925894348, 'eval_eval_seq_acc': 0.0, 'eval_eval_move_acc': 0.999, 'eval_eval_mod4_acc': 0.9994997498749375, 'eval_eval_runtime': 1.1041, 'eval_eval_samples_per_second': 1811.481, 'eval_eval_steps_per_second': 28.984, 'epoch': 157.45}
{'eval_train_loss': 1.8666418100110604e-07, 'eval_train_token_acc': 0.9451563214110398, 'eval_train_seq_acc': 0.0, 'eval_train_move_acc': 1.0, 'eval_train_mod4_acc': 1.0, 'eval_train_runtime': 0.5518, 'eval_train_samples_per_second': 1812.326, 'eval_train_steps_per_second': 28.997, 'epoch': 157.45}
{'loss': 0.0, 'learning_rate': 1.613153135932497e-05, 'epoch': 158.51}
{'eval_eval_loss': 0.00011031409667339176, 'eval_eval_token_acc': 0.9420050445841771, 'eval_eval_seq_acc': 0.0, 'eval_eval_move_acc': 0.999, 'eval_eval_mod4_acc': 0.9994997498749375, 'eval_eval_runtime': 1.1008, 'eval_eval_samples_per_second': 1816.845, 'eval_eval_steps_per_second': 29.07, 'epoch': 158.51}
{'eval_train_loss': 1.5598533309457707e-07, 'eval_train_token_acc': 0.9451563214110398, 'eval_train_seq_acc': 0.0, 'eval_train_move_acc': 1.0, 'eval_train_mod4_acc': 1.0, 'eval_train_runtime': 0.5514, 'eval_train_samples_per_second': 1813.562, 'eval_train_steps_per_second': 29.017, 'epoch': 158.51}
{'loss': 0.0, 'learning_rate': 1.594630511789137e-05, 'epoch': 159.57}
{'eval_eval_loss': 9.217240585712716e-05, 'eval_eval_token_acc': 0.942013925894348, 'eval_eval_seq_acc': 0.0, 'eval_eval_move_acc': 0.999, 'eval_eval_mod4_acc': 0.9994997498749375, 'eval_eval_runtime': 1.1019, 'eval_eval_samples_per_second': 1815.056, 'eval_eval_steps_per_second': 29.041, 'epoch': 159.57}
{'eval_train_loss': 1.2902263790692814e-07, 'eval_train_token_acc': 0.9451563214110398, 'eval_train_seq_acc': 0.0, 'eval_train_move_acc': 1.0, 'eval_train_mod4_acc': 1.0, 'eval_train_runtime': 0.5515, 'eval_train_samples_per_second': 1813.359, 'eval_train_steps_per_second': 29.014, 'epoch': 159.57}
{'loss': 0.0, 'learning_rate': 1.576093388508776e-05, 'epoch': 160.64}
{'eval_eval_loss': 9.114712884183973e-05, 'eval_eval_token_acc': 0.942013925894348, 'eval_eval_seq_acc': 0.0, 'eval_eval_move_acc': 0.999, 'eval_eval_mod4_acc': 0.9994997498749375, 'eval_eval_runtime': 1.1056, 'eval_eval_samples_per_second': 1808.936, 'eval_eval_steps_per_second': 28.943, 'epoch': 160.64}
{'eval_train_loss': 1.0972328823299904e-07, 'eval_train_token_acc': 0.9451563214110398, 'eval_train_seq_acc': 0.0, 'eval_train_move_acc': 1.0, 'eval_train_mod4_acc': 1.0, 'eval_train_runtime': 0.5545, 'eval_train_samples_per_second': 1803.574, 'eval_train_steps_per_second': 28.857, 'epoch': 160.64}
  Pushed checkpoint step-38000 to ijinyu1113/ft_mr3_70m_seed1_purenum
{'loss': 0.0, 'learning_rate': 1.5575446063200546e-05, 'epoch': 161.7}
{'eval_eval_loss': 9.26634093048051e-05, 'eval_eval_token_acc': 0.942013925894348, 'eval_eval_seq_acc': 0.0, 'eval_eval_move_acc': 0.999, 'eval_eval_mod4_acc': 0.9994997498749375, 'eval_eval_runtime': 1.1021, 'eval_eval_samples_per_second': 1814.715, 'eval_eval_steps_per_second': 29.035, 'epoch': 161.7}
{'eval_train_loss': 9.36106374638257e-08, 'eval_train_token_acc': 0.9451563214110398, 'eval_train_seq_acc': 0.0, 'eval_train_move_acc': 1.0, 'eval_train_mod4_acc': 1.0, 'eval_train_runtime': 0.552, 'eval_train_samples_per_second': 1811.589, 'eval_train_steps_per_second': 28.985, 'epoch': 161.7}
{'loss': 0.0, 'learning_rate': 1.5389870072379766e-05, 'epoch': 162.77}
{'eval_eval_loss': 9.18465229915455e-05, 'eval_eval_token_acc': 0.942013925894348, 'eval_eval_seq_acc': 0.0, 'eval_eval_move_acc': 0.999, 'eval_eval_mod4_acc': 0.9994997498749375, 'eval_eval_runtime': 1.1024, 'eval_eval_samples_per_second': 1814.2, 'eval_eval_steps_per_second': 29.027, 'epoch': 162.77}
{'eval_train_loss': 8.04558339950745e-08, 'eval_train_token_acc': 0.9451563214110398, 'eval_train_seq_acc': 0.0, 'eval_train_move_acc': 1.0, 'eval_train_mod4_acc': 1.0, 'eval_train_runtime': 0.5532, 'eval_train_samples_per_second': 1807.681, 'eval_train_steps_per_second': 28.923, 'epoch': 162.77}
{'loss': 0.0, 'learning_rate': 1.5204234346284535e-05, 'epoch': 163.83}
{'eval_eval_loss': 9.309879533248022e-05, 'eval_eval_token_acc': 0.942013925894348, 'eval_eval_seq_acc': 0.0, 'eval_eval_move_acc': 0.999, 'eval_eval_mod4_acc': 0.9994997498749375, 'eval_eval_runtime': 1.1022, 'eval_eval_samples_per_second': 1814.571, 'eval_eval_steps_per_second': 29.033, 'epoch': 163.83}
{'eval_train_loss': 6.848345179832904e-08, 'eval_train_token_acc': 0.9451563214110398, 'eval_train_seq_acc': 0.0, 'eval_train_move_acc': 1.0, 'eval_train_mod4_acc': 1.0, 'eval_train_runtime': 0.552, 'eval_train_samples_per_second': 1811.452, 'eval_train_steps_per_second': 28.983, 'epoch': 163.83}
{'loss': 0.0, 'learning_rate': 1.501856732772654e-05, 'epoch': 164.89}
{'eval_eval_loss': 9.314384078606963e-05, 'eval_eval_token_acc': 0.942013925894348, 'eval_eval_seq_acc': 0.0, 'eval_eval_move_acc': 0.999, 'eval_eval_mod4_acc': 0.9994997498749375, 'eval_eval_runtime': 1.105, 'eval_eval_samples_per_second': 1809.938, 'eval_eval_steps_per_second': 28.959, 'epoch': 164.89}
{'eval_train_loss': 5.967257266092929e-08, 'eval_train_token_acc': 0.9451563214110398, 'eval_train_seq_acc': 0.0, 'eval_train_move_acc': 1.0, 'eval_train_mod4_acc': 1.0, 'eval_train_runtime': 0.5537, 'eval_train_samples_per_second': 1806.147, 'eval_train_steps_per_second': 28.898, 'epoch': 164.89}
  Pushed checkpoint step-39000 to ijinyu1113/ft_mr3_70m_seed1_purenum
{'loss': 0.0, 'learning_rate': 1.4832897464312018e-05, 'epoch': 165.96}
{'eval_eval_loss': 9.294130722992122e-05, 'eval_eval_token_acc': 0.942013925894348, 'eval_eval_seq_acc': 0.0, 'eval_eval_move_acc': 0.999, 'eval_eval_mod4_acc': 0.9994997498749375, 'eval_eval_runtime': 1.1063, 'eval_eval_samples_per_second': 1807.892, 'eval_eval_steps_per_second': 28.926, 'epoch': 165.96}
{'eval_train_loss': 5.178198847488602e-08, 'eval_train_token_acc': 0.9451563214110398, 'eval_train_seq_acc': 0.0, 'eval_train_move_acc': 1.0, 'eval_train_mod4_acc': 1.0, 'eval_train_runtime': 0.5514, 'eval_train_samples_per_second': 1813.421, 'eval_train_steps_per_second': 29.015, 'epoch': 165.96}
{'loss': 0.0, 'learning_rate': 1.4647253204083116e-05, 'epoch': 167.02}
{'eval_eval_loss': 9.374486398883164e-05, 'eval_eval_token_acc': 0.942013925894348, 'eval_eval_seq_acc': 0.0, 'eval_eval_move_acc': 0.999, 'eval_eval_mod4_acc': 0.9994997498749375, 'eval_eval_runtime': 1.1028, 'eval_eval_samples_per_second': 1813.601, 'eval_eval_steps_per_second': 29.018, 'epoch': 167.02}
{'eval_train_loss': 4.5180055252558304e-08, 'eval_train_token_acc': 0.9451563214110398, 'eval_train_seq_acc': 0.0, 'eval_train_move_acc': 1.0, 'eval_train_mod4_acc': 1.0, 'eval_train_runtime': 0.5521, 'eval_train_samples_per_second': 1811.409, 'eval_train_steps_per_second': 28.983, 'epoch': 167.02}
{'loss': 0.0, 'learning_rate': 1.446166299115909e-05, 'epoch': 168.09}
{'eval_eval_loss': 9.43284758250229e-05, 'eval_eval_token_acc': 0.942013925894348, 'eval_eval_seq_acc': 0.0, 'eval_eval_move_acc': 0.999, 'eval_eval_mod4_acc': 0.9994997498749375, 'eval_eval_runtime': 1.1017, 'eval_eval_samples_per_second': 1815.352, 'eval_eval_steps_per_second': 29.046, 'epoch': 168.09}
{'eval_train_loss': 3.95213710646658e-08, 'eval_train_token_acc': 0.9451563214110398, 'eval_train_seq_acc': 0.0, 'eval_train_move_acc': 1.0, 'eval_train_mod4_acc': 1.0, 'eval_train_runtime': 0.5518, 'eval_train_samples_per_second': 1812.406, 'eval_train_steps_per_second': 28.998, 'epoch': 168.09}
{'loss': 0.0, 'learning_rate': 1.427615526137815e-05, 'epoch': 169.15}
{'eval_eval_loss': 9.499084990238771e-05, 'eval_eval_token_acc': 0.942013925894348, 'eval_eval_seq_acc': 0.0, 'eval_eval_move_acc': 0.999, 'eval_eval_mod4_acc': 0.9994997498749375, 'eval_eval_runtime': 1.1758, 'eval_eval_samples_per_second': 1700.949, 'eval_eval_steps_per_second': 27.215, 'epoch': 169.15}
{'eval_train_loss': 3.445450502681524e-08, 'eval_train_token_acc': 0.9451563214110398, 'eval_train_seq_acc': 0.0, 'eval_train_move_acc': 1.0, 'eval_train_mod4_acc': 1.0, 'eval_train_runtime': 0.5542, 'eval_train_samples_per_second': 1804.551, 'eval_train_steps_per_second': 28.873, 'epoch': 169.15}
  Pushed checkpoint step-40000 to ijinyu1113/ft_mr3_70m_seed1_purenum
{'loss': 0.0, 'learning_rate': 1.4090758437940578e-05, 'epoch': 170.21}
{'eval_eval_loss': 9.576788579579443e-05, 'eval_eval_token_acc': 0.942013925894348, 'eval_eval_seq_acc': 0.0, 'eval_eval_move_acc': 0.999, 'eval_eval_mod4_acc': 0.9994997498749375, 'eval_eval_runtime': 1.1071, 'eval_eval_samples_per_second': 1806.584, 'eval_eval_steps_per_second': 28.905, 'epoch': 170.21}
{'eval_train_loss': 3.0302327758136016e-08, 'eval_train_token_acc': 0.9451563214110398, 'eval_train_seq_acc': 0.0, 'eval_train_move_acc': 1.0, 'eval_train_mod4_acc': 1.0, 'eval_train_runtime': 0.5531, 'eval_train_samples_per_second': 1808.113, 'eval_train_steps_per_second': 28.93, 'epoch': 170.21}
{'loss': 0.0, 'learning_rate': 1.390550092705376e-05, 'epoch': 171.28}
{'eval_eval_loss': 9.609347034711391e-05, 'eval_eval_token_acc': 0.942013925894348, 'eval_eval_seq_acc': 0.0, 'eval_eval_move_acc': 0.999, 'eval_eval_mod4_acc': 0.9994997498749375, 'eval_eval_runtime': 1.1024, 'eval_eval_samples_per_second': 1814.183, 'eval_eval_steps_per_second': 29.027, 'epoch': 171.28}
{'eval_train_loss': 2.6507255057595103e-08, 'eval_train_token_acc': 0.9451563214110398, 'eval_train_seq_acc': 0.0, 'eval_train_move_acc': 1.0, 'eval_train_mod4_acc': 1.0, 'eval_train_runtime': 0.5511, 'eval_train_samples_per_second': 1814.482, 'eval_train_steps_per_second': 29.032, 'epoch': 171.28}
{'loss': 0.0, 'learning_rate': 1.372041111357983e-05, 'epoch': 172.34}
{'eval_eval_loss': 9.590800618752837e-05, 'eval_eval_token_acc': 0.942013925894348, 'eval_eval_seq_acc': 0.0, 'eval_eval_move_acc': 0.999, 'eval_eval_mod4_acc': 0.9994997498749375, 'eval_eval_runtime': 1.0998, 'eval_eval_samples_per_second': 1818.593, 'eval_eval_steps_per_second': 29.097, 'epoch': 172.34}
{'eval_train_loss': 2.3741510091213058e-08, 'eval_train_token_acc': 0.9451563214110398, 'eval_train_seq_acc': 0.0, 'eval_train_move_acc': 1.0, 'eval_train_mod4_acc': 1.0, 'eval_train_runtime': 0.5508, 'eval_train_samples_per_second': 1815.692, 'eval_train_steps_per_second': 29.051, 'epoch': 172.34}
{'loss': 0.0, 'learning_rate': 1.3535517356686595e-05, 'epoch': 173.4}
{'eval_eval_loss': 9.654041059548035e-05, 'eval_eval_token_acc': 0.942013925894348, 'eval_eval_seq_acc': 0.0, 'eval_eval_move_acc': 0.999, 'eval_eval_mod4_acc': 0.9994997498749375, 'eval_eval_runtime': 1.1034, 'eval_eval_samples_per_second': 1812.577, 'eval_eval_steps_per_second': 29.001, 'epoch': 173.4}
{'eval_train_loss': 2.0521182975130614e-08, 'eval_train_token_acc': 0.9451563214110398, 'eval_train_seq_acc': 0.0, 'eval_train_move_acc': 1.0, 'eval_train_mod4_acc': 1.0, 'eval_train_runtime': 0.5522, 'eval_train_samples_per_second': 1810.934, 'eval_train_steps_per_second': 28.975, 'epoch': 173.4}
  Pushed checkpoint step-41000 to ijinyu1113/ft_mr3_70m_seed1_purenum
{'loss': 0.0, 'learning_rate': 1.335084798550238e-05, 'epoch': 174.47}
{'eval_eval_loss': 9.716614295030013e-05, 'eval_eval_token_acc': 0.942013925894348, 'eval_eval_seq_acc': 0.0, 'eval_eval_move_acc': 0.999, 'eval_eval_mod4_acc': 0.9994997498749375, 'eval_eval_runtime': 1.1042, 'eval_eval_samples_per_second': 1811.288, 'eval_eval_steps_per_second': 28.981, 'epoch': 174.47}
{'eval_train_loss': 1.8101653509461357e-08, 'eval_train_token_acc': 0.9451563214110398, 'eval_train_seq_acc': 0.0, 'eval_train_move_acc': 1.0, 'eval_train_mod4_acc': 1.0, 'eval_train_runtime': 0.5523, 'eval_train_samples_per_second': 1810.62, 'eval_train_steps_per_second': 28.97, 'epoch': 174.47}
{'loss': 0.0, 'learning_rate': 1.3166431294775487e-05, 'epoch': 175.53}
{'eval_eval_loss': 9.74722788669169e-05, 'eval_eval_token_acc': 0.942013925894348, 'eval_eval_seq_acc': 0.0, 'eval_eval_move_acc': 0.999, 'eval_eval_mod4_acc': 0.9994997498749375, 'eval_eval_runtime': 1.1013, 'eval_eval_samples_per_second': 1816.111, 'eval_eval_steps_per_second': 29.058, 'epoch': 175.53}
{'eval_train_loss': 1.5983648182782417e-08, 'eval_train_token_acc': 0.9451563214110398, 'eval_train_seq_acc': 0.0, 'eval_train_move_acc': 1.0, 'eval_train_mod4_acc': 1.0, 'eval_train_runtime': 0.5536, 'eval_train_samples_per_second': 1806.472, 'eval_train_steps_per_second': 28.904, 'epoch': 175.53}
{'loss': 0.0, 'learning_rate': 1.2982295540538918e-05, 'epoch': 176.6}
{'eval_eval_loss': 9.891310764942318e-05, 'eval_eval_token_acc': 0.942013925894348, 'eval_eval_seq_acc': 0.0, 'eval_eval_move_acc': 0.999, 'eval_eval_mod4_acc': 0.9994997498749375, 'eval_eval_runtime': 1.1018, 'eval_eval_samples_per_second': 1815.223, 'eval_eval_steps_per_second': 29.044, 'epoch': 176.6}
{'eval_train_loss': 1.400244187266253e-08, 'eval_train_token_acc': 0.9451563214110398, 'eval_train_seq_acc': 0.0, 'eval_train_move_acc': 1.0, 'eval_train_mod4_acc': 1.0, 'eval_train_runtime': 0.5513, 'eval_train_samples_per_second': 1813.999, 'eval_train_steps_per_second': 29.024, 'epoch': 176.6}
{'loss': 0.0, 'learning_rate': 1.279846893578104e-05, 'epoch': 177.66}
{'eval_eval_loss': 9.989109094021842e-05, 'eval_eval_token_acc': 0.942013925894348, 'eval_eval_seq_acc': 0.0, 'eval_eval_move_acc': 0.999, 'eval_eval_mod4_acc': 0.9994997498749375, 'eval_eval_runtime': 1.1027, 'eval_eval_samples_per_second': 1813.674, 'eval_eval_steps_per_second': 29.019, 'epoch': 177.66}
{'eval_train_loss': 1.2182386655013033e-08, 'eval_train_token_acc': 0.9451563214110398, 'eval_train_seq_acc': 0.0, 'eval_train_move_acc': 1.0, 'eval_train_mod4_acc': 1.0, 'eval_train_runtime': 0.5518, 'eval_train_samples_per_second': 1812.365, 'eval_train_steps_per_second': 28.998, 'epoch': 177.66}
  Pushed checkpoint step-42000 to ijinyu1113/ft_mr3_70m_seed1_purenum
{'loss': 0.0, 'learning_rate': 1.2614979646122818e-05, 'epoch': 178.72}
{'eval_eval_loss': 0.00010038886102847755, 'eval_eval_token_acc': 0.942013925894348, 'eval_eval_seq_acc': 0.0, 'eval_eval_move_acc': 0.999, 'eval_eval_mod4_acc': 0.9994997498749375, 'eval_eval_runtime': 1.1042, 'eval_eval_samples_per_second': 1811.312, 'eval_eval_steps_per_second': 28.981, 'epoch': 178.72}
{'eval_train_loss': 1.0784942716668411e-08, 'eval_train_token_acc': 0.9451563214110398, 'eval_train_seq_acc': 0.0, 'eval_train_move_acc': 1.0, 'eval_train_mod4_acc': 1.0, 'eval_train_runtime': 0.5517, 'eval_train_samples_per_second': 1812.682, 'eval_train_steps_per_second': 29.003, 'epoch': 178.72}
{'loss': 0.0, 'learning_rate': 1.2431855785502335e-05, 'epoch': 179.79}
{'eval_eval_loss': 0.00010069572454085574, 'eval_eval_token_acc': 0.942013925894348, 'eval_eval_seq_acc': 0.0, 'eval_eval_move_acc': 0.999, 'eval_eval_mod4_acc': 0.9994997498749375, 'eval_eval_runtime': 1.1023, 'eval_eval_samples_per_second': 1814.358, 'eval_eval_steps_per_second': 29.03, 'epoch': 179.79}
{'eval_train_loss': 9.521158084169201e-09, 'eval_train_token_acc': 0.9451563214110398, 'eval_train_seq_acc': 0.0, 'eval_train_move_acc': 1.0, 'eval_train_mod4_acc': 1.0, 'eval_train_runtime': 0.5521, 'eval_train_samples_per_second': 1811.194, 'eval_train_steps_per_second': 28.979, 'epoch': 179.79}
{'loss': 0.0, 'learning_rate': 1.2249125411867217e-05, 'epoch': 180.85}
{'eval_eval_loss': 0.00010136314813280478, 'eval_eval_token_acc': 0.942013925894348, 'eval_eval_seq_acc': 0.0, 'eval_eval_move_acc': 0.999, 'eval_eval_mod4_acc': 0.9994997498749375, 'eval_eval_runtime': 1.1001, 'eval_eval_samples_per_second': 1818.005, 'eval_eval_steps_per_second': 29.088, 'epoch': 180.85}
{'eval_train_loss': 8.456438216342121e-09, 'eval_train_token_acc': 0.9451563214110398, 'eval_train_seq_acc': 0.0, 'eval_train_move_acc': 1.0, 'eval_train_mod4_acc': 1.0, 'eval_train_runtime': 0.5502, 'eval_train_samples_per_second': 1817.504, 'eval_train_steps_per_second': 29.08, 'epoch': 180.85}
{'loss': 0.0, 'learning_rate': 1.2066816522875634e-05, 'epoch': 181.91}
{'eval_eval_loss': 0.00010190712055191398, 'eval_eval_token_acc': 0.942013925894348, 'eval_eval_seq_acc': 0.0, 'eval_eval_move_acc': 0.999, 'eval_eval_mod4_acc': 0.9994997498749375, 'eval_eval_runtime': 1.1028, 'eval_eval_samples_per_second': 1813.51, 'eval_eval_steps_per_second': 29.016, 'epoch': 181.91}
{'eval_train_loss': 7.428681225718492e-09, 'eval_train_token_acc': 0.9451563214110398, 'eval_train_seq_acc': 0.0, 'eval_train_move_acc': 1.0, 'eval_train_mod4_acc': 1.0, 'eval_train_runtime': 0.5524, 'eval_train_samples_per_second': 1810.295, 'eval_train_steps_per_second': 28.965, 'epoch': 181.91}
  Pushed checkpoint step-43000 to ijinyu1113/ft_mr3_70m_seed1_purenum
{'loss': 0.0, 'learning_rate': 1.1884957051606551e-05, 'epoch': 182.98}
{'eval_eval_loss': 0.00010290914360666648, 'eval_eval_token_acc': 0.942013925894348, 'eval_eval_seq_acc': 0.0, 'eval_eval_move_acc': 0.999, 'eval_eval_mod4_acc': 0.9994997498749375, 'eval_eval_runtime': 1.0977, 'eval_eval_samples_per_second': 1821.915, 'eval_eval_steps_per_second': 29.151, 'epoch': 182.98}
{'eval_train_loss': 6.555257670015635e-09, 'eval_train_token_acc': 0.9451563214110398, 'eval_train_seq_acc': 0.0, 'eval_train_move_acc': 1.0, 'eval_train_mod4_acc': 1.0, 'eval_train_runtime': 0.5505, 'eval_train_samples_per_second': 1816.632, 'eval_train_steps_per_second': 29.066, 'epoch': 182.98}
{'loss': 0.0, 'learning_rate': 1.1703574862279862e-05, 'epoch': 184.04}
{'eval_eval_loss': 0.00010353810648666695, 'eval_eval_token_acc': 0.942013925894348, 'eval_eval_seq_acc': 0.0, 'eval_eval_move_acc': 0.999, 'eval_eval_mod4_acc': 0.9994997498749375, 'eval_eval_runtime': 1.1002, 'eval_eval_samples_per_second': 1817.852, 'eval_eval_steps_per_second': 29.086, 'epoch': 184.04}
{'eval_train_loss': 5.776477518537604e-09, 'eval_train_token_acc': 0.9451563214110398, 'eval_train_seq_acc': 0.0, 'eval_train_move_acc': 1.0, 'eval_train_mod4_acc': 1.0, 'eval_train_runtime': 0.5515, 'eval_train_samples_per_second': 1813.239, 'eval_train_steps_per_second': 29.012, 'epoch': 184.04}
{'loss': 0.0, 'learning_rate': 1.1522697745987076e-05, 'epoch': 185.11}
{'eval_eval_loss': 0.00010446204396430403, 'eval_eval_token_acc': 0.942013925894348, 'eval_eval_seq_acc': 0.0, 'eval_eval_move_acc': 0.999, 'eval_eval_mod4_acc': 0.9994997498749375, 'eval_eval_runtime': 1.1016, 'eval_eval_samples_per_second': 1815.525, 'eval_eval_steps_per_second': 29.048, 'epoch': 185.11}
{'eval_train_loss': 5.106287837008949e-09, 'eval_train_token_acc': 0.9451563214110398, 'eval_train_seq_acc': 0.0, 'eval_train_move_acc': 1.0, 'eval_train_mod4_acc': 1.0, 'eval_train_runtime': 0.552, 'eval_train_samples_per_second': 1811.708, 'eval_train_steps_per_second': 28.987, 'epoch': 185.11}
{'loss': 0.0, 'learning_rate': 1.1342353416433218e-05, 'epoch': 186.17}
{'eval_eval_loss': 0.00010511546133784577, 'eval_eval_token_acc': 0.942013925894348, 'eval_eval_seq_acc': 0.0, 'eval_eval_move_acc': 0.999, 'eval_eval_mod4_acc': 0.9994997498749375, 'eval_eval_runtime': 1.1041, 'eval_eval_samples_per_second': 1811.445, 'eval_eval_steps_per_second': 28.983, 'epoch': 186.17}
{'eval_train_loss': 4.4943226917837364e-09, 'eval_train_token_acc': 0.9451563214110398, 'eval_train_seq_acc': 0.0, 'eval_train_move_acc': 1.0, 'eval_train_mod4_acc': 1.0, 'eval_train_runtime': 0.5523, 'eval_train_samples_per_second': 1810.609, 'eval_train_steps_per_second': 28.97, 'epoch': 186.17}
  Pushed checkpoint step-44000 to ijinyu1113/ft_mr3_70m_seed1_purenum
{'loss': 0.0, 'learning_rate': 1.1162569505690563e-05, 'epoch': 187.23}
{'eval_eval_loss': 0.00010513496090425178, 'eval_eval_token_acc': 0.942013925894348, 'eval_eval_seq_acc': 0.0, 'eval_eval_move_acc': 0.999, 'eval_eval_mod4_acc': 0.9994997498749375, 'eval_eval_runtime': 1.1054, 'eval_eval_samples_per_second': 1809.305, 'eval_eval_steps_per_second': 28.949, 'epoch': 187.23}
{'eval_train_loss': 4.002061793073608e-09, 'eval_train_token_acc': 0.9451563214110398, 'eval_train_seq_acc': 0.0, 'eval_train_move_acc': 1.0, 'eval_train_mod4_acc': 1.0, 'eval_train_runtime': 0.552, 'eval_train_samples_per_second': 1811.47, 'eval_train_steps_per_second': 28.984, 'epoch': 187.23}
{'loss': 0.0, 'learning_rate': 1.0983373559964911e-05, 'epoch': 188.3}
{'eval_eval_loss': 0.00010672880307538435, 'eval_eval_token_acc': 0.942013925894348, 'eval_eval_seq_acc': 0.0, 'eval_eval_move_acc': 0.999, 'eval_eval_mod4_acc': 0.9994997498749375, 'eval_eval_runtime': 1.1019, 'eval_eval_samples_per_second': 1815.062, 'eval_eval_steps_per_second': 29.041, 'epoch': 188.3}
{'eval_train_loss': 3.490357558533219e-09, 'eval_train_token_acc': 0.9451563214110398, 'eval_train_seq_acc': 0.0, 'eval_train_move_acc': 1.0, 'eval_train_mod4_acc': 1.0, 'eval_train_runtime': 0.5523, 'eval_train_samples_per_second': 1810.629, 'eval_train_steps_per_second': 28.97, 'epoch': 188.3}
{'loss': 0.0, 'learning_rate': 1.0804793035374997e-05, 'epoch': 189.36}
{'eval_eval_loss': 0.00010792073589982465, 'eval_eval_token_acc': 0.942013925894348, 'eval_eval_seq_acc': 0.0, 'eval_eval_move_acc': 0.999, 'eval_eval_mod4_acc': 0.9994997498749375, 'eval_eval_runtime': 1.1025, 'eval_eval_samples_per_second': 1814.088, 'eval_eval_steps_per_second': 29.025, 'epoch': 189.36}
{'eval_train_loss': 3.1147275869614077e-09, 'eval_train_token_acc': 0.9451563214110398, 'eval_train_seq_acc': 0.0, 'eval_train_move_acc': 1.0, 'eval_train_mod4_acc': 1.0, 'eval_train_runtime': 0.5505, 'eval_train_samples_per_second': 1816.393, 'eval_train_steps_per_second': 29.062, 'epoch': 189.36}
{'loss': 0.0, 'learning_rate': 1.06268552937457e-05, 'epoch': 190.43}
{'eval_eval_loss': 0.00010854755237232894, 'eval_eval_token_acc': 0.942013925894348, 'eval_eval_seq_acc': 0.0, 'eval_eval_move_acc': 0.999, 'eval_eval_mod4_acc': 0.9994997498749375, 'eval_eval_runtime': 1.099, 'eval_eval_samples_per_second': 1819.903, 'eval_eval_steps_per_second': 29.118, 'epoch': 190.43}
{'eval_train_loss': 2.7735260754724322e-09, 'eval_train_token_acc': 0.9451563214110398, 'eval_train_seq_acc': 0.0, 'eval_train_move_acc': 1.0, 'eval_train_mod4_acc': 1.0, 'eval_train_runtime': 0.5489, 'eval_train_samples_per_second': 1821.788, 'eval_train_steps_per_second': 29.149, 'epoch': 190.43}
  Pushed checkpoint step-45000 to ijinyu1113/ft_mr3_70m_seed1_purenum
{'loss': 0.0, 'learning_rate': 1.0449587598415714e-05, 'epoch': 191.49}
{'eval_eval_loss': 0.00010936637409031391, 'eval_eval_token_acc': 0.942013925894348, 'eval_eval_seq_acc': 0.0, 'eval_eval_move_acc': 0.999, 'eval_eval_mod4_acc': 0.9994997498749375, 'eval_eval_runtime': 1.1043, 'eval_eval_samples_per_second': 1811.047, 'eval_eval_steps_per_second': 28.977, 'epoch': 191.49}
{'eval_train_loss': 2.409707322570398e-09, 'eval_train_token_acc': 0.9451563214110398, 'eval_train_seq_acc': 0.0, 'eval_train_move_acc': 1.0, 'eval_train_mod4_acc': 1.0, 'eval_train_runtime': 0.5514, 'eval_train_samples_per_second': 1813.703, 'eval_train_steps_per_second': 29.019, 'epoch': 191.49}
{'loss': 0.0, 'learning_rate': 1.0273017110060303e-05, 'epoch': 192.55}
{'eval_eval_loss': 0.00010967834532493725, 'eval_eval_token_acc': 0.942013925894348, 'eval_eval_seq_acc': 0.0, 'eval_eval_move_acc': 0.999, 'eval_eval_mod4_acc': 0.9994997498749375, 'eval_eval_runtime': 1.1013, 'eval_eval_samples_per_second': 1816.117, 'eval_eval_steps_per_second': 29.058, 'epoch': 192.55}
{'eval_train_loss': 2.1428947505341966e-09, 'eval_train_token_acc': 0.9451563214110398, 'eval_train_seq_acc': 0.0, 'eval_train_move_acc': 1.0, 'eval_train_mod4_acc': 1.0, 'eval_train_runtime': 0.5515, 'eval_train_samples_per_second': 1813.286, 'eval_train_steps_per_second': 29.013, 'epoch': 192.55}
{'loss': 0.0, 'learning_rate': 1.0097170882529782e-05, 'epoch': 193.62}
{'eval_eval_loss': 0.00011128293408546597, 'eval_eval_token_acc': 0.942013925894348, 'eval_eval_seq_acc': 0.0, 'eval_eval_move_acc': 0.999, 'eval_eval_mod4_acc': 0.9994997498749375, 'eval_eval_runtime': 1.1004, 'eval_eval_samples_per_second': 1817.487, 'eval_eval_steps_per_second': 29.08, 'epoch': 193.62}
{'eval_train_loss': 1.8781665112044266e-09, 'eval_train_token_acc': 0.9451563214110398, 'eval_train_seq_acc': 0.0, 'eval_train_move_acc': 1.0, 'eval_train_mod4_acc': 1.0, 'eval_train_runtime': 0.552, 'eval_train_samples_per_second': 1811.474, 'eval_train_steps_per_second': 28.984, 'epoch': 193.62}
{'loss': 0.0, 'learning_rate': 9.922075858704368e-06, 'epoch': 194.68}
{'eval_eval_loss': 0.00011226299102418125, 'eval_eval_token_acc': 0.942013925894348, 'eval_eval_seq_acc': 0.0, 'eval_eval_move_acc': 0.999, 'eval_eval_mod4_acc': 0.9994997498749375, 'eval_eval_runtime': 1.1018, 'eval_eval_samples_per_second': 1815.257, 'eval_eval_steps_per_second': 29.044, 'epoch': 194.68}
{'eval_train_loss': 1.6517793799408764e-09, 'eval_train_token_acc': 0.9451563214110398, 'eval_train_seq_acc': 0.0, 'eval_train_move_acc': 1.0, 'eval_train_mod4_acc': 1.0, 'eval_train_runtime': 0.5524, 'eval_train_samples_per_second': 1810.216, 'eval_train_steps_per_second': 28.963, 'epoch': 194.68}
  Pushed checkpoint step-46000 to ijinyu1113/ft_mr3_70m_seed1_purenum
{'loss': 0.0, 'learning_rate': 9.747758866366046e-06, 'epoch': 195.74}
{'eval_eval_loss': 0.00011292977433186024, 'eval_eval_token_acc': 0.942013925894348, 'eval_eval_seq_acc': 0.0, 'eval_eval_move_acc': 0.999, 'eval_eval_mod4_acc': 0.9994997498749375, 'eval_eval_runtime': 1.1034, 'eval_eval_samples_per_second': 1812.641, 'eval_eval_steps_per_second': 29.002, 'epoch': 195.74}
{'eval_train_loss': 1.4558306782319619e-09, 'eval_train_token_acc': 0.9451563214110398, 'eval_train_seq_acc': 0.0, 'eval_train_move_acc': 1.0, 'eval_train_mod4_acc': 1.0, 'eval_train_runtime': 0.5519, 'eval_train_samples_per_second': 1811.953, 'eval_train_steps_per_second': 28.991, 'epoch': 195.74}
{'loss': 0.0, 'learning_rate': 9.574246614088038e-06, 'epoch': 196.81}
{'eval_eval_loss': 0.00011499485117383301, 'eval_eval_token_acc': 0.942013925894348, 'eval_eval_seq_acc': 0.0, 'eval_eval_move_acc': 0.999, 'eval_eval_mod4_acc': 0.9994997498749375, 'eval_eval_runtime': 1.0994, 'eval_eval_samples_per_second': 1819.145, 'eval_eval_steps_per_second': 29.106, 'epoch': 196.81}
{'eval_train_loss': 1.2674961080705316e-09, 'eval_train_token_acc': 0.9451563214110398, 'eval_train_seq_acc': 0.0, 'eval_train_move_acc': 1.0, 'eval_train_mod4_acc': 1.0, 'eval_train_runtime': 0.5523, 'eval_train_samples_per_second': 1810.764, 'eval_train_steps_per_second': 28.972, 'epoch': 196.81}
{'loss': 0.0, 'learning_rate': 9.401565687142579e-06, 'epoch': 197.87}
{'eval_eval_loss': 0.00011615775292739272, 'eval_eval_token_acc': 0.942013925894348, 'eval_eval_seq_acc': 0.0, 'eval_eval_move_acc': 0.999, 'eval_eval_mod4_acc': 0.9994997498749375, 'eval_eval_runtime': 1.1011, 'eval_eval_samples_per_second': 1816.366, 'eval_eval_steps_per_second': 29.062, 'epoch': 197.87}
{'eval_train_loss': 1.0915017778501124e-09, 'eval_train_token_acc': 0.9451563214110398, 'eval_train_seq_acc': 0.0, 'eval_train_move_acc': 1.0, 'eval_train_mod4_acc': 1.0, 'eval_train_runtime': 0.5515, 'eval_train_samples_per_second': 1813.328, 'eval_train_steps_per_second': 29.013, 'epoch': 197.87}
{'loss': 0.0, 'learning_rate': 9.229742543427552e-06, 'epoch': 198.94}
{'eval_eval_loss': 0.00011695348803186789, 'eval_eval_token_acc': 0.942013925894348, 'eval_eval_seq_acc': 0.0, 'eval_eval_move_acc': 0.999, 'eval_eval_mod4_acc': 0.9994997498749375, 'eval_eval_runtime': 1.1039, 'eval_eval_samples_per_second': 1811.724, 'eval_eval_steps_per_second': 28.988, 'epoch': 198.94}
{'eval_train_loss': 9.563255742861543e-10, 'eval_train_token_acc': 0.9451563214110398, 'eval_train_seq_acc': 0.0, 'eval_train_move_acc': 1.0, 'eval_train_mod4_acc': 1.0, 'eval_train_runtime': 0.5509, 'eval_train_samples_per_second': 1815.371, 'eval_train_steps_per_second': 29.046, 'epoch': 198.94}
  Pushed checkpoint step-47000 to ijinyu1113/ft_mr3_70m_seed1_purenum
{'loss': 0.0, 'learning_rate': 9.058803509412647e-06, 'epoch': 200.0}
{'eval_eval_loss': 0.00011809536954388022, 'eval_eval_token_acc': 0.942013925894348, 'eval_eval_seq_acc': 0.0, 'eval_eval_move_acc': 0.999, 'eval_eval_mod4_acc': 0.9994997498749375, 'eval_eval_runtime': 1.1067, 'eval_eval_samples_per_second': 1807.147, 'eval_eval_steps_per_second': 28.914, 'epoch': 200.0}
{'eval_train_loss': 8.470657508752311e-10, 'eval_train_token_acc': 0.9451563214110398, 'eval_train_seq_acc': 0.0, 'eval_train_move_acc': 1.0, 'eval_train_mod4_acc': 1.0, 'eval_train_runtime': 0.5519, 'eval_train_samples_per_second': 1811.811, 'eval_train_steps_per_second': 28.989, 'epoch': 200.0}
{'loss': 0.0, 'learning_rate': 8.888774776105679e-06, 'epoch': 201.06}
{'eval_eval_loss': 0.00011933932546526194, 'eval_eval_token_acc': 0.942013925894348, 'eval_eval_seq_acc': 0.0, 'eval_eval_move_acc': 0.999, 'eval_eval_mod4_acc': 0.9994997498749375, 'eval_eval_runtime': 1.1012, 'eval_eval_samples_per_second': 1816.253, 'eval_eval_steps_per_second': 29.06, 'epoch': 201.06}
{'eval_train_loss': 7.458842432583879e-10, 'eval_train_token_acc': 0.9451563214110398, 'eval_train_seq_acc': 0.0, 'eval_train_move_acc': 1.0, 'eval_train_mod4_acc': 1.0, 'eval_train_runtime': 0.5524, 'eval_train_samples_per_second': 1810.308, 'eval_train_steps_per_second': 28.965, 'epoch': 201.06}
{'loss': 0.0, 'learning_rate': 8.719682395039619e-06, 'epoch': 202.13}
{'eval_eval_loss': 0.0001205344742629677, 'eval_eval_token_acc': 0.942013925894348, 'eval_eval_seq_acc': 0.0, 'eval_eval_move_acc': 0.999, 'eval_eval_mod4_acc': 0.9994997498749375, 'eval_eval_runtime': 1.1012, 'eval_eval_samples_per_second': 1816.132, 'eval_eval_steps_per_second': 29.058, 'epoch': 202.13}
{'eval_train_loss': 6.551050812930725e-10, 'eval_train_token_acc': 0.9451563214110398, 'eval_train_seq_acc': 0.0, 'eval_train_move_acc': 1.0, 'eval_train_mod4_acc': 1.0, 'eval_train_runtime': 0.5516, 'eval_train_samples_per_second': 1812.781, 'eval_train_steps_per_second': 29.004, 'epoch': 202.13}
{'loss': 0.0, 'learning_rate': 8.551552274281049e-06, 'epoch': 203.19}
{'eval_eval_loss': 0.00012148907262599096, 'eval_eval_token_acc': 0.942013925894348, 'eval_eval_seq_acc': 0.0, 'eval_eval_move_acc': 0.999, 'eval_eval_mod4_acc': 0.9994997498749375, 'eval_eval_runtime': 1.1013, 'eval_eval_samples_per_second': 1816.099, 'eval_eval_steps_per_second': 29.058, 'epoch': 203.19}
{'eval_train_loss': 5.705672601052925e-10, 'eval_train_token_acc': 0.9451563214110398, 'eval_train_seq_acc': 0.0, 'eval_train_move_acc': 1.0, 'eval_train_mod4_acc': 1.0, 'eval_train_runtime': 0.552, 'eval_train_samples_per_second': 1811.631, 'eval_train_steps_per_second': 28.986, 'epoch': 203.19}
  Pushed checkpoint step-48000 to ijinyu1113/ft_mr3_70m_seed1_purenum
{'loss': 0.0, 'learning_rate': 8.384410174460525e-06, 'epoch': 204.26}
{'eval_eval_loss': 0.00012224602687638253, 'eval_eval_token_acc': 0.942013925894348, 'eval_eval_seq_acc': 0.0, 'eval_eval_move_acc': 0.999, 'eval_eval_mod4_acc': 0.9994997498749375, 'eval_eval_runtime': 1.1026, 'eval_eval_samples_per_second': 1813.959, 'eval_eval_steps_per_second': 29.023, 'epoch': 204.26}
{'eval_train_loss': 4.937919517722378e-10, 'eval_train_token_acc': 0.9451563214110398, 'eval_train_seq_acc': 0.0, 'eval_train_move_acc': 1.0, 'eval_train_mod4_acc': 1.0, 'eval_train_runtime': 0.5513, 'eval_train_samples_per_second': 1814.052, 'eval_train_steps_per_second': 29.025, 'epoch': 204.26}
{'loss': 0.0, 'learning_rate': 8.218281704825633e-06, 'epoch': 205.32}
{'eval_eval_loss': 0.000123327859910205, 'eval_eval_token_acc': 0.942013925894348, 'eval_eval_seq_acc': 0.0, 'eval_eval_move_acc': 0.999, 'eval_eval_mod4_acc': 0.9994997498749375, 'eval_eval_runtime': 1.1015, 'eval_eval_samples_per_second': 1815.778, 'eval_eval_steps_per_second': 29.052, 'epoch': 205.32}
{'eval_train_loss': 4.289129329482222e-10, 'eval_train_token_acc': 0.9451563214110398, 'eval_train_seq_acc': 0.0, 'eval_train_move_acc': 1.0, 'eval_train_mod4_acc': 1.0, 'eval_train_runtime': 0.5521, 'eval_train_samples_per_second': 1811.111, 'eval_train_steps_per_second': 28.978, 'epoch': 205.32}
{'loss': 0.0, 'learning_rate': 8.05319231931712e-06, 'epoch': 206.38}
{'eval_eval_loss': 0.00012338036322034895, 'eval_eval_token_acc': 0.942013925894348, 'eval_eval_seq_acc': 0.0, 'eval_eval_move_acc': 0.999, 'eval_eval_mod4_acc': 0.9994997498749375, 'eval_eval_runtime': 1.1024, 'eval_eval_samples_per_second': 1814.223, 'eval_eval_steps_per_second': 29.028, 'epoch': 206.38}
{'eval_train_loss': 3.8253933354326364e-10, 'eval_train_token_acc': 0.9451563214110398, 'eval_train_seq_acc': 0.0, 'eval_train_move_acc': 1.0, 'eval_train_mod4_acc': 1.0, 'eval_train_runtime': 0.5514, 'eval_train_samples_per_second': 1813.552, 'eval_train_steps_per_second': 29.017, 'epoch': 206.38}
{'loss': 0.0, 'learning_rate': 7.889167312668936e-06, 'epoch': 207.45}
{'eval_eval_loss': 0.0001229231565957889, 'eval_eval_token_acc': 0.942013925894348, 'eval_eval_seq_acc': 0.0, 'eval_eval_move_acc': 0.999, 'eval_eval_mod4_acc': 0.9994997498749375, 'eval_eval_runtime': 1.1005, 'eval_eval_samples_per_second': 1817.353, 'eval_eval_steps_per_second': 29.078, 'epoch': 207.45}
{'eval_train_loss': 3.400748571635859e-10, 'eval_train_token_acc': 0.9451563214110398, 'eval_train_seq_acc': 0.0, 'eval_train_move_acc': 1.0, 'eval_train_mod4_acc': 1.0, 'eval_train_runtime': 0.5513, 'eval_train_samples_per_second': 1813.995, 'eval_train_steps_per_second': 29.024, 'epoch': 207.45}
  Pushed checkpoint step-49000 to ijinyu1113/ft_mr3_70m_seed1_purenum
{'loss': 0.0, 'learning_rate': 7.726231816532574e-06, 'epoch': 208.51}
{'eval_eval_loss': 0.00012077635619789362, 'eval_eval_token_acc': 0.942013925894348, 'eval_eval_seq_acc': 0.0, 'eval_eval_move_acc': 0.999, 'eval_eval_mod4_acc': 0.9994997498749375, 'eval_eval_runtime': 1.1025, 'eval_eval_samples_per_second': 1813.986, 'eval_eval_steps_per_second': 29.024, 'epoch': 208.51}
{'eval_train_loss': 2.8939423080132087e-10, 'eval_train_token_acc': 0.9451563214110398, 'eval_train_seq_acc': 0.0, 'eval_train_move_acc': 1.0, 'eval_train_mod4_acc': 1.0, 'eval_train_runtime': 0.5504, 'eval_train_samples_per_second': 1816.893, 'eval_train_steps_per_second': 29.07, 'epoch': 208.51}
{'loss': 0.0, 'learning_rate': 7.5644107956264455e-06, 'epoch': 209.57}
{'eval_eval_loss': 0.00012148743553552777, 'eval_eval_token_acc': 0.942013925894348, 'eval_eval_seq_acc': 0.0, 'eval_eval_move_acc': 0.999, 'eval_eval_mod4_acc': 0.9994997498749375, 'eval_eval_runtime': 1.1037, 'eval_eval_samples_per_second': 1812.142, 'eval_eval_steps_per_second': 28.994, 'epoch': 209.57}
{'eval_train_loss': 2.6919730333752057e-10, 'eval_train_token_acc': 0.9451563214110398, 'eval_train_seq_acc': 0.0, 'eval_train_move_acc': 1.0, 'eval_train_mod4_acc': 1.0, 'eval_train_runtime': 0.5523, 'eval_train_samples_per_second': 1810.502, 'eval_train_steps_per_second': 28.968, 'epoch': 209.57}
{'loss': 0.0, 'learning_rate': 7.40372904391086e-06, 'epoch': 210.64}
{'eval_eval_loss': 0.00012427859473973513, 'eval_eval_token_acc': 0.942013925894348, 'eval_eval_seq_acc': 0.0, 'eval_eval_move_acc': 0.999, 'eval_eval_mod4_acc': 0.9994997498749375, 'eval_eval_runtime': 1.1012, 'eval_eval_samples_per_second': 1816.152, 'eval_eval_steps_per_second': 29.058, 'epoch': 210.64}
{'eval_train_loss': 2.529674802964621e-10, 'eval_train_token_acc': 0.9451563214110398, 'eval_train_seq_acc': 0.0, 'eval_train_move_acc': 1.0, 'eval_train_mod4_acc': 1.0, 'eval_train_runtime': 0.552, 'eval_train_samples_per_second': 1811.59, 'eval_train_steps_per_second': 28.985, 'epoch': 210.64}
{'loss': 0.0, 'learning_rate': 7.244211180789079e-06, 'epoch': 211.7}
{'eval_eval_loss': 0.00012798285752069205, 'eval_eval_token_acc': 0.942013925894348, 'eval_eval_seq_acc': 0.0, 'eval_eval_move_acc': 0.999, 'eval_eval_mod4_acc': 0.9994997498749375, 'eval_eval_runtime': 1.1007, 'eval_eval_samples_per_second': 1817.078, 'eval_eval_steps_per_second': 29.073, 'epoch': 211.7}
{'eval_train_loss': 2.512816066335688e-10, 'eval_train_token_acc': 0.9451563214110398, 'eval_train_seq_acc': 0.0, 'eval_train_move_acc': 1.0, 'eval_train_mod4_acc': 1.0, 'eval_train_runtime': 0.5508, 'eval_train_samples_per_second': 1815.593, 'eval_train_steps_per_second': 29.049, 'epoch': 211.7}
  Pushed checkpoint step-50000 to ijinyu1113/ft_mr3_70m_seed1_purenum
{'loss': 0.0, 'learning_rate': 7.085881647335225e-06, 'epoch': 212.77}
{'eval_eval_loss': 0.0001323111791862175, 'eval_eval_token_acc': 0.942013925894348, 'eval_eval_seq_acc': 0.0, 'eval_eval_move_acc': 0.999, 'eval_eval_mod4_acc': 0.9994997498749375, 'eval_eval_runtime': 1.1038, 'eval_eval_samples_per_second': 1811.848, 'eval_eval_steps_per_second': 28.99, 'epoch': 212.77}
{'eval_train_loss': 2.4312707402884826e-10, 'eval_train_token_acc': 0.9451563214110398, 'eval_train_seq_acc': 0.0, 'eval_train_move_acc': 1.0, 'eval_train_mod4_acc': 1.0, 'eval_train_runtime': 0.5525, 'eval_train_samples_per_second': 1809.831, 'eval_train_steps_per_second': 28.957, 'epoch': 212.77}
{'loss': 0.0, 'learning_rate': 6.928764702549411e-06, 'epoch': 213.83}
{'eval_eval_loss': 0.00013475674495566636, 'eval_eval_token_acc': 0.942013925894348, 'eval_eval_seq_acc': 0.0, 'eval_eval_move_acc': 0.999, 'eval_eval_mod4_acc': 0.9994997498749375, 'eval_eval_runtime': 1.1022, 'eval_eval_samples_per_second': 1814.523, 'eval_eval_steps_per_second': 29.032, 'epoch': 213.83}
{'eval_train_loss': 2.791557540682277e-10, 'eval_train_token_acc': 0.9451563214110398, 'eval_train_seq_acc': 0.0, 'eval_train_move_acc': 1.0, 'eval_train_mod4_acc': 1.0, 'eval_train_runtime': 0.551, 'eval_train_samples_per_second': 1814.771, 'eval_train_steps_per_second': 29.036, 'epoch': 213.83}
{'loss': 0.0, 'learning_rate': 6.772884419640854e-06, 'epoch': 214.89}
{'eval_eval_loss': 0.0001363227638648823, 'eval_eval_token_acc': 0.942013925894348, 'eval_eval_seq_acc': 0.0, 'eval_eval_move_acc': 0.999, 'eval_eval_mod4_acc': 0.9994997498749375, 'eval_eval_runtime': 1.1034, 'eval_eval_samples_per_second': 1812.61, 'eval_eval_steps_per_second': 29.002, 'epoch': 214.89}
{'eval_train_loss': 4.3011003092452427e-10, 'eval_train_token_acc': 0.9451563214110398, 'eval_train_seq_acc': 0.0, 'eval_train_move_acc': 1.0, 'eval_train_mod4_acc': 1.0, 'eval_train_runtime': 0.5524, 'eval_train_samples_per_second': 1810.187, 'eval_train_steps_per_second': 28.963, 'epoch': 214.89}
{'loss': 0.0, 'learning_rate': 6.618264682339377e-06, 'epoch': 215.96}
{'eval_eval_loss': 0.000138983697979711, 'eval_eval_token_acc': 0.942013925894348, 'eval_eval_seq_acc': 0.0, 'eval_eval_move_acc': 0.999, 'eval_eval_mod4_acc': 0.9994997498749375, 'eval_eval_runtime': 1.1001, 'eval_eval_samples_per_second': 1817.998, 'eval_eval_steps_per_second': 29.088, 'epoch': 215.96}
{'eval_train_loss': 7.328839202180859e-10, 'eval_train_token_acc': 0.9451563214110398, 'eval_train_seq_acc': 0.0, 'eval_train_move_acc': 1.0, 'eval_train_mod4_acc': 1.0, 'eval_train_runtime': 0.551, 'eval_train_samples_per_second': 1814.924, 'eval_train_steps_per_second': 29.039, 'epoch': 215.96}
  Pushed checkpoint step-51000 to ijinyu1113/ft_mr3_70m_seed1_purenum
{'loss': 0.0, 'learning_rate': 6.464929181236033e-06, 'epoch': 217.02}
{'eval_eval_loss': 0.00013996449706610292, 'eval_eval_token_acc': 0.942013925894348, 'eval_eval_seq_acc': 0.0, 'eval_eval_move_acc': 0.999, 'eval_eval_mod4_acc': 0.9994997498749375, 'eval_eval_runtime': 1.115, 'eval_eval_samples_per_second': 1793.687, 'eval_eval_steps_per_second': 28.699, 'epoch': 217.02}
{'eval_train_loss': 1.1454307502489769e-09, 'eval_train_token_acc': 0.9451563214110398, 'eval_train_seq_acc': 0.0, 'eval_train_move_acc': 1.0, 'eval_train_mod4_acc': 1.0, 'eval_train_runtime': 0.5521, 'eval_train_samples_per_second': 1811.173, 'eval_train_steps_per_second': 28.979, 'epoch': 217.02}
{'loss': 0.0, 'learning_rate': 6.312901410153208e-06, 'epoch': 218.09}
{'eval_eval_loss': 0.0002046735753538087, 'eval_eval_token_acc': 0.942013925894348, 'eval_eval_seq_acc': 0.0, 'eval_eval_move_acc': 0.999, 'eval_eval_mod4_acc': 0.9994997498749375, 'eval_eval_runtime': 1.1031, 'eval_eval_samples_per_second': 1813.1, 'eval_eval_steps_per_second': 29.01, 'epoch': 218.09}
{'eval_train_loss': 5.981434791912932e-10, 'eval_train_token_acc': 0.9451563214110398, 'eval_train_seq_acc': 0.0, 'eval_train_move_acc': 1.0, 'eval_train_mod4_acc': 1.0, 'eval_train_runtime': 0.5519, 'eval_train_samples_per_second': 1811.923, 'eval_train_steps_per_second': 28.991, 'epoch': 218.09}
{'loss': 0.0002, 'learning_rate': 6.162204662544992e-06, 'epoch': 219.15}
{'eval_eval_loss': 0.0005303384969010949, 'eval_eval_token_acc': 0.942013925894348, 'eval_eval_seq_acc': 0.0, 'eval_eval_move_acc': 0.9955, 'eval_eval_mod4_acc': 0.9959979989994997, 'eval_eval_runtime': 1.1039, 'eval_eval_samples_per_second': 1811.744, 'eval_eval_steps_per_second': 28.988, 'epoch': 219.15}
{'eval_train_loss': 0.000534278282430023, 'eval_train_token_acc': 0.9451563214110398, 'eval_train_seq_acc': 0.0, 'eval_train_move_acc': 0.993, 'eval_train_mod4_acc': 0.993, 'eval_train_runtime': 0.5518, 'eval_train_samples_per_second': 1812.241, 'eval_train_steps_per_second': 28.996, 'epoch': 219.15}
{'loss': 0.0, 'learning_rate': 6.0128620279281635e-06, 'epoch': 220.21}
{'eval_eval_loss': 0.00017882758402265608, 'eval_eval_token_acc': 0.942013925894348, 'eval_eval_seq_acc': 0.0, 'eval_eval_move_acc': 0.999, 'eval_eval_mod4_acc': 0.9994997498749375, 'eval_eval_runtime': 1.1033, 'eval_eval_samples_per_second': 1812.687, 'eval_eval_steps_per_second': 29.003, 'epoch': 220.21}
{'eval_train_loss': 6.015611120346875e-08, 'eval_train_token_acc': 0.9451563214110398, 'eval_train_seq_acc': 0.0, 'eval_train_move_acc': 1.0, 'eval_train_mod4_acc': 1.0, 'eval_train_runtime': 0.5519, 'eval_train_samples_per_second': 1811.879, 'eval_train_steps_per_second': 28.99, 'epoch': 220.21}
  Pushed checkpoint step-52000 to ijinyu1113/ft_mr3_70m_seed1_purenum
{'loss': 0.0, 'learning_rate': 5.864896388344442e-06, 'epoch': 221.28}
{'eval_eval_loss': 0.0001801255566533655, 'eval_eval_token_acc': 0.942013925894348, 'eval_eval_seq_acc': 0.0, 'eval_eval_move_acc': 0.999, 'eval_eval_mod4_acc': 0.9994997498749375, 'eval_eval_runtime': 1.1129, 'eval_eval_samples_per_second': 1797.136, 'eval_eval_steps_per_second': 28.754, 'epoch': 221.28}
{'eval_train_loss': 3.966747641470647e-08, 'eval_train_token_acc': 0.9451563214110398, 'eval_train_seq_acc': 0.0, 'eval_train_move_acc': 1.0, 'eval_train_mod4_acc': 1.0, 'eval_train_runtime': 0.5574, 'eval_train_samples_per_second': 1794.078, 'eval_train_steps_per_second': 28.705, 'epoch': 221.28}
{'loss': 0.0, 'learning_rate': 5.71833041485457e-06, 'epoch': 222.34}
{'eval_eval_loss': 0.0001811253314372152, 'eval_eval_token_acc': 0.942013925894348, 'eval_eval_seq_acc': 0.0, 'eval_eval_move_acc': 0.999, 'eval_eval_mod4_acc': 0.9994997498749375, 'eval_eval_runtime': 1.1026, 'eval_eval_samples_per_second': 1813.911, 'eval_eval_steps_per_second': 29.023, 'epoch': 222.34}
{'eval_train_loss': 3.204408827173211e-08, 'eval_train_token_acc': 0.9451563214110398, 'eval_train_seq_acc': 0.0, 'eval_train_move_acc': 1.0, 'eval_train_mod4_acc': 1.0, 'eval_train_runtime': 0.5523, 'eval_train_samples_per_second': 1810.716, 'eval_train_steps_per_second': 28.971, 'epoch': 222.34}
{'loss': 0.0, 'learning_rate': 5.573186564064649e-06, 'epoch': 223.4}
{'eval_eval_loss': 0.000181871117092669, 'eval_eval_token_acc': 0.942013925894348, 'eval_eval_seq_acc': 0.0, 'eval_eval_move_acc': 0.999, 'eval_eval_mod4_acc': 0.9994997498749375, 'eval_eval_runtime': 1.1, 'eval_eval_samples_per_second': 1818.148, 'eval_eval_steps_per_second': 29.09, 'epoch': 223.4}
{'eval_train_loss': 2.6492475768691293e-08, 'eval_train_token_acc': 0.9451563214110398, 'eval_train_seq_acc': 0.0, 'eval_train_move_acc': 1.0, 'eval_train_mod4_acc': 1.0, 'eval_train_runtime': 0.5519, 'eval_train_samples_per_second': 1812.001, 'eval_train_steps_per_second': 28.992, 'epoch': 223.4}
{'loss': 0.0, 'learning_rate': 5.429487074685418e-06, 'epoch': 224.47}
{'eval_eval_loss': 0.0001819894532673061, 'eval_eval_token_acc': 0.942013925894348, 'eval_eval_seq_acc': 0.0, 'eval_eval_move_acc': 0.999, 'eval_eval_mod4_acc': 0.9994997498749375, 'eval_eval_runtime': 1.1045, 'eval_eval_samples_per_second': 1810.761, 'eval_eval_steps_per_second': 28.972, 'epoch': 224.47}
{'eval_train_loss': 2.291591982839236e-08, 'eval_train_token_acc': 0.9451563214110398, 'eval_train_seq_acc': 0.0, 'eval_train_move_acc': 1.0, 'eval_train_mod4_acc': 1.0, 'eval_train_runtime': 0.5539, 'eval_train_samples_per_second': 1805.523, 'eval_train_steps_per_second': 28.888, 'epoch': 224.47}
  Pushed checkpoint step-53000 to ijinyu1113/ft_mr3_70m_seed1_purenum
{'loss': 0.0, 'learning_rate': 5.287253964124826e-06, 'epoch': 225.53}
{'eval_eval_loss': 0.00018115548300556839, 'eval_eval_token_acc': 0.942013925894348, 'eval_eval_seq_acc': 0.0, 'eval_eval_move_acc': 0.999, 'eval_eval_mod4_acc': 0.9994997498749375, 'eval_eval_runtime': 1.1037, 'eval_eval_samples_per_second': 1812.008, 'eval_eval_steps_per_second': 28.992, 'epoch': 225.53}
{'eval_train_loss': 2.0194939054363203e-08, 'eval_train_token_acc': 0.9451563214110398, 'eval_train_seq_acc': 0.0, 'eval_train_move_acc': 1.0, 'eval_train_mod4_acc': 1.0, 'eval_train_runtime': 0.5523, 'eval_train_samples_per_second': 1810.583, 'eval_train_steps_per_second': 28.969, 'epoch': 225.53}
{'loss': 0.0, 'learning_rate': 5.1465090251146084e-06, 'epoch': 226.6}
{'eval_eval_loss': 0.00018001103308051825, 'eval_eval_token_acc': 0.942013925894348, 'eval_eval_seq_acc': 0.0, 'eval_eval_move_acc': 0.999, 'eval_eval_mod4_acc': 0.9994997498749375, 'eval_eval_runtime': 1.1026, 'eval_eval_samples_per_second': 1813.9, 'eval_eval_steps_per_second': 29.022, 'epoch': 226.6}
{'eval_train_loss': 1.7942333840892388e-08, 'eval_train_token_acc': 0.9451563214110398, 'eval_train_seq_acc': 0.0, 'eval_train_move_acc': 1.0, 'eval_train_mod4_acc': 1.0, 'eval_train_runtime': 0.5516, 'eval_train_samples_per_second': 1812.906, 'eval_train_steps_per_second': 29.007, 'epoch': 226.6}
{'loss': 0.0, 'learning_rate': 5.007273822371196e-06, 'epoch': 227.66}
{'eval_eval_loss': 0.00017963121354114264, 'eval_eval_token_acc': 0.942013925894348, 'eval_eval_seq_acc': 0.0, 'eval_eval_move_acc': 0.999, 'eval_eval_mod4_acc': 0.9994997498749375, 'eval_eval_runtime': 1.1013, 'eval_eval_samples_per_second': 1816.106, 'eval_eval_steps_per_second': 29.058, 'epoch': 227.66}
{'eval_train_loss': 1.6054508833462933e-08, 'eval_train_token_acc': 0.9451563214110398, 'eval_train_seq_acc': 0.0, 'eval_train_move_acc': 1.0, 'eval_train_mod4_acc': 1.0, 'eval_train_runtime': 0.5518, 'eval_train_samples_per_second': 1812.292, 'eval_train_steps_per_second': 28.997, 'epoch': 227.66}
{'loss': 0.0, 'learning_rate': 4.869569689291626e-06, 'epoch': 228.72}
{'eval_eval_loss': 0.0001796670549083501, 'eval_eval_token_acc': 0.942013925894348, 'eval_eval_seq_acc': 0.0, 'eval_eval_move_acc': 0.999, 'eval_eval_mod4_acc': 0.9994997498749375, 'eval_eval_runtime': 1.1006, 'eval_eval_samples_per_second': 1817.23, 'eval_eval_steps_per_second': 29.076, 'epoch': 228.72}
{'eval_train_loss': 1.4457539165846356e-08, 'eval_train_token_acc': 0.9451563214110398, 'eval_train_seq_acc': 0.0, 'eval_train_move_acc': 1.0, 'eval_train_mod4_acc': 1.0, 'eval_train_runtime': 0.5524, 'eval_train_samples_per_second': 1810.191, 'eval_train_steps_per_second': 28.963, 'epoch': 228.72}
  Pushed checkpoint step-54000 to ijinyu1113/ft_mr3_70m_seed1_purenum
{'loss': 0.0, 'learning_rate': 4.733417724684879e-06, 'epoch': 229.79}
{'eval_eval_loss': 0.00017908858717419207, 'eval_eval_token_acc': 0.942013925894348, 'eval_eval_seq_acc': 0.0, 'eval_eval_move_acc': 0.999, 'eval_eval_mod4_acc': 0.9994997498749375, 'eval_eval_runtime': 1.1026, 'eval_eval_samples_per_second': 1813.954, 'eval_eval_steps_per_second': 29.023, 'epoch': 229.79}
{'eval_train_loss': 1.3234633833292264e-08, 'eval_train_token_acc': 0.9451563214110398, 'eval_train_seq_acc': 0.0, 'eval_train_move_acc': 1.0, 'eval_train_mod4_acc': 1.0, 'eval_train_runtime': 0.5523, 'eval_train_samples_per_second': 1810.645, 'eval_train_steps_per_second': 28.97, 'epoch': 229.79}
{'loss': 0.0, 'learning_rate': 4.598838789539128e-06, 'epoch': 230.85}
{'eval_eval_loss': 0.00017897173529490829, 'eval_eval_token_acc': 0.942013925894348, 'eval_eval_seq_acc': 0.0, 'eval_eval_move_acc': 0.999, 'eval_eval_mod4_acc': 0.9994997498749375, 'eval_eval_runtime': 1.103, 'eval_eval_samples_per_second': 1813.271, 'eval_eval_steps_per_second': 29.012, 'epoch': 230.85}
{'eval_train_loss': 1.2303412511016631e-08, 'eval_train_token_acc': 0.9451563214110398, 'eval_train_seq_acc': 0.0, 'eval_train_move_acc': 1.0, 'eval_train_mod4_acc': 1.0, 'eval_train_runtime': 0.5524, 'eval_train_samples_per_second': 1810.266, 'eval_train_steps_per_second': 28.964, 'epoch': 230.85}
{'loss': 0.0, 'learning_rate': 4.46585350382548e-06, 'epoch': 231.91}
{'eval_eval_loss': 0.00017902874969877303, 'eval_eval_token_acc': 0.942013925894348, 'eval_eval_seq_acc': 0.0, 'eval_eval_move_acc': 0.999, 'eval_eval_mod4_acc': 0.9994997498749375, 'eval_eval_runtime': 1.1, 'eval_eval_samples_per_second': 1818.122, 'eval_eval_steps_per_second': 29.09, 'epoch': 231.91}
{'eval_train_loss': 1.1070177663441427e-08, 'eval_train_token_acc': 0.9451563214110398, 'eval_train_seq_acc': 0.0, 'eval_train_move_acc': 1.0, 'eval_train_mod4_acc': 1.0, 'eval_train_runtime': 0.5501, 'eval_train_samples_per_second': 1817.979, 'eval_train_steps_per_second': 29.088, 'epoch': 231.91}
{'loss': 0.0, 'learning_rate': 4.334482243338589e-06, 'epoch': 232.98}
{'eval_eval_loss': 0.00017916968499775976, 'eval_eval_token_acc': 0.942013925894348, 'eval_eval_seq_acc': 0.0, 'eval_eval_move_acc': 0.999, 'eval_eval_mod4_acc': 0.9994997498749375, 'eval_eval_runtime': 1.0989, 'eval_eval_samples_per_second': 1819.976, 'eval_eval_steps_per_second': 29.12, 'epoch': 232.98}
{'eval_train_loss': 1.0177990894533195e-08, 'eval_train_token_acc': 0.9451563214110398, 'eval_train_seq_acc': 0.0, 'eval_train_move_acc': 1.0, 'eval_train_mod4_acc': 1.0, 'eval_train_runtime': 0.5506, 'eval_train_samples_per_second': 1816.206, 'eval_train_steps_per_second': 29.059, 'epoch': 232.98}
  Pushed checkpoint step-55000 to ijinyu1113/ft_mr3_70m_seed1_purenum
{'loss': 0.0, 'learning_rate': 4.204745136574737e-06, 'epoch': 234.04}
{'eval_eval_loss': 0.00017934451170731336, 'eval_eval_token_acc': 0.942013925894348, 'eval_eval_seq_acc': 0.0, 'eval_eval_move_acc': 0.999, 'eval_eval_mod4_acc': 0.9994997498749375, 'eval_eval_runtime': 1.1039, 'eval_eval_samples_per_second': 1811.765, 'eval_eval_steps_per_second': 28.988, 'epoch': 234.04}
{'eval_train_loss': 9.400183742513946e-09, 'eval_train_token_acc': 0.9451563214110398, 'eval_train_seq_acc': 0.0, 'eval_train_move_acc': 1.0, 'eval_train_mod4_acc': 1.0, 'eval_train_runtime': 0.5546, 'eval_train_samples_per_second': 1803.244, 'eval_train_steps_per_second': 28.852, 'epoch': 234.04}
{'loss': 0.0, 'learning_rate': 4.076662061647747e-06, 'epoch': 235.11}
{'eval_eval_loss': 0.0001795327989384532, 'eval_eval_token_acc': 0.942013925894348, 'eval_eval_seq_acc': 0.0, 'eval_eval_move_acc': 0.999, 'eval_eval_mod4_acc': 0.9994997498749375, 'eval_eval_runtime': 1.1013, 'eval_eval_samples_per_second': 1816.051, 'eval_eval_steps_per_second': 29.057, 'epoch': 235.11}
{'eval_train_loss': 8.71714345151986e-09, 'eval_train_token_acc': 0.9451563214110398, 'eval_train_seq_acc': 0.0, 'eval_train_move_acc': 1.0, 'eval_train_mod4_acc': 1.0, 'eval_train_runtime': 0.5516, 'eval_train_samples_per_second': 1812.946, 'eval_train_steps_per_second': 29.007, 'epoch': 235.11}
{'loss': 0.0, 'learning_rate': 3.950252643243317e-06, 'epoch': 236.17}
{'eval_eval_loss': 0.00017989487969316542, 'eval_eval_token_acc': 0.942013925894348, 'eval_eval_seq_acc': 0.0, 'eval_eval_move_acc': 0.999, 'eval_eval_mod4_acc': 0.9994997498749375, 'eval_eval_runtime': 1.0989, 'eval_eval_samples_per_second': 1820.062, 'eval_eval_steps_per_second': 29.121, 'epoch': 236.17}
{'eval_train_loss': 8.06631206273778e-09, 'eval_train_token_acc': 0.9451563214110398, 'eval_train_seq_acc': 0.0, 'eval_train_move_acc': 1.0, 'eval_train_mod4_acc': 1.0, 'eval_train_runtime': 0.5496, 'eval_train_samples_per_second': 1819.37, 'eval_train_steps_per_second': 29.11, 'epoch': 236.17}
{'loss': 0.0, 'learning_rate': 3.825536249612147e-06, 'epoch': 237.23}
{'eval_eval_loss': 0.00018024184100795537, 'eval_eval_token_acc': 0.942013925894348, 'eval_eval_seq_acc': 0.0, 'eval_eval_move_acc': 0.999, 'eval_eval_mod4_acc': 0.9994997498749375, 'eval_eval_runtime': 1.0989, 'eval_eval_samples_per_second': 1820.082, 'eval_eval_steps_per_second': 29.121, 'epoch': 237.23}
{'eval_train_loss': 7.501887999694645e-09, 'eval_train_token_acc': 0.9451563214110398, 'eval_train_seq_acc': 0.0, 'eval_train_move_acc': 1.0, 'eval_train_mod4_acc': 1.0, 'eval_train_runtime': 0.5489, 'eval_train_samples_per_second': 1821.691, 'eval_train_steps_per_second': 29.147, 'epoch': 237.23}
  Pushed checkpoint step-56000 to ijinyu1113/ft_mr3_70m_seed1_purenum
{'loss': 0.0, 'learning_rate': 3.702531989602354e-06, 'epoch': 238.3}
{'eval_eval_loss': 0.00018049433128908277, 'eval_eval_token_acc': 0.942013925894348, 'eval_eval_seq_acc': 0.0, 'eval_eval_move_acc': 0.999, 'eval_eval_mod4_acc': 0.9994997498749375, 'eval_eval_runtime': 1.1038, 'eval_eval_samples_per_second': 1811.932, 'eval_eval_steps_per_second': 28.991, 'epoch': 238.3}
{'eval_train_loss': 7.018132741620775e-09, 'eval_train_token_acc': 0.9451563214110398, 'eval_train_seq_acc': 0.0, 'eval_train_move_acc': 1.0, 'eval_train_mod4_acc': 1.0, 'eval_train_runtime': 0.5522, 'eval_train_samples_per_second': 1810.778, 'eval_train_steps_per_second': 28.972, 'epoch': 238.3}
{'loss': 0.0, 'learning_rate': 3.5812587097316712e-06, 'epoch': 239.36}
{'eval_eval_loss': 0.00018087381613440812, 'eval_eval_token_acc': 0.942013925894348, 'eval_eval_seq_acc': 0.0, 'eval_eval_move_acc': 0.999, 'eval_eval_mod4_acc': 0.9994997498749375, 'eval_eval_runtime': 1.0985, 'eval_eval_samples_per_second': 1820.602, 'eval_eval_steps_per_second': 29.13, 'epoch': 239.36}
{'eval_train_loss': 6.493909410210108e-09, 'eval_train_token_acc': 0.9451563214110398, 'eval_train_seq_acc': 0.0, 'eval_train_move_acc': 1.0, 'eval_train_mod4_acc': 1.0, 'eval_train_runtime': 0.5508, 'eval_train_samples_per_second': 1815.592, 'eval_train_steps_per_second': 29.049, 'epoch': 239.36}
{'loss': 0.0, 'learning_rate': 3.461734991299779e-06, 'epoch': 240.43}
{'eval_eval_loss': 0.0001813052367651835, 'eval_eval_token_acc': 0.942013925894348, 'eval_eval_seq_acc': 0.0, 'eval_eval_move_acc': 0.999, 'eval_eval_mod4_acc': 0.9994997498749375, 'eval_eval_runtime': 1.1029, 'eval_eval_samples_per_second': 1813.38, 'eval_eval_steps_per_second': 29.014, 'epoch': 240.43}
{'eval_train_loss': 6.084693637831151e-09, 'eval_train_token_acc': 0.9451563214110398, 'eval_train_seq_acc': 0.0, 'eval_train_move_acc': 1.0, 'eval_train_mod4_acc': 1.0, 'eval_train_runtime': 0.5519, 'eval_train_samples_per_second': 1811.829, 'eval_train_steps_per_second': 28.989, 'epoch': 240.43}
{'loss': 0.0, 'learning_rate': 3.343979147541352e-06, 'epoch': 241.49}
{'eval_eval_loss': 0.0001815213618101552, 'eval_eval_token_acc': 0.942013925894348, 'eval_eval_seq_acc': 0.0, 'eval_eval_move_acc': 0.999, 'eval_eval_mod4_acc': 0.9994997498749375, 'eval_eval_runtime': 1.1, 'eval_eval_samples_per_second': 1818.152, 'eval_eval_steps_per_second': 29.09, 'epoch': 241.49}
{'eval_train_loss': 5.752044174300863e-09, 'eval_train_token_acc': 0.9451563214110398, 'eval_train_seq_acc': 0.0, 'eval_train_move_acc': 1.0, 'eval_train_mod4_acc': 1.0, 'eval_train_runtime': 0.5508, 'eval_train_samples_per_second': 1815.5, 'eval_train_steps_per_second': 29.048, 'epoch': 241.49}
  Pushed checkpoint step-57000 to ijinyu1113/ft_mr3_70m_seed1_purenum
{'loss': 0.0, 'learning_rate': 3.2280092208200853e-06, 'epoch': 242.55}
{'eval_eval_loss': 0.00018186989473178983, 'eval_eval_token_acc': 0.942013925894348, 'eval_eval_seq_acc': 0.0, 'eval_eval_move_acc': 0.999, 'eval_eval_mod4_acc': 0.9994997498749375, 'eval_eval_runtime': 1.105, 'eval_eval_samples_per_second': 1809.949, 'eval_eval_steps_per_second': 28.959, 'epoch': 242.55}
{'eval_train_loss': 5.269826353071494e-09, 'eval_train_token_acc': 0.9451563214110398, 'eval_train_seq_acc': 0.0, 'eval_train_move_acc': 1.0, 'eval_train_mod4_acc': 1.0, 'eval_train_runtime': 0.5514, 'eval_train_samples_per_second': 1813.6, 'eval_train_steps_per_second': 29.018, 'epoch': 242.55}
{'loss': 0.0, 'learning_rate': 3.1138429798643182e-06, 'epoch': 243.62}
{'eval_eval_loss': 0.00018202389765065163, 'eval_eval_token_acc': 0.942013925894348, 'eval_eval_seq_acc': 0.0, 'eval_eval_move_acc': 0.999, 'eval_eval_mod4_acc': 0.9994997498749375, 'eval_eval_runtime': 1.1019, 'eval_eval_samples_per_second': 1815.043, 'eval_eval_steps_per_second': 29.041, 'epoch': 243.62}
{'eval_train_loss': 4.9532258294959775e-09, 'eval_train_token_acc': 0.9451563214110398, 'eval_train_seq_acc': 0.0, 'eval_train_move_acc': 1.0, 'eval_train_mod4_acc': 1.0, 'eval_train_runtime': 0.5512, 'eval_train_samples_per_second': 1814.32, 'eval_train_steps_per_second': 29.029, 'epoch': 243.62}
{'loss': 0.0, 'learning_rate': 3.0014979170444963e-06, 'epoch': 244.68}
{'eval_eval_loss': 0.00018238218035548925, 'eval_eval_token_acc': 0.942013925894348, 'eval_eval_seq_acc': 0.0, 'eval_eval_move_acc': 0.999, 'eval_eval_mod4_acc': 0.9994997498749375, 'eval_eval_runtime': 1.103, 'eval_eval_samples_per_second': 1813.189, 'eval_eval_steps_per_second': 29.011, 'epoch': 244.68}
{'eval_train_loss': 4.743514914196112e-09, 'eval_train_token_acc': 0.9451563214110398, 'eval_train_seq_acc': 0.0, 'eval_train_move_acc': 1.0, 'eval_train_mod4_acc': 1.0, 'eval_train_runtime': 0.5517, 'eval_train_samples_per_second': 1812.534, 'eval_train_steps_per_second': 29.001, 'epoch': 244.68}
{'loss': 0.0, 'learning_rate': 2.8909912456930587e-06, 'epoch': 245.74}
{'eval_eval_loss': 0.00018279389769304544, 'eval_eval_token_acc': 0.942013925894348, 'eval_eval_seq_acc': 0.0, 'eval_eval_move_acc': 0.999, 'eval_eval_mod4_acc': 0.9994997498749375, 'eval_eval_runtime': 1.1027, 'eval_eval_samples_per_second': 1813.667, 'eval_eval_steps_per_second': 29.019, 'epoch': 245.74}
{'eval_train_loss': 4.418698740238369e-09, 'eval_train_token_acc': 0.9451563214110398, 'eval_train_seq_acc': 0.0, 'eval_train_move_acc': 1.0, 'eval_train_mod4_acc': 1.0, 'eval_train_runtime': 0.5517, 'eval_train_samples_per_second': 1812.688, 'eval_train_steps_per_second': 29.003, 'epoch': 245.74}
  Pushed checkpoint step-58000 to ijinyu1113/ft_mr3_70m_seed1_purenum
{'loss': 0.0, 'learning_rate': 2.7823398974670004e-06, 'epoch': 246.81}
{'eval_eval_loss': 0.00018407574680168182, 'eval_eval_token_acc': 0.942013925894348, 'eval_eval_seq_acc': 0.0, 'eval_eval_move_acc': 0.999, 'eval_eval_mod4_acc': 0.9994997498749375, 'eval_eval_runtime': 1.1053, 'eval_eval_samples_per_second': 1809.53, 'eval_eval_steps_per_second': 28.952, 'epoch': 246.81}
{'eval_train_loss': 4.1465044731126e-09, 'eval_train_token_acc': 0.9451563214110398, 'eval_train_seq_acc': 0.0, 'eval_train_move_acc': 1.0, 'eval_train_mod4_acc': 1.0, 'eval_train_runtime': 0.5524, 'eval_train_samples_per_second': 1810.28, 'eval_train_steps_per_second': 28.964, 'epoch': 246.81}
{'loss': 0.0, 'learning_rate': 2.675560519753659e-06, 'epoch': 247.87}
{'eval_eval_loss': 0.00018369547615293413, 'eval_eval_token_acc': 0.942013925894348, 'eval_eval_seq_acc': 0.0, 'eval_eval_move_acc': 0.999, 'eval_eval_mod4_acc': 0.9994997498749375, 'eval_eval_runtime': 1.1013, 'eval_eval_samples_per_second': 1815.974, 'eval_eval_steps_per_second': 29.056, 'epoch': 247.87}
{'eval_train_loss': 3.995308084370208e-09, 'eval_train_token_acc': 0.9451563214110398, 'eval_train_seq_acc': 0.0, 'eval_train_move_acc': 1.0, 'eval_train_mod4_acc': 1.0, 'eval_train_runtime': 0.5512, 'eval_train_samples_per_second': 1814.26, 'eval_train_steps_per_second': 29.028, 'epoch': 247.87}
{'loss': 0.0, 'learning_rate': 2.5706694731200194e-06, 'epoch': 248.94}
{'eval_eval_loss': 0.00018433378136251122, 'eval_eval_token_acc': 0.942013925894348, 'eval_eval_seq_acc': 0.0, 'eval_eval_move_acc': 0.999, 'eval_eval_mod4_acc': 0.9994997498749375, 'eval_eval_runtime': 1.1017, 'eval_eval_samples_per_second': 1815.334, 'eval_eval_steps_per_second': 29.045, 'epoch': 248.94}
{'eval_train_loss': 3.7957303966607014e-09, 'eval_train_token_acc': 0.9451563214110398, 'eval_train_seq_acc': 0.0, 'eval_train_move_acc': 1.0, 'eval_train_mod4_acc': 1.0, 'eval_train_runtime': 0.5515, 'eval_train_samples_per_second': 1813.088, 'eval_train_steps_per_second': 29.009, 'epoch': 248.94}
{'loss': 0.0, 'learning_rate': 2.467682828805956e-06, 'epoch': 250.0}
{'eval_eval_loss': 0.00018497841665521264, 'eval_eval_token_acc': 0.942013925894348, 'eval_eval_seq_acc': 0.0, 'eval_eval_move_acc': 0.999, 'eval_eval_mod4_acc': 0.9994997498749375, 'eval_eval_runtime': 1.1055, 'eval_eval_samples_per_second': 1809.081, 'eval_eval_steps_per_second': 28.945, 'epoch': 250.0}
{'eval_train_loss': 3.6423539739871558e-09, 'eval_train_token_acc': 0.9451563214110398, 'eval_train_seq_acc': 0.0, 'eval_train_move_acc': 1.0, 'eval_train_mod4_acc': 1.0, 'eval_train_runtime': 0.5528, 'eval_train_samples_per_second': 1809.085, 'eval_train_steps_per_second': 28.945, 'epoch': 250.0}
  Pushed checkpoint step-59000 to ijinyu1113/ft_mr3_70m_seed1_purenum
{'loss': 0.0, 'learning_rate': 2.3666163662618575e-06, 'epoch': 251.06}
{'eval_eval_loss': 0.00018561221077106893, 'eval_eval_token_acc': 0.942013925894348, 'eval_eval_seq_acc': 0.0, 'eval_eval_move_acc': 0.999, 'eval_eval_mod4_acc': 0.9994997498749375, 'eval_eval_runtime': 1.1047, 'eval_eval_samples_per_second': 1810.495, 'eval_eval_steps_per_second': 28.968, 'epoch': 251.06}
{'eval_train_loss': 3.4970857321070525e-09, 'eval_train_token_acc': 0.9451563214110398, 'eval_train_seq_acc': 0.0, 'eval_train_move_acc': 1.0, 'eval_train_mod4_acc': 1.0, 'eval_train_runtime': 0.5521, 'eval_train_samples_per_second': 1811.128, 'eval_train_steps_per_second': 28.978, 'epoch': 251.06}
{'loss': 0.0, 'learning_rate': 2.267485570730894e-06, 'epoch': 252.13}
{'eval_eval_loss': 0.00018643536895979196, 'eval_eval_token_acc': 0.942013925894348, 'eval_eval_seq_acc': 0.0, 'eval_eval_move_acc': 0.999, 'eval_eval_mod4_acc': 0.9994997498749375, 'eval_eval_runtime': 1.1026, 'eval_eval_samples_per_second': 1813.944, 'eval_eval_steps_per_second': 29.023, 'epoch': 252.13}
{'eval_train_loss': 3.353926691929132e-09, 'eval_train_token_acc': 0.9451563214110398, 'eval_train_seq_acc': 0.0, 'eval_train_move_acc': 1.0, 'eval_train_mod4_acc': 1.0, 'eval_train_runtime': 0.552, 'eval_train_samples_per_second': 1811.524, 'eval_train_steps_per_second': 28.984, 'epoch': 252.13}
{'loss': 0.0, 'learning_rate': 2.170305630876408e-06, 'epoch': 253.19}
{'eval_eval_loss': 0.00018743349937722087, 'eval_eval_token_acc': 0.942013925894348, 'eval_eval_seq_acc': 0.0, 'eval_eval_move_acc': 0.999, 'eval_eval_mod4_acc': 0.9994997498749375, 'eval_eval_runtime': 1.1009, 'eval_eval_samples_per_second': 1816.728, 'eval_eval_steps_per_second': 29.068, 'epoch': 253.19}
{'eval_train_loss': 3.2570945940335605e-09, 'eval_train_token_acc': 0.9451563214110398, 'eval_train_seq_acc': 0.0, 'eval_train_move_acc': 1.0, 'eval_train_mod4_acc': 1.0, 'eval_train_runtime': 0.5506, 'eval_train_samples_per_second': 1816.187, 'eval_train_steps_per_second': 29.059, 'epoch': 253.19}
{'loss': 0.0, 'learning_rate': 2.0750914364547357e-06, 'epoch': 254.26}
{'eval_eval_loss': 0.00018848518084269017, 'eval_eval_token_acc': 0.942013925894348, 'eval_eval_seq_acc': 0.0, 'eval_eval_move_acc': 0.999, 'eval_eval_mod4_acc': 0.9994997498749375, 'eval_eval_runtime': 1.1013, 'eval_eval_samples_per_second': 1816.082, 'eval_eval_steps_per_second': 29.057, 'epoch': 254.26}
{'eval_train_loss': 3.1584186377386914e-09, 'eval_train_token_acc': 0.9451563214110398, 'eval_train_seq_acc': 0.0, 'eval_train_move_acc': 1.0, 'eval_train_mod4_acc': 1.0, 'eval_train_runtime': 0.5506, 'eval_train_samples_per_second': 1816.273, 'eval_train_steps_per_second': 29.06, 'epoch': 254.26}
  Pushed checkpoint step-60000 to ijinyu1113/ft_mr3_70m_seed1_purenum
{'loss': 0.0, 'learning_rate': 1.9818575760337995e-06, 'epoch': 255.32}
{'eval_eval_loss': 0.0001892550353659317, 'eval_eval_token_acc': 0.942013925894348, 'eval_eval_seq_acc': 0.0, 'eval_eval_move_acc': 0.999, 'eval_eval_mod4_acc': 0.9994997498749375, 'eval_eval_runtime': 1.1041, 'eval_eval_samples_per_second': 1811.427, 'eval_eval_steps_per_second': 28.983, 'epoch': 255.32}
{'eval_train_loss': 3.067689879898694e-09, 'eval_train_token_acc': 0.9451563214110398, 'eval_train_seq_acc': 0.0, 'eval_train_move_acc': 1.0, 'eval_train_mod4_acc': 1.0, 'eval_train_runtime': 0.5523, 'eval_train_samples_per_second': 1810.527, 'eval_train_steps_per_second': 28.968, 'epoch': 255.32}
{'loss': 0.0, 'learning_rate': 1.8906183347578975e-06, 'epoch': 256.38}
{'eval_eval_loss': 0.00018987455405294895, 'eval_eval_token_acc': 0.942013925894348, 'eval_eval_seq_acc': 0.0, 'eval_eval_move_acc': 0.999, 'eval_eval_mod4_acc': 0.9994997498749375, 'eval_eval_runtime': 1.1069, 'eval_eval_samples_per_second': 1806.837, 'eval_eval_steps_per_second': 28.909, 'epoch': 256.38}
{'eval_train_loss': 2.981053848216675e-09, 'eval_train_token_acc': 0.9451563214110398, 'eval_train_seq_acc': 0.0, 'eval_train_move_acc': 1.0, 'eval_train_mod4_acc': 1.0, 'eval_train_runtime': 0.5524, 'eval_train_samples_per_second': 1810.374, 'eval_train_steps_per_second': 28.966, 'epoch': 256.38}
{'loss': 0.0, 'learning_rate': 1.8013876921589363e-06, 'epoch': 257.45}
{'eval_eval_loss': 0.0001909074344439432, 'eval_eval_token_acc': 0.942013925894348, 'eval_eval_seq_acc': 0.0, 'eval_eval_move_acc': 0.999, 'eval_eval_mod4_acc': 0.9994997498749375, 'eval_eval_runtime': 1.101, 'eval_eval_samples_per_second': 1816.467, 'eval_eval_steps_per_second': 29.063, 'epoch': 257.45}
{'eval_train_loss': 2.9246498556290135e-09, 'eval_train_token_acc': 0.9451563214110398, 'eval_train_seq_acc': 0.0, 'eval_train_move_acc': 1.0, 'eval_train_mod4_acc': 1.0, 'eval_train_runtime': 0.5507, 'eval_train_samples_per_second': 1815.875, 'eval_train_steps_per_second': 29.054, 'epoch': 257.45}
{'loss': 0.0, 'learning_rate': 1.7141793200145234e-06, 'epoch': 258.51}
{'eval_eval_loss': 0.00019164189870934933, 'eval_eval_token_acc': 0.942013925894348, 'eval_eval_seq_acc': 0.0, 'eval_eval_move_acc': 0.999, 'eval_eval_mod4_acc': 0.9994997498749375, 'eval_eval_runtime': 1.1054, 'eval_eval_samples_per_second': 1809.288, 'eval_eval_steps_per_second': 28.949, 'epoch': 258.51}
{'eval_train_loss': 2.9025666314907994e-09, 'eval_train_token_acc': 0.9451563214110398, 'eval_train_seq_acc': 0.0, 'eval_train_move_acc': 1.0, 'eval_train_mod4_acc': 1.0, 'eval_train_runtime': 0.5518, 'eval_train_samples_per_second': 1812.172, 'eval_train_steps_per_second': 28.995, 'epoch': 258.51}
  Pushed checkpoint step-61000 to ijinyu1113/ft_mr3_70m_seed1_purenum
{'loss': 0.0, 'learning_rate': 1.6290065802531878e-06, 'epoch': 259.57}
{'eval_eval_loss': 0.0001926759141497314, 'eval_eval_token_acc': 0.942013925894348, 'eval_eval_seq_acc': 0.0, 'eval_eval_move_acc': 0.999, 'eval_eval_mod4_acc': 0.9994997498749375, 'eval_eval_runtime': 1.106, 'eval_eval_samples_per_second': 1808.357, 'eval_eval_steps_per_second': 28.934, 'epoch': 259.57}
{'eval_train_loss': 2.8622315628723527e-09, 'eval_train_token_acc': 0.9451563214110398, 'eval_train_seq_acc': 0.0, 'eval_train_move_acc': 1.0, 'eval_train_mod4_acc': 1.0, 'eval_train_runtime': 0.5515, 'eval_train_samples_per_second': 1813.243, 'eval_train_steps_per_second': 29.012, 'epoch': 259.57}
{'loss': 0.0, 'learning_rate': 1.5458825229070995e-06, 'epoch': 260.64}
{'eval_eval_loss': 0.00019322513253428042, 'eval_eval_token_acc': 0.942013925894348, 'eval_eval_seq_acc': 0.0, 'eval_eval_move_acc': 0.999, 'eval_eval_mod4_acc': 0.9994997498749375, 'eval_eval_runtime': 1.1021, 'eval_eval_samples_per_second': 1814.75, 'eval_eval_steps_per_second': 29.036, 'epoch': 260.64}
{'eval_train_loss': 2.8945399410673645e-09, 'eval_train_token_acc': 0.9451563214110398, 'eval_train_seq_acc': 0.0, 'eval_train_move_acc': 1.0, 'eval_train_mod4_acc': 1.0, 'eval_train_runtime': 0.553, 'eval_train_samples_per_second': 1808.318, 'eval_train_steps_per_second': 28.933, 'epoch': 260.64}
{'loss': 0.0, 'learning_rate': 1.4648198841125453e-06, 'epoch': 261.7}
{'eval_eval_loss': 0.0001944470132002607, 'eval_eval_token_acc': 0.942013925894348, 'eval_eval_seq_acc': 0.0, 'eval_eval_move_acc': 0.999, 'eval_eval_mod4_acc': 0.9994997498749375, 'eval_eval_runtime': 1.1001, 'eval_eval_samples_per_second': 1818.013, 'eval_eval_steps_per_second': 29.088, 'epoch': 261.7}
{'eval_train_loss': 2.8985647215762356e-09, 'eval_train_token_acc': 0.9451563214110398, 'eval_train_seq_acc': 0.0, 'eval_train_move_acc': 1.0, 'eval_train_mod4_acc': 1.0, 'eval_train_runtime': 0.5507, 'eval_train_samples_per_second': 1815.772, 'eval_train_steps_per_second': 29.052, 'epoch': 261.7}
{'loss': 0.0, 'learning_rate': 1.385831084158543e-06, 'epoch': 262.77}
{'eval_eval_loss': 0.0001951303711393848, 'eval_eval_token_acc': 0.942013925894348, 'eval_eval_seq_acc': 0.0, 'eval_eval_move_acc': 0.999, 'eval_eval_mod4_acc': 0.9994997498749375, 'eval_eval_runtime': 1.1018, 'eval_eval_samples_per_second': 1815.248, 'eval_eval_steps_per_second': 29.044, 'epoch': 262.77}
{'eval_train_loss': 2.9008846436084923e-09, 'eval_train_token_acc': 0.9451563214110398, 'eval_train_seq_acc': 0.0, 'eval_train_move_acc': 1.0, 'eval_train_mod4_acc': 1.0, 'eval_train_runtime': 0.5524, 'eval_train_samples_per_second': 1810.337, 'eval_train_steps_per_second': 28.965, 'epoch': 262.77}
  Pushed checkpoint step-62000 to ijinyu1113/ft_mr3_70m_seed1_purenum
{'loss': 0.0, 'learning_rate': 1.308928225583797e-06, 'epoch': 263.83}
{'eval_eval_loss': 0.00019598461221903563, 'eval_eval_token_acc': 0.942013925894348, 'eval_eval_seq_acc': 0.0, 'eval_eval_move_acc': 0.999, 'eval_eval_mod4_acc': 0.9994997498749375, 'eval_eval_runtime': 1.1015, 'eval_eval_samples_per_second': 1815.754, 'eval_eval_steps_per_second': 29.052, 'epoch': 263.83}
{'eval_train_loss': 2.909696483754942e-09, 'eval_train_token_acc': 0.9451563214110398, 'eval_train_seq_acc': 0.0, 'eval_train_move_acc': 1.0, 'eval_train_mod4_acc': 1.0, 'eval_train_runtime': 0.5521, 'eval_train_samples_per_second': 1811.414, 'eval_train_steps_per_second': 28.983, 'epoch': 263.83}
{'loss': 0.0, 'learning_rate': 1.234123091322389e-06, 'epoch': 264.89}
{'eval_eval_loss': 0.00019677849195431918, 'eval_eval_token_acc': 0.942013925894348, 'eval_eval_seq_acc': 0.0, 'eval_eval_move_acc': 0.999, 'eval_eval_mod4_acc': 0.9994997498749375, 'eval_eval_runtime': 1.1026, 'eval_eval_samples_per_second': 1813.871, 'eval_eval_steps_per_second': 29.022, 'epoch': 264.89}
{'eval_train_loss': 2.808559385059084e-09, 'eval_train_token_acc': 0.9451563214110398, 'eval_train_seq_acc': 0.0, 'eval_train_move_acc': 1.0, 'eval_train_mod4_acc': 1.0, 'eval_train_runtime': 0.5518, 'eval_train_samples_per_second': 1812.115, 'eval_train_steps_per_second': 28.994, 'epoch': 264.89}
{'loss': 0.0, 'learning_rate': 1.1614271428984087e-06, 'epoch': 265.96}
{'eval_eval_loss': 0.00019771151710301638, 'eval_eval_token_acc': 0.942013925894348, 'eval_eval_seq_acc': 0.0, 'eval_eval_move_acc': 0.999, 'eval_eval_mod4_acc': 0.9994997498749375, 'eval_eval_runtime': 1.0982, 'eval_eval_samples_per_second': 1821.125, 'eval_eval_steps_per_second': 29.138, 'epoch': 265.96}
{'eval_train_loss': 2.7845576955343176e-09, 'eval_train_token_acc': 0.9451563214110398, 'eval_train_seq_acc': 0.0, 'eval_train_move_acc': 1.0, 'eval_train_mod4_acc': 1.0, 'eval_train_runtime': 0.5501, 'eval_train_samples_per_second': 1817.701, 'eval_train_steps_per_second': 29.083, 'epoch': 265.96}
{'loss': 0.0, 'learning_rate': 1.0908515186698253e-06, 'epoch': 267.02}
{'eval_eval_loss': 0.0001962864480447024, 'eval_eval_token_acc': 0.942013925894348, 'eval_eval_seq_acc': 0.0, 'eval_eval_move_acc': 0.999, 'eval_eval_mod4_acc': 0.9994997498749375, 'eval_eval_runtime': 1.0987, 'eval_eval_samples_per_second': 1820.337, 'eval_eval_steps_per_second': 29.125, 'epoch': 267.02}
{'eval_train_loss': 2.575057722609131e-09, 'eval_train_token_acc': 0.9451563214110398, 'eval_train_seq_acc': 0.0, 'eval_train_move_acc': 1.0, 'eval_train_mod4_acc': 1.0, 'eval_train_runtime': 0.55, 'eval_train_samples_per_second': 1818.314, 'eval_train_steps_per_second': 29.093, 'epoch': 267.02}
  Pushed checkpoint step-63000 to ijinyu1113/ft_mr3_70m_seed1_purenum
{'loss': 0.0, 'learning_rate': 1.0224070321219065e-06, 'epoch': 268.09}
{'eval_eval_loss': 0.00019786129996646196, 'eval_eval_token_acc': 0.942013925894348, 'eval_eval_seq_acc': 0.0, 'eval_eval_move_acc': 0.999, 'eval_eval_mod4_acc': 0.9994997498749375, 'eval_eval_runtime': 1.1053, 'eval_eval_samples_per_second': 1809.403, 'eval_eval_steps_per_second': 28.95, 'epoch': 268.09}
{'eval_train_loss': 2.709862556571352e-09, 'eval_train_token_acc': 0.9451563214110398, 'eval_train_seq_acc': 0.0, 'eval_train_move_acc': 1.0, 'eval_train_mod4_acc': 1.0, 'eval_train_runtime': 0.5521, 'eval_train_samples_per_second': 1811.216, 'eval_train_steps_per_second': 28.979, 'epoch': 268.09}
{'loss': 0.0, 'learning_rate': 9.56104170210379e-07, 'epoch': 269.15}
{'eval_eval_loss': 0.0001970129378605634, 'eval_eval_token_acc': 0.942013925894348, 'eval_eval_seq_acc': 0.0, 'eval_eval_move_acc': 0.999, 'eval_eval_mod4_acc': 0.9994997498749375, 'eval_eval_runtime': 1.1007, 'eval_eval_samples_per_second': 1817.006, 'eval_eval_steps_per_second': 29.072, 'epoch': 269.15}
{'eval_train_loss': 2.3605564170026128e-09, 'eval_train_token_acc': 0.9451563214110398, 'eval_train_seq_acc': 0.0, 'eval_train_move_acc': 1.0, 'eval_train_mod4_acc': 1.0, 'eval_train_runtime': 0.5512, 'eval_train_samples_per_second': 1814.341, 'eval_train_steps_per_second': 29.029, 'epoch': 269.15}
{'loss': 0.0, 'learning_rate': 8.919530917546354e-07, 'epoch': 270.21}
{'eval_eval_loss': 0.0001984839327633381, 'eval_eval_token_acc': 0.942013925894348, 'eval_eval_seq_acc': 0.0, 'eval_eval_move_acc': 0.999, 'eval_eval_mod4_acc': 0.9994997498749375, 'eval_eval_runtime': 1.1022, 'eval_eval_samples_per_second': 1814.6, 'eval_eval_steps_per_second': 29.034, 'epoch': 270.21}
{'eval_train_loss': 2.5173187978566602e-09, 'eval_train_token_acc': 0.9451563214110398, 'eval_train_seq_acc': 0.0, 'eval_train_move_acc': 1.0, 'eval_train_mod4_acc': 1.0, 'eval_train_runtime': 0.5514, 'eval_train_samples_per_second': 1813.52, 'eval_train_steps_per_second': 29.016, 'epoch': 270.21}
{'loss': 0.0, 'learning_rate': 8.299636258812199e-07, 'epoch': 271.28}
{'eval_eval_loss': 0.00019968790002167225, 'eval_eval_token_acc': 0.942013925894348, 'eval_eval_seq_acc': 0.0, 'eval_eval_move_acc': 0.999, 'eval_eval_mod4_acc': 0.9994997498749375, 'eval_eval_runtime': 1.1018, 'eval_eval_samples_per_second': 1815.171, 'eval_eval_steps_per_second': 29.043, 'epoch': 271.28}
{'eval_train_loss': 2.6172679579161695e-09, 'eval_train_token_acc': 0.9451563214110398, 'eval_train_seq_acc': 0.0, 'eval_train_move_acc': 1.0, 'eval_train_mod4_acc': 1.0, 'eval_train_runtime': 0.5517, 'eval_train_samples_per_second': 1812.72, 'eval_train_steps_per_second': 29.004, 'epoch': 271.28}
  Pushed checkpoint step-64000 to ijinyu1113/ft_mr3_70m_seed1_purenum
{'loss': 0.0, 'learning_rate': 7.701452705178236e-07, 'epoch': 272.34}
{'eval_eval_loss': 0.0002009170566452667, 'eval_eval_token_acc': 0.942013925894348, 'eval_eval_seq_acc': 0.0, 'eval_eval_move_acc': 0.999, 'eval_eval_mod4_acc': 0.9994997498749375, 'eval_eval_runtime': 1.1038, 'eval_eval_samples_per_second': 1811.887, 'eval_eval_steps_per_second': 28.99, 'epoch': 272.34}
{'eval_train_loss': 2.5333857234244306e-09, 'eval_train_token_acc': 0.9451563214110398, 'eval_train_seq_acc': 0.0, 'eval_train_move_acc': 1.0, 'eval_train_mod4_acc': 1.0, 'eval_train_runtime': 0.5518, 'eval_train_samples_per_second': 1812.226, 'eval_train_steps_per_second': 28.996, 'epoch': 272.34}
{'loss': 0.0, 'learning_rate': 7.125071909380315e-07, 'epoch': 273.4}
{'eval_eval_loss': 0.00020196926197968423, 'eval_eval_token_acc': 0.942013925894348, 'eval_eval_seq_acc': 0.0, 'eval_eval_move_acc': 0.999, 'eval_eval_mod4_acc': 0.9994997498749375, 'eval_eval_runtime': 1.101, 'eval_eval_samples_per_second': 1816.52, 'eval_eval_steps_per_second': 29.064, 'epoch': 273.4}
{'eval_train_loss': 2.6517816831272967e-09, 'eval_train_token_acc': 0.9451563214110398, 'eval_train_seq_acc': 0.0, 'eval_train_move_acc': 1.0, 'eval_train_mod4_acc': 1.0, 'eval_train_runtime': 0.5513, 'eval_train_samples_per_second': 1813.813, 'eval_train_steps_per_second': 29.021, 'epoch': 273.4}
{'loss': 0.0, 'learning_rate': 6.570582183570212e-07, 'epoch': 274.47}
{'eval_eval_loss': 0.00020307883096393198, 'eval_eval_token_acc': 0.942013925894348, 'eval_eval_seq_acc': 0.0, 'eval_eval_move_acc': 0.999, 'eval_eval_mod4_acc': 0.9994997498749375, 'eval_eval_runtime': 1.1014, 'eval_eval_samples_per_second': 1815.932, 'eval_eval_steps_per_second': 29.055, 'epoch': 274.47}
{'eval_train_loss': 2.4727269121171958e-09, 'eval_train_token_acc': 0.9451563214110398, 'eval_train_seq_acc': 0.0, 'eval_train_move_acc': 1.0, 'eval_train_mod4_acc': 1.0, 'eval_train_runtime': 0.5514, 'eval_train_samples_per_second': 1813.497, 'eval_train_steps_per_second': 29.016, 'epoch': 274.47}
{'loss': 0.0, 'learning_rate': 6.038068485784731e-07, 'epoch': 275.53}
{'eval_eval_loss': 0.00020199149730615318, 'eval_eval_token_acc': 0.942013925894348, 'eval_eval_seq_acc': 0.0, 'eval_eval_move_acc': 0.999, 'eval_eval_mod4_acc': 0.9994997498749375, 'eval_eval_runtime': 1.1012, 'eval_eval_samples_per_second': 1816.233, 'eval_eval_steps_per_second': 29.06, 'epoch': 275.53}
{'eval_train_loss': 2.1896007229571524e-09, 'eval_train_token_acc': 0.9451563214110398, 'eval_train_seq_acc': 0.0, 'eval_train_move_acc': 1.0, 'eval_train_mod4_acc': 1.0, 'eval_train_runtime': 0.5517, 'eval_train_samples_per_second': 1812.675, 'eval_train_steps_per_second': 29.003, 'epoch': 275.53}
  Pushed checkpoint step-65000 to ijinyu1113/ft_mr3_70m_seed1_purenum
{'loss': 0.0, 'learning_rate': 5.527612406928457e-07, 'epoch': 276.6}
{'eval_eval_loss': 0.0002033002965617925, 'eval_eval_token_acc': 0.942013925894348, 'eval_eval_seq_acc': 0.0, 'eval_eval_move_acc': 0.999, 'eval_eval_mod4_acc': 0.9994997498749375, 'eval_eval_runtime': 1.1043, 'eval_eval_samples_per_second': 1811.045, 'eval_eval_steps_per_second': 28.977, 'epoch': 276.6}
{'eval_train_loss': 2.3060797715857007e-09, 'eval_train_token_acc': 0.9451563214110398, 'eval_train_seq_acc': 0.0, 'eval_train_move_acc': 1.0, 'eval_train_mod4_acc': 1.0, 'eval_train_runtime': 0.5517, 'eval_train_samples_per_second': 1812.527, 'eval_train_steps_per_second': 29.0, 'epoch': 276.6}
{'loss': 0.0, 'learning_rate': 5.039292158272595e-07, 'epoch': 277.66}
{'eval_eval_loss': 0.00020401208894327283, 'eval_eval_token_acc': 0.942013925894348, 'eval_eval_seq_acc': 0.0, 'eval_eval_move_acc': 0.999, 'eval_eval_mod4_acc': 0.9994997498749375, 'eval_eval_runtime': 1.1006, 'eval_eval_samples_per_second': 1817.155, 'eval_eval_steps_per_second': 29.074, 'epoch': 277.66}
{'eval_train_loss': 2.2831232460163164e-09, 'eval_train_token_acc': 0.9451563214110398, 'eval_train_seq_acc': 0.0, 'eval_train_move_acc': 1.0, 'eval_train_mod4_acc': 1.0, 'eval_train_runtime': 0.5507, 'eval_train_samples_per_second': 1815.821, 'eval_train_steps_per_second': 29.053, 'epoch': 277.66}
{'loss': 0.0, 'learning_rate': 4.573182559471523e-07, 'epoch': 278.72}
{'eval_eval_loss': 0.00020496708748396486, 'eval_eval_token_acc': 0.942013925894348, 'eval_eval_seq_acc': 0.0, 'eval_eval_move_acc': 0.999, 'eval_eval_mod4_acc': 0.9994997498749375, 'eval_eval_runtime': 1.1006, 'eval_eval_samples_per_second': 1817.197, 'eval_eval_steps_per_second': 29.075, 'epoch': 278.72}
{'eval_train_loss': 2.3015838124251786e-09, 'eval_train_token_acc': 0.9451563214110398, 'eval_train_seq_acc': 0.0, 'eval_train_move_acc': 1.0, 'eval_train_mod4_acc': 1.0, 'eval_train_runtime': 0.5513, 'eval_train_samples_per_second': 1813.904, 'eval_train_steps_per_second': 29.022, 'epoch': 278.72}
{'loss': 0.0, 'learning_rate': 4.1293550270990745e-07, 'epoch': 279.79}
{'eval_eval_loss': 0.00020564586156979203, 'eval_eval_token_acc': 0.942013925894348, 'eval_eval_seq_acc': 0.0, 'eval_eval_move_acc': 0.999, 'eval_eval_mod4_acc': 0.9994997498749375, 'eval_eval_runtime': 1.1021, 'eval_eval_samples_per_second': 1814.698, 'eval_eval_steps_per_second': 29.035, 'epoch': 279.79}
{'eval_train_loss': 2.3497961354479457e-09, 'eval_train_token_acc': 0.9451563214110398, 'eval_train_seq_acc': 0.0, 'eval_train_move_acc': 1.0, 'eval_train_mod4_acc': 1.0, 'eval_train_runtime': 0.5515, 'eval_train_samples_per_second': 1813.198, 'eval_train_steps_per_second': 29.011, 'epoch': 279.79}
  Pushed checkpoint step-66000 to ijinyu1113/ft_mr3_70m_seed1_purenum
{'loss': 0.0, 'learning_rate': 3.707877563706158e-07, 'epoch': 280.85}
{'eval_eval_loss': 0.00020627713820431381, 'eval_eval_token_acc': 0.942013925894348, 'eval_eval_seq_acc': 0.0, 'eval_eval_move_acc': 0.999, 'eval_eval_mod4_acc': 0.9994997498749375, 'eval_eval_runtime': 1.1059, 'eval_eval_samples_per_second': 1808.493, 'eval_eval_steps_per_second': 28.936, 'epoch': 280.85}
{'eval_train_loss': 2.3741757448902945e-09, 'eval_train_token_acc': 0.9451563214110398, 'eval_train_seq_acc': 0.0, 'eval_train_move_acc': 1.0, 'eval_train_mod4_acc': 1.0, 'eval_train_runtime': 0.5524, 'eval_train_samples_per_second': 1810.283, 'eval_train_steps_per_second': 28.965, 'epoch': 280.85}
{'loss': 0.0, 'learning_rate': 3.308814747401567e-07, 'epoch': 281.91}
{'eval_eval_loss': 0.00020713322737719864, 'eval_eval_token_acc': 0.942013925894348, 'eval_eval_seq_acc': 0.0, 'eval_eval_move_acc': 0.999, 'eval_eval_mod4_acc': 0.9994997498749375, 'eval_eval_runtime': 1.1022, 'eval_eval_samples_per_second': 1814.584, 'eval_eval_steps_per_second': 29.033, 'epoch': 281.91}
{'eval_train_loss': 5.721876750186539e-09, 'eval_train_token_acc': 0.9451563214110398, 'eval_train_seq_acc': 0.0, 'eval_train_move_acc': 1.0, 'eval_train_mod4_acc': 1.0, 'eval_train_runtime': 0.5525, 'eval_train_samples_per_second': 1810.071, 'eval_train_steps_per_second': 28.961, 'epoch': 281.91}
{'loss': 0.0, 'learning_rate': 2.9322277219574145e-07, 'epoch': 282.98}
{'eval_eval_loss': 0.00020137983665335923, 'eval_eval_token_acc': 0.942013925894348, 'eval_eval_seq_acc': 0.0, 'eval_eval_move_acc': 0.999, 'eval_eval_mod4_acc': 0.9994997498749375, 'eval_eval_runtime': 1.1024, 'eval_eval_samples_per_second': 1814.182, 'eval_eval_steps_per_second': 29.027, 'epoch': 282.98}
{'eval_train_loss': 2.2228523466338856e-09, 'eval_train_token_acc': 0.9451563214110398, 'eval_train_seq_acc': 0.0, 'eval_train_move_acc': 1.0, 'eval_train_mod4_acc': 1.0, 'eval_train_runtime': 0.5514, 'eval_train_samples_per_second': 1813.439, 'eval_train_steps_per_second': 29.015, 'epoch': 282.98}
{'loss': 0.0, 'learning_rate': 2.578174187440707e-07, 'epoch': 284.04}
{'eval_eval_loss': 0.0002018095983657986, 'eval_eval_token_acc': 0.942013925894348, 'eval_eval_seq_acc': 0.0, 'eval_eval_move_acc': 0.999, 'eval_eval_mod4_acc': 0.9994997498749375, 'eval_eval_runtime': 1.1007, 'eval_eval_samples_per_second': 1816.98, 'eval_eval_steps_per_second': 29.072, 'epoch': 284.04}
{'eval_train_loss': 2.275587274169766e-09, 'eval_train_token_acc': 0.9451563214110398, 'eval_train_seq_acc': 0.0, 'eval_train_move_acc': 1.0, 'eval_train_mod4_acc': 1.0, 'eval_train_runtime': 0.5515, 'eval_train_samples_per_second': 1813.279, 'eval_train_steps_per_second': 29.012, 'epoch': 284.04}
  Pushed checkpoint step-67000 to ijinyu1113/ft_mr3_70m_seed1_purenum
{'loss': 0.0, 'learning_rate': 2.2467083913728036e-07, 'epoch': 285.11}
{'eval_eval_loss': 0.00020221929298713803, 'eval_eval_token_acc': 0.942013925894348, 'eval_eval_seq_acc': 0.0, 'eval_eval_move_acc': 0.999, 'eval_eval_mod4_acc': 0.9994997498749375, 'eval_eval_runtime': 1.1053, 'eval_eval_samples_per_second': 1809.411, 'eval_eval_steps_per_second': 28.951, 'epoch': 285.11}
{'eval_train_loss': 2.3364736811970488e-09, 'eval_train_token_acc': 0.9451563214110398, 'eval_train_seq_acc': 0.0, 'eval_train_move_acc': 1.0, 'eval_train_mod4_acc': 1.0, 'eval_train_runtime': 0.5548, 'eval_train_samples_per_second': 1802.292, 'eval_train_steps_per_second': 28.837, 'epoch': 285.11}
{'loss': 0.0, 'learning_rate': 1.9378811204174617e-07, 'epoch': 286.17}
{'eval_eval_loss': 0.0002023836423177272, 'eval_eval_token_acc': 0.942013925894348, 'eval_eval_seq_acc': 0.0, 'eval_eval_move_acc': 0.999, 'eval_eval_mod4_acc': 0.9994997498749375, 'eval_eval_runtime': 1.1013, 'eval_eval_samples_per_second': 1815.982, 'eval_eval_steps_per_second': 29.056, 'epoch': 286.17}
{'eval_train_loss': 2.3914572544470047e-09, 'eval_train_token_acc': 0.9451563214110398, 'eval_train_seq_acc': 0.0, 'eval_train_move_acc': 1.0, 'eval_train_mod4_acc': 1.0, 'eval_train_runtime': 0.552, 'eval_train_samples_per_second': 1811.574, 'eval_train_steps_per_second': 28.985, 'epoch': 286.17}
{'loss': 0.0, 'learning_rate': 1.6517396925995797e-07, 'epoch': 287.23}
{'eval_eval_loss': 0.00020230768132023513, 'eval_eval_token_acc': 0.942013925894348, 'eval_eval_seq_acc': 0.0, 'eval_eval_move_acc': 0.999, 'eval_eval_mod4_acc': 0.9994997498749375, 'eval_eval_runtime': 1.1014, 'eval_eval_samples_per_second': 1815.789, 'eval_eval_steps_per_second': 29.053, 'epoch': 287.23}
{'eval_train_loss': 2.4749289284642373e-09, 'eval_train_token_acc': 0.9451563214110398, 'eval_train_seq_acc': 0.0, 'eval_train_move_acc': 1.0, 'eval_train_mod4_acc': 1.0, 'eval_train_runtime': 0.55, 'eval_train_samples_per_second': 1818.273, 'eval_train_steps_per_second': 29.092, 'epoch': 287.23}
{'loss': 0.0, 'learning_rate': 1.3883279500551295e-07, 'epoch': 288.3}
{'eval_eval_loss': 0.00020247511565685272, 'eval_eval_token_acc': 0.942013925894348, 'eval_eval_seq_acc': 0.0, 'eval_eval_move_acc': 0.999, 'eval_eval_mod4_acc': 0.9994997498749375, 'eval_eval_runtime': 1.1017, 'eval_eval_samples_per_second': 1815.443, 'eval_eval_steps_per_second': 29.047, 'epoch': 288.3}
{'eval_train_loss': 2.5218371835222797e-09, 'eval_train_token_acc': 0.9451563214110398, 'eval_train_seq_acc': 0.0, 'eval_train_move_acc': 1.0, 'eval_train_mod4_acc': 1.0, 'eval_train_runtime': 0.5513, 'eval_train_samples_per_second': 1813.97, 'eval_train_steps_per_second': 29.024, 'epoch': 288.3}
  Pushed checkpoint step-68000 to ijinyu1113/ft_mr3_70m_seed1_purenum
{'loss': 0.0, 'learning_rate': 1.1476862523137122e-07, 'epoch': 289.36}
{'eval_eval_loss': 0.00020239972218405455, 'eval_eval_token_acc': 0.942013925894348, 'eval_eval_seq_acc': 0.0, 'eval_eval_move_acc': 0.999, 'eval_eval_mod4_acc': 0.9994997498749375, 'eval_eval_runtime': 1.1062, 'eval_eval_samples_per_second': 1808.04, 'eval_eval_steps_per_second': 28.929, 'epoch': 289.36}
{'eval_train_loss': 2.6036017786168486e-09, 'eval_train_token_acc': 0.9451563214110398, 'eval_train_seq_acc': 0.0, 'eval_train_move_acc': 1.0, 'eval_train_mod4_acc': 1.0, 'eval_train_runtime': 0.5526, 'eval_train_samples_per_second': 1809.752, 'eval_train_steps_per_second': 28.956, 'epoch': 289.36}
{'loss': 0.0, 'learning_rate': 9.298514701147898e-08, 'epoch': 290.43}
{'eval_eval_loss': 0.00020265694183763117, 'eval_eval_token_acc': 0.942013925894348, 'eval_eval_seq_acc': 0.0, 'eval_eval_move_acc': 0.999, 'eval_eval_mod4_acc': 0.9994997498749375, 'eval_eval_runtime': 1.1019, 'eval_eval_samples_per_second': 1815.102, 'eval_eval_steps_per_second': 29.042, 'epoch': 290.43}
{'eval_train_loss': 2.6465043490020435e-09, 'eval_train_token_acc': 0.9451563214110398, 'eval_train_seq_acc': 0.0, 'eval_train_move_acc': 1.0, 'eval_train_mod4_acc': 1.0, 'eval_train_runtime': 0.5516, 'eval_train_samples_per_second': 1812.748, 'eval_train_steps_per_second': 29.004, 'epoch': 290.43}
{'loss': 0.0, 'learning_rate': 7.348569797583527e-08, 'epoch': 291.49}
{'eval_eval_loss': 0.00020295205467846245, 'eval_eval_token_acc': 0.942013925894348, 'eval_eval_seq_acc': 0.0, 'eval_eval_move_acc': 0.999, 'eval_eval_mod4_acc': 0.9994997498749375, 'eval_eval_runtime': 1.1014, 'eval_eval_samples_per_second': 1815.876, 'eval_eval_steps_per_second': 29.054, 'epoch': 291.49}
{'eval_train_loss': 2.6381170581402102e-09, 'eval_train_token_acc': 0.9451563214110398, 'eval_train_seq_acc': 0.0, 'eval_train_move_acc': 1.0, 'eval_train_mod4_acc': 1.0, 'eval_train_runtime': 0.5507, 'eval_train_samples_per_second': 1815.922, 'eval_train_steps_per_second': 29.055, 'epoch': 291.49}
{'loss': 0.0, 'learning_rate': 5.627326579911107e-08, 'epoch': 292.55}
{'eval_eval_loss': 0.00020299627794884145, 'eval_eval_token_acc': 0.942013925894348, 'eval_eval_seq_acc': 0.0, 'eval_eval_move_acc': 0.999, 'eval_eval_mod4_acc': 0.9994997498749375, 'eval_eval_runtime': 1.1032, 'eval_eval_samples_per_second': 1812.878, 'eval_eval_steps_per_second': 29.006, 'epoch': 292.55}
{'eval_train_loss': 2.6625242011135697e-09, 'eval_train_token_acc': 0.9451563214110398, 'eval_train_seq_acc': 0.0, 'eval_train_move_acc': 1.0, 'eval_train_mod4_acc': 1.0, 'eval_train_runtime': 0.5512, 'eval_train_samples_per_second': 1814.258, 'eval_train_steps_per_second': 29.028, 'epoch': 292.55}
  Pushed checkpoint step-69000 to ijinyu1113/ft_mr3_70m_seed1_purenum
{'loss': 0.0, 'learning_rate': 4.135048774287553e-08, 'epoch': 293.62}
{'eval_eval_loss': 0.00020294554997235537, 'eval_eval_token_acc': 0.942013925894348, 'eval_eval_seq_acc': 0.0, 'eval_eval_move_acc': 0.999, 'eval_eval_mod4_acc': 0.9994997498749375, 'eval_eval_runtime': 1.1077, 'eval_eval_samples_per_second': 1805.591, 'eval_eval_steps_per_second': 28.889, 'epoch': 293.62}
{'eval_train_loss': 2.7033335570081363e-09, 'eval_train_token_acc': 0.9451563214110398, 'eval_train_seq_acc': 0.0, 'eval_train_move_acc': 1.0, 'eval_train_mod4_acc': 1.0, 'eval_train_runtime': 0.5518, 'eval_train_samples_per_second': 1812.227, 'eval_train_steps_per_second': 28.996, 'epoch': 293.62}
{'loss': 0.0, 'learning_rate': 2.8719650251529116e-08, 'epoch': 294.68}
{'eval_eval_loss': 0.00020297976152505726, 'eval_eval_token_acc': 0.942013925894348, 'eval_eval_seq_acc': 0.0, 'eval_eval_move_acc': 0.999, 'eval_eval_mod4_acc': 0.9994997498749375, 'eval_eval_runtime': 1.1025, 'eval_eval_samples_per_second': 1813.982, 'eval_eval_steps_per_second': 29.024, 'epoch': 294.68}
{'eval_train_loss': 2.705241586298257e-09, 'eval_train_token_acc': 0.9451563214110398, 'eval_train_seq_acc': 0.0, 'eval_train_move_acc': 1.0, 'eval_train_mod4_acc': 1.0, 'eval_train_runtime': 0.5528, 'eval_train_samples_per_second': 1809.042, 'eval_train_steps_per_second': 28.945, 'epoch': 294.68}
{'loss': 0.0, 'learning_rate': 1.8382688601967234e-08, 'epoch': 295.74}
{'eval_eval_loss': 0.0002029371535172686, 'eval_eval_token_acc': 0.942013925894348, 'eval_eval_seq_acc': 0.0, 'eval_eval_move_acc': 0.999, 'eval_eval_mod4_acc': 0.9994997498749375, 'eval_eval_runtime': 1.1003, 'eval_eval_samples_per_second': 1817.624, 'eval_eval_steps_per_second': 29.082, 'epoch': 295.74}
{'eval_train_loss': 2.7093278731626924e-09, 'eval_train_token_acc': 0.9451563214110398, 'eval_train_seq_acc': 0.0, 'eval_train_move_acc': 1.0, 'eval_train_mod4_acc': 1.0, 'eval_train_runtime': 0.5501, 'eval_train_samples_per_second': 1817.736, 'eval_train_steps_per_second': 29.084, 'epoch': 295.74}
{'loss': 0.0, 'learning_rate': 1.03411866070674e-08, 'epoch': 296.81}
{'eval_eval_loss': 0.0002029386378126219, 'eval_eval_token_acc': 0.942013925894348, 'eval_eval_seq_acc': 0.0, 'eval_eval_move_acc': 0.999, 'eval_eval_mod4_acc': 0.9994997498749375, 'eval_eval_runtime': 1.1055, 'eval_eval_samples_per_second': 1809.067, 'eval_eval_steps_per_second': 28.945, 'epoch': 296.81}
{'eval_train_loss': 2.7113260525624128e-09, 'eval_train_token_acc': 0.9451563214110398, 'eval_train_seq_acc': 0.0, 'eval_train_move_acc': 1.0, 'eval_train_mod4_acc': 1.0, 'eval_train_runtime': 0.5532, 'eval_train_samples_per_second': 1807.756, 'eval_train_steps_per_second': 28.924, 'epoch': 296.81}
  Pushed checkpoint step-70000 to ijinyu1113/ft_mr3_70m_seed1_purenum
{'loss': 0.0, 'learning_rate': 4.596376373016686e-09, 'epoch': 297.87}
{'eval_eval_loss': 0.00020291778491809964, 'eval_eval_token_acc': 0.942013925894348, 'eval_eval_seq_acc': 0.0, 'eval_eval_move_acc': 0.999, 'eval_eval_mod4_acc': 0.9994997498749375, 'eval_eval_runtime': 1.1059, 'eval_eval_samples_per_second': 1808.517, 'eval_eval_steps_per_second': 28.936, 'epoch': 297.87}
{'eval_train_loss': 2.711375124420101e-09, 'eval_train_token_acc': 0.9451563214110398, 'eval_train_seq_acc': 0.0, 'eval_train_move_acc': 1.0, 'eval_train_mod4_acc': 1.0, 'eval_train_runtime': 0.5512, 'eval_train_samples_per_second': 1814.337, 'eval_train_steps_per_second': 29.029, 'epoch': 297.87}
{'loss': 0.0, 'learning_rate': 1.149138110534409e-09, 'epoch': 298.94}
{'eval_eval_loss': 0.00020291937107685953, 'eval_eval_token_acc': 0.942013925894348, 'eval_eval_seq_acc': 0.0, 'eval_eval_move_acc': 0.999, 'eval_eval_mod4_acc': 0.9994997498749375, 'eval_eval_runtime': 1.103, 'eval_eval_samples_per_second': 1813.292, 'eval_eval_steps_per_second': 29.013, 'epoch': 298.94}
{'eval_train_loss': 2.713354207983798e-09, 'eval_train_token_acc': 0.9451563214110398, 'eval_train_seq_acc': 0.0, 'eval_train_move_acc': 1.0, 'eval_train_mod4_acc': 1.0, 'eval_train_runtime': 0.5516, 'eval_train_samples_per_second': 1812.886, 'eval_train_steps_per_second': 29.006, 'epoch': 298.94}
{'loss': 0.0, 'learning_rate': 0.0, 'epoch': 300.0}
{'eval_eval_loss': 0.00020292152476031333, 'eval_eval_token_acc': 0.942013925894348, 'eval_eval_seq_acc': 0.0, 'eval_eval_move_acc': 0.999, 'eval_eval_mod4_acc': 0.9994997498749375, 'eval_eval_runtime': 1.1047, 'eval_eval_samples_per_second': 1810.522, 'eval_eval_steps_per_second': 28.968, 'epoch': 300.0}
{'eval_train_loss': 2.7133728597306117e-09, 'eval_train_token_acc': 0.9451563214110398, 'eval_train_seq_acc': 0.0, 'eval_train_move_acc': 1.0, 'eval_train_mod4_acc': 1.0, 'eval_train_runtime': 0.5519, 'eval_train_samples_per_second': 1811.823, 'eval_train_steps_per_second': 28.989, 'epoch': 300.0}
{'train_runtime': 6343.2428, 'train_samples_per_second': 709.416, 'train_steps_per_second': 11.114, 'train_loss': 2.2919236379735515, 'epoch': 300.0}
  Pushed checkpoint step-70500 to ijinyu1113/ft_mr3_70m_seed1_purenum
Final eval: {'eval_loss': 0.00020292152476031333, 'eval_token_acc': 0.942013925894348, 'eval_seq_acc': 0.0, 'eval_move_acc': 0.999, 'eval_mod4_acc': 0.9994997498749375, 'eval_runtime': 1.1073, 'eval_samples_per_second': 1806.168, 'eval_steps_per_second': 28.899, 'epoch': 300.0}
Final train: {'train_loss': 2.7133728597306117e-09, 'train_token_acc': 0.9451563214110398, 'train_seq_acc': 0.0, 'train_move_acc': 1.0, 'train_mod4_acc': 1.0, 'train_runtime': 0.5535, 'train_samples_per_second': 1806.848, 'train_steps_per_second': 28.91, 'epoch': 300.0}
