=== array task 4: mr=5 seed=1 size=70m lr=3e-5 eval=250 save=1000 ===
Config: max_remove=5, seed=1, model=70m (EleutherAI/pythia-70m-deduped), lr=3e-05
HF_REPO=ijinyu1113/ft_mr5_70m_seed1_purenum
TRAIN_FILE=../data/purenums/5_train.jsonl
EVAL_FILE=../data/purenums/5_eval.jsonl
METRICS_JSONL=new_result/purenum_metrics/mr5_70m_seed1.jsonl
Using base checkpoint: step143000
train: 15000 examples, eval: 2000 examples
train_acc subset: 1000 examples
train size=15000, steps/epoch=235, epochs=300 → ~70500 total steps
{'loss': 646.9266, 'learning_rate': 1.0638297872340427e-06, 'epoch': 1.06}
{'eval_eval_loss': 0.08750230073928833, 'eval_eval_token_acc': 0.944910024597592, 'eval_eval_seq_acc': 0.0, 'eval_eval_move_acc': 0.175, 'eval_eval_mod6_acc': 0.175, 'eval_eval_mod4_acc': 0.2245, 'eval_eval_runtime': 1.1514, 'eval_eval_samples_per_second': 1737.031, 'eval_eval_steps_per_second': 27.793, 'epoch': 1.06}
{'eval_train_loss': 0.08321064710617065, 'eval_train_token_acc': 0.9464469967353981, 'eval_train_seq_acc': 0.0, 'eval_train_move_acc': 0.171, 'eval_train_mod6_acc': 0.171, 'eval_train_mod4_acc': 0.225, 'eval_train_runtime': 0.5555, 'eval_train_samples_per_second': 1800.207, 'eval_train_steps_per_second': 28.803, 'epoch': 1.06}
{'loss': 0.0332, 'learning_rate': 2.1276595744680853e-06, 'epoch': 2.13}
{'eval_eval_loss': 0.031362101435661316, 'eval_eval_token_acc': 0.9454451301083158, 'eval_eval_seq_acc': 0.0, 'eval_eval_move_acc': 0.1595, 'eval_eval_mod6_acc': 0.1595, 'eval_eval_mod4_acc': 0.256, 'eval_eval_runtime': 1.1076, 'eval_eval_samples_per_second': 1805.697, 'eval_eval_steps_per_second': 28.891, 'epoch': 2.13}
{'eval_train_loss': 0.030720310285687447, 'eval_train_token_acc': 0.9467345523435782, 'eval_train_seq_acc': 0.0, 'eval_train_move_acc': 0.159, 'eval_train_mod6_acc': 0.159, 'eval_train_mod4_acc': 0.247, 'eval_train_runtime': 0.5536, 'eval_train_samples_per_second': 1806.493, 'eval_train_steps_per_second': 28.904, 'epoch': 2.13}
{'loss': 0.0307, 'learning_rate': 3.1914893617021277e-06, 'epoch': 3.19}
{'eval_eval_loss': 0.031203605234622955, 'eval_eval_token_acc': 0.9454451301083158, 'eval_eval_seq_acc': 0.0, 'eval_eval_move_acc': 0.1775, 'eval_eval_mod6_acc': 0.1775, 'eval_eval_mod4_acc': 0.199, 'eval_eval_runtime': 1.1083, 'eval_eval_samples_per_second': 1804.571, 'eval_eval_steps_per_second': 28.873, 'epoch': 3.19}
{'eval_train_loss': 0.03064686991274357, 'eval_train_token_acc': 0.9467345523435782, 'eval_train_seq_acc': 0.0, 'eval_train_move_acc': 0.168, 'eval_train_mod6_acc': 0.168, 'eval_train_mod4_acc': 0.199, 'eval_train_runtime': 0.555, 'eval_train_samples_per_second': 1801.936, 'eval_train_steps_per_second': 28.831, 'epoch': 3.19}
  Pushed checkpoint step-1000 to ijinyu1113/ft_mr5_70m_seed1_purenum
{'loss': 0.0306, 'learning_rate': 4.255319148936171e-06, 'epoch': 4.26}
{'eval_eval_loss': 0.0309926625341177, 'eval_eval_token_acc': 0.9454451301083158, 'eval_eval_seq_acc': 0.0, 'eval_eval_move_acc': 0.175, 'eval_eval_mod6_acc': 0.2097064110245656, 'eval_eval_mod4_acc': 0.21989215098861595, 'eval_eval_runtime': 1.1074, 'eval_eval_samples_per_second': 1806.104, 'eval_eval_steps_per_second': 28.898, 'epoch': 4.26}
{'eval_train_loss': 0.030405933037400246, 'eval_train_token_acc': 0.9467345523435782, 'eval_train_seq_acc': 0.0, 'eval_train_move_acc': 0.157, 'eval_train_mod6_acc': 0.19974554707379136, 'eval_train_mod4_acc': 0.1921119592875318, 'eval_train_runtime': 0.5539, 'eval_train_samples_per_second': 1805.309, 'eval_train_steps_per_second': 28.885, 'epoch': 4.26}
{'loss': 0.0316, 'learning_rate': 5.319148936170213e-06, 'epoch': 5.32}
{'eval_eval_loss': 0.031224092468619347, 'eval_eval_token_acc': 0.9454451301083158, 'eval_eval_seq_acc': 0.0, 'eval_eval_move_acc': 0.168, 'eval_eval_mod6_acc': 0.168, 'eval_eval_mod4_acc': 0.237, 'eval_eval_runtime': 1.1051, 'eval_eval_samples_per_second': 1809.777, 'eval_eval_steps_per_second': 28.956, 'epoch': 5.32}
{'eval_train_loss': 0.030528055503964424, 'eval_train_token_acc': 0.9467345523435782, 'eval_train_seq_acc': 0.0, 'eval_train_move_acc': 0.184, 'eval_train_mod6_acc': 0.184, 'eval_train_mod4_acc': 0.252, 'eval_train_runtime': 0.5528, 'eval_train_samples_per_second': 1808.878, 'eval_train_steps_per_second': 28.942, 'epoch': 5.32}
{'loss': 0.0311, 'learning_rate': 6.3829787234042555e-06, 'epoch': 6.38}
{'eval_eval_loss': 0.03102090209722519, 'eval_eval_token_acc': 0.9454451301083158, 'eval_eval_seq_acc': 0.0, 'eval_eval_move_acc': 0.1825, 'eval_eval_mod6_acc': 0.1825, 'eval_eval_mod4_acc': 0.1785, 'eval_eval_runtime': 1.1063, 'eval_eval_samples_per_second': 1807.834, 'eval_eval_steps_per_second': 28.925, 'epoch': 6.38}
{'eval_train_loss': 0.03035450354218483, 'eval_train_token_acc': 0.9467345523435782, 'eval_train_seq_acc': 0.0, 'eval_train_move_acc': 0.176, 'eval_train_mod6_acc': 0.176, 'eval_train_mod4_acc': 0.187, 'eval_train_runtime': 0.5527, 'eval_train_samples_per_second': 1809.332, 'eval_train_steps_per_second': 28.949, 'epoch': 6.38}
{'loss': 0.0307, 'learning_rate': 7.446808510638298e-06, 'epoch': 7.45}
{'eval_eval_loss': 0.03125718981027603, 'eval_eval_token_acc': 0.9454451301083158, 'eval_eval_seq_acc': 0.0, 'eval_eval_move_acc': 0.1605, 'eval_eval_mod6_acc': 0.5095238095238095, 'eval_eval_mod4_acc': 0.37142857142857144, 'eval_eval_runtime': 1.1064, 'eval_eval_samples_per_second': 1807.644, 'eval_eval_steps_per_second': 28.922, 'epoch': 7.45}
{'eval_train_loss': 0.0306707713752985, 'eval_train_token_acc': 0.9467345523435782, 'eval_train_seq_acc': 0.0, 'eval_train_move_acc': 0.146, 'eval_train_mod6_acc': 0.4694533762057878, 'eval_train_mod4_acc': 0.2990353697749196, 'eval_train_runtime': 0.5526, 'eval_train_samples_per_second': 1809.63, 'eval_train_steps_per_second': 28.954, 'epoch': 7.45}
  Pushed checkpoint step-2000 to ijinyu1113/ft_mr5_70m_seed1_purenum
{'loss': 0.0307, 'learning_rate': 8.510638297872341e-06, 'epoch': 8.51}
{'eval_eval_loss': 0.031002620235085487, 'eval_eval_token_acc': 0.9454451301083158, 'eval_eval_seq_acc': 0.0, 'eval_eval_move_acc': 0.1835, 'eval_eval_mod6_acc': 0.1835, 'eval_eval_mod4_acc': 0.1755, 'eval_eval_runtime': 1.1139, 'eval_eval_samples_per_second': 1795.439, 'eval_eval_steps_per_second': 28.727, 'epoch': 8.51}
{'eval_train_loss': 0.030405662953853607, 'eval_train_token_acc': 0.9467345523435782, 'eval_train_seq_acc': 0.0, 'eval_train_move_acc': 0.176, 'eval_train_mod6_acc': 0.176, 'eval_train_mod4_acc': 0.171, 'eval_train_runtime': 0.5535, 'eval_train_samples_per_second': 1806.67, 'eval_train_steps_per_second': 28.907, 'epoch': 8.51}
{'loss': 0.0306, 'learning_rate': 9.574468085106385e-06, 'epoch': 9.57}
{'eval_eval_loss': 0.03142290562391281, 'eval_eval_token_acc': 0.9454451301083158, 'eval_eval_seq_acc': 0.0, 'eval_eval_move_acc': 0.1605, 'eval_eval_mod6_acc': 1.0, 'eval_eval_mod4_acc': 0.5171339563862928, 'eval_eval_runtime': 1.1105, 'eval_eval_samples_per_second': 1800.93, 'eval_eval_steps_per_second': 28.815, 'epoch': 9.57}
{'eval_train_loss': 0.030858490616083145, 'eval_train_token_acc': 0.9467345523435782, 'eval_train_seq_acc': 0.0, 'eval_train_move_acc': 0.149, 'eval_train_mod6_acc': 1.0, 'eval_train_mod4_acc': 0.4966442953020134, 'eval_train_runtime': 0.5542, 'eval_train_samples_per_second': 1804.39, 'eval_train_steps_per_second': 28.87, 'epoch': 9.57}
{'loss': 0.5719, 'learning_rate': 1.0638297872340426e-05, 'epoch': 10.64}
{'eval_eval_loss': 0.031154226511716843, 'eval_eval_token_acc': 0.9454451301083158, 'eval_eval_seq_acc': 0.0, 'eval_eval_move_acc': 0.168, 'eval_eval_mod6_acc': 0.168, 'eval_eval_mod4_acc': 0.1955, 'eval_eval_runtime': 1.1081, 'eval_eval_samples_per_second': 1804.837, 'eval_eval_steps_per_second': 28.877, 'epoch': 10.64}
{'eval_train_loss': 0.03038778342306614, 'eval_train_token_acc': 0.9467345523435782, 'eval_train_seq_acc': 0.0, 'eval_train_move_acc': 0.165, 'eval_train_mod6_acc': 0.165, 'eval_train_mod4_acc': 0.184, 'eval_train_runtime': 0.5552, 'eval_train_samples_per_second': 1801.253, 'eval_train_steps_per_second': 28.82, 'epoch': 10.64}
{'loss': 0.0306, 'learning_rate': 1.170212765957447e-05, 'epoch': 11.7}
{'eval_eval_loss': 0.031713999807834625, 'eval_eval_token_acc': 0.9454451301083158, 'eval_eval_seq_acc': 0.0, 'eval_eval_move_acc': 0.1605, 'eval_eval_mod6_acc': 0.1605, 'eval_eval_mod4_acc': 0.256, 'eval_eval_runtime': 1.1082, 'eval_eval_samples_per_second': 1804.67, 'eval_eval_steps_per_second': 28.875, 'epoch': 11.7}
{'eval_train_loss': 0.030904613435268402, 'eval_train_token_acc': 0.9467345523435782, 'eval_train_seq_acc': 0.0, 'eval_train_move_acc': 0.16, 'eval_train_mod6_acc': 0.16, 'eval_train_mod4_acc': 0.247, 'eval_train_runtime': 0.5539, 'eval_train_samples_per_second': 1805.26, 'eval_train_steps_per_second': 28.884, 'epoch': 11.7}
  Pushed checkpoint step-3000 to ijinyu1113/ft_mr5_70m_seed1_purenum
{'loss': 0.0307, 'learning_rate': 1.2765957446808511e-05, 'epoch': 12.77}
{'eval_eval_loss': 0.031130481511354446, 'eval_eval_token_acc': 0.9454451301083158, 'eval_eval_seq_acc': 0.0, 'eval_eval_move_acc': 0.1575, 'eval_eval_mod6_acc': 0.7701711491442543, 'eval_eval_mod4_acc': 0.4572127139364303, 'eval_eval_runtime': 1.1082, 'eval_eval_samples_per_second': 1804.791, 'eval_eval_steps_per_second': 28.877, 'epoch': 12.77}
{'eval_train_loss': 0.030461385846138, 'eval_train_token_acc': 0.9467345523435782, 'eval_train_seq_acc': 0.0, 'eval_train_move_acc': 0.16, 'eval_train_mod6_acc': 0.8290155440414507, 'eval_train_mod4_acc': 0.46632124352331605, 'eval_train_runtime': 0.5532, 'eval_train_samples_per_second': 1807.6, 'eval_train_steps_per_second': 28.922, 'epoch': 12.77}
{'loss': 0.0305, 'learning_rate': 1.3829787234042554e-05, 'epoch': 13.83}
{'eval_eval_loss': 0.03147582709789276, 'eval_eval_token_acc': 0.9454451301083158, 'eval_eval_seq_acc': 0.0, 'eval_eval_move_acc': 0.167, 'eval_eval_mod6_acc': 0.167, 'eval_eval_mod4_acc': 0.242, 'eval_eval_runtime': 1.1102, 'eval_eval_samples_per_second': 1801.516, 'eval_eval_steps_per_second': 28.824, 'epoch': 13.83}
{'eval_train_loss': 0.030460437759757042, 'eval_train_token_acc': 0.9467345523435782, 'eval_train_seq_acc': 0.0, 'eval_train_move_acc': 0.179, 'eval_train_mod6_acc': 0.179, 'eval_train_mod4_acc': 0.253, 'eval_train_runtime': 0.5543, 'eval_train_samples_per_second': 1804.002, 'eval_train_steps_per_second': 28.864, 'epoch': 13.83}
{'loss': 0.0306, 'learning_rate': 1.4893617021276596e-05, 'epoch': 14.89}
{'eval_eval_loss': 0.031114960089325905, 'eval_eval_token_acc': 0.9454451301083158, 'eval_eval_seq_acc': 0.0, 'eval_eval_move_acc': 0.18, 'eval_eval_mod6_acc': 0.18, 'eval_eval_mod4_acc': 0.204, 'eval_eval_runtime': 1.1069, 'eval_eval_samples_per_second': 1806.822, 'eval_eval_steps_per_second': 28.909, 'epoch': 14.89}
{'eval_train_loss': 0.030138816684484482, 'eval_train_token_acc': 0.9467345523435782, 'eval_train_seq_acc': 0.0, 'eval_train_move_acc': 0.196, 'eval_train_mod6_acc': 0.196, 'eval_train_mod4_acc': 0.168, 'eval_train_runtime': 0.5531, 'eval_train_samples_per_second': 1808.152, 'eval_train_steps_per_second': 28.93, 'epoch': 14.89}
{'loss': 0.0305, 'learning_rate': 1.5957446808510637e-05, 'epoch': 15.96}
{'eval_eval_loss': 0.03150497376918793, 'eval_eval_token_acc': 0.9454451301083158, 'eval_eval_seq_acc': 0.0, 'eval_eval_move_acc': 0.182, 'eval_eval_mod6_acc': 0.182, 'eval_eval_mod4_acc': 0.1895, 'eval_eval_runtime': 1.1093, 'eval_eval_samples_per_second': 1802.978, 'eval_eval_steps_per_second': 28.848, 'epoch': 15.96}
{'eval_train_loss': 0.03013855218887329, 'eval_train_token_acc': 0.9467345523435782, 'eval_train_seq_acc': 0.0, 'eval_train_move_acc': 0.191, 'eval_train_mod6_acc': 0.191, 'eval_train_mod4_acc': 0.182, 'eval_train_runtime': 0.5552, 'eval_train_samples_per_second': 1801.237, 'eval_train_steps_per_second': 28.82, 'epoch': 15.96}
  Pushed checkpoint step-4000 to ijinyu1113/ft_mr5_70m_seed1_purenum
{'loss': 0.0305, 'learning_rate': 1.7021276595744682e-05, 'epoch': 17.02}
{'eval_eval_loss': 0.03160468488931656, 'eval_eval_token_acc': 0.9454451301083158, 'eval_eval_seq_acc': 0.0, 'eval_eval_move_acc': 0.154, 'eval_eval_mod6_acc': 0.3585564610011641, 'eval_eval_mod4_acc': 0.28637951105937137, 'eval_eval_runtime': 1.1084, 'eval_eval_samples_per_second': 1804.47, 'eval_eval_steps_per_second': 28.872, 'epoch': 17.02}
{'eval_train_loss': 0.030451500788331032, 'eval_train_token_acc': 0.9467345523435782, 'eval_train_seq_acc': 0.0, 'eval_train_move_acc': 0.177, 'eval_train_mod6_acc': 0.4381188118811881, 'eval_train_mod4_acc': 0.3094059405940594, 'eval_train_runtime': 0.554, 'eval_train_samples_per_second': 1805.205, 'eval_train_steps_per_second': 28.883, 'epoch': 17.02}
{'loss': 0.0305, 'learning_rate': 1.8085106382978724e-05, 'epoch': 18.09}
{'eval_eval_loss': 0.03248656541109085, 'eval_eval_token_acc': 0.9454451301083158, 'eval_eval_seq_acc': 0.0, 'eval_eval_move_acc': 0.1565, 'eval_eval_mod6_acc': 0.15697091273821465, 'eval_eval_mod4_acc': 0.22668004012036108, 'eval_eval_runtime': 1.1079, 'eval_eval_samples_per_second': 1805.239, 'eval_eval_steps_per_second': 28.884, 'epoch': 18.09}
{'eval_train_loss': 0.030601326376199722, 'eval_train_token_acc': 0.9467345523435782, 'eval_train_seq_acc': 0.0, 'eval_train_move_acc': 0.2, 'eval_train_mod6_acc': 0.2, 'eval_train_mod4_acc': 0.245, 'eval_train_runtime': 0.5533, 'eval_train_samples_per_second': 1807.492, 'eval_train_steps_per_second': 28.92, 'epoch': 18.09}
{'loss': 0.0303, 'learning_rate': 1.914893617021277e-05, 'epoch': 19.15}
{'eval_eval_loss': 0.03260371834039688, 'eval_eval_token_acc': 0.9454451301083158, 'eval_eval_seq_acc': 0.0, 'eval_eval_move_acc': 0.1455, 'eval_eval_mod6_acc': 0.3314350797266515, 'eval_eval_mod4_acc': 0.26651480637813213, 'eval_eval_runtime': 1.1057, 'eval_eval_samples_per_second': 1808.858, 'eval_eval_steps_per_second': 28.942, 'epoch': 19.15}
{'eval_train_loss': 0.03065948560833931, 'eval_train_token_acc': 0.9467345523435782, 'eval_train_seq_acc': 0.0, 'eval_train_move_acc': 0.188, 'eval_train_mod6_acc': 0.42342342342342343, 'eval_train_mod4_acc': 0.32207207207207206, 'eval_train_runtime': 0.5533, 'eval_train_samples_per_second': 1807.337, 'eval_train_steps_per_second': 28.917, 'epoch': 19.15}
{'loss': 0.0304, 'learning_rate': 2.0212765957446807e-05, 'epoch': 20.21}
{'eval_eval_loss': 0.036004550755023956, 'eval_eval_token_acc': 0.9454451301083158, 'eval_eval_seq_acc': 0.0, 'eval_eval_move_acc': 0.1685, 'eval_eval_mod6_acc': 0.17317574511819117, 'eval_eval_mod4_acc': 0.19218910585817062, 'eval_eval_runtime': 1.1057, 'eval_eval_samples_per_second': 1808.828, 'eval_eval_steps_per_second': 28.941, 'epoch': 20.21}
{'eval_train_loss': 0.03467055410146713, 'eval_train_token_acc': 0.9467345523435782, 'eval_train_seq_acc': 0.0, 'eval_train_move_acc': 0.214, 'eval_train_mod6_acc': 0.22084623323013416, 'eval_train_mod4_acc': 0.17647058823529413, 'eval_train_runtime': 0.5533, 'eval_train_samples_per_second': 1807.411, 'eval_train_steps_per_second': 28.919, 'epoch': 20.21}
  Pushed checkpoint step-5000 to ijinyu1113/ft_mr5_70m_seed1_purenum
{'loss': 0.0353, 'learning_rate': 2.1276595744680852e-05, 'epoch': 21.28}
{'eval_eval_loss': 0.03199557587504387, 'eval_eval_token_acc': 0.9454451301083158, 'eval_eval_seq_acc': 0.0, 'eval_eval_move_acc': 0.138, 'eval_eval_mod6_acc': 0.1862348178137652, 'eval_eval_mod4_acc': 0.21929824561403508, 'eval_eval_runtime': 1.1028, 'eval_eval_samples_per_second': 1813.503, 'eval_eval_steps_per_second': 29.016, 'epoch': 21.28}
{'eval_train_loss': 0.029874004423618317, 'eval_train_token_acc': 0.9467345523435782, 'eval_train_seq_acc': 0.0, 'eval_train_move_acc': 0.226, 'eval_train_mod6_acc': 0.3049932523616734, 'eval_train_mod4_acc': 0.2874493927125506, 'eval_train_runtime': 0.5529, 'eval_train_samples_per_second': 1808.7, 'eval_train_steps_per_second': 28.939, 'epoch': 21.28}
{'loss': 0.0302, 'learning_rate': 2.2340425531914894e-05, 'epoch': 22.34}
{'eval_eval_loss': 0.03231504186987877, 'eval_eval_token_acc': 0.9454451301083158, 'eval_eval_seq_acc': 0.0, 'eval_eval_move_acc': 0.1575, 'eval_eval_mod6_acc': 0.20669291338582677, 'eval_eval_mod4_acc': 0.23293963254593175, 'eval_eval_runtime': 1.1081, 'eval_eval_samples_per_second': 1804.819, 'eval_eval_steps_per_second': 28.877, 'epoch': 22.34}
{'eval_train_loss': 0.03016447275876999, 'eval_train_token_acc': 0.9467345523435782, 'eval_train_seq_acc': 0.0, 'eval_train_move_acc': 0.23, 'eval_train_mod6_acc': 0.2987012987012987, 'eval_train_mod4_acc': 0.23896103896103896, 'eval_train_runtime': 0.5539, 'eval_train_samples_per_second': 1805.236, 'eval_train_steps_per_second': 28.884, 'epoch': 22.34}
{'loss': 0.0302, 'learning_rate': 2.340425531914894e-05, 'epoch': 23.4}
{'eval_eval_loss': 0.033081360161304474, 'eval_eval_token_acc': 0.9454451301083158, 'eval_eval_seq_acc': 0.0, 'eval_eval_move_acc': 0.152, 'eval_eval_mod6_acc': 0.1795629060838748, 'eval_eval_mod4_acc': 0.2303603071470762, 'eval_eval_runtime': 1.1079, 'eval_eval_samples_per_second': 1805.212, 'eval_eval_steps_per_second': 28.883, 'epoch': 23.4}
{'eval_train_loss': 0.030601315200328827, 'eval_train_token_acc': 0.9467345523435782, 'eval_train_seq_acc': 0.0, 'eval_train_move_acc': 0.194, 'eval_train_mod6_acc': 0.2261072261072261, 'eval_train_mod4_acc': 0.28438228438228436, 'eval_train_runtime': 0.5548, 'eval_train_samples_per_second': 1802.524, 'eval_train_steps_per_second': 28.84, 'epoch': 23.4}
{'loss': 0.0301, 'learning_rate': 2.4468085106382977e-05, 'epoch': 24.47}
{'eval_eval_loss': 0.032797303050756454, 'eval_eval_token_acc': 0.9454451301083158, 'eval_eval_seq_acc': 0.0, 'eval_eval_move_acc': 0.152, 'eval_eval_mod6_acc': 0.27864344637946836, 'eval_eval_mod4_acc': 0.2841429880843263, 'eval_eval_runtime': 1.1066, 'eval_eval_samples_per_second': 1807.272, 'eval_eval_steps_per_second': 28.916, 'epoch': 24.47}
{'eval_train_loss': 0.030809566378593445, 'eval_train_token_acc': 0.9467345523435782, 'eval_train_seq_acc': 0.0, 'eval_train_move_acc': 0.209, 'eval_train_mod6_acc': 0.3813868613138686, 'eval_train_mod4_acc': 0.3357664233576642, 'eval_train_runtime': 0.5537, 'eval_train_samples_per_second': 1805.898, 'eval_train_steps_per_second': 28.894, 'epoch': 24.47}
  Pushed checkpoint step-6000 to ijinyu1113/ft_mr5_70m_seed1_purenum
{'loss': 0.0302, 'learning_rate': 2.5531914893617022e-05, 'epoch': 25.53}
{'eval_eval_loss': 0.03210420161485672, 'eval_eval_token_acc': 0.9454451301083158, 'eval_eval_seq_acc': 0.0, 'eval_eval_move_acc': 0.155, 'eval_eval_mod6_acc': 0.15664477008590197, 'eval_eval_mod4_acc': 0.2354724608388075, 'eval_eval_runtime': 1.1104, 'eval_eval_samples_per_second': 1801.094, 'eval_eval_steps_per_second': 28.818, 'epoch': 25.53}
{'eval_train_loss': 0.02971634641289711, 'eval_train_token_acc': 0.9467345523435782, 'eval_train_seq_acc': 0.0, 'eval_train_move_acc': 0.229, 'eval_train_mod6_acc': 0.2313131313131313, 'eval_train_mod4_acc': 0.24141414141414141, 'eval_train_runtime': 0.5536, 'eval_train_samples_per_second': 1806.227, 'eval_train_steps_per_second': 28.9, 'epoch': 25.53}
{'loss': 0.0302, 'learning_rate': 2.6595744680851064e-05, 'epoch': 26.6}
{'eval_eval_loss': 0.03230954706668854, 'eval_eval_token_acc': 0.9454451301083158, 'eval_eval_seq_acc': 0.0, 'eval_eval_move_acc': 0.1645, 'eval_eval_mod6_acc': 0.1737064413938754, 'eval_eval_mod4_acc': 0.2365364308342133, 'eval_eval_runtime': 1.1086, 'eval_eval_samples_per_second': 1804.032, 'eval_eval_steps_per_second': 28.865, 'epoch': 26.6}
{'eval_train_loss': 0.03015156462788582, 'eval_train_token_acc': 0.9467345523435782, 'eval_train_seq_acc': 0.0, 'eval_train_move_acc': 0.223, 'eval_train_mod6_acc': 0.2367303609341826, 'eval_train_mod4_acc': 0.28556263269639065, 'eval_train_runtime': 0.5543, 'eval_train_samples_per_second': 1804.148, 'eval_train_steps_per_second': 28.866, 'epoch': 26.6}
{'loss': 0.0302, 'learning_rate': 2.765957446808511e-05, 'epoch': 27.66}
{'eval_eval_loss': 0.03227583318948746, 'eval_eval_token_acc': 0.9454451301083158, 'eval_eval_seq_acc': 0.0, 'eval_eval_move_acc': 0.1555, 'eval_eval_mod6_acc': 0.18963414634146342, 'eval_eval_mod4_acc': 0.2329268292682927, 'eval_eval_runtime': 1.1086, 'eval_eval_samples_per_second': 1804.108, 'eval_eval_steps_per_second': 28.866, 'epoch': 27.66}
{'eval_train_loss': 0.029764888808131218, 'eval_train_token_acc': 0.9467345523435782, 'eval_train_seq_acc': 0.0, 'eval_train_move_acc': 0.231, 'eval_train_mod6_acc': 0.275, 'eval_train_mod4_acc': 0.24642857142857144, 'eval_train_runtime': 0.5539, 'eval_train_samples_per_second': 1805.275, 'eval_train_steps_per_second': 28.884, 'epoch': 27.66}
{'loss': 0.0301, 'learning_rate': 2.872340425531915e-05, 'epoch': 28.72}
{'eval_eval_loss': 0.032207146286964417, 'eval_eval_token_acc': 0.9454451301083158, 'eval_eval_seq_acc': 0.0, 'eval_eval_move_acc': 0.1525, 'eval_eval_mod6_acc': 0.26848591549295775, 'eval_eval_mod4_acc': 0.2438380281690141, 'eval_eval_runtime': 1.1066, 'eval_eval_samples_per_second': 1807.261, 'eval_eval_steps_per_second': 28.916, 'epoch': 28.72}
{'eval_train_loss': 0.030034633353352547, 'eval_train_token_acc': 0.9467345523435782, 'eval_train_seq_acc': 0.0, 'eval_train_move_acc': 0.21, 'eval_train_mod6_acc': 0.34035656401944897, 'eval_train_mod4_acc': 0.25121555915721233, 'eval_train_runtime': 0.556, 'eval_train_samples_per_second': 1798.715, 'eval_train_steps_per_second': 28.779, 'epoch': 28.72}
  Pushed checkpoint step-7000 to ijinyu1113/ft_mr5_70m_seed1_purenum
{'loss': 0.0301, 'learning_rate': 2.9787234042553192e-05, 'epoch': 29.79}
{'eval_eval_loss': 0.033145926892757416, 'eval_eval_token_acc': 0.9454451301083158, 'eval_eval_seq_acc': 0.0, 'eval_eval_move_acc': 0.1555, 'eval_eval_mod6_acc': 0.1555, 'eval_eval_mod4_acc': 0.174, 'eval_eval_runtime': 1.1119, 'eval_eval_samples_per_second': 1798.737, 'eval_eval_steps_per_second': 28.78, 'epoch': 29.79}
{'eval_train_loss': 0.03044864721596241, 'eval_train_token_acc': 0.9467345523435782, 'eval_train_seq_acc': 0.0, 'eval_train_move_acc': 0.197, 'eval_train_mod6_acc': 0.197, 'eval_train_mod4_acc': 0.201, 'eval_train_runtime': 0.5541, 'eval_train_samples_per_second': 1804.623, 'eval_train_steps_per_second': 28.874, 'epoch': 29.79}
{'loss': 0.0302, 'learning_rate': 2.9999264548228676e-05, 'epoch': 30.85}
{'eval_eval_loss': 0.03246176242828369, 'eval_eval_token_acc': 0.9454451301083158, 'eval_eval_seq_acc': 0.0, 'eval_eval_move_acc': 0.157, 'eval_eval_mod6_acc': 0.17046688382193267, 'eval_eval_mod4_acc': 0.24484256243213898, 'eval_eval_runtime': 1.1089, 'eval_eval_samples_per_second': 1803.568, 'eval_eval_steps_per_second': 28.857, 'epoch': 30.85}
{'eval_train_loss': 0.029809296131134033, 'eval_train_token_acc': 0.9467345523435782, 'eval_train_seq_acc': 0.0, 'eval_train_move_acc': 0.237, 'eval_train_mod6_acc': 0.25593952483801297, 'eval_train_mod4_acc': 0.28293736501079914, 'eval_train_runtime': 0.5558, 'eval_train_samples_per_second': 1799.309, 'eval_train_steps_per_second': 28.789, 'epoch': 30.85}
{'loss': 0.0301, 'learning_rate': 2.9996276899008885e-05, 'epoch': 31.91}
{'eval_eval_loss': 0.032747361809015274, 'eval_eval_token_acc': 0.9454451301083158, 'eval_eval_seq_acc': 0.0, 'eval_eval_move_acc': 0.173, 'eval_eval_mod6_acc': 0.17317317317317318, 'eval_eval_mod4_acc': 0.21021021021021022, 'eval_eval_runtime': 1.1077, 'eval_eval_samples_per_second': 1805.474, 'eval_eval_steps_per_second': 28.888, 'epoch': 31.91}
{'eval_train_loss': 0.030196473002433777, 'eval_train_token_acc': 0.9467345523435782, 'eval_train_seq_acc': 0.0, 'eval_train_move_acc': 0.243, 'eval_train_mod6_acc': 0.24348697394789579, 'eval_train_mod4_acc': 0.24448897795591182, 'eval_train_runtime': 0.5541, 'eval_train_samples_per_second': 1804.885, 'eval_train_steps_per_second': 28.878, 'epoch': 31.91}
{'loss': 0.03, 'learning_rate': 2.9990991544015662e-05, 'epoch': 32.98}
{'eval_eval_loss': 0.03218138962984085, 'eval_eval_token_acc': 0.9454451301083158, 'eval_eval_seq_acc': 0.0, 'eval_eval_move_acc': 0.1735, 'eval_eval_mod6_acc': 0.17419678714859438, 'eval_eval_mod4_acc': 0.23042168674698796, 'eval_eval_runtime': 1.1084, 'eval_eval_samples_per_second': 1804.377, 'eval_eval_steps_per_second': 28.87, 'epoch': 32.98}
{'eval_train_loss': 0.029772154986858368, 'eval_train_token_acc': 0.9467345523435782, 'eval_train_seq_acc': 0.0, 'eval_train_move_acc': 0.228, 'eval_train_mod6_acc': 0.22937625754527163, 'eval_train_mod4_acc': 0.22635814889336017, 'eval_train_runtime': 0.5545, 'eval_train_samples_per_second': 1803.577, 'eval_train_steps_per_second': 28.857, 'epoch': 32.98}
  Pushed checkpoint step-8000 to ijinyu1113/ft_mr5_70m_seed1_purenum
{'loss': 0.03, 'learning_rate': 2.9983409293062717e-05, 'epoch': 34.04}
{'eval_eval_loss': 0.033300742506980896, 'eval_eval_token_acc': 0.9454451301083158, 'eval_eval_seq_acc': 0.0, 'eval_eval_move_acc': 0.143, 'eval_eval_mod6_acc': 0.21407185628742514, 'eval_eval_mod4_acc': 0.2088323353293413, 'eval_eval_runtime': 1.1107, 'eval_eval_samples_per_second': 1800.628, 'eval_eval_steps_per_second': 28.81, 'epoch': 34.04}
{'eval_train_loss': 0.030134323984384537, 'eval_train_token_acc': 0.9467345523435782, 'eval_train_seq_acc': 0.0, 'eval_train_move_acc': 0.205, 'eval_train_mod6_acc': 0.31345565749235477, 'eval_train_mod4_acc': 0.25382262996941896, 'eval_train_runtime': 0.5536, 'eval_train_samples_per_second': 1806.217, 'eval_train_steps_per_second': 28.899, 'epoch': 34.04}
{'loss': 0.0349, 'learning_rate': 2.9973531307890522e-05, 'epoch': 35.11}
{'eval_eval_loss': 0.032898444682359695, 'eval_eval_token_acc': 0.9454451301083158, 'eval_eval_seq_acc': 0.0, 'eval_eval_move_acc': 0.16, 'eval_eval_mod6_acc': 0.17176596886741816, 'eval_eval_mod4_acc': 0.23242082662372518, 'eval_eval_runtime': 1.1103, 'eval_eval_samples_per_second': 1801.236, 'eval_eval_steps_per_second': 28.82, 'epoch': 35.11}
{'eval_train_loss': 0.0297485813498497, 'eval_train_token_acc': 0.9467345523435782, 'eval_train_seq_acc': 0.0, 'eval_train_move_acc': 0.242, 'eval_train_mod6_acc': 0.25882352941176473, 'eval_train_mod4_acc': 0.2663101604278075, 'eval_train_runtime': 0.5546, 'eval_train_samples_per_second': 1803.043, 'eval_train_steps_per_second': 28.849, 'epoch': 35.11}
{'loss': 0.0299, 'learning_rate': 2.9961359101988298e-05, 'epoch': 36.17}
{'eval_eval_loss': 0.03320465236902237, 'eval_eval_token_acc': 0.9454451301083158, 'eval_eval_seq_acc': 0.0, 'eval_eval_move_acc': 0.152, 'eval_eval_mod6_acc': 0.1531486146095718, 'eval_eval_mod4_acc': 0.1894206549118388, 'eval_eval_runtime': 1.1081, 'eval_eval_samples_per_second': 1804.91, 'eval_eval_steps_per_second': 28.879, 'epoch': 36.17}
{'eval_train_loss': 0.029948271811008453, 'eval_train_token_acc': 0.9467345523435782, 'eval_train_seq_acc': 0.0, 'eval_train_move_acc': 0.214, 'eval_train_mod6_acc': 0.21638018200202225, 'eval_train_mod4_acc': 0.23255813953488372, 'eval_train_runtime': 0.5563, 'eval_train_samples_per_second': 1797.474, 'eval_train_steps_per_second': 28.76, 'epoch': 36.17}
{'loss': 0.0299, 'learning_rate': 2.9946894540362144e-05, 'epoch': 37.23}
{'eval_eval_loss': 0.03285853564739227, 'eval_eval_token_acc': 0.9454451301083158, 'eval_eval_seq_acc': 0.0, 'eval_eval_move_acc': 0.167, 'eval_eval_mod6_acc': 0.18132464712269272, 'eval_eval_mod4_acc': 0.21389793702497287, 'eval_eval_runtime': 1.1076, 'eval_eval_samples_per_second': 1805.738, 'eval_eval_steps_per_second': 28.892, 'epoch': 37.23}
{'eval_train_loss': 0.029757866635918617, 'eval_train_token_acc': 0.9467345523435782, 'eval_train_seq_acc': 0.0, 'eval_train_move_acc': 0.228, 'eval_train_mod6_acc': 0.2459546925566343, 'eval_train_mod4_acc': 0.238403451995685, 'eval_train_runtime': 0.5555, 'eval_train_samples_per_second': 1800.101, 'eval_train_steps_per_second': 28.802, 'epoch': 37.23}
  Pushed checkpoint step-9000 to ijinyu1113/ft_mr5_70m_seed1_purenum
{'loss': 0.03, 'learning_rate': 2.9930139839249263e-05, 'epoch': 38.3}
{'eval_eval_loss': 0.032398659735918045, 'eval_eval_token_acc': 0.9454451301083158, 'eval_eval_seq_acc': 0.0, 'eval_eval_move_acc': 0.143, 'eval_eval_mod6_acc': 0.157056562328391, 'eval_eval_mod4_acc': 0.20922570016474465, 'eval_eval_runtime': 1.1092, 'eval_eval_samples_per_second': 1803.071, 'eval_eval_steps_per_second': 28.849, 'epoch': 38.3}
{'eval_train_loss': 0.029457280412316322, 'eval_train_token_acc': 0.9467345523435782, 'eval_train_seq_acc': 0.0, 'eval_train_move_acc': 0.248, 'eval_train_mod6_acc': 0.2719298245614035, 'eval_train_mod4_acc': 0.2543859649122807, 'eval_train_runtime': 0.5535, 'eval_train_samples_per_second': 1806.629, 'eval_train_steps_per_second': 28.906, 'epoch': 38.3}
{'loss': 0.03, 'learning_rate': 2.9911097565778392e-05, 'epoch': 39.36}
{'eval_eval_loss': 0.03292960301041603, 'eval_eval_token_acc': 0.9454451301083158, 'eval_eval_seq_acc': 0.0, 'eval_eval_move_acc': 0.164, 'eval_eval_mod6_acc': 0.16565656565656567, 'eval_eval_mod4_acc': 0.20404040404040405, 'eval_eval_runtime': 1.1103, 'eval_eval_samples_per_second': 1801.352, 'eval_eval_steps_per_second': 28.822, 'epoch': 39.36}
{'eval_train_loss': 0.029613172635436058, 'eval_train_token_acc': 0.9467345523435782, 'eval_train_seq_acc': 0.0, 'eval_train_move_acc': 0.261, 'eval_train_mod6_acc': 0.26443768996960487, 'eval_train_mod4_acc': 0.25835866261398177, 'eval_train_runtime': 0.5555, 'eval_train_samples_per_second': 1800.327, 'eval_train_steps_per_second': 28.805, 'epoch': 39.36}
{'loss': 0.0298, 'learning_rate': 2.98897706375765e-05, 'epoch': 40.43}
{'eval_eval_loss': 0.03280595317482948, 'eval_eval_token_acc': 0.9454451301083158, 'eval_eval_seq_acc': 0.0, 'eval_eval_move_acc': 0.14, 'eval_eval_mod6_acc': 0.18146467919637072, 'eval_eval_mod4_acc': 0.2067401166558652, 'eval_eval_runtime': 1.1077, 'eval_eval_samples_per_second': 1805.468, 'eval_eval_steps_per_second': 28.887, 'epoch': 40.43}
{'eval_train_loss': 0.029597267508506775, 'eval_train_token_acc': 0.9467345523435782, 'eval_train_seq_acc': 0.0, 'eval_train_move_acc': 0.236, 'eval_train_mod6_acc': 0.29797979797979796, 'eval_train_mod4_acc': 0.27525252525252525, 'eval_train_runtime': 0.553, 'eval_train_samples_per_second': 1808.438, 'eval_train_steps_per_second': 28.935, 'epoch': 40.43}
{'loss': 0.0297, 'learning_rate': 2.9866162322321703e-05, 'epoch': 41.49}
{'eval_eval_loss': 0.03320828825235367, 'eval_eval_token_acc': 0.9454451301083158, 'eval_eval_seq_acc': 0.0, 'eval_eval_move_acc': 0.159, 'eval_eval_mod6_acc': 0.16400206291903044, 'eval_eval_mod4_acc': 0.2362042289840124, 'eval_eval_runtime': 1.1058, 'eval_eval_samples_per_second': 1808.606, 'eval_eval_steps_per_second': 28.938, 'epoch': 41.49}
{'eval_train_loss': 0.029875384643673897, 'eval_train_token_acc': 0.9467345523435782, 'eval_train_seq_acc': 0.0, 'eval_train_move_acc': 0.206, 'eval_train_mod6_acc': 0.21237113402061855, 'eval_train_mod4_acc': 0.2618556701030928, 'eval_train_runtime': 0.5534, 'eval_train_samples_per_second': 1807.139, 'eval_train_steps_per_second': 28.914, 'epoch': 41.49}
  Pushed checkpoint step-10000 to ijinyu1113/ft_mr5_70m_seed1_purenum
{'loss': 0.0298, 'learning_rate': 2.9840276237242647e-05, 'epoch': 42.55}
{'eval_eval_loss': 0.033409859985113144, 'eval_eval_token_acc': 0.9454451301083158, 'eval_eval_seq_acc': 0.0, 'eval_eval_move_acc': 0.1755, 'eval_eval_mod6_acc': 0.17585170340681364, 'eval_eval_mod4_acc': 0.1933867735470942, 'eval_eval_runtime': 1.1071, 'eval_eval_samples_per_second': 1806.562, 'eval_eval_steps_per_second': 28.905, 'epoch': 42.55}
{'eval_train_loss': 0.029817592352628708, 'eval_train_token_acc': 0.9467345523435782, 'eval_train_seq_acc': 0.0, 'eval_train_move_acc': 0.23, 'eval_train_mod6_acc': 0.23046092184368738, 'eval_train_mod4_acc': 0.19739478957915832, 'eval_train_runtime': 0.5525, 'eval_train_samples_per_second': 1810.032, 'eval_train_steps_per_second': 28.961, 'epoch': 42.55}
{'loss': 0.0297, 'learning_rate': 2.981211634856424e-05, 'epoch': 43.62}
{'eval_eval_loss': 0.03268115594983101, 'eval_eval_token_acc': 0.9454451301083158, 'eval_eval_seq_acc': 0.0, 'eval_eval_move_acc': 0.1505, 'eval_eval_mod6_acc': 0.23570869224745497, 'eval_eval_mod4_acc': 0.23492560689115113, 'eval_eval_runtime': 1.1078, 'eval_eval_samples_per_second': 1805.399, 'eval_eval_steps_per_second': 28.886, 'epoch': 43.62}
{'eval_train_loss': 0.029559824615716934, 'eval_train_token_acc': 0.9467345523435782, 'eval_train_seq_acc': 0.0, 'eval_train_move_acc': 0.223, 'eval_train_mod6_acc': 0.3528481012658228, 'eval_train_mod4_acc': 0.26582278481012656, 'eval_train_runtime': 0.5548, 'eval_train_samples_per_second': 1802.436, 'eval_train_steps_per_second': 28.839, 'epoch': 43.62}
{'loss': 0.0296, 'learning_rate': 2.9781686970899998e-05, 'epoch': 44.68}
{'eval_eval_loss': 0.03291858732700348, 'eval_eval_token_acc': 0.9454451301083158, 'eval_eval_seq_acc': 0.0, 'eval_eval_move_acc': 0.161, 'eval_eval_mod6_acc': 0.17405405405405405, 'eval_eval_mod4_acc': 0.23351351351351352, 'eval_eval_runtime': 1.1089, 'eval_eval_samples_per_second': 1803.534, 'eval_eval_steps_per_second': 28.857, 'epoch': 44.68}
{'eval_train_loss': 0.029527932405471802, 'eval_train_token_acc': 0.9467345523435782, 'eval_train_seq_acc': 0.0, 'eval_train_move_acc': 0.237, 'eval_train_mod6_acc': 0.255663430420712, 'eval_train_mod4_acc': 0.2837108953613808, 'eval_train_runtime': 0.5549, 'eval_train_samples_per_second': 1802.069, 'eval_train_steps_per_second': 28.833, 'epoch': 44.68}
{'loss': 0.0296, 'learning_rate': 2.9748992766590924e-05, 'epoch': 45.74}
{'eval_eval_loss': 0.03305644914507866, 'eval_eval_token_acc': 0.9454451301083158, 'eval_eval_seq_acc': 0.0, 'eval_eval_move_acc': 0.156, 'eval_eval_mod6_acc': 0.16090768437338834, 'eval_eval_mod4_acc': 0.2377514182568334, 'eval_eval_runtime': 1.1092, 'eval_eval_samples_per_second': 1803.086, 'eval_eval_steps_per_second': 28.849, 'epoch': 45.74}
{'eval_train_loss': 0.02970707044005394, 'eval_train_token_acc': 0.9467345523435782, 'eval_train_seq_acc': 0.0, 'eval_train_move_acc': 0.241, 'eval_train_mod6_acc': 0.24667349027635618, 'eval_train_mod4_acc': 0.27021494370522003, 'eval_train_runtime': 0.5555, 'eval_train_samples_per_second': 1800.206, 'eval_train_steps_per_second': 28.803, 'epoch': 45.74}
  Pushed checkpoint step-11000 to ijinyu1113/ft_mr5_70m_seed1_purenum
{'loss': 0.0296, 'learning_rate': 2.971403874499117e-05, 'epoch': 46.81}
{'eval_eval_loss': 0.033009763807058334, 'eval_eval_token_acc': 0.9454451301083158, 'eval_eval_seq_acc': 0.0, 'eval_eval_move_acc': 0.1635, 'eval_eval_mod6_acc': 0.2199058507061197, 'eval_eval_mod4_acc': 0.24949562878278414, 'eval_eval_runtime': 1.1068, 'eval_eval_samples_per_second': 1807.078, 'eval_eval_steps_per_second': 28.913, 'epoch': 46.81}
{'eval_train_loss': 0.02967400662600994, 'eval_train_token_acc': 0.9467345523435782, 'eval_train_seq_acc': 0.0, 'eval_train_move_acc': 0.222, 'eval_train_mod6_acc': 0.2948207171314741, 'eval_train_mod4_acc': 0.28818061088977426, 'eval_train_runtime': 0.5543, 'eval_train_samples_per_second': 1804.02, 'eval_train_steps_per_second': 28.864, 'epoch': 46.81}
{'loss': 0.0294, 'learning_rate': 2.967683026170052e-05, 'epoch': 47.87}
{'eval_eval_loss': 0.03341599926352501, 'eval_eval_token_acc': 0.9454451301083158, 'eval_eval_seq_acc': 0.0, 'eval_eval_move_acc': 0.158, 'eval_eval_mod6_acc': 0.15863453815261044, 'eval_eval_mod4_acc': 0.21536144578313254, 'eval_eval_runtime': 1.107, 'eval_eval_samples_per_second': 1806.746, 'eval_eval_steps_per_second': 28.908, 'epoch': 47.87}
{'eval_train_loss': 0.029225299134850502, 'eval_train_token_acc': 0.9467345523435782, 'eval_train_seq_acc': 0.0, 'eval_train_move_acc': 0.234, 'eval_train_mod6_acc': 0.23423423423423423, 'eval_train_mod4_acc': 0.26126126126126126, 'eval_train_runtime': 0.553, 'eval_train_samples_per_second': 1808.158, 'eval_train_steps_per_second': 28.931, 'epoch': 47.87}
{'loss': 0.0294, 'learning_rate': 2.963737301774379e-05, 'epoch': 48.94}
{'eval_eval_loss': 0.03385492041707039, 'eval_eval_token_acc': 0.9454451301083158, 'eval_eval_seq_acc': 0.0, 'eval_eval_move_acc': 0.1695, 'eval_eval_mod6_acc': 0.174562306900103, 'eval_eval_mod4_acc': 0.24098867147270855, 'eval_eval_runtime': 1.1061, 'eval_eval_samples_per_second': 1808.143, 'eval_eval_steps_per_second': 28.93, 'epoch': 48.94}
{'eval_train_loss': 0.029176536947488785, 'eval_train_token_acc': 0.9467345523435782, 'eval_train_seq_acc': 0.0, 'eval_train_move_acc': 0.25, 'eval_train_mod6_acc': 0.25826446280991733, 'eval_train_mod4_acc': 0.25, 'eval_train_runtime': 0.5539, 'eval_train_samples_per_second': 1805.448, 'eval_train_steps_per_second': 28.887, 'epoch': 48.94}
{'loss': 0.0292, 'learning_rate': 2.959567305869736e-05, 'epoch': 50.0}
{'eval_eval_loss': 0.033282194286584854, 'eval_eval_token_acc': 0.9454451301083158, 'eval_eval_seq_acc': 0.0, 'eval_eval_move_acc': 0.1495, 'eval_eval_mod6_acc': 0.1920359666024406, 'eval_eval_mod4_acc': 0.2241490044958253, 'eval_eval_runtime': 1.1111, 'eval_eval_samples_per_second': 1800.0, 'eval_eval_steps_per_second': 28.8, 'epoch': 50.0}
{'eval_train_loss': 0.028775718063116074, 'eval_train_token_acc': 0.9467345523435782, 'eval_train_seq_acc': 0.0, 'eval_train_move_acc': 0.277, 'eval_train_mod6_acc': 0.34239802224969096, 'eval_train_mod4_acc': 0.2892459826946848, 'eval_train_runtime': 0.5561, 'eval_train_samples_per_second': 1798.337, 'eval_train_steps_per_second': 28.773, 'epoch': 50.0}
  Pushed checkpoint step-12000 to ijinyu1113/ft_mr5_70m_seed1_purenum
{'loss': 0.0291, 'learning_rate': 2.955173677376284e-05, 'epoch': 51.06}
{'eval_eval_loss': 0.0337216816842556, 'eval_eval_token_acc': 0.9454451301083158, 'eval_eval_seq_acc': 0.0, 'eval_eval_move_acc': 0.1515, 'eval_eval_mod6_acc': 0.15562403697996918, 'eval_eval_mod4_acc': 0.19054956343091936, 'eval_eval_runtime': 1.108, 'eval_eval_samples_per_second': 1804.983, 'eval_eval_steps_per_second': 28.88, 'epoch': 51.06}
{'eval_train_loss': 0.028692355379462242, 'eval_train_token_acc': 0.9467345523435782, 'eval_train_seq_acc': 0.0, 'eval_train_move_acc': 0.273, 'eval_train_mod6_acc': 0.2811534500514933, 'eval_train_mod4_acc': 0.25437693099897013, 'eval_train_runtime': 0.5536, 'eval_train_samples_per_second': 1806.466, 'eval_train_steps_per_second': 28.903, 'epoch': 51.06}
{'loss': 0.0289, 'learning_rate': 2.9505570894788162e-05, 'epoch': 52.13}
{'eval_eval_loss': 0.03578859567642212, 'eval_eval_token_acc': 0.9454451301083158, 'eval_eval_seq_acc': 0.0, 'eval_eval_move_acc': 0.147, 'eval_eval_mod6_acc': 0.18409517845961176, 'eval_eval_mod4_acc': 0.20350657482780213, 'eval_eval_runtime': 1.1082, 'eval_eval_samples_per_second': 1804.708, 'eval_eval_steps_per_second': 28.875, 'epoch': 52.13}
{'eval_train_loss': 0.029489818960428238, 'eval_train_token_acc': 0.9467345523435782, 'eval_train_seq_acc': 0.0, 'eval_train_move_acc': 0.275, 'eval_train_mod6_acc': 0.34034653465346537, 'eval_train_mod4_acc': 0.27351485148514854, 'eval_train_runtime': 0.5548, 'eval_train_samples_per_second': 1802.609, 'eval_train_steps_per_second': 28.842, 'epoch': 52.13}
{'loss': 0.0287, 'learning_rate': 2.9457182495236116e-05, 'epoch': 53.19}
{'eval_eval_loss': 0.036300405859947205, 'eval_eval_token_acc': 0.9454451301083158, 'eval_eval_seq_acc': 0.0, 'eval_eval_move_acc': 0.1555, 'eval_eval_mod6_acc': 0.16948228882833788, 'eval_eval_mod4_acc': 0.2130790190735695, 'eval_eval_runtime': 1.1086, 'eval_eval_samples_per_second': 1804.07, 'eval_eval_steps_per_second': 28.865, 'epoch': 53.19}
{'eval_train_loss': 0.028505664318799973, 'eval_train_token_acc': 0.9467345523435782, 'eval_train_seq_acc': 0.0, 'eval_train_move_acc': 0.276, 'eval_train_mod6_acc': 0.2958199356913183, 'eval_train_mod4_acc': 0.2615219721329046, 'eval_train_runtime': 0.5547, 'eval_train_samples_per_second': 1802.711, 'eval_train_steps_per_second': 28.843, 'epoch': 53.19}
{'loss': 0.0284, 'learning_rate': 2.9406578989100573e-05, 'epoch': 54.26}
{'eval_eval_loss': 0.03448409214615822, 'eval_eval_token_acc': 0.9454451301083158, 'eval_eval_seq_acc': 0.0, 'eval_eval_move_acc': 0.1625, 'eval_eval_mod6_acc': 0.16883116883116883, 'eval_eval_mod4_acc': 0.23116883116883116, 'eval_eval_runtime': 1.1078, 'eval_eval_samples_per_second': 1805.446, 'eval_eval_steps_per_second': 28.887, 'epoch': 54.26}
{'eval_train_loss': 0.028023548424243927, 'eval_train_token_acc': 0.9467345523435782, 'eval_train_seq_acc': 0.0, 'eval_train_move_acc': 0.284, 'eval_train_mod6_acc': 0.2918807810894142, 'eval_train_mod4_acc': 0.2641315519013361, 'eval_train_runtime': 0.5551, 'eval_train_samples_per_second': 1801.589, 'eval_train_steps_per_second': 28.825, 'epoch': 54.26}
  Pushed checkpoint step-13000 to ijinyu1113/ft_mr5_70m_seed1_purenum
{'loss': 0.0282, 'learning_rate': 2.9353768129770526e-05, 'epoch': 55.32}
{'eval_eval_loss': 0.03558152914047241, 'eval_eval_token_acc': 0.9454451301083158, 'eval_eval_seq_acc': 0.0, 'eval_eval_move_acc': 0.1415, 'eval_eval_mod6_acc': 0.15979672501411632, 'eval_eval_mod4_acc': 0.20835686053077357, 'eval_eval_runtime': 1.1118, 'eval_eval_samples_per_second': 1798.945, 'eval_eval_steps_per_second': 28.783, 'epoch': 55.32}
{'eval_train_loss': 0.027614731341600418, 'eval_train_token_acc': 0.9467345523435782, 'eval_train_seq_acc': 0.0, 'eval_train_move_acc': 0.323, 'eval_train_mod6_acc': 0.3569060773480663, 'eval_train_mod4_acc': 0.3060773480662983, 'eval_train_runtime': 0.5534, 'eval_train_samples_per_second': 1807.062, 'eval_train_steps_per_second': 28.913, 'epoch': 55.32}
{'loss': 0.0279, 'learning_rate': 2.929875800884212e-05, 'epoch': 56.38}
{'eval_eval_loss': 0.036421582102775574, 'eval_eval_token_acc': 0.9454451301083158, 'eval_eval_seq_acc': 0.0, 'eval_eval_move_acc': 0.1385, 'eval_eval_mod6_acc': 0.15013550135501355, 'eval_eval_mod4_acc': 0.2092140921409214, 'eval_eval_runtime': 1.1098, 'eval_eval_samples_per_second': 1802.189, 'eval_eval_steps_per_second': 28.835, 'epoch': 56.38}
{'eval_train_loss': 0.027142081409692764, 'eval_train_token_acc': 0.9467345523435782, 'eval_train_seq_acc': 0.0, 'eval_train_move_acc': 0.316, 'eval_train_mod6_acc': 0.33617021276595743, 'eval_train_mod4_acc': 0.2968085106382979, 'eval_train_runtime': 0.5558, 'eval_train_samples_per_second': 1799.071, 'eval_train_steps_per_second': 28.785, 'epoch': 56.38}
{'loss': 0.0274, 'learning_rate': 2.9241557054878875e-05, 'epoch': 57.45}
{'eval_eval_loss': 0.03488009423017502, 'eval_eval_token_acc': 0.9454451301083158, 'eval_eval_seq_acc': 0.0, 'eval_eval_move_acc': 0.17, 'eval_eval_mod6_acc': 0.17960908610670892, 'eval_eval_mod4_acc': 0.18541996830427893, 'eval_eval_runtime': 1.1073, 'eval_eval_samples_per_second': 1806.264, 'eval_eval_steps_per_second': 28.9, 'epoch': 57.45}
{'eval_train_loss': 0.0262868944555521, 'eval_train_token_acc': 0.9467345523435782, 'eval_train_seq_acc': 0.0, 'eval_train_move_acc': 0.345, 'eval_train_mod6_acc': 0.3590010405827263, 'eval_train_mod4_acc': 0.28199791883454733, 'eval_train_runtime': 0.5547, 'eval_train_samples_per_second': 1802.867, 'eval_train_steps_per_second': 28.846, 'epoch': 57.45}
{'loss': 0.0261, 'learning_rate': 2.9182174032120284e-05, 'epoch': 58.51}
{'eval_eval_loss': 0.0345730185508728, 'eval_eval_token_acc': 0.9454451301083158, 'eval_eval_seq_acc': 0.0, 'eval_eval_move_acc': 0.2025, 'eval_eval_mod6_acc': 0.23356401384083045, 'eval_eval_mod4_acc': 0.22895040369088812, 'eval_eval_runtime': 1.1092, 'eval_eval_samples_per_second': 1803.134, 'eval_eval_steps_per_second': 28.85, 'epoch': 58.51}
{'eval_train_loss': 0.02425219491124153, 'eval_train_token_acc': 0.9467514673793536, 'eval_train_seq_acc': 0.0, 'eval_train_move_acc': 0.407, 'eval_train_mod6_acc': 0.4552572706935123, 'eval_train_mod4_acc': 0.3053691275167785, 'eval_train_runtime': 0.5545, 'eval_train_samples_per_second': 1803.36, 'eval_train_steps_per_second': 28.854, 'epoch': 58.51}
  Pushed checkpoint step-14000 to ijinyu1113/ft_mr5_70m_seed1_purenum
{'loss': 0.0233, 'learning_rate': 2.9120618039138956e-05, 'epoch': 59.57}
{'eval_eval_loss': 0.029633251950144768, 'eval_eval_token_acc': 0.9454451301083158, 'eval_eval_seq_acc': 0.0, 'eval_eval_move_acc': 0.299, 'eval_eval_mod6_acc': 0.3770491803278688, 'eval_eval_mod4_acc': 0.27616645649432536, 'eval_eval_runtime': 1.1091, 'eval_eval_samples_per_second': 1803.241, 'eval_eval_steps_per_second': 28.852, 'epoch': 59.57}
{'eval_train_loss': 0.02075815573334694, 'eval_train_token_acc': 0.9467345523435782, 'eval_train_seq_acc': 0.0, 'eval_train_move_acc': 0.495, 'eval_train_mod6_acc': 0.5971049457177322, 'eval_train_mod4_acc': 0.35223160434258144, 'eval_train_runtime': 0.553, 'eval_train_samples_per_second': 1808.221, 'eval_train_steps_per_second': 28.932, 'epoch': 59.57}
{'loss': 0.0164, 'learning_rate': 2.9056898507446553e-05, 'epoch': 60.64}
{'eval_eval_loss': 0.019701037555933, 'eval_eval_token_acc': 0.9454537608423597, 'eval_eval_seq_acc': 0.0, 'eval_eval_move_acc': 0.5195, 'eval_eval_mod6_acc': 0.5733995584988962, 'eval_eval_mod4_acc': 0.3173289183222958, 'eval_eval_runtime': 1.1074, 'eval_eval_samples_per_second': 1806.03, 'eval_eval_steps_per_second': 28.896, 'epoch': 60.64}
{'eval_train_loss': 0.013678918592631817, 'eval_train_token_acc': 0.9467345523435782, 'eval_train_seq_acc': 0.0, 'eval_train_move_acc': 0.66, 'eval_train_mod6_acc': 0.7089151450053706, 'eval_train_mod4_acc': 0.3694951664876477, 'eval_train_runtime': 0.5545, 'eval_train_samples_per_second': 1803.466, 'eval_train_steps_per_second': 28.855, 'epoch': 60.64}
{'loss': 0.007, 'learning_rate': 2.8991025200048707e-05, 'epoch': 61.7}
{'eval_eval_loss': 0.005482180509716272, 'eval_eval_token_acc': 0.9454451301083158, 'eval_eval_seq_acc': 0.0, 'eval_eval_move_acc': 0.8835, 'eval_eval_mod6_acc': 0.8928751894896413, 'eval_eval_mod4_acc': 0.46639717028802424, 'eval_eval_runtime': 1.109, 'eval_eval_samples_per_second': 1803.479, 'eval_eval_steps_per_second': 28.856, 'epoch': 61.7}
{'eval_train_loss': 0.003561454825103283, 'eval_train_token_acc': 0.9467345523435782, 'eval_train_seq_acc': 0.0, 'eval_train_move_acc': 0.926, 'eval_train_mod6_acc': 0.9362992922143579, 'eval_train_mod4_acc': 0.48129423660262893, 'eval_train_runtime': 0.5557, 'eval_train_samples_per_second': 1799.492, 'eval_train_steps_per_second': 28.792, 'epoch': 61.7}
{'loss': 0.0036, 'learning_rate': 2.892300820994915e-05, 'epoch': 62.77}
{'eval_eval_loss': 0.003624686738476157, 'eval_eval_token_acc': 0.9454451301083158, 'eval_eval_seq_acc': 0.0, 'eval_eval_move_acc': 0.9285, 'eval_eval_mod6_acc': 0.9435975609756098, 'eval_eval_mod4_acc': 0.49034552845528456, 'eval_eval_runtime': 1.1084, 'eval_eval_samples_per_second': 1804.371, 'eval_eval_steps_per_second': 28.87, 'epoch': 62.77}
{'eval_train_loss': 0.002515585860237479, 'eval_train_token_acc': 0.9467345523435782, 'eval_train_seq_acc': 0.0, 'eval_train_move_acc': 0.947, 'eval_train_mod6_acc': 0.9575328614762386, 'eval_train_mod4_acc': 0.4974721941354904, 'eval_train_runtime': 0.5543, 'eval_train_samples_per_second': 1803.933, 'eval_train_steps_per_second': 28.863, 'epoch': 62.77}
  Pushed checkpoint step-15000 to ijinyu1113/ft_mr5_70m_seed1_purenum
{'loss': 0.002, 'learning_rate': 2.8852857958603282e-05, 'epoch': 63.83}
{'eval_eval_loss': 0.0019031099509447813, 'eval_eval_token_acc': 0.9454451301083158, 'eval_eval_seq_acc': 0.0, 'eval_eval_move_acc': 0.9625, 'eval_eval_mod6_acc': 0.9692849949647533, 'eval_eval_mod4_acc': 0.5055387713997986, 'eval_eval_runtime': 1.1059, 'eval_eval_samples_per_second': 1808.409, 'eval_eval_steps_per_second': 28.935, 'epoch': 63.83}
{'eval_train_loss': 0.0011750970734283328, 'eval_train_token_acc': 0.9467345523435782, 'eval_train_seq_acc': 0.0, 'eval_train_move_acc': 0.976, 'eval_train_mod6_acc': 0.9799196787148594, 'eval_train_mod4_acc': 0.5060240963855421, 'eval_train_runtime': 0.5528, 'eval_train_samples_per_second': 1808.92, 'eval_train_steps_per_second': 28.943, 'epoch': 63.83}
{'loss': 0.0016, 'learning_rate': 2.878058519432141e-05, 'epoch': 64.89}
{'eval_eval_loss': 0.0018677643965929747, 'eval_eval_token_acc': 0.9454451301083158, 'eval_eval_seq_acc': 0.0, 'eval_eval_move_acc': 0.9695, 'eval_eval_mod6_acc': 0.9778113968734241, 'eval_eval_mod4_acc': 0.5083207261724659, 'eval_eval_runtime': 1.109, 'eval_eval_samples_per_second': 1803.363, 'eval_eval_steps_per_second': 28.854, 'epoch': 64.89}
{'eval_train_loss': 0.0010348949581384659, 'eval_train_token_acc': 0.9467345523435782, 'eval_train_seq_acc': 0.0, 'eval_train_move_acc': 0.98, 'eval_train_mod6_acc': 0.9849246231155779, 'eval_train_mod4_acc': 0.5065326633165829, 'eval_train_runtime': 0.5546, 'eval_train_samples_per_second': 1803.237, 'eval_train_steps_per_second': 28.852, 'epoch': 64.89}
{'loss': 0.0012, 'learning_rate': 2.87062009906219e-05, 'epoch': 65.96}
{'eval_eval_loss': 0.0026962715201079845, 'eval_eval_token_acc': 0.9454451301083158, 'eval_eval_seq_acc': 0.0, 'eval_eval_move_acc': 0.9385, 'eval_eval_mod6_acc': 0.9441649899396378, 'eval_eval_mod4_acc': 0.49446680080482897, 'eval_eval_runtime': 1.1073, 'eval_eval_samples_per_second': 1806.115, 'eval_eval_steps_per_second': 28.898, 'epoch': 65.96}
{'eval_train_loss': 0.0015983619960024953, 'eval_train_token_acc': 0.9467345523435782, 'eval_train_seq_acc': 0.0, 'eval_train_move_acc': 0.959, 'eval_train_mod6_acc': 0.9647887323943662, 'eval_train_mod4_acc': 0.49899396378269617, 'eval_train_runtime': 0.5537, 'eval_train_samples_per_second': 1806.091, 'eval_train_steps_per_second': 28.897, 'epoch': 65.96}
{'loss': 0.0004, 'learning_rate': 2.862971674453453e-05, 'epoch': 67.02}
{'eval_eval_loss': 0.00043498066952452064, 'eval_eval_token_acc': 0.9454451301083158, 'eval_eval_seq_acc': 0.0, 'eval_eval_move_acc': 0.9925, 'eval_eval_mod6_acc': 0.9954864593781344, 'eval_eval_mod4_acc': 0.5200601805416248, 'eval_eval_runtime': 1.1058, 'eval_eval_samples_per_second': 1808.615, 'eval_eval_steps_per_second': 28.938, 'epoch': 67.02}
{'eval_train_loss': 0.00021155356080271304, 'eval_train_token_acc': 0.9467345523435782, 'eval_train_seq_acc': 0.0, 'eval_train_move_acc': 0.996, 'eval_train_mod6_acc': 0.996, 'eval_train_mod4_acc': 0.516, 'eval_train_runtime': 0.5545, 'eval_train_samples_per_second': 1803.354, 'eval_train_steps_per_second': 28.854, 'epoch': 67.02}
  Pushed checkpoint step-16000 to ijinyu1113/ft_mr5_70m_seed1_purenum
{'loss': 0.0004, 'learning_rate': 2.8551144174854237e-05, 'epoch': 68.09}
{'eval_eval_loss': 0.002581923035904765, 'eval_eval_token_acc': 0.9454451301083158, 'eval_eval_seq_acc': 0.0, 'eval_eval_move_acc': 0.9615, 'eval_eval_mod6_acc': 0.9726858877086495, 'eval_eval_mod4_acc': 0.5088517956499747, 'eval_eval_runtime': 1.1085, 'eval_eval_samples_per_second': 1804.219, 'eval_eval_steps_per_second': 28.867, 'epoch': 68.09}
{'eval_train_loss': 0.0012685093097388744, 'eval_train_token_acc': 0.9467345523435782, 'eval_train_seq_acc': 0.0, 'eval_train_move_acc': 0.979, 'eval_train_mod6_acc': 0.9839195979899498, 'eval_train_mod4_acc': 0.507537688442211, 'eval_train_runtime': 0.5535, 'eval_train_samples_per_second': 1806.628, 'eval_train_steps_per_second': 28.906, 'epoch': 68.09}
{'loss': 0.0013, 'learning_rate': 2.8470495320345588e-05, 'epoch': 69.15}
{'eval_eval_loss': 0.005366888828575611, 'eval_eval_token_acc': 0.9454451301083158, 'eval_eval_seq_acc': 0.0, 'eval_eval_move_acc': 0.8945, 'eval_eval_mod6_acc': 0.909969481180061, 'eval_eval_mod4_acc': 0.47202441505595116, 'eval_eval_runtime': 1.1073, 'eval_eval_samples_per_second': 1806.274, 'eval_eval_steps_per_second': 28.9, 'epoch': 69.15}
{'eval_train_loss': 0.0036285596434026957, 'eval_train_token_acc': 0.9467345523435782, 'eval_train_seq_acc': 0.0, 'eval_train_move_acc': 0.928, 'eval_train_mod6_acc': 0.9383215369059656, 'eval_train_mod4_acc': 0.487360970677452, 'eval_train_runtime': 0.5534, 'eval_train_samples_per_second': 1806.951, 'eval_train_steps_per_second': 28.911, 'epoch': 69.15}
{'loss': 0.0007, 'learning_rate': 2.838778253789822e-05, 'epoch': 70.21}
{'eval_eval_loss': 0.00035248417407274246, 'eval_eval_token_acc': 0.9454451301083158, 'eval_eval_seq_acc': 0.0, 'eval_eval_move_acc': 0.994, 'eval_eval_mod6_acc': 0.997491219267436, 'eval_eval_mod4_acc': 0.5198193677872553, 'eval_eval_runtime': 1.1059, 'eval_eval_samples_per_second': 1808.472, 'eval_eval_steps_per_second': 28.936, 'epoch': 70.21}
{'eval_train_loss': 6.065285197109915e-05, 'eval_train_token_acc': 0.9467345523435782, 'eval_train_seq_acc': 0.0, 'eval_train_move_acc': 0.999, 'eval_train_mod6_acc': 0.999, 'eval_train_mod4_acc': 0.516, 'eval_train_runtime': 0.5537, 'eval_train_samples_per_second': 1805.918, 'eval_train_steps_per_second': 28.895, 'epoch': 70.21}
{'loss': 0.0008, 'learning_rate': 2.830301850063354e-05, 'epoch': 71.28}
{'eval_eval_loss': 0.00030709337443113327, 'eval_eval_token_acc': 0.9454451301083158, 'eval_eval_seq_acc': 0.0, 'eval_eval_move_acc': 0.9925, 'eval_eval_mod6_acc': 0.9959859508278976, 'eval_eval_mod4_acc': 0.5193176116407426, 'eval_eval_runtime': 1.1069, 'eval_eval_samples_per_second': 1806.899, 'eval_eval_steps_per_second': 28.91, 'epoch': 71.28}
{'eval_train_loss': 0.00011446599091868848, 'eval_train_token_acc': 0.9467345523435782, 'eval_train_seq_acc': 0.0, 'eval_train_move_acc': 0.999, 'eval_train_mod6_acc': 0.999, 'eval_train_mod4_acc': 0.516, 'eval_train_runtime': 0.555, 'eval_train_samples_per_second': 1801.762, 'eval_train_steps_per_second': 28.828, 'epoch': 71.28}
  Pushed checkpoint step-17000 to ijinyu1113/ft_mr5_70m_seed1_purenum
{'loss': 0.0011, 'learning_rate': 2.8216216195962963e-05, 'epoch': 72.34}
{'eval_eval_loss': 0.0011910389875993133, 'eval_eval_token_acc': 0.9454451301083158, 'eval_eval_seq_acc': 0.0, 'eval_eval_move_acc': 0.9745, 'eval_eval_mod6_acc': 0.9789050728277248, 'eval_eval_mod4_acc': 0.5133098945253641, 'eval_eval_runtime': 1.1113, 'eval_eval_samples_per_second': 1799.736, 'eval_eval_steps_per_second': 28.796, 'epoch': 72.34}
{'eval_train_loss': 0.0006518407608382404, 'eval_train_token_acc': 0.9467345523435782, 'eval_train_seq_acc': 0.0, 'eval_train_move_acc': 0.989, 'eval_train_mod6_acc': 0.989, 'eval_train_mod4_acc': 0.514, 'eval_train_runtime': 0.5538, 'eval_train_samples_per_second': 1805.667, 'eval_train_steps_per_second': 28.891, 'epoch': 72.34}
{'loss': 0.0002, 'learning_rate': 2.812738892359801e-05, 'epoch': 73.4}
{'eval_eval_loss': 0.0004416017036419362, 'eval_eval_token_acc': 0.9454451301083158, 'eval_eval_seq_acc': 0.0, 'eval_eval_move_acc': 0.991, 'eval_eval_mod6_acc': 0.9949799196787149, 'eval_eval_mod4_acc': 0.5195783132530121, 'eval_eval_runtime': 1.1063, 'eval_eval_samples_per_second': 1807.836, 'eval_eval_steps_per_second': 28.925, 'epoch': 73.4}
{'eval_train_loss': 0.000161419840878807, 'eval_train_token_acc': 0.9467345523435782, 'eval_train_seq_acc': 0.0, 'eval_train_move_acc': 0.996, 'eval_train_mod6_acc': 0.996, 'eval_train_mod4_acc': 0.516, 'eval_train_runtime': 0.554, 'eval_train_samples_per_second': 1805.211, 'eval_train_steps_per_second': 28.883, 'epoch': 73.4}
{'loss': 0.0009, 'learning_rate': 2.8036550293512534e-05, 'epoch': 74.47}
{'eval_eval_loss': 0.0013685771264135838, 'eval_eval_token_acc': 0.9454451301083158, 'eval_eval_seq_acc': 0.0, 'eval_eval_move_acc': 0.973, 'eval_eval_mod6_acc': 0.9848178137651822, 'eval_eval_mod4_acc': 0.5116396761133604, 'eval_eval_runtime': 1.1024, 'eval_eval_samples_per_second': 1814.146, 'eval_eval_steps_per_second': 29.026, 'epoch': 74.47}
{'eval_train_loss': 0.0006977635202929378, 'eval_train_token_acc': 0.9467345523435782, 'eval_train_seq_acc': 0.0, 'eval_train_move_acc': 0.986, 'eval_train_mod6_acc': 0.9909547738693467, 'eval_train_mod4_acc': 0.5095477386934674, 'eval_train_runtime': 0.5525, 'eval_train_samples_per_second': 1809.933, 'eval_train_steps_per_second': 28.959, 'epoch': 74.47}
{'loss': 0.0007, 'learning_rate': 2.7943714223857438e-05, 'epoch': 75.53}
{'eval_eval_loss': 0.0007998166256584227, 'eval_eval_token_acc': 0.9454451301083158, 'eval_eval_seq_acc': 0.0, 'eval_eval_move_acc': 0.983, 'eval_eval_mod6_acc': 0.9874434957307886, 'eval_eval_mod4_acc': 0.5143144148669011, 'eval_eval_runtime': 1.1064, 'eval_eval_samples_per_second': 1807.744, 'eval_eval_steps_per_second': 28.924, 'epoch': 75.53}
{'eval_train_loss': 0.0005981646827422082, 'eval_train_token_acc': 0.9467345523435782, 'eval_train_seq_acc': 0.0, 'eval_train_move_acc': 0.99, 'eval_train_mod6_acc': 0.990990990990991, 'eval_train_mod4_acc': 0.5115115115115115, 'eval_train_runtime': 0.5522, 'eval_train_samples_per_second': 1810.875, 'eval_train_steps_per_second': 28.974, 'epoch': 75.53}
  Pushed checkpoint step-18000 to ijinyu1113/ft_mr5_70m_seed1_purenum
{'loss': 0.0005, 'learning_rate': 2.7848894938828134e-05, 'epoch': 76.6}
{'eval_eval_loss': 0.0018556952709332108, 'eval_eval_token_acc': 0.9454451301083158, 'eval_eval_seq_acc': 0.0, 'eval_eval_move_acc': 0.959, 'eval_eval_mod6_acc': 0.9681978798586572, 'eval_eval_mod4_acc': 0.5007571933366987, 'eval_eval_runtime': 1.108, 'eval_eval_samples_per_second': 1805.017, 'eval_eval_steps_per_second': 28.88, 'epoch': 76.6}
{'eval_train_loss': 0.001087934710085392, 'eval_train_token_acc': 0.9467345523435782, 'eval_train_seq_acc': 0.0, 'eval_train_move_acc': 0.974, 'eval_train_mod6_acc': 0.9779116465863453, 'eval_train_mod4_acc': 0.5050200803212851, 'eval_train_runtime': 0.554, 'eval_train_samples_per_second': 1805.163, 'eval_train_steps_per_second': 28.883, 'epoch': 76.6}
{'loss': 0.001, 'learning_rate': 2.7752106966485177e-05, 'epoch': 77.66}
{'eval_eval_loss': 0.00046192307490855455, 'eval_eval_token_acc': 0.9454451301083158, 'eval_eval_seq_acc': 0.0, 'eval_eval_move_acc': 0.99, 'eval_eval_mod6_acc': 0.9949748743718593, 'eval_eval_mod4_acc': 0.5185929648241207, 'eval_eval_runtime': 1.1087, 'eval_eval_samples_per_second': 1803.989, 'eval_eval_steps_per_second': 28.864, 'epoch': 77.66}
{'eval_train_loss': 0.00011442622781032696, 'eval_train_token_acc': 0.9467345523435782, 'eval_train_seq_acc': 0.0, 'eval_train_move_acc': 0.999, 'eval_train_mod6_acc': 0.999, 'eval_train_mod4_acc': 0.516, 'eval_train_runtime': 0.5541, 'eval_train_samples_per_second': 1804.841, 'eval_train_steps_per_second': 28.877, 'epoch': 77.66}
{'loss': 0.0003, 'learning_rate': 2.7653365136528246e-05, 'epoch': 78.72}
{'eval_eval_loss': 0.00017172499792650342, 'eval_eval_token_acc': 0.9454451301083158, 'eval_eval_seq_acc': 0.0, 'eval_eval_move_acc': 0.996, 'eval_eval_mod6_acc': 0.9994982438534872, 'eval_eval_mod4_acc': 0.520822880080281, 'eval_eval_runtime': 1.1072, 'eval_eval_samples_per_second': 1806.33, 'eval_eval_steps_per_second': 28.901, 'epoch': 78.72}
{'eval_train_loss': 2.6591569621814415e-05, 'eval_train_token_acc': 0.9467345523435782, 'eval_train_seq_acc': 0.0, 'eval_train_move_acc': 0.999, 'eval_train_mod6_acc': 0.999, 'eval_train_mod4_acc': 0.516, 'eval_train_runtime': 0.554, 'eval_train_samples_per_second': 1805.024, 'eval_train_steps_per_second': 28.88, 'epoch': 78.72}
{'loss': 0.0001, 'learning_rate': 2.7552684578024e-05, 'epoch': 79.79}
{'eval_eval_loss': 0.0003071650571655482, 'eval_eval_token_acc': 0.9454451301083158, 'eval_eval_seq_acc': 0.0, 'eval_eval_move_acc': 0.996, 'eval_eval_mod6_acc': 0.9974962443665498, 'eval_eval_mod4_acc': 0.5202804206309464, 'eval_eval_runtime': 1.1096, 'eval_eval_samples_per_second': 1802.438, 'eval_eval_steps_per_second': 28.839, 'epoch': 79.79}
{'eval_train_loss': 0.0001231580099556595, 'eval_train_token_acc': 0.9467345523435782, 'eval_train_seq_acc': 0.0, 'eval_train_move_acc': 0.998, 'eval_train_mod6_acc': 0.998, 'eval_train_mod4_acc': 0.515, 'eval_train_runtime': 0.5544, 'eval_train_samples_per_second': 1803.604, 'eval_train_steps_per_second': 28.858, 'epoch': 79.79}
  Pushed checkpoint step-19000 to ijinyu1113/ft_mr5_70m_seed1_purenum
{'loss': 0.0001, 'learning_rate': 2.7450080717087995e-05, 'epoch': 80.85}
{'eval_eval_loss': 0.0004648730100598186, 'eval_eval_token_acc': 0.9454451301083158, 'eval_eval_seq_acc': 0.0, 'eval_eval_move_acc': 0.9915, 'eval_eval_mod6_acc': 0.9919959979989995, 'eval_eval_mod4_acc': 0.5162581290645323, 'eval_eval_runtime': 1.1086, 'eval_eval_samples_per_second': 1804.001, 'eval_eval_steps_per_second': 28.864, 'epoch': 80.85}
{'eval_train_loss': 0.0004084635293111205, 'eval_train_token_acc': 0.9467345523435782, 'eval_train_seq_acc': 0.0, 'eval_train_move_acc': 0.991, 'eval_train_mod6_acc': 0.9949799196787149, 'eval_train_mod4_acc': 0.5130522088353414, 'eval_train_runtime': 0.5538, 'eval_train_samples_per_second': 1805.836, 'eval_train_steps_per_second': 28.893, 'epoch': 80.85}
{'loss': 0.0008, 'learning_rate': 2.7345569274521162e-05, 'epoch': 81.91}
{'eval_eval_loss': 0.00020313555432949215, 'eval_eval_token_acc': 0.9454451301083158, 'eval_eval_seq_acc': 0.0, 'eval_eval_move_acc': 0.9965, 'eval_eval_mod6_acc': 0.9989974937343359, 'eval_eval_mod4_acc': 0.5203007518796993, 'eval_eval_runtime': 1.1072, 'eval_eval_samples_per_second': 1806.356, 'eval_eval_steps_per_second': 28.902, 'epoch': 81.91}
{'eval_train_loss': 3.0824630812276155e-05, 'eval_train_token_acc': 0.9467345523435782, 'eval_train_seq_acc': 0.0, 'eval_train_move_acc': 0.999, 'eval_train_mod6_acc': 0.999, 'eval_train_mod4_acc': 0.516, 'eval_train_runtime': 0.5548, 'eval_train_samples_per_second': 1802.358, 'eval_train_steps_per_second': 28.838, 'epoch': 81.91}
{'loss': 0.0007, 'learning_rate': 2.7239166263401055e-05, 'epoch': 82.98}
{'eval_eval_loss': 0.0004553718026727438, 'eval_eval_token_acc': 0.9454451301083158, 'eval_eval_seq_acc': 0.0, 'eval_eval_move_acc': 0.989, 'eval_eval_mod6_acc': 0.99347061778001, 'eval_eval_mod4_acc': 0.5178302360622803, 'eval_eval_runtime': 1.1068, 'eval_eval_samples_per_second': 1806.94, 'eval_eval_steps_per_second': 28.911, 'epoch': 82.98}
{'eval_train_loss': 0.00034731486812233925, 'eval_train_token_acc': 0.9467345523435782, 'eval_train_seq_acc': 0.0, 'eval_train_move_acc': 0.991, 'eval_train_mod6_acc': 0.9959798994974874, 'eval_train_mod4_acc': 0.5155778894472361, 'eval_train_runtime': 0.5545, 'eval_train_samples_per_second': 1803.296, 'eval_train_steps_per_second': 28.853, 'epoch': 82.98}
{'loss': 0.0001, 'learning_rate': 2.7130887986628354e-05, 'epoch': 84.04}
{'eval_eval_loss': 0.00015065369370859116, 'eval_eval_token_acc': 0.9454451301083158, 'eval_eval_seq_acc': 0.0, 'eval_eval_move_acc': 0.996, 'eval_eval_mod6_acc': 0.9984962406015038, 'eval_eval_mod4_acc': 0.5208020050125314, 'eval_eval_runtime': 1.1072, 'eval_eval_samples_per_second': 1806.341, 'eval_eval_steps_per_second': 28.901, 'epoch': 84.04}
{'eval_train_loss': 5.2676086852443404e-06, 'eval_train_token_acc': 0.9467345523435782, 'eval_train_seq_acc': 0.0, 'eval_train_move_acc': 1.0, 'eval_train_mod6_acc': 1.0, 'eval_train_mod4_acc': 0.517, 'eval_train_runtime': 0.5547, 'eval_train_samples_per_second': 1802.918, 'eval_train_steps_per_second': 28.847, 'epoch': 84.04}
  Pushed checkpoint step-20000 to ijinyu1113/ft_mr5_70m_seed1_purenum
{'loss': 0.0, 'learning_rate': 2.7020751034428975e-05, 'epoch': 85.11}
{'eval_eval_loss': 0.0001826338702812791, 'eval_eval_token_acc': 0.9454451301083158, 'eval_eval_seq_acc': 0.0, 'eval_eval_move_acc': 0.996, 'eval_eval_mod6_acc': 0.9984962406015038, 'eval_eval_mod4_acc': 0.5208020050125314, 'eval_eval_runtime': 1.1128, 'eval_eval_samples_per_second': 1797.241, 'eval_eval_steps_per_second': 28.756, 'epoch': 85.11}
{'eval_train_loss': 4.902691216557287e-05, 'eval_train_token_acc': 0.9467345523435782, 'eval_train_seq_acc': 0.0, 'eval_train_move_acc': 1.0, 'eval_train_mod6_acc': 1.0, 'eval_train_mod4_acc': 0.517, 'eval_train_runtime': 0.5549, 'eval_train_samples_per_second': 1802.195, 'eval_train_steps_per_second': 28.835, 'epoch': 85.11}
{'loss': 0.0013, 'learning_rate': 2.690877228181215e-05, 'epoch': 86.17}
{'eval_eval_loss': 0.006999962963163853, 'eval_eval_token_acc': 0.9454451301083158, 'eval_eval_seq_acc': 0.0, 'eval_eval_move_acc': 0.8745, 'eval_eval_mod6_acc': 0.8824419778002018, 'eval_eval_mod4_acc': 0.4656912209889001, 'eval_eval_runtime': 1.1082, 'eval_eval_samples_per_second': 1804.764, 'eval_eval_steps_per_second': 28.876, 'epoch': 86.17}
{'eval_train_loss': 0.005138711538165808, 'eval_train_token_acc': 0.9467345523435782, 'eval_train_seq_acc': 0.0, 'eval_train_move_acc': 0.895, 'eval_train_mod6_acc': 0.9031281533804238, 'eval_train_mod4_acc': 0.467204843592331, 'eval_train_runtime': 0.5544, 'eval_train_samples_per_second': 1803.678, 'eval_train_steps_per_second': 28.859, 'epoch': 86.17}
{'loss': 0.0004, 'learning_rate': 2.6794968885984824e-05, 'epoch': 87.23}
{'eval_eval_loss': 0.00012711388990283012, 'eval_eval_token_acc': 0.9454451301083158, 'eval_eval_seq_acc': 0.0, 'eval_eval_move_acc': 0.9975, 'eval_eval_mod6_acc': 0.99899849774662, 'eval_eval_mod4_acc': 0.5212819228843265, 'eval_eval_runtime': 1.1081, 'eval_eval_samples_per_second': 1804.942, 'eval_eval_steps_per_second': 28.879, 'epoch': 87.23}
{'eval_train_loss': 1.2156073353253305e-05, 'eval_train_token_acc': 0.9467345523435782, 'eval_train_seq_acc': 0.0, 'eval_train_move_acc': 1.0, 'eval_train_mod6_acc': 1.0, 'eval_train_mod4_acc': 0.517, 'eval_train_runtime': 0.5537, 'eval_train_samples_per_second': 1805.988, 'eval_train_steps_per_second': 28.896, 'epoch': 87.23}
{'loss': 0.0, 'learning_rate': 2.6679358283722907e-05, 'epoch': 88.3}
{'eval_eval_loss': 0.00012933203834109008, 'eval_eval_token_acc': 0.9454451301083158, 'eval_eval_seq_acc': 0.0, 'eval_eval_move_acc': 0.996, 'eval_eval_mod6_acc': 0.9984962406015038, 'eval_eval_mod4_acc': 0.5208020050125314, 'eval_eval_runtime': 1.1058, 'eval_eval_samples_per_second': 1808.623, 'eval_eval_steps_per_second': 28.938, 'epoch': 88.3}
{'eval_train_loss': 3.310043666715501e-06, 'eval_train_token_acc': 0.9467345523435782, 'eval_train_seq_acc': 0.0, 'eval_train_move_acc': 1.0, 'eval_train_mod6_acc': 1.0, 'eval_train_mod4_acc': 0.517, 'eval_train_runtime': 0.5541, 'eval_train_samples_per_second': 1804.613, 'eval_train_steps_per_second': 28.874, 'epoch': 88.3}
  Pushed checkpoint step-21000 to ijinyu1113/ft_mr5_70m_seed1_purenum
{'loss': 0.0, 'learning_rate': 2.6561958188699604e-05, 'epoch': 89.36}
{'eval_eval_loss': 0.00015285486006177962, 'eval_eval_token_acc': 0.9454451301083158, 'eval_eval_seq_acc': 0.0, 'eval_eval_move_acc': 0.997, 'eval_eval_mod6_acc': 0.998997995991984, 'eval_eval_mod4_acc': 0.5210420841683366, 'eval_eval_runtime': 1.1052, 'eval_eval_samples_per_second': 1809.597, 'eval_eval_steps_per_second': 28.954, 'epoch': 89.36}
{'eval_train_loss': 5.835131560161244e-06, 'eval_train_token_acc': 0.9467345523435782, 'eval_train_seq_acc': 0.0, 'eval_train_move_acc': 1.0, 'eval_train_mod6_acc': 1.0, 'eval_train_mod4_acc': 0.517, 'eval_train_runtime': 0.5543, 'eval_train_samples_per_second': 1803.985, 'eval_train_steps_per_second': 28.864, 'epoch': 89.36}
{'loss': 0.0, 'learning_rate': 2.644278658877136e-05, 'epoch': 90.43}
{'eval_eval_loss': 6.985914660617709e-05, 'eval_eval_token_acc': 0.9454451301083158, 'eval_eval_seq_acc': 0.0, 'eval_eval_move_acc': 0.998, 'eval_eval_mod6_acc': 0.998998998998999, 'eval_eval_mod4_acc': 0.5215215215215215, 'eval_eval_runtime': 1.1076, 'eval_eval_samples_per_second': 1805.694, 'eval_eval_steps_per_second': 28.891, 'epoch': 90.43}
{'eval_train_loss': 3.544806531863287e-06, 'eval_train_token_acc': 0.9467345523435782, 'eval_train_seq_acc': 0.0, 'eval_train_move_acc': 1.0, 'eval_train_mod6_acc': 1.0, 'eval_train_mod4_acc': 0.517, 'eval_train_runtime': 0.5554, 'eval_train_samples_per_second': 1800.577, 'eval_train_steps_per_second': 28.809, 'epoch': 90.43}
{'loss': 0.0, 'learning_rate': 2.63218617432218e-05, 'epoch': 91.49}
{'eval_eval_loss': 9.041565499501303e-05, 'eval_eval_token_acc': 0.9454451301083158, 'eval_eval_seq_acc': 0.0, 'eval_eval_move_acc': 0.9985, 'eval_eval_mod6_acc': 0.9989994997498749, 'eval_eval_mod4_acc': 0.5217608804402201, 'eval_eval_runtime': 1.1092, 'eval_eval_samples_per_second': 1803.093, 'eval_eval_steps_per_second': 28.849, 'epoch': 91.49}
{'eval_train_loss': 2.2186591195350047e-06, 'eval_train_token_acc': 0.9467345523435782, 'eval_train_seq_acc': 0.0, 'eval_train_move_acc': 1.0, 'eval_train_mod6_acc': 1.0, 'eval_train_mod4_acc': 0.517, 'eval_train_runtime': 0.5532, 'eval_train_samples_per_second': 1807.525, 'eval_train_steps_per_second': 28.92, 'epoch': 91.49}
{'loss': 0.0014, 'learning_rate': 2.6199202179964063e-05, 'epoch': 92.55}
{'eval_eval_loss': 0.0004073181189596653, 'eval_eval_token_acc': 0.9454451301083158, 'eval_eval_seq_acc': 0.0, 'eval_eval_move_acc': 0.9905, 'eval_eval_mod6_acc': 0.9929824561403509, 'eval_eval_mod4_acc': 0.5167919799498747, 'eval_eval_runtime': 1.1096, 'eval_eval_samples_per_second': 1802.467, 'eval_eval_steps_per_second': 28.839, 'epoch': 92.55}
{'eval_train_loss': 0.00019261095440015197, 'eval_train_token_acc': 0.9467345523435782, 'eval_train_seq_acc': 0.0, 'eval_train_move_acc': 0.998, 'eval_train_mod6_acc': 0.998, 'eval_train_mod4_acc': 0.515, 'eval_train_runtime': 0.555, 'eval_train_samples_per_second': 1801.737, 'eval_train_steps_per_second': 28.828, 'epoch': 92.55}
  Pushed checkpoint step-22000 to ijinyu1113/ft_mr5_70m_seed1_purenum
{'loss': 0.0, 'learning_rate': 2.6074826692701983e-05, 'epoch': 93.62}
{'eval_eval_loss': 0.00011073188215959817, 'eval_eval_token_acc': 0.9454451301083158, 'eval_eval_seq_acc': 0.0, 'eval_eval_move_acc': 0.998, 'eval_eval_mod6_acc': 0.99949924887331, 'eval_eval_mod4_acc': 0.5222834251377065, 'eval_eval_runtime': 1.109, 'eval_eval_samples_per_second': 1803.456, 'eval_eval_steps_per_second': 28.855, 'epoch': 93.62}
{'eval_train_loss': 2.0078881789231673e-05, 'eval_train_token_acc': 0.9467345523435782, 'eval_train_seq_acc': 0.0, 'eval_train_move_acc': 1.0, 'eval_train_mod6_acc': 1.0, 'eval_train_mod4_acc': 0.517, 'eval_train_runtime': 0.5542, 'eval_train_samples_per_second': 1804.288, 'eval_train_steps_per_second': 28.869, 'epoch': 93.62}
{'loss': 0.0, 'learning_rate': 2.594875433805055e-05, 'epoch': 94.68}
{'eval_eval_loss': 0.00021135104179847986, 'eval_eval_token_acc': 0.9454451301083158, 'eval_eval_seq_acc': 0.0, 'eval_eval_move_acc': 0.9965, 'eval_eval_mod6_acc': 0.9994984954864594, 'eval_eval_mod4_acc': 0.5210631895687061, 'eval_eval_runtime': 1.108, 'eval_eval_samples_per_second': 1805.109, 'eval_eval_steps_per_second': 28.882, 'epoch': 94.68}
{'eval_train_loss': 1.3387917533691507e-05, 'eval_train_token_acc': 0.9467345523435782, 'eval_train_seq_acc': 0.0, 'eval_train_move_acc': 1.0, 'eval_train_mod6_acc': 1.0, 'eval_train_mod4_acc': 0.517, 'eval_train_runtime': 0.554, 'eval_train_samples_per_second': 1805.148, 'eval_train_steps_per_second': 28.882, 'epoch': 94.68}
{'loss': 0.0, 'learning_rate': 2.5821004432616087e-05, 'epoch': 95.74}
{'eval_eval_loss': 7.444512448273599e-05, 'eval_eval_token_acc': 0.9454451301083158, 'eval_eval_seq_acc': 0.0, 'eval_eval_move_acc': 0.998, 'eval_eval_mod6_acc': 0.99949924887331, 'eval_eval_mod4_acc': 0.5212819228843265, 'eval_eval_runtime': 1.1094, 'eval_eval_samples_per_second': 1802.802, 'eval_eval_steps_per_second': 28.845, 'epoch': 95.74}
{'eval_train_loss': 2.0416102870512987e-06, 'eval_train_token_acc': 0.9467345523435782, 'eval_train_seq_acc': 0.0, 'eval_train_move_acc': 1.0, 'eval_train_mod6_acc': 1.0, 'eval_train_mod4_acc': 0.517, 'eval_train_runtime': 0.5545, 'eval_train_samples_per_second': 1803.499, 'eval_train_steps_per_second': 28.856, 'epoch': 95.74}
{'loss': 0.0008, 'learning_rate': 2.5691596550036588e-05, 'epoch': 96.81}
{'eval_eval_loss': 0.0007664248114451766, 'eval_eval_token_acc': 0.9454451301083158, 'eval_eval_seq_acc': 0.0, 'eval_eval_move_acc': 0.987, 'eval_eval_mod6_acc': 0.9924585218702866, 'eval_eval_mod4_acc': 0.5178481649069885, 'eval_eval_runtime': 1.1073, 'eval_eval_samples_per_second': 1806.264, 'eval_eval_steps_per_second': 28.9, 'epoch': 96.81}
{'eval_train_loss': 0.00039458347600884736, 'eval_train_token_acc': 0.9467345523435782, 'eval_train_seq_acc': 0.0, 'eval_train_move_acc': 0.993, 'eval_train_mod6_acc': 0.993993993993994, 'eval_train_mod4_acc': 0.5155155155155156, 'eval_train_runtime': 0.556, 'eval_train_samples_per_second': 1798.509, 'eval_train_steps_per_second': 28.776, 'epoch': 96.81}
  Pushed checkpoint step-23000 to ijinyu1113/ft_mr5_70m_seed1_purenum
{'loss': 0.0006, 'learning_rate': 2.5560550517982677e-05, 'epoch': 97.87}
{'eval_eval_loss': 0.0008048867457546294, 'eval_eval_token_acc': 0.9454451301083158, 'eval_eval_seq_acc': 0.0, 'eval_eval_move_acc': 0.985, 'eval_eval_mod6_acc': 0.9899497487437185, 'eval_eval_mod4_acc': 0.5150753768844221, 'eval_eval_runtime': 1.109, 'eval_eval_samples_per_second': 1803.5, 'eval_eval_steps_per_second': 28.856, 'epoch': 97.87}
{'eval_train_loss': 0.0005188938230276108, 'eval_train_token_acc': 0.9467345523435782, 'eval_train_seq_acc': 0.0, 'eval_train_move_acc': 0.99, 'eval_train_mod6_acc': 0.990990990990991, 'eval_train_mod4_acc': 0.5115115115115115, 'eval_train_runtime': 0.5538, 'eval_train_samples_per_second': 1805.642, 'eval_train_steps_per_second': 28.89, 'epoch': 97.87}
{'loss': 0.0002, 'learning_rate': 2.5427886415119635e-05, 'epoch': 98.94}
{'eval_eval_loss': 0.00019090190471615642, 'eval_eval_token_acc': 0.9454451301083158, 'eval_eval_seq_acc': 0.0, 'eval_eval_move_acc': 0.996, 'eval_eval_mod6_acc': 0.9994982438534872, 'eval_eval_mod4_acc': 0.520822880080281, 'eval_eval_runtime': 1.1083, 'eval_eval_samples_per_second': 1804.568, 'eval_eval_steps_per_second': 28.873, 'epoch': 98.94}
{'eval_train_loss': 7.520930012105964e-06, 'eval_train_token_acc': 0.9467345523435782, 'eval_train_seq_acc': 0.0, 'eval_train_move_acc': 1.0, 'eval_train_mod6_acc': 1.0, 'eval_train_mod4_acc': 0.517, 'eval_train_runtime': 0.5553, 'eval_train_samples_per_second': 1800.863, 'eval_train_steps_per_second': 28.814, 'epoch': 98.94}
{'loss': 0.0, 'learning_rate': 2.5293624568031008e-05, 'epoch': 100.0}
{'eval_eval_loss': 8.119375706883147e-05, 'eval_eval_token_acc': 0.9454451301083158, 'eval_eval_seq_acc': 0.0, 'eval_eval_move_acc': 0.9985, 'eval_eval_mod6_acc': 1.0, 'eval_eval_mod4_acc': 0.5217826740110165, 'eval_eval_runtime': 1.1106, 'eval_eval_samples_per_second': 1800.8, 'eval_eval_steps_per_second': 28.813, 'epoch': 100.0}
{'eval_train_loss': 3.5106411360175116e-06, 'eval_train_token_acc': 0.9467345523435782, 'eval_train_seq_acc': 0.0, 'eval_train_move_acc': 1.0, 'eval_train_mod6_acc': 1.0, 'eval_train_mod4_acc': 0.517, 'eval_train_runtime': 0.554, 'eval_train_samples_per_second': 1805.119, 'eval_train_steps_per_second': 28.882, 'epoch': 100.0}
{'loss': 0.0, 'learning_rate': 2.515778554810415e-05, 'epoch': 101.06}
{'eval_eval_loss': 8.211167005356401e-05, 'eval_eval_token_acc': 0.9454451301083158, 'eval_eval_seq_acc': 0.0, 'eval_eval_move_acc': 0.9985, 'eval_eval_mod6_acc': 1.0, 'eval_eval_mod4_acc': 0.5217826740110165, 'eval_eval_runtime': 1.1069, 'eval_eval_samples_per_second': 1806.825, 'eval_eval_steps_per_second': 28.909, 'epoch': 101.06}
{'eval_train_loss': 1.2535748510345002e-06, 'eval_train_token_acc': 0.9467345523435782, 'eval_train_seq_acc': 0.0, 'eval_train_move_acc': 1.0, 'eval_train_mod6_acc': 1.0, 'eval_train_mod4_acc': 0.517, 'eval_train_runtime': 0.5534, 'eval_train_samples_per_second': 1807.034, 'eval_train_steps_per_second': 28.913, 'epoch': 101.06}
  Pushed checkpoint step-24000 to ijinyu1113/ft_mr5_70m_seed1_purenum
{'loss': 0.0, 'learning_rate': 2.5020390168378374e-05, 'epoch': 102.13}
{'eval_eval_loss': 6.94945192662999e-05, 'eval_eval_token_acc': 0.9454451301083158, 'eval_eval_seq_acc': 0.0, 'eval_eval_move_acc': 0.9985, 'eval_eval_mod6_acc': 0.9994994994994995, 'eval_eval_mod4_acc': 0.522022022022022, 'eval_eval_runtime': 1.1139, 'eval_eval_samples_per_second': 1795.509, 'eval_eval_steps_per_second': 28.728, 'epoch': 102.13}
{'eval_train_loss': 1.337350681751559e-06, 'eval_train_token_acc': 0.9467345523435782, 'eval_train_seq_acc': 0.0, 'eval_train_move_acc': 1.0, 'eval_train_mod6_acc': 1.0, 'eval_train_mod4_acc': 0.517, 'eval_train_runtime': 0.553, 'eval_train_samples_per_second': 1808.429, 'eval_train_steps_per_second': 28.935, 'epoch': 102.13}
{'loss': 0.0, 'learning_rate': 2.4881459480355942e-05, 'epoch': 103.19}
{'eval_eval_loss': 5.698486347682774e-05, 'eval_eval_token_acc': 0.9454451301083158, 'eval_eval_seq_acc': 0.0, 'eval_eval_move_acc': 0.9995, 'eval_eval_mod6_acc': 1.0, 'eval_eval_mod4_acc': 0.5222611305652827, 'eval_eval_runtime': 1.107, 'eval_eval_samples_per_second': 1806.673, 'eval_eval_steps_per_second': 28.907, 'epoch': 103.19}
{'eval_train_loss': 1.0032644013335812e-06, 'eval_train_token_acc': 0.9467345523435782, 'eval_train_seq_acc': 0.0, 'eval_train_move_acc': 1.0, 'eval_train_mod6_acc': 1.0, 'eval_train_mod4_acc': 0.517, 'eval_train_runtime': 0.5538, 'eval_train_samples_per_second': 1805.803, 'eval_train_steps_per_second': 28.893, 'epoch': 103.19}
{'loss': 0.0, 'learning_rate': 2.4741014770776632e-05, 'epoch': 104.26}
{'eval_eval_loss': 0.00013015831063967198, 'eval_eval_token_acc': 0.9454451301083158, 'eval_eval_seq_acc': 0.0, 'eval_eval_move_acc': 0.9985, 'eval_eval_mod6_acc': 1.0, 'eval_eval_mod4_acc': 0.5217826740110165, 'eval_eval_runtime': 1.1106, 'eval_eval_samples_per_second': 1800.823, 'eval_eval_steps_per_second': 28.813, 'epoch': 104.26}
{'eval_train_loss': 2.2835024537926074e-06, 'eval_train_token_acc': 0.9467345523435782, 'eval_train_seq_acc': 0.0, 'eval_train_move_acc': 1.0, 'eval_train_mod6_acc': 1.0, 'eval_train_mod4_acc': 0.517, 'eval_train_runtime': 0.5547, 'eval_train_samples_per_second': 1802.792, 'eval_train_steps_per_second': 28.845, 'epoch': 104.26}
{'loss': 0.0016, 'learning_rate': 2.4599077558356208e-05, 'epoch': 105.32}
{'eval_eval_loss': 0.0023857152555137873, 'eval_eval_token_acc': 0.9454451301083158, 'eval_eval_seq_acc': 0.0, 'eval_eval_move_acc': 0.9535, 'eval_eval_mod6_acc': 0.9774474628395694, 'eval_eval_mod4_acc': 0.5110199897488468, 'eval_eval_runtime': 1.1041, 'eval_eval_samples_per_second': 1811.508, 'eval_eval_steps_per_second': 28.984, 'epoch': 105.32}
{'eval_train_loss': 0.0019557359628379345, 'eval_train_token_acc': 0.9467345523435782, 'eval_train_seq_acc': 0.0, 'eval_train_move_acc': 0.957, 'eval_train_mod6_acc': 0.9745417515274949, 'eval_train_mod4_acc': 0.5061099796334012, 'eval_train_runtime': 0.553, 'eval_train_samples_per_second': 1808.406, 'eval_train_steps_per_second': 28.935, 'epoch': 105.32}
  Pushed checkpoint step-25000 to ijinyu1113/ft_mr5_70m_seed1_purenum
{'loss': 0.0003, 'learning_rate': 2.445566959048934e-05, 'epoch': 106.38}
{'eval_eval_loss': 0.00011277380690444261, 'eval_eval_token_acc': 0.9454451301083158, 'eval_eval_seq_acc': 0.0, 'eval_eval_move_acc': 0.9975, 'eval_eval_mod6_acc': 0.999498997995992, 'eval_eval_mod4_acc': 0.5215430861723447, 'eval_eval_runtime': 1.1084, 'eval_eval_samples_per_second': 1804.337, 'eval_eval_steps_per_second': 28.869, 'epoch': 106.38}
{'eval_train_loss': 5.22447635376011e-06, 'eval_train_token_acc': 0.9467345523435782, 'eval_train_seq_acc': 0.0, 'eval_train_move_acc': 1.0, 'eval_train_mod6_acc': 1.0, 'eval_train_mod4_acc': 0.517, 'eval_train_runtime': 0.5536, 'eval_train_samples_per_second': 1806.486, 'eval_train_steps_per_second': 28.904, 'epoch': 106.38}
{'loss': 0.0, 'learning_rate': 2.4310812839917536e-05, 'epoch': 107.45}
{'eval_eval_loss': 0.00013292586663737893, 'eval_eval_token_acc': 0.9454451301083158, 'eval_eval_seq_acc': 0.0, 'eval_eval_move_acc': 0.998, 'eval_eval_mod6_acc': 0.998998998998999, 'eval_eval_mod4_acc': 0.522022022022022, 'eval_eval_runtime': 1.1103, 'eval_eval_samples_per_second': 1801.236, 'eval_eval_steps_per_second': 28.82, 'epoch': 107.45}
{'eval_train_loss': 4.045706009492278e-05, 'eval_train_token_acc': 0.9467345523435782, 'eval_train_seq_acc': 0.0, 'eval_train_move_acc': 0.999, 'eval_train_mod6_acc': 0.999, 'eval_train_mod4_acc': 0.516, 'eval_train_runtime': 0.5544, 'eval_train_samples_per_second': 1803.745, 'eval_train_steps_per_second': 28.86, 'epoch': 107.45}
{'loss': 0.0, 'learning_rate': 2.416452950136248e-05, 'epoch': 108.51}
{'eval_eval_loss': 0.0001221652637468651, 'eval_eval_token_acc': 0.9454451301083158, 'eval_eval_seq_acc': 0.0, 'eval_eval_move_acc': 0.998, 'eval_eval_mod6_acc': 1.0, 'eval_eval_mod4_acc': 0.5215430861723447, 'eval_eval_runtime': 1.1071, 'eval_eval_samples_per_second': 1806.466, 'eval_eval_steps_per_second': 28.903, 'epoch': 108.51}
{'eval_train_loss': 2.323448370589176e-06, 'eval_train_token_acc': 0.9467345523435782, 'eval_train_seq_acc': 0.0, 'eval_train_move_acc': 1.0, 'eval_train_mod6_acc': 1.0, 'eval_train_mod4_acc': 0.517, 'eval_train_runtime': 0.5535, 'eval_train_samples_per_second': 1806.725, 'eval_train_steps_per_second': 28.908, 'epoch': 108.51}
{'loss': 0.0, 'learning_rate': 2.401684198812541e-05, 'epoch': 109.57}
{'eval_eval_loss': 5.981160938972607e-05, 'eval_eval_token_acc': 0.9454451301083158, 'eval_eval_seq_acc': 0.0, 'eval_eval_move_acc': 0.999, 'eval_eval_mod6_acc': 1.0, 'eval_eval_mod4_acc': 0.522022022022022, 'eval_eval_runtime': 1.1072, 'eval_eval_samples_per_second': 1806.286, 'eval_eval_steps_per_second': 28.901, 'epoch': 109.57}
{'eval_train_loss': 2.2406889002013486e-06, 'eval_train_token_acc': 0.9467345523435782, 'eval_train_seq_acc': 0.0, 'eval_train_move_acc': 1.0, 'eval_train_mod6_acc': 1.0, 'eval_train_mod4_acc': 0.517, 'eval_train_runtime': 0.5532, 'eval_train_samples_per_second': 1807.548, 'eval_train_steps_per_second': 28.921, 'epoch': 109.57}
  Pushed checkpoint step-26000 to ijinyu1113/ft_mr5_70m_seed1_purenum
{'loss': 0.001, 'learning_rate': 2.386777292865297e-05, 'epoch': 110.64}
{'eval_eval_loss': 0.00016245117876678705, 'eval_eval_token_acc': 0.9454451301083158, 'eval_eval_seq_acc': 0.0, 'eval_eval_move_acc': 0.997, 'eval_eval_mod6_acc': 0.9994987468671679, 'eval_eval_mod4_acc': 0.5213032581453634, 'eval_eval_runtime': 1.1091, 'eval_eval_samples_per_second': 1803.336, 'eval_eval_steps_per_second': 28.853, 'epoch': 110.64}
{'eval_train_loss': 4.0107614040607587e-05, 'eval_train_token_acc': 0.9467345523435782, 'eval_train_seq_acc': 0.0, 'eval_train_move_acc': 0.999, 'eval_train_mod6_acc': 0.999, 'eval_train_mod4_acc': 0.517, 'eval_train_runtime': 0.5545, 'eval_train_samples_per_second': 1803.491, 'eval_train_steps_per_second': 28.856, 'epoch': 110.64}
{'loss': 0.0, 'learning_rate': 2.371734516307015e-05, 'epoch': 111.7}
{'eval_eval_loss': 9.10127128008753e-05, 'eval_eval_token_acc': 0.9454451301083158, 'eval_eval_seq_acc': 0.0, 'eval_eval_move_acc': 0.9985, 'eval_eval_mod6_acc': 1.0, 'eval_eval_mod4_acc': 0.5217826740110165, 'eval_eval_runtime': 1.1089, 'eval_eval_samples_per_second': 1803.569, 'eval_eval_steps_per_second': 28.857, 'epoch': 111.7}
{'eval_train_loss': 2.8435476906452095e-06, 'eval_train_token_acc': 0.9467345523435782, 'eval_train_seq_acc': 0.0, 'eval_train_move_acc': 1.0, 'eval_train_mod6_acc': 1.0, 'eval_train_mod4_acc': 0.517, 'eval_train_runtime': 0.5542, 'eval_train_samples_per_second': 1804.358, 'eval_train_steps_per_second': 28.87, 'epoch': 111.7}
{'loss': 0.0, 'learning_rate': 2.3565581739680718e-05, 'epoch': 112.77}
{'eval_eval_loss': 7.11304965079762e-05, 'eval_eval_token_acc': 0.9454451301083158, 'eval_eval_seq_acc': 0.0, 'eval_eval_move_acc': 0.9995, 'eval_eval_mod6_acc': 1.0, 'eval_eval_mod4_acc': 0.5222611305652827, 'eval_eval_runtime': 1.1079, 'eval_eval_samples_per_second': 1805.251, 'eval_eval_steps_per_second': 28.884, 'epoch': 112.77}
{'eval_train_loss': 1.987372115763719e-06, 'eval_train_token_acc': 0.9467345523435782, 'eval_train_seq_acc': 0.0, 'eval_train_move_acc': 1.0, 'eval_train_mod6_acc': 1.0, 'eval_train_mod4_acc': 0.517, 'eval_train_runtime': 0.5544, 'eval_train_samples_per_second': 1803.772, 'eval_train_steps_per_second': 28.86, 'epoch': 112.77}
{'loss': 0.0, 'learning_rate': 2.3412505911435827e-05, 'epoch': 113.83}
{'eval_eval_loss': 7.09845480741933e-05, 'eval_eval_token_acc': 0.9454451301083158, 'eval_eval_seq_acc': 0.0, 'eval_eval_move_acc': 0.9995, 'eval_eval_mod6_acc': 1.0, 'eval_eval_mod4_acc': 0.5222611305652827, 'eval_eval_runtime': 1.1049, 'eval_eval_samples_per_second': 1810.123, 'eval_eval_steps_per_second': 28.962, 'epoch': 113.83}
{'eval_train_loss': 1.0383531616753316e-06, 'eval_train_token_acc': 0.9467345523435782, 'eval_train_seq_acc': 0.0, 'eval_train_move_acc': 1.0, 'eval_train_mod6_acc': 1.0, 'eval_train_mod4_acc': 0.517, 'eval_train_runtime': 0.5542, 'eval_train_samples_per_second': 1804.44, 'eval_train_steps_per_second': 28.871, 'epoch': 113.83}
  Pushed checkpoint step-27000 to ijinyu1113/ft_mr5_70m_seed1_purenum
{'loss': 0.0, 'learning_rate': 2.3258141132371215e-05, 'epoch': 114.89}
{'eval_eval_loss': 6.581348861800507e-05, 'eval_eval_token_acc': 0.9454451301083158, 'eval_eval_seq_acc': 0.0, 'eval_eval_move_acc': 0.9995, 'eval_eval_mod6_acc': 1.0, 'eval_eval_mod4_acc': 0.5222611305652827, 'eval_eval_runtime': 1.1099, 'eval_eval_samples_per_second': 1801.922, 'eval_eval_steps_per_second': 28.831, 'epoch': 114.89}
{'eval_train_loss': 8.794340260465106e-07, 'eval_train_token_acc': 0.9467345523435782, 'eval_train_seq_acc': 0.0, 'eval_train_move_acc': 1.0, 'eval_train_mod6_acc': 1.0, 'eval_train_mod4_acc': 0.517, 'eval_train_runtime': 0.5533, 'eval_train_samples_per_second': 1807.236, 'eval_train_steps_per_second': 28.916, 'epoch': 114.89}
{'loss': 0.0, 'learning_rate': 2.3102511054013615e-05, 'epoch': 115.96}
{'eval_eval_loss': 5.9569807490333915e-05, 'eval_eval_token_acc': 0.9454451301083158, 'eval_eval_seq_acc': 0.0, 'eval_eval_move_acc': 0.9995, 'eval_eval_mod6_acc': 1.0, 'eval_eval_mod4_acc': 0.5222611305652827, 'eval_eval_runtime': 1.1055, 'eval_eval_samples_per_second': 1809.157, 'eval_eval_steps_per_second': 28.947, 'epoch': 115.96}
{'eval_train_loss': 8.207416044569982e-07, 'eval_train_token_acc': 0.9467345523435782, 'eval_train_seq_acc': 0.0, 'eval_train_move_acc': 1.0, 'eval_train_mod6_acc': 1.0, 'eval_train_mod4_acc': 0.517, 'eval_train_runtime': 0.554, 'eval_train_samples_per_second': 1804.975, 'eval_train_steps_per_second': 28.88, 'epoch': 115.96}
{'loss': 0.0, 'learning_rate': 2.2945639521756923e-05, 'epoch': 117.02}
{'eval_eval_loss': 6.768477032892406e-05, 'eval_eval_token_acc': 0.9454451301083158, 'eval_eval_seq_acc': 0.0, 'eval_eval_move_acc': 0.9995, 'eval_eval_mod6_acc': 1.0, 'eval_eval_mod4_acc': 0.5222611305652827, 'eval_eval_runtime': 1.1093, 'eval_eval_samples_per_second': 1802.9, 'eval_eval_steps_per_second': 28.846, 'epoch': 117.02}
{'eval_train_loss': 6.283527227424202e-07, 'eval_train_token_acc': 0.9467345523435782, 'eval_train_seq_acc': 0.0, 'eval_train_move_acc': 1.0, 'eval_train_mod6_acc': 1.0, 'eval_train_mod4_acc': 0.517, 'eval_train_runtime': 0.5542, 'eval_train_samples_per_second': 1804.536, 'eval_train_steps_per_second': 28.873, 'epoch': 117.02}
{'loss': 0.0, 'learning_rate': 2.278755057120863e-05, 'epoch': 118.09}
{'eval_eval_loss': 6.026159826433286e-05, 'eval_eval_token_acc': 0.9454451301083158, 'eval_eval_seq_acc': 0.0, 'eval_eval_move_acc': 0.9995, 'eval_eval_mod6_acc': 1.0, 'eval_eval_mod4_acc': 0.5222611305652827, 'eval_eval_runtime': 1.104, 'eval_eval_samples_per_second': 1811.639, 'eval_eval_steps_per_second': 28.986, 'epoch': 118.09}
{'eval_train_loss': 5.291078082336753e-07, 'eval_train_token_acc': 0.9467345523435782, 'eval_train_seq_acc': 0.0, 'eval_train_move_acc': 1.0, 'eval_train_mod6_acc': 1.0, 'eval_train_mod4_acc': 0.517, 'eval_train_runtime': 0.5525, 'eval_train_samples_per_second': 1810.098, 'eval_train_steps_per_second': 28.962, 'epoch': 118.09}
  Pushed checkpoint step-28000 to ijinyu1113/ft_mr5_70m_seed1_purenum
{'loss': 0.0, 'learning_rate': 2.2628268424507127e-05, 'epoch': 119.15}
{'eval_eval_loss': 7.819062739145011e-05, 'eval_eval_token_acc': 0.9454451301083158, 'eval_eval_seq_acc': 0.0, 'eval_eval_move_acc': 0.9995, 'eval_eval_mod6_acc': 1.0, 'eval_eval_mod4_acc': 0.5222611305652827, 'eval_eval_runtime': 1.1019, 'eval_eval_samples_per_second': 1815.058, 'eval_eval_steps_per_second': 29.041, 'epoch': 119.15}
{'eval_train_loss': 6.010629931552103e-07, 'eval_train_token_acc': 0.9467345523435782, 'eval_train_seq_acc': 0.0, 'eval_train_move_acc': 1.0, 'eval_train_mod6_acc': 1.0, 'eval_train_mod4_acc': 0.517, 'eval_train_runtime': 0.5538, 'eval_train_samples_per_second': 1805.678, 'eval_train_steps_per_second': 28.891, 'epoch': 119.15}
{'loss': 0.001, 'learning_rate': 2.2467817486610425e-05, 'epoch': 120.21}
{'eval_eval_loss': 0.0001369562087347731, 'eval_eval_token_acc': 0.9454451301083158, 'eval_eval_seq_acc': 0.0, 'eval_eval_move_acc': 0.997, 'eval_eval_mod6_acc': 0.9994987468671679, 'eval_eval_mod4_acc': 0.5208020050125314, 'eval_eval_runtime': 1.1091, 'eval_eval_samples_per_second': 1803.209, 'eval_eval_steps_per_second': 28.851, 'epoch': 120.21}
{'eval_train_loss': 2.5127592380158603e-05, 'eval_train_token_acc': 0.9467345523435782, 'eval_train_seq_acc': 0.0, 'eval_train_move_acc': 1.0, 'eval_train_mod6_acc': 1.0, 'eval_train_mod4_acc': 0.517, 'eval_train_runtime': 0.5541, 'eval_train_samples_per_second': 1804.658, 'eval_train_steps_per_second': 28.875, 'epoch': 120.21}
{'loss': 0.0, 'learning_rate': 2.2306222341556868e-05, 'epoch': 121.28}
{'eval_eval_loss': 9.121619223151356e-05, 'eval_eval_token_acc': 0.9454451301083158, 'eval_eval_seq_acc': 0.0, 'eval_eval_move_acc': 0.9985, 'eval_eval_mod6_acc': 1.0, 'eval_eval_mod4_acc': 0.5217826740110165, 'eval_eval_runtime': 1.107, 'eval_eval_samples_per_second': 1806.701, 'eval_eval_steps_per_second': 28.907, 'epoch': 121.28}
{'eval_train_loss': 4.381873623060528e-06, 'eval_train_token_acc': 0.9467345523435782, 'eval_train_seq_acc': 0.0, 'eval_train_move_acc': 1.0, 'eval_train_mod6_acc': 1.0, 'eval_train_mod4_acc': 0.517, 'eval_train_runtime': 0.5545, 'eval_train_samples_per_second': 1803.542, 'eval_train_steps_per_second': 28.857, 'epoch': 121.28}
{'loss': 0.0, 'learning_rate': 2.214350774869842e-05, 'epoch': 122.34}
{'eval_eval_loss': 7.642694981768727e-05, 'eval_eval_token_acc': 0.9454451301083158, 'eval_eval_seq_acc': 0.0, 'eval_eval_move_acc': 0.999, 'eval_eval_mod6_acc': 1.0, 'eval_eval_mod4_acc': 0.522022022022022, 'eval_eval_runtime': 1.1087, 'eval_eval_samples_per_second': 1803.921, 'eval_eval_steps_per_second': 28.863, 'epoch': 122.34}
{'eval_train_loss': 2.2750623429601546e-06, 'eval_train_token_acc': 0.9467345523435782, 'eval_train_seq_acc': 0.0, 'eval_train_move_acc': 1.0, 'eval_train_mod6_acc': 1.0, 'eval_train_mod4_acc': 0.517, 'eval_train_runtime': 0.5554, 'eval_train_samples_per_second': 1800.63, 'eval_train_steps_per_second': 28.81, 'epoch': 122.34}
  Pushed checkpoint step-29000 to ijinyu1113/ft_mr5_70m_seed1_purenum
{'loss': 0.0, 'learning_rate': 2.197969863890705e-05, 'epoch': 123.4}
{'eval_eval_loss': 9.487189527135342e-05, 'eval_eval_token_acc': 0.9454451301083158, 'eval_eval_seq_acc': 0.0, 'eval_eval_move_acc': 0.9985, 'eval_eval_mod6_acc': 1.0, 'eval_eval_mod4_acc': 0.5217826740110165, 'eval_eval_runtime': 1.1088, 'eval_eval_samples_per_second': 1803.686, 'eval_eval_steps_per_second': 28.859, 'epoch': 123.4}
{'eval_train_loss': 1.3211190434958553e-06, 'eval_train_token_acc': 0.9467345523435782, 'eval_train_seq_acc': 0.0, 'eval_train_move_acc': 1.0, 'eval_train_mod6_acc': 1.0, 'eval_train_mod4_acc': 0.517, 'eval_train_runtime': 0.5554, 'eval_train_samples_per_second': 1800.398, 'eval_train_steps_per_second': 28.806, 'epoch': 123.4}
{'loss': 0.0, 'learning_rate': 2.1814820110754875e-05, 'epoch': 124.47}
{'eval_eval_loss': 9.043991303769872e-05, 'eval_eval_token_acc': 0.9454451301083158, 'eval_eval_seq_acc': 0.0, 'eval_eval_move_acc': 0.999, 'eval_eval_mod6_acc': 1.0, 'eval_eval_mod4_acc': 0.522022022022022, 'eval_eval_runtime': 1.1077, 'eval_eval_samples_per_second': 1805.5, 'eval_eval_steps_per_second': 28.888, 'epoch': 124.47}
{'eval_train_loss': 1.046239276547567e-06, 'eval_train_token_acc': 0.9467345523435782, 'eval_train_seq_acc': 0.0, 'eval_train_move_acc': 1.0, 'eval_train_mod6_acc': 1.0, 'eval_train_mod4_acc': 0.517, 'eval_train_runtime': 0.5558, 'eval_train_samples_per_second': 1799.358, 'eval_train_steps_per_second': 28.79, 'epoch': 124.47}
{'loss': 0.0, 'learning_rate': 2.1648897426668606e-05, 'epoch': 125.53}
{'eval_eval_loss': 7.61936535127461e-05, 'eval_eval_token_acc': 0.9454451301083158, 'eval_eval_seq_acc': 0.0, 'eval_eval_move_acc': 0.9995, 'eval_eval_mod6_acc': 1.0, 'eval_eval_mod4_acc': 0.5222611305652827, 'eval_eval_runtime': 1.1048, 'eval_eval_samples_per_second': 1810.321, 'eval_eval_steps_per_second': 28.965, 'epoch': 125.53}
{'eval_train_loss': 7.712012006777513e-07, 'eval_train_token_acc': 0.9467345523435782, 'eval_train_seq_acc': 0.0, 'eval_train_move_acc': 1.0, 'eval_train_mod6_acc': 1.0, 'eval_train_mod4_acc': 0.517, 'eval_train_runtime': 0.5536, 'eval_train_samples_per_second': 1806.204, 'eval_train_steps_per_second': 28.899, 'epoch': 125.53}
{'loss': 0.0, 'learning_rate': 2.148195600905887e-05, 'epoch': 126.6}
{'eval_eval_loss': 8.68720089783892e-05, 'eval_eval_token_acc': 0.9454451301083158, 'eval_eval_seq_acc': 0.0, 'eval_eval_move_acc': 0.999, 'eval_eval_mod6_acc': 1.0, 'eval_eval_mod4_acc': 0.522022022022022, 'eval_eval_runtime': 1.1073, 'eval_eval_samples_per_second': 1806.154, 'eval_eval_steps_per_second': 28.898, 'epoch': 126.6}
{'eval_train_loss': 5.962365321465768e-07, 'eval_train_token_acc': 0.9467345523435782, 'eval_train_seq_acc': 0.0, 'eval_train_move_acc': 1.0, 'eval_train_mod6_acc': 1.0, 'eval_train_mod4_acc': 0.517, 'eval_train_runtime': 0.5553, 'eval_train_samples_per_second': 1800.689, 'eval_train_steps_per_second': 28.811, 'epoch': 126.6}
  Pushed checkpoint step-30000 to ijinyu1113/ft_mr5_70m_seed1_purenum
{'loss': 0.0, 'learning_rate': 2.1314021436425026e-05, 'epoch': 127.66}
{'eval_eval_loss': 8.616154082119465e-05, 'eval_eval_token_acc': 0.9454451301083158, 'eval_eval_seq_acc': 0.0, 'eval_eval_move_acc': 0.999, 'eval_eval_mod6_acc': 1.0, 'eval_eval_mod4_acc': 0.522022022022022, 'eval_eval_runtime': 1.1102, 'eval_eval_samples_per_second': 1801.549, 'eval_eval_steps_per_second': 28.825, 'epoch': 127.66}
{'eval_train_loss': 5.131801685820392e-07, 'eval_train_token_acc': 0.9467345523435782, 'eval_train_seq_acc': 0.0, 'eval_train_move_acc': 1.0, 'eval_train_mod6_acc': 1.0, 'eval_train_mod4_acc': 0.517, 'eval_train_runtime': 0.553, 'eval_train_samples_per_second': 1808.324, 'eval_train_steps_per_second': 28.933, 'epoch': 127.66}
{'loss': 0.0, 'learning_rate': 2.1145119439436072e-05, 'epoch': 128.72}
{'eval_eval_loss': 8.610161603428423e-05, 'eval_eval_token_acc': 0.9454451301083158, 'eval_eval_seq_acc': 0.0, 'eval_eval_move_acc': 0.999, 'eval_eval_mod6_acc': 1.0, 'eval_eval_mod4_acc': 0.522022022022022, 'eval_eval_runtime': 1.1091, 'eval_eval_samples_per_second': 1803.198, 'eval_eval_steps_per_second': 28.851, 'epoch': 128.72}
{'eval_train_loss': 4.3370854996283015e-07, 'eval_train_token_acc': 0.9467345523435782, 'eval_train_seq_acc': 0.0, 'eval_train_move_acc': 1.0, 'eval_train_mod6_acc': 1.0, 'eval_train_mod4_acc': 0.517, 'eval_train_runtime': 0.5543, 'eval_train_samples_per_second': 1804.227, 'eval_train_steps_per_second': 28.868, 'epoch': 128.72}
{'loss': 0.0, 'learning_rate': 2.097527589698823e-05, 'epoch': 129.79}
{'eval_eval_loss': 8.529614569852129e-05, 'eval_eval_token_acc': 0.9454451301083158, 'eval_eval_seq_acc': 0.0, 'eval_eval_move_acc': 0.9995, 'eval_eval_mod6_acc': 1.0, 'eval_eval_mod4_acc': 0.5222611305652827, 'eval_eval_runtime': 1.109, 'eval_eval_samples_per_second': 1803.372, 'eval_eval_steps_per_second': 28.854, 'epoch': 129.79}
{'eval_train_loss': 3.632886773630162e-07, 'eval_train_token_acc': 0.9467345523435782, 'eval_train_seq_acc': 0.0, 'eval_train_move_acc': 1.0, 'eval_train_mod6_acc': 1.0, 'eval_train_mod4_acc': 0.517, 'eval_train_runtime': 0.5544, 'eval_train_samples_per_second': 1803.867, 'eval_train_steps_per_second': 28.862, 'epoch': 129.79}
{'loss': 0.0, 'learning_rate': 2.080451683223983e-05, 'epoch': 130.85}
{'eval_eval_loss': 8.708961104275659e-05, 'eval_eval_token_acc': 0.9454451301083158, 'eval_eval_seq_acc': 0.0, 'eval_eval_move_acc': 0.999, 'eval_eval_mod6_acc': 1.0, 'eval_eval_mod4_acc': 0.522022022022022, 'eval_eval_runtime': 1.1077, 'eval_eval_samples_per_second': 1805.579, 'eval_eval_steps_per_second': 28.889, 'epoch': 130.85}
{'eval_train_loss': 3.283284115696006e-07, 'eval_train_token_acc': 0.9467345523435782, 'eval_train_seq_acc': 0.0, 'eval_train_move_acc': 1.0, 'eval_train_mod6_acc': 1.0, 'eval_train_mod4_acc': 0.517, 'eval_train_runtime': 0.5551, 'eval_train_samples_per_second': 1801.469, 'eval_train_steps_per_second': 28.824, 'epoch': 130.85}
  Pushed checkpoint step-31000 to ijinyu1113/ft_mr5_70m_seed1_purenum
{'loss': 0.0, 'learning_rate': 2.063286840862408e-05, 'epoch': 131.91}
{'eval_eval_loss': 8.415990305365995e-05, 'eval_eval_token_acc': 0.9454451301083158, 'eval_eval_seq_acc': 0.0, 'eval_eval_move_acc': 0.9995, 'eval_eval_mod6_acc': 1.0, 'eval_eval_mod4_acc': 0.5222611305652827, 'eval_eval_runtime': 1.111, 'eval_eval_samples_per_second': 1800.181, 'eval_eval_steps_per_second': 28.803, 'epoch': 131.91}
{'eval_train_loss': 3.051235921702755e-07, 'eval_train_token_acc': 0.9467345523435782, 'eval_train_seq_acc': 0.0, 'eval_train_move_acc': 1.0, 'eval_train_mod6_acc': 1.0, 'eval_train_mod4_acc': 0.517, 'eval_train_runtime': 0.5543, 'eval_train_samples_per_second': 1804.179, 'eval_train_steps_per_second': 28.867, 'epoch': 131.91}
{'loss': 0.0, 'learning_rate': 2.0460356925840325e-05, 'epoch': 132.98}
{'eval_eval_loss': 9.207498806063086e-05, 'eval_eval_token_acc': 0.9454451301083158, 'eval_eval_seq_acc': 0.0, 'eval_eval_move_acc': 0.999, 'eval_eval_mod6_acc': 1.0, 'eval_eval_mod4_acc': 0.522022022022022, 'eval_eval_runtime': 1.108, 'eval_eval_samples_per_second': 1805.107, 'eval_eval_steps_per_second': 28.882, 'epoch': 132.98}
{'eval_train_loss': 2.588336371900368e-07, 'eval_train_token_acc': 0.9467345523435782, 'eval_train_seq_acc': 0.0, 'eval_train_move_acc': 1.0, 'eval_train_mod6_acc': 1.0, 'eval_train_mod4_acc': 0.517, 'eval_train_runtime': 0.5549, 'eval_train_samples_per_second': 1802.273, 'eval_train_steps_per_second': 28.836, 'epoch': 132.98}
{'loss': 0.0, 'learning_rate': 2.0287008815824495e-05, 'epoch': 134.04}
{'eval_eval_loss': 8.972217619884759e-05, 'eval_eval_token_acc': 0.9454451301083158, 'eval_eval_seq_acc': 0.0, 'eval_eval_move_acc': 0.9995, 'eval_eval_mod6_acc': 1.0, 'eval_eval_mod4_acc': 0.5222611305652827, 'eval_eval_runtime': 1.1056, 'eval_eval_samples_per_second': 1808.973, 'eval_eval_steps_per_second': 28.944, 'epoch': 134.04}
{'eval_train_loss': 2.3328901477270847e-07, 'eval_train_token_acc': 0.9467345523435782, 'eval_train_seq_acc': 0.0, 'eval_train_move_acc': 1.0, 'eval_train_mod6_acc': 1.0, 'eval_train_mod4_acc': 0.517, 'eval_train_runtime': 0.5528, 'eval_train_samples_per_second': 1808.859, 'eval_train_steps_per_second': 28.942, 'epoch': 134.04}
{'loss': 0.0, 'learning_rate': 2.0112850638699195e-05, 'epoch': 135.11}
{'eval_eval_loss': 8.883478585630655e-05, 'eval_eval_token_acc': 0.9454451301083158, 'eval_eval_seq_acc': 0.0, 'eval_eval_move_acc': 0.9995, 'eval_eval_mod6_acc': 1.0, 'eval_eval_mod4_acc': 0.5222611305652827, 'eval_eval_runtime': 1.1085, 'eval_eval_samples_per_second': 1804.309, 'eval_eval_steps_per_second': 28.869, 'epoch': 135.11}
{'eval_train_loss': 2.1039096509412047e-07, 'eval_train_token_acc': 0.9467345523435782, 'eval_train_seq_acc': 0.0, 'eval_train_move_acc': 1.0, 'eval_train_mod6_acc': 1.0, 'eval_train_mod4_acc': 0.517, 'eval_train_runtime': 0.5534, 'eval_train_samples_per_second': 1806.999, 'eval_train_steps_per_second': 28.912, 'epoch': 135.11}
  Pushed checkpoint step-32000 to ijinyu1113/ft_mr5_70m_seed1_purenum
{'loss': 0.0, 'learning_rate': 1.9937909078704247e-05, 'epoch': 136.17}
{'eval_eval_loss': 9.686889097793028e-05, 'eval_eval_token_acc': 0.9454451301083158, 'eval_eval_seq_acc': 0.0, 'eval_eval_move_acc': 0.999, 'eval_eval_mod6_acc': 1.0, 'eval_eval_mod4_acc': 0.522022022022022, 'eval_eval_runtime': 1.1074, 'eval_eval_samples_per_second': 1805.988, 'eval_eval_steps_per_second': 28.896, 'epoch': 136.17}
{'eval_train_loss': 1.9018028751816018e-07, 'eval_train_token_acc': 0.9467345523435782, 'eval_train_seq_acc': 0.0, 'eval_train_move_acc': 1.0, 'eval_train_mod6_acc': 1.0, 'eval_train_mod4_acc': 0.517, 'eval_train_runtime': 0.554, 'eval_train_samples_per_second': 1804.963, 'eval_train_steps_per_second': 28.879, 'epoch': 136.17}
{'loss': 0.0, 'learning_rate': 1.976221094010814e-05, 'epoch': 137.23}
{'eval_eval_loss': 8.966516907094046e-05, 'eval_eval_token_acc': 0.9454451301083158, 'eval_eval_seq_acc': 0.0, 'eval_eval_move_acc': 0.9995, 'eval_eval_mod6_acc': 1.0, 'eval_eval_mod4_acc': 0.5222611305652827, 'eval_eval_runtime': 1.1088, 'eval_eval_samples_per_second': 1803.723, 'eval_eval_steps_per_second': 28.86, 'epoch': 137.23}
{'eval_train_loss': 1.7272461150241725e-07, 'eval_train_token_acc': 0.9467345523435782, 'eval_train_seq_acc': 0.0, 'eval_train_move_acc': 1.0, 'eval_train_mod6_acc': 1.0, 'eval_train_mod4_acc': 0.517, 'eval_train_runtime': 0.5543, 'eval_train_samples_per_second': 1803.93, 'eval_train_steps_per_second': 28.863, 'epoch': 137.23}
{'loss': 0.0, 'learning_rate': 1.958578314310114e-05, 'epoch': 138.3}
{'eval_eval_loss': 9.530895476927981e-05, 'eval_eval_token_acc': 0.9454451301083158, 'eval_eval_seq_acc': 0.0, 'eval_eval_move_acc': 0.999, 'eval_eval_mod6_acc': 1.0, 'eval_eval_mod4_acc': 0.522022022022022, 'eval_eval_runtime': 1.1025, 'eval_eval_samples_per_second': 1813.988, 'eval_eval_steps_per_second': 29.024, 'epoch': 138.3}
{'eval_train_loss': 1.533070559389671e-07, 'eval_train_token_acc': 0.9467345523435782, 'eval_train_seq_acc': 0.0, 'eval_train_move_acc': 1.0, 'eval_train_mod6_acc': 1.0, 'eval_train_mod4_acc': 0.517, 'eval_train_runtime': 0.5526, 'eval_train_samples_per_second': 1809.513, 'eval_train_steps_per_second': 28.952, 'epoch': 138.3}
{'loss': 0.0, 'learning_rate': 1.9408652719670622e-05, 'epoch': 139.36}
{'eval_eval_loss': 9.336639050161466e-05, 'eval_eval_token_acc': 0.9454451301083158, 'eval_eval_seq_acc': 0.0, 'eval_eval_move_acc': 0.9995, 'eval_eval_mod6_acc': 1.0, 'eval_eval_mod4_acc': 0.5222611305652827, 'eval_eval_runtime': 1.1076, 'eval_eval_samples_per_second': 1805.661, 'eval_eval_steps_per_second': 28.891, 'epoch': 139.36}
{'eval_train_loss': 1.395265911696697e-07, 'eval_train_token_acc': 0.9467345523435782, 'eval_train_seq_acc': 0.0, 'eval_train_move_acc': 1.0, 'eval_train_mod6_acc': 1.0, 'eval_train_mod4_acc': 0.517, 'eval_train_runtime': 0.5562, 'eval_train_samples_per_second': 1797.796, 'eval_train_steps_per_second': 28.765, 'epoch': 139.36}
  Pushed checkpoint step-33000 to ijinyu1113/ft_mr5_70m_seed1_purenum
{'loss': 0.0, 'learning_rate': 1.923084680945927e-05, 'epoch': 140.43}
{'eval_eval_loss': 9.07790454220958e-05, 'eval_eval_token_acc': 0.9454451301083158, 'eval_eval_seq_acc': 0.0, 'eval_eval_move_acc': 0.9995, 'eval_eval_mod6_acc': 1.0, 'eval_eval_mod4_acc': 0.5222611305652827, 'eval_eval_runtime': 1.1082, 'eval_eval_samples_per_second': 1804.729, 'eval_eval_steps_per_second': 28.876, 'epoch': 140.43}
{'eval_train_loss': 1.3219992922586243e-07, 'eval_train_token_acc': 0.9467345523435782, 'eval_train_seq_acc': 0.0, 'eval_train_move_acc': 1.0, 'eval_train_mod6_acc': 1.0, 'eval_train_mod4_acc': 0.517, 'eval_train_runtime': 0.5536, 'eval_train_samples_per_second': 1806.333, 'eval_train_steps_per_second': 28.901, 'epoch': 140.43}
{'loss': 0.0, 'learning_rate': 1.905239265560677e-05, 'epoch': 141.49}
{'eval_eval_loss': 9.428523480892181e-05, 'eval_eval_token_acc': 0.9454451301083158, 'eval_eval_seq_acc': 0.0, 'eval_eval_move_acc': 0.9995, 'eval_eval_mod6_acc': 1.0, 'eval_eval_mod4_acc': 0.5222611305652827, 'eval_eval_runtime': 1.1041, 'eval_eval_samples_per_second': 1811.399, 'eval_eval_steps_per_second': 28.982, 'epoch': 141.49}
{'eval_train_loss': 1.1491579954281406e-07, 'eval_train_token_acc': 0.9467345523435782, 'eval_train_seq_acc': 0.0, 'eval_train_move_acc': 1.0, 'eval_train_mod6_acc': 1.0, 'eval_train_mod4_acc': 0.517, 'eval_train_runtime': 0.5563, 'eval_train_samples_per_second': 1797.682, 'eval_train_steps_per_second': 28.763, 'epoch': 141.49}
{'loss': 0.0, 'learning_rate': 1.887331760057568e-05, 'epoch': 142.55}
{'eval_eval_loss': 9.87545499810949e-05, 'eval_eval_token_acc': 0.9454451301083158, 'eval_eval_seq_acc': 0.0, 'eval_eval_move_acc': 0.9995, 'eval_eval_mod6_acc': 1.0, 'eval_eval_mod4_acc': 0.5222611305652827, 'eval_eval_runtime': 1.1033, 'eval_eval_samples_per_second': 1812.681, 'eval_eval_steps_per_second': 29.003, 'epoch': 142.55}
{'eval_train_loss': 1.0376778902809747e-07, 'eval_train_token_acc': 0.9467345523435782, 'eval_train_seq_acc': 0.0, 'eval_train_move_acc': 1.0, 'eval_train_mod6_acc': 1.0, 'eval_train_mod4_acc': 0.517, 'eval_train_runtime': 0.5517, 'eval_train_samples_per_second': 1812.583, 'eval_train_steps_per_second': 29.001, 'epoch': 142.55}
{'loss': 0.0, 'learning_rate': 1.869364908196206e-05, 'epoch': 143.62}
{'eval_eval_loss': 9.626501559978351e-05, 'eval_eval_token_acc': 0.9454451301083158, 'eval_eval_seq_acc': 0.0, 'eval_eval_move_acc': 0.9995, 'eval_eval_mod6_acc': 1.0, 'eval_eval_mod4_acc': 0.5222611305652827, 'eval_eval_runtime': 1.108, 'eval_eval_samples_per_second': 1805.114, 'eval_eval_steps_per_second': 28.882, 'epoch': 143.62}
{'eval_train_loss': 9.554440794090624e-08, 'eval_train_token_acc': 0.9467345523435782, 'eval_train_seq_acc': 0.0, 'eval_train_move_acc': 1.0, 'eval_train_mod6_acc': 1.0, 'eval_train_mod4_acc': 0.517, 'eval_train_runtime': 0.5535, 'eval_train_samples_per_second': 1806.525, 'eval_train_steps_per_second': 28.904, 'epoch': 143.62}
  Pushed checkpoint step-34000 to ijinyu1113/ft_mr5_70m_seed1_purenum
{'loss': 0.0, 'learning_rate': 1.85134146282915e-05, 'epoch': 144.68}
{'eval_eval_loss': 9.976436558645219e-05, 'eval_eval_token_acc': 0.9454451301083158, 'eval_eval_seq_acc': 0.0, 'eval_eval_move_acc': 0.9995, 'eval_eval_mod6_acc': 1.0, 'eval_eval_mod4_acc': 0.5222611305652827, 'eval_eval_runtime': 1.1078, 'eval_eval_samples_per_second': 1805.306, 'eval_eval_steps_per_second': 28.885, 'epoch': 144.68}
{'eval_train_loss': 8.392097328169257e-08, 'eval_train_token_acc': 0.9467345523435782, 'eval_train_seq_acc': 0.0, 'eval_train_move_acc': 1.0, 'eval_train_mod6_acc': 1.0, 'eval_train_mod4_acc': 0.517, 'eval_train_runtime': 0.5534, 'eval_train_samples_per_second': 1806.873, 'eval_train_steps_per_second': 28.91, 'epoch': 144.68}
{'loss': 0.0, 'learning_rate': 1.8332641854801276e-05, 'epoch': 145.74}
{'eval_eval_loss': 0.00010047800606116652, 'eval_eval_token_acc': 0.9454451301083158, 'eval_eval_seq_acc': 0.0, 'eval_eval_move_acc': 0.9995, 'eval_eval_mod6_acc': 1.0, 'eval_eval_mod4_acc': 0.5222611305652827, 'eval_eval_runtime': 1.1077, 'eval_eval_samples_per_second': 1805.552, 'eval_eval_steps_per_second': 28.889, 'epoch': 145.74}
{'eval_train_loss': 7.714082528309518e-08, 'eval_train_token_acc': 0.9467345523435782, 'eval_train_seq_acc': 0.0, 'eval_train_move_acc': 1.0, 'eval_train_mod6_acc': 1.0, 'eval_train_mod4_acc': 0.517, 'eval_train_runtime': 0.5554, 'eval_train_samples_per_second': 1800.562, 'eval_train_steps_per_second': 28.809, 'epoch': 145.74}
{'loss': 0.0, 'learning_rate': 1.8151358459209167e-05, 'epoch': 146.81}
{'eval_eval_loss': 0.00010360028682043776, 'eval_eval_token_acc': 0.9454451301083158, 'eval_eval_seq_acc': 0.0, 'eval_eval_move_acc': 0.999, 'eval_eval_mod6_acc': 1.0, 'eval_eval_mod4_acc': 0.522022022022022, 'eval_eval_runtime': 1.1068, 'eval_eval_samples_per_second': 1807.039, 'eval_eval_steps_per_second': 28.913, 'epoch': 146.81}
{'eval_train_loss': 6.753516146318361e-08, 'eval_train_token_acc': 0.9467345523435782, 'eval_train_seq_acc': 0.0, 'eval_train_move_acc': 1.0, 'eval_train_mod6_acc': 1.0, 'eval_train_mod4_acc': 0.517, 'eval_train_runtime': 0.5534, 'eval_train_samples_per_second': 1807.029, 'eval_train_steps_per_second': 28.912, 'epoch': 146.81}
{'loss': 0.0, 'learning_rate': 1.7969592217469675e-05, 'epoch': 147.87}
{'eval_eval_loss': 0.0001017265603877604, 'eval_eval_token_acc': 0.9454451301083158, 'eval_eval_seq_acc': 0.0, 'eval_eval_move_acc': 0.9995, 'eval_eval_mod6_acc': 1.0, 'eval_eval_mod4_acc': 0.5222611305652827, 'eval_eval_runtime': 1.1068, 'eval_eval_samples_per_second': 1807.071, 'eval_eval_steps_per_second': 28.913, 'epoch': 147.87}
{'eval_train_loss': 6.127776686071229e-08, 'eval_train_token_acc': 0.9467345523435782, 'eval_train_seq_acc': 0.0, 'eval_train_move_acc': 1.0, 'eval_train_mod6_acc': 1.0, 'eval_train_mod4_acc': 0.517, 'eval_train_runtime': 0.5552, 'eval_train_samples_per_second': 1801.155, 'eval_train_steps_per_second': 28.818, 'epoch': 147.87}
  Pushed checkpoint step-35000 to ijinyu1113/ft_mr5_70m_seed1_purenum
{'loss': 0.0, 'learning_rate': 1.7787370979518197e-05, 'epoch': 148.94}
{'eval_eval_loss': 0.0001045413373503834, 'eval_eval_token_acc': 0.9454451301083158, 'eval_eval_seq_acc': 0.0, 'eval_eval_move_acc': 0.999, 'eval_eval_mod6_acc': 1.0, 'eval_eval_mod4_acc': 0.522022022022022, 'eval_eval_runtime': 1.1092, 'eval_eval_samples_per_second': 1803.166, 'eval_eval_steps_per_second': 28.851, 'epoch': 148.94}
{'eval_train_loss': 5.4791815529142696e-08, 'eval_train_token_acc': 0.9467345523435782, 'eval_train_seq_acc': 0.0, 'eval_train_move_acc': 1.0, 'eval_train_mod6_acc': 1.0, 'eval_train_mod4_acc': 0.517, 'eval_train_runtime': 0.5533, 'eval_train_samples_per_second': 1807.268, 'eval_train_steps_per_second': 28.916, 'epoch': 148.94}
{'loss': 0.0, 'learning_rate': 1.760472266500396e-05, 'epoch': 150.0}
{'eval_eval_loss': 9.998427412938327e-05, 'eval_eval_token_acc': 0.9454451301083158, 'eval_eval_seq_acc': 0.0, 'eval_eval_move_acc': 0.9995, 'eval_eval_mod6_acc': 1.0, 'eval_eval_mod4_acc': 0.5222611305652827, 'eval_eval_runtime': 1.1096, 'eval_eval_samples_per_second': 1802.441, 'eval_eval_steps_per_second': 28.839, 'epoch': 150.0}
{'eval_train_loss': 5.0410118745958243e-08, 'eval_train_token_acc': 0.9467345523435782, 'eval_train_seq_acc': 0.0, 'eval_train_move_acc': 1.0, 'eval_train_mod6_acc': 1.0, 'eval_train_mod4_acc': 0.517, 'eval_train_runtime': 0.5548, 'eval_train_samples_per_second': 1802.396, 'eval_train_steps_per_second': 28.838, 'epoch': 150.0}
{'loss': 0.0, 'learning_rate': 1.742167525901215e-05, 'epoch': 151.06}
{'eval_eval_loss': 0.00010169751476496458, 'eval_eval_token_acc': 0.9454451301083158, 'eval_eval_seq_acc': 0.0, 'eval_eval_move_acc': 0.9995, 'eval_eval_mod6_acc': 1.0, 'eval_eval_mod4_acc': 0.5222611305652827, 'eval_eval_runtime': 1.1096, 'eval_eval_samples_per_second': 1802.521, 'eval_eval_steps_per_second': 28.84, 'epoch': 151.06}
{'eval_train_loss': 4.5398781622907336e-08, 'eval_train_token_acc': 0.9467345523435782, 'eval_train_seq_acc': 0.0, 'eval_train_move_acc': 1.0, 'eval_train_mod6_acc': 1.0, 'eval_train_mod4_acc': 0.517, 'eval_train_runtime': 0.555, 'eval_train_samples_per_second': 1801.653, 'eval_train_steps_per_second': 28.826, 'epoch': 151.06}
{'loss': 0.0, 'learning_rate': 1.723825680777615e-05, 'epoch': 152.13}
{'eval_eval_loss': 0.00010111814481206238, 'eval_eval_token_acc': 0.9454451301083158, 'eval_eval_seq_acc': 0.0, 'eval_eval_move_acc': 0.9995, 'eval_eval_mod6_acc': 1.0, 'eval_eval_mod4_acc': 0.5222611305652827, 'eval_eval_runtime': 1.109, 'eval_eval_samples_per_second': 1803.351, 'eval_eval_steps_per_second': 28.854, 'epoch': 152.13}
{'eval_train_loss': 4.206718173804802e-08, 'eval_train_token_acc': 0.9467345523435782, 'eval_train_seq_acc': 0.0, 'eval_train_move_acc': 1.0, 'eval_train_mod6_acc': 1.0, 'eval_train_mod4_acc': 0.517, 'eval_train_runtime': 0.5557, 'eval_train_samples_per_second': 1799.693, 'eval_train_steps_per_second': 28.795, 'epoch': 152.13}
  Pushed checkpoint step-36000 to ijinyu1113/ft_mr5_70m_seed1_purenum
{'loss': 0.0, 'learning_rate': 1.705449541438028e-05, 'epoch': 153.19}
{'eval_eval_loss': 0.00010426485823700204, 'eval_eval_token_acc': 0.9454451301083158, 'eval_eval_seq_acc': 0.0, 'eval_eval_move_acc': 0.9995, 'eval_eval_mod6_acc': 1.0, 'eval_eval_mod4_acc': 0.5222611305652827, 'eval_eval_runtime': 1.108, 'eval_eval_samples_per_second': 1805.096, 'eval_eval_steps_per_second': 28.882, 'epoch': 153.19}
{'eval_train_loss': 3.752753485741778e-08, 'eval_train_token_acc': 0.9467345523435782, 'eval_train_seq_acc': 0.0, 'eval_train_move_acc': 1.0, 'eval_train_mod6_acc': 1.0, 'eval_train_mod4_acc': 0.517, 'eval_train_runtime': 0.5535, 'eval_train_samples_per_second': 1806.736, 'eval_train_steps_per_second': 28.908, 'epoch': 153.19}
{'loss': 0.0, 'learning_rate': 1.6870419234453938e-05, 'epoch': 154.26}
{'eval_eval_loss': 0.00010238956747343764, 'eval_eval_token_acc': 0.9454451301083158, 'eval_eval_seq_acc': 0.0, 'eval_eval_move_acc': 0.9995, 'eval_eval_mod6_acc': 1.0, 'eval_eval_mod4_acc': 0.5222611305652827, 'eval_eval_runtime': 1.1085, 'eval_eval_samples_per_second': 1804.276, 'eval_eval_steps_per_second': 28.868, 'epoch': 154.26}
{'eval_train_loss': 3.3904804297435476e-08, 'eval_train_token_acc': 0.9467345523435782, 'eval_train_seq_acc': 0.0, 'eval_train_move_acc': 1.0, 'eval_train_mod6_acc': 1.0, 'eval_train_mod4_acc': 0.517, 'eval_train_runtime': 0.5546, 'eval_train_samples_per_second': 1803.171, 'eval_train_steps_per_second': 28.851, 'epoch': 154.26}
{'loss': 0.0, 'learning_rate': 1.6686056471857595e-05, 'epoch': 155.32}
{'eval_eval_loss': 0.00010302064038114622, 'eval_eval_token_acc': 0.9454451301083158, 'eval_eval_seq_acc': 0.0, 'eval_eval_move_acc': 0.9995, 'eval_eval_mod6_acc': 1.0, 'eval_eval_mod4_acc': 0.5222611305652827, 'eval_eval_runtime': 1.1077, 'eval_eval_samples_per_second': 1805.609, 'eval_eval_steps_per_second': 28.89, 'epoch': 155.32}
{'eval_train_loss': 3.114552526994885e-08, 'eval_train_token_acc': 0.9467345523435782, 'eval_train_seq_acc': 0.0, 'eval_train_move_acc': 1.0, 'eval_train_mod6_acc': 1.0, 'eval_train_mod4_acc': 0.517, 'eval_train_runtime': 0.5539, 'eval_train_samples_per_second': 1805.249, 'eval_train_steps_per_second': 28.884, 'epoch': 155.32}
{'loss': 0.0, 'learning_rate': 1.6501435374361478e-05, 'epoch': 156.38}
{'eval_eval_loss': 0.00011039937089662999, 'eval_eval_token_acc': 0.9454451301083158, 'eval_eval_seq_acc': 0.0, 'eval_eval_move_acc': 0.999, 'eval_eval_mod6_acc': 1.0, 'eval_eval_mod4_acc': 0.522022022022022, 'eval_eval_runtime': 1.1078, 'eval_eval_samples_per_second': 1805.308, 'eval_eval_steps_per_second': 28.885, 'epoch': 156.38}
{'eval_train_loss': 2.7664018631412546e-08, 'eval_train_token_acc': 0.9467345523435782, 'eval_train_seq_acc': 0.0, 'eval_train_move_acc': 1.0, 'eval_train_mod6_acc': 1.0, 'eval_train_mod4_acc': 0.517, 'eval_train_runtime': 0.5548, 'eval_train_samples_per_second': 1802.38, 'eval_train_steps_per_second': 28.838, 'epoch': 156.38}
  Pushed checkpoint step-37000 to ijinyu1113/ft_mr5_70m_seed1_purenum
{'loss': 0.0, 'learning_rate': 1.6316584229317465e-05, 'epoch': 157.45}
{'eval_eval_loss': 0.00010402968473499641, 'eval_eval_token_acc': 0.9454451301083158, 'eval_eval_seq_acc': 0.0, 'eval_eval_move_acc': 0.9995, 'eval_eval_mod6_acc': 1.0, 'eval_eval_mod4_acc': 0.5222611305652827, 'eval_eval_runtime': 1.1082, 'eval_eval_samples_per_second': 1804.74, 'eval_eval_steps_per_second': 28.876, 'epoch': 157.45}
{'eval_train_loss': 2.6050949841760485e-08, 'eval_train_token_acc': 0.9467345523435782, 'eval_train_seq_acc': 0.0, 'eval_train_move_acc': 1.0, 'eval_train_mod6_acc': 1.0, 'eval_train_mod4_acc': 0.517, 'eval_train_runtime': 0.5541, 'eval_train_samples_per_second': 1804.605, 'eval_train_steps_per_second': 28.874, 'epoch': 157.45}
{'loss': 0.0, 'learning_rate': 1.613153135932497e-05, 'epoch': 158.51}
{'eval_eval_loss': 0.00011102895223302767, 'eval_eval_token_acc': 0.9454451301083158, 'eval_eval_seq_acc': 0.0, 'eval_eval_move_acc': 0.999, 'eval_eval_mod6_acc': 1.0, 'eval_eval_mod4_acc': 0.522022022022022, 'eval_eval_runtime': 1.1058, 'eval_eval_samples_per_second': 1808.621, 'eval_eval_steps_per_second': 28.938, 'epoch': 158.51}
{'eval_train_loss': 2.3151532246856732e-08, 'eval_train_token_acc': 0.9467345523435782, 'eval_train_seq_acc': 0.0, 'eval_train_move_acc': 1.0, 'eval_train_mod6_acc': 1.0, 'eval_train_mod4_acc': 0.517, 'eval_train_runtime': 0.5536, 'eval_train_samples_per_second': 1806.217, 'eval_train_steps_per_second': 28.899, 'epoch': 158.51}
{'loss': 0.0, 'learning_rate': 1.594630511789137e-05, 'epoch': 159.57}
{'eval_eval_loss': 0.00010931661381619051, 'eval_eval_token_acc': 0.9454451301083158, 'eval_eval_seq_acc': 0.0, 'eval_eval_move_acc': 0.9995, 'eval_eval_mod6_acc': 1.0, 'eval_eval_mod4_acc': 0.5222611305652827, 'eval_eval_runtime': 1.1072, 'eval_eval_samples_per_second': 1806.311, 'eval_eval_steps_per_second': 28.901, 'epoch': 159.57}
{'eval_train_loss': 2.113859132180096e-08, 'eval_train_token_acc': 0.9467345523435782, 'eval_train_seq_acc': 0.0, 'eval_train_move_acc': 1.0, 'eval_train_mod6_acc': 1.0, 'eval_train_mod4_acc': 0.517, 'eval_train_runtime': 0.5535, 'eval_train_samples_per_second': 1806.837, 'eval_train_steps_per_second': 28.909, 'epoch': 159.57}
{'loss': 0.0, 'learning_rate': 1.576093388508776e-05, 'epoch': 160.64}
{'eval_eval_loss': 0.00010894832666963339, 'eval_eval_token_acc': 0.9454451301083158, 'eval_eval_seq_acc': 0.0, 'eval_eval_move_acc': 0.9995, 'eval_eval_mod6_acc': 1.0, 'eval_eval_mod4_acc': 0.5222611305652827, 'eval_eval_runtime': 1.1075, 'eval_eval_samples_per_second': 1805.805, 'eval_eval_steps_per_second': 28.893, 'epoch': 160.64}
{'eval_train_loss': 1.9383163518682522e-08, 'eval_train_token_acc': 0.9467345523435782, 'eval_train_seq_acc': 0.0, 'eval_train_move_acc': 1.0, 'eval_train_mod6_acc': 1.0, 'eval_train_mod4_acc': 0.517, 'eval_train_runtime': 0.5535, 'eval_train_samples_per_second': 1806.532, 'eval_train_steps_per_second': 28.905, 'epoch': 160.64}
  Pushed checkpoint step-38000 to ijinyu1113/ft_mr5_70m_seed1_purenum
{'loss': 0.0, 'learning_rate': 1.5575446063200546e-05, 'epoch': 161.7}
{'eval_eval_loss': 0.00011147380428155884, 'eval_eval_token_acc': 0.9454451301083158, 'eval_eval_seq_acc': 0.0, 'eval_eval_move_acc': 0.9995, 'eval_eval_mod6_acc': 1.0, 'eval_eval_mod4_acc': 0.5222611305652827, 'eval_eval_runtime': 1.1112, 'eval_eval_samples_per_second': 1799.923, 'eval_eval_steps_per_second': 28.799, 'epoch': 161.7}
{'eval_train_loss': 1.859141818272292e-08, 'eval_train_token_acc': 0.9467345523435782, 'eval_train_seq_acc': 0.0, 'eval_train_move_acc': 1.0, 'eval_train_mod6_acc': 1.0, 'eval_train_mod4_acc': 0.517, 'eval_train_runtime': 0.5537, 'eval_train_samples_per_second': 1806.066, 'eval_train_steps_per_second': 28.897, 'epoch': 161.7}
{'loss': 0.0, 'learning_rate': 1.5389870072379766e-05, 'epoch': 162.77}
{'eval_eval_loss': 0.00011000032827723771, 'eval_eval_token_acc': 0.9454451301083158, 'eval_eval_seq_acc': 0.0, 'eval_eval_move_acc': 0.9995, 'eval_eval_mod6_acc': 1.0, 'eval_eval_mod4_acc': 0.5222611305652827, 'eval_eval_runtime': 1.1075, 'eval_eval_samples_per_second': 1805.796, 'eval_eval_steps_per_second': 28.893, 'epoch': 162.77}
{'eval_train_loss': 1.7940870122856722e-08, 'eval_train_token_acc': 0.9467345523435782, 'eval_train_seq_acc': 0.0, 'eval_train_move_acc': 1.0, 'eval_train_mod6_acc': 1.0, 'eval_train_mod4_acc': 0.517, 'eval_train_runtime': 0.5538, 'eval_train_samples_per_second': 1805.658, 'eval_train_steps_per_second': 28.891, 'epoch': 162.77}
{'loss': 0.0, 'learning_rate': 1.5204234346284535e-05, 'epoch': 163.83}
{'eval_eval_loss': 0.00011543773871380836, 'eval_eval_token_acc': 0.9454451301083158, 'eval_eval_seq_acc': 0.0, 'eval_eval_move_acc': 0.999, 'eval_eval_mod6_acc': 1.0, 'eval_eval_mod4_acc': 0.522022022022022, 'eval_eval_runtime': 1.1087, 'eval_eval_samples_per_second': 1803.842, 'eval_eval_steps_per_second': 28.861, 'epoch': 163.83}
{'eval_train_loss': 1.7474972580089343e-08, 'eval_train_token_acc': 0.9467345523435782, 'eval_train_seq_acc': 0.0, 'eval_train_move_acc': 1.0, 'eval_train_mod6_acc': 1.0, 'eval_train_mod4_acc': 0.517, 'eval_train_runtime': 0.554, 'eval_train_samples_per_second': 1804.981, 'eval_train_steps_per_second': 28.88, 'epoch': 163.83}
{'loss': 0.0, 'learning_rate': 1.501856732772654e-05, 'epoch': 164.89}
{'eval_eval_loss': 0.00011342070501996204, 'eval_eval_token_acc': 0.9454451301083158, 'eval_eval_seq_acc': 0.0, 'eval_eval_move_acc': 0.9995, 'eval_eval_mod6_acc': 1.0, 'eval_eval_mod4_acc': 0.5222611305652827, 'eval_eval_runtime': 1.1086, 'eval_eval_samples_per_second': 1804.022, 'eval_eval_steps_per_second': 28.864, 'epoch': 164.89}
{'eval_train_loss': 1.6804380109647354e-08, 'eval_train_token_acc': 0.9467345523435782, 'eval_train_seq_acc': 0.0, 'eval_train_move_acc': 1.0, 'eval_train_mod6_acc': 1.0, 'eval_train_mod4_acc': 0.517, 'eval_train_runtime': 0.5546, 'eval_train_samples_per_second': 1803.237, 'eval_train_steps_per_second': 28.852, 'epoch': 164.89}
  Pushed checkpoint step-39000 to ijinyu1113/ft_mr5_70m_seed1_purenum
{'loss': 0.0, 'learning_rate': 1.4832897464312018e-05, 'epoch': 165.96}
{'eval_eval_loss': 0.00011125643504783511, 'eval_eval_token_acc': 0.9454451301083158, 'eval_eval_seq_acc': 0.0, 'eval_eval_move_acc': 0.9995, 'eval_eval_mod6_acc': 1.0, 'eval_eval_mod4_acc': 0.5222611305652827, 'eval_eval_runtime': 1.109, 'eval_eval_samples_per_second': 1803.37, 'eval_eval_steps_per_second': 28.854, 'epoch': 165.96}
{'eval_train_loss': 1.611597255646302e-08, 'eval_train_token_acc': 0.9467345523435782, 'eval_train_seq_acc': 0.0, 'eval_train_move_acc': 1.0, 'eval_train_mod6_acc': 1.0, 'eval_train_mod4_acc': 0.517, 'eval_train_runtime': 0.5538, 'eval_train_samples_per_second': 1805.576, 'eval_train_steps_per_second': 28.889, 'epoch': 165.96}
{'loss': 0.0, 'learning_rate': 1.4647253204083116e-05, 'epoch': 167.02}
{'eval_eval_loss': 0.00011315558367641643, 'eval_eval_token_acc': 0.9454451301083158, 'eval_eval_seq_acc': 0.0, 'eval_eval_move_acc': 0.9995, 'eval_eval_mod6_acc': 1.0, 'eval_eval_mod4_acc': 0.5222611305652827, 'eval_eval_runtime': 1.1113, 'eval_eval_samples_per_second': 1799.765, 'eval_eval_steps_per_second': 28.796, 'epoch': 167.02}
{'eval_train_loss': 1.5887611226617082e-08, 'eval_train_token_acc': 0.9467345523435782, 'eval_train_seq_acc': 0.0, 'eval_train_move_acc': 1.0, 'eval_train_mod6_acc': 1.0, 'eval_train_mod4_acc': 0.517, 'eval_train_runtime': 0.5563, 'eval_train_samples_per_second': 1797.674, 'eval_train_steps_per_second': 28.763, 'epoch': 167.02}
{'loss': 0.0, 'learning_rate': 1.446166299115909e-05, 'epoch': 168.09}
{'eval_eval_loss': 0.00011546400492079556, 'eval_eval_token_acc': 0.9454451301083158, 'eval_eval_seq_acc': 0.0, 'eval_eval_move_acc': 0.999, 'eval_eval_mod6_acc': 1.0, 'eval_eval_mod4_acc': 0.522022022022022, 'eval_eval_runtime': 1.1088, 'eval_eval_samples_per_second': 1803.804, 'eval_eval_steps_per_second': 28.861, 'epoch': 168.09}
{'eval_train_loss': 1.510880132116199e-08, 'eval_train_token_acc': 0.9467345523435782, 'eval_train_seq_acc': 0.0, 'eval_train_move_acc': 1.0, 'eval_train_mod6_acc': 1.0, 'eval_train_mod4_acc': 0.517, 'eval_train_runtime': 0.5543, 'eval_train_samples_per_second': 1803.961, 'eval_train_steps_per_second': 28.863, 'epoch': 168.09}
{'loss': 0.0, 'learning_rate': 1.427615526137815e-05, 'epoch': 169.15}
{'eval_eval_loss': 0.0001157607912318781, 'eval_eval_token_acc': 0.9454451301083158, 'eval_eval_seq_acc': 0.0, 'eval_eval_move_acc': 0.999, 'eval_eval_mod6_acc': 1.0, 'eval_eval_mod4_acc': 0.522022022022022, 'eval_eval_runtime': 1.107, 'eval_eval_samples_per_second': 1806.61, 'eval_eval_steps_per_second': 28.906, 'epoch': 169.15}
{'eval_train_loss': 1.5493569094360282e-08, 'eval_train_token_acc': 0.9467345523435782, 'eval_train_seq_acc': 0.0, 'eval_train_move_acc': 1.0, 'eval_train_mod6_acc': 1.0, 'eval_train_mod4_acc': 0.517, 'eval_train_runtime': 0.5535, 'eval_train_samples_per_second': 1806.757, 'eval_train_steps_per_second': 28.908, 'epoch': 169.15}
  Pushed checkpoint step-40000 to ijinyu1113/ft_mr5_70m_seed1_purenum
{'loss': 0.0, 'learning_rate': 1.4090758437940578e-05, 'epoch': 170.21}
{'eval_eval_loss': 0.00011545300367288291, 'eval_eval_token_acc': 0.9454451301083158, 'eval_eval_seq_acc': 0.0, 'eval_eval_move_acc': 0.9995, 'eval_eval_mod6_acc': 1.0, 'eval_eval_mod4_acc': 0.5222611305652827, 'eval_eval_runtime': 1.1085, 'eval_eval_samples_per_second': 1804.244, 'eval_eval_steps_per_second': 28.868, 'epoch': 170.21}
{'eval_train_loss': 1.383699199664079e-08, 'eval_train_token_acc': 0.9467345523435782, 'eval_train_seq_acc': 0.0, 'eval_train_move_acc': 1.0, 'eval_train_mod6_acc': 1.0, 'eval_train_mod4_acc': 0.517, 'eval_train_runtime': 0.5529, 'eval_train_samples_per_second': 1808.747, 'eval_train_steps_per_second': 28.94, 'epoch': 170.21}
{'loss': 0.0, 'learning_rate': 1.390550092705376e-05, 'epoch': 171.28}
{'eval_eval_loss': 0.00011682051263051108, 'eval_eval_token_acc': 0.9454451301083158, 'eval_eval_seq_acc': 0.0, 'eval_eval_move_acc': 0.9995, 'eval_eval_mod6_acc': 1.0, 'eval_eval_mod4_acc': 0.5222611305652827, 'eval_eval_runtime': 1.1079, 'eval_eval_samples_per_second': 1805.272, 'eval_eval_steps_per_second': 28.884, 'epoch': 171.28}
{'eval_train_loss': 1.4683180893371173e-08, 'eval_train_token_acc': 0.9467345523435782, 'eval_train_seq_acc': 0.0, 'eval_train_move_acc': 1.0, 'eval_train_mod6_acc': 1.0, 'eval_train_mod4_acc': 0.517, 'eval_train_runtime': 0.556, 'eval_train_samples_per_second': 1798.714, 'eval_train_steps_per_second': 28.779, 'epoch': 171.28}
{'loss': 0.002, 'learning_rate': 1.372041111357983e-05, 'epoch': 172.34}
{'eval_eval_loss': 0.00017210353689733893, 'eval_eval_token_acc': 0.9454451301083158, 'eval_eval_seq_acc': 0.0, 'eval_eval_move_acc': 0.998, 'eval_eval_mod6_acc': 0.99949924887331, 'eval_eval_mod4_acc': 0.5212819228843265, 'eval_eval_runtime': 1.1068, 'eval_eval_samples_per_second': 1807.005, 'eval_eval_steps_per_second': 28.912, 'epoch': 172.34}
{'eval_train_loss': 3.7707060982938856e-05, 'eval_train_token_acc': 0.9467345523435782, 'eval_train_seq_acc': 0.0, 'eval_train_move_acc': 0.998, 'eval_train_mod6_acc': 0.998, 'eval_train_mod4_acc': 0.516, 'eval_train_runtime': 0.5533, 'eval_train_samples_per_second': 1807.467, 'eval_train_steps_per_second': 28.919, 'epoch': 172.34}
{'loss': 0.0, 'learning_rate': 1.3535517356686595e-05, 'epoch': 173.4}
{'eval_eval_loss': 0.0001767545472830534, 'eval_eval_token_acc': 0.9454451301083158, 'eval_eval_seq_acc': 0.0, 'eval_eval_move_acc': 0.9975, 'eval_eval_mod6_acc': 0.999498997995992, 'eval_eval_mod4_acc': 0.5215430861723447, 'eval_eval_runtime': 1.1084, 'eval_eval_samples_per_second': 1804.418, 'eval_eval_steps_per_second': 28.871, 'epoch': 173.4}
{'eval_train_loss': 3.7878767216170672e-06, 'eval_train_token_acc': 0.9467345523435782, 'eval_train_seq_acc': 0.0, 'eval_train_move_acc': 1.0, 'eval_train_mod6_acc': 1.0, 'eval_train_mod4_acc': 0.517, 'eval_train_runtime': 0.5552, 'eval_train_samples_per_second': 1801.239, 'eval_train_steps_per_second': 28.82, 'epoch': 173.4}
  Pushed checkpoint step-41000 to ijinyu1113/ft_mr5_70m_seed1_purenum
{'loss': 0.0, 'learning_rate': 1.335084798550238e-05, 'epoch': 174.47}
{'eval_eval_loss': 0.00015844267909415066, 'eval_eval_token_acc': 0.9454451301083158, 'eval_eval_seq_acc': 0.0, 'eval_eval_move_acc': 0.998, 'eval_eval_mod6_acc': 1.0, 'eval_eval_mod4_acc': 0.5215430861723447, 'eval_eval_runtime': 1.1117, 'eval_eval_samples_per_second': 1799.081, 'eval_eval_steps_per_second': 28.785, 'epoch': 174.47}
{'eval_train_loss': 2.1220307644398417e-06, 'eval_train_token_acc': 0.9467345523435782, 'eval_train_seq_acc': 0.0, 'eval_train_move_acc': 1.0, 'eval_train_mod6_acc': 1.0, 'eval_train_mod4_acc': 0.517, 'eval_train_runtime': 0.5534, 'eval_train_samples_per_second': 1807.159, 'eval_train_steps_per_second': 28.915, 'epoch': 174.47}
{'loss': 0.0, 'learning_rate': 1.3166431294775487e-05, 'epoch': 175.53}
{'eval_eval_loss': 0.0001544810802442953, 'eval_eval_token_acc': 0.9454451301083158, 'eval_eval_seq_acc': 0.0, 'eval_eval_move_acc': 0.998, 'eval_eval_mod6_acc': 1.0, 'eval_eval_mod4_acc': 0.5215430861723447, 'eval_eval_runtime': 1.1043, 'eval_eval_samples_per_second': 1811.108, 'eval_eval_steps_per_second': 28.978, 'epoch': 175.53}
{'eval_train_loss': 1.5705099940532818e-06, 'eval_train_token_acc': 0.9467345523435782, 'eval_train_seq_acc': 0.0, 'eval_train_move_acc': 1.0, 'eval_train_mod6_acc': 1.0, 'eval_train_mod4_acc': 0.517, 'eval_train_runtime': 0.5549, 'eval_train_samples_per_second': 1802.237, 'eval_train_steps_per_second': 28.836, 'epoch': 175.53}
{'loss': 0.0, 'learning_rate': 1.2982295540538918e-05, 'epoch': 176.6}
{'eval_eval_loss': 0.0001499040808994323, 'eval_eval_token_acc': 0.9454451301083158, 'eval_eval_seq_acc': 0.0, 'eval_eval_move_acc': 0.998, 'eval_eval_mod6_acc': 1.0, 'eval_eval_mod4_acc': 0.5215430861723447, 'eval_eval_runtime': 1.1078, 'eval_eval_samples_per_second': 1805.46, 'eval_eval_steps_per_second': 28.887, 'epoch': 176.6}
{'eval_train_loss': 1.2406507039486314e-06, 'eval_train_token_acc': 0.9467345523435782, 'eval_train_seq_acc': 0.0, 'eval_train_move_acc': 1.0, 'eval_train_mod6_acc': 1.0, 'eval_train_mod4_acc': 0.517, 'eval_train_runtime': 0.5542, 'eval_train_samples_per_second': 1804.493, 'eval_train_steps_per_second': 28.872, 'epoch': 176.6}
{'loss': 0.0, 'learning_rate': 1.279846893578104e-05, 'epoch': 177.66}
{'eval_eval_loss': 0.00014747063687536865, 'eval_eval_token_acc': 0.9454451301083158, 'eval_eval_seq_acc': 0.0, 'eval_eval_move_acc': 0.9985, 'eval_eval_mod6_acc': 1.0, 'eval_eval_mod4_acc': 0.5217826740110165, 'eval_eval_runtime': 1.1058, 'eval_eval_samples_per_second': 1808.577, 'eval_eval_steps_per_second': 28.937, 'epoch': 177.66}
{'eval_train_loss': 9.922673598339316e-07, 'eval_train_token_acc': 0.9467345523435782, 'eval_train_seq_acc': 0.0, 'eval_train_move_acc': 1.0, 'eval_train_mod6_acc': 1.0, 'eval_train_mod4_acc': 0.517, 'eval_train_runtime': 0.5532, 'eval_train_samples_per_second': 1807.515, 'eval_train_steps_per_second': 28.92, 'epoch': 177.66}
  Pushed checkpoint step-42000 to ijinyu1113/ft_mr5_70m_seed1_purenum
{'loss': 0.0, 'learning_rate': 1.2614979646122818e-05, 'epoch': 178.72}
{'eval_eval_loss': 0.00014597389963455498, 'eval_eval_token_acc': 0.9454451301083158, 'eval_eval_seq_acc': 0.0, 'eval_eval_move_acc': 0.9985, 'eval_eval_mod6_acc': 1.0, 'eval_eval_mod4_acc': 0.5217826740110165, 'eval_eval_runtime': 1.1115, 'eval_eval_samples_per_second': 1799.31, 'eval_eval_steps_per_second': 28.789, 'epoch': 178.72}
{'eval_train_loss': 8.424152611041791e-07, 'eval_train_token_acc': 0.9467345523435782, 'eval_train_seq_acc': 0.0, 'eval_train_move_acc': 1.0, 'eval_train_mod6_acc': 1.0, 'eval_train_mod4_acc': 0.517, 'eval_train_runtime': 0.5533, 'eval_train_samples_per_second': 1807.411, 'eval_train_steps_per_second': 28.919, 'epoch': 178.72}
{'loss': 0.0, 'learning_rate': 1.2431855785502335e-05, 'epoch': 179.79}
{'eval_eval_loss': 0.00014272343832999468, 'eval_eval_token_acc': 0.9454451301083158, 'eval_eval_seq_acc': 0.0, 'eval_eval_move_acc': 0.9985, 'eval_eval_mod6_acc': 1.0, 'eval_eval_mod4_acc': 0.5217826740110165, 'eval_eval_runtime': 1.1049, 'eval_eval_samples_per_second': 1810.05, 'eval_eval_steps_per_second': 28.961, 'epoch': 179.79}
{'eval_train_loss': 7.063194402689987e-07, 'eval_train_token_acc': 0.9467345523435782, 'eval_train_seq_acc': 0.0, 'eval_train_move_acc': 1.0, 'eval_train_mod6_acc': 1.0, 'eval_train_mod4_acc': 0.517, 'eval_train_runtime': 0.5521, 'eval_train_samples_per_second': 1811.417, 'eval_train_steps_per_second': 28.983, 'epoch': 179.79}
{'loss': 0.0, 'learning_rate': 1.2249125411867217e-05, 'epoch': 180.85}
{'eval_eval_loss': 0.0001435410522390157, 'eval_eval_token_acc': 0.9454451301083158, 'eval_eval_seq_acc': 0.0, 'eval_eval_move_acc': 0.9985, 'eval_eval_mod6_acc': 1.0, 'eval_eval_mod4_acc': 0.5217826740110165, 'eval_eval_runtime': 1.1082, 'eval_eval_samples_per_second': 1804.701, 'eval_eval_steps_per_second': 28.875, 'epoch': 180.85}
{'eval_train_loss': 5.950176387159445e-07, 'eval_train_token_acc': 0.9467345523435782, 'eval_train_seq_acc': 0.0, 'eval_train_move_acc': 1.0, 'eval_train_mod6_acc': 1.0, 'eval_train_mod4_acc': 0.517, 'eval_train_runtime': 0.5551, 'eval_train_samples_per_second': 1801.638, 'eval_train_steps_per_second': 28.826, 'epoch': 180.85}
{'loss': 0.0, 'learning_rate': 1.2066816522875634e-05, 'epoch': 181.91}
{'eval_eval_loss': 0.00013957398186903447, 'eval_eval_token_acc': 0.9454451301083158, 'eval_eval_seq_acc': 0.0, 'eval_eval_move_acc': 0.9985, 'eval_eval_mod6_acc': 1.0, 'eval_eval_mod4_acc': 0.5217826740110165, 'eval_eval_runtime': 1.1066, 'eval_eval_samples_per_second': 1807.279, 'eval_eval_steps_per_second': 28.916, 'epoch': 181.91}
{'eval_train_loss': 5.298448968460434e-07, 'eval_train_token_acc': 0.9467345523435782, 'eval_train_seq_acc': 0.0, 'eval_train_move_acc': 1.0, 'eval_train_mod6_acc': 1.0, 'eval_train_mod4_acc': 0.517, 'eval_train_runtime': 0.5542, 'eval_train_samples_per_second': 1804.287, 'eval_train_steps_per_second': 28.869, 'epoch': 181.91}
  Pushed checkpoint step-43000 to ijinyu1113/ft_mr5_70m_seed1_purenum
{'loss': 0.0, 'learning_rate': 1.1884957051606551e-05, 'epoch': 182.98}
{'eval_eval_loss': 0.0001398124877596274, 'eval_eval_token_acc': 0.9454451301083158, 'eval_eval_seq_acc': 0.0, 'eval_eval_move_acc': 0.9985, 'eval_eval_mod6_acc': 1.0, 'eval_eval_mod4_acc': 0.5217826740110165, 'eval_eval_runtime': 1.1113, 'eval_eval_samples_per_second': 1799.691, 'eval_eval_steps_per_second': 28.795, 'epoch': 182.98}
{'eval_train_loss': 4.4838887447440356e-07, 'eval_train_token_acc': 0.9467345523435782, 'eval_train_seq_acc': 0.0, 'eval_train_move_acc': 1.0, 'eval_train_mod6_acc': 1.0, 'eval_train_mod4_acc': 0.517, 'eval_train_runtime': 0.555, 'eval_train_samples_per_second': 1801.679, 'eval_train_steps_per_second': 28.827, 'epoch': 182.98}
{'loss': 0.0, 'learning_rate': 1.1703574862279862e-05, 'epoch': 184.04}
{'eval_eval_loss': 0.00014044149429537356, 'eval_eval_token_acc': 0.9454451301083158, 'eval_eval_seq_acc': 0.0, 'eval_eval_move_acc': 0.9985, 'eval_eval_mod6_acc': 1.0, 'eval_eval_mod4_acc': 0.5217826740110165, 'eval_eval_runtime': 1.1079, 'eval_eval_samples_per_second': 1805.199, 'eval_eval_steps_per_second': 28.883, 'epoch': 184.04}
{'eval_train_loss': 3.90287254958821e-07, 'eval_train_token_acc': 0.9467345523435782, 'eval_train_seq_acc': 0.0, 'eval_train_move_acc': 1.0, 'eval_train_mod6_acc': 1.0, 'eval_train_mod4_acc': 0.517, 'eval_train_runtime': 0.5545, 'eval_train_samples_per_second': 1803.391, 'eval_train_steps_per_second': 28.854, 'epoch': 184.04}
{'loss': 0.0, 'learning_rate': 1.1522697745987076e-05, 'epoch': 185.11}
{'eval_eval_loss': 0.00013714701344724745, 'eval_eval_token_acc': 0.9454451301083158, 'eval_eval_seq_acc': 0.0, 'eval_eval_move_acc': 0.9985, 'eval_eval_mod6_acc': 1.0, 'eval_eval_mod4_acc': 0.5217826740110165, 'eval_eval_runtime': 1.1067, 'eval_eval_samples_per_second': 1807.154, 'eval_eval_steps_per_second': 28.914, 'epoch': 185.11}
{'eval_train_loss': 3.441709850449115e-07, 'eval_train_token_acc': 0.9467345523435782, 'eval_train_seq_acc': 0.0, 'eval_train_move_acc': 1.0, 'eval_train_mod6_acc': 1.0, 'eval_train_mod4_acc': 0.517, 'eval_train_runtime': 0.5539, 'eval_train_samples_per_second': 1805.33, 'eval_train_steps_per_second': 28.885, 'epoch': 185.11}
{'loss': 0.0, 'learning_rate': 1.1342353416433218e-05, 'epoch': 186.17}
{'eval_eval_loss': 0.00013700543786399066, 'eval_eval_token_acc': 0.9454451301083158, 'eval_eval_seq_acc': 0.0, 'eval_eval_move_acc': 0.9985, 'eval_eval_mod6_acc': 1.0, 'eval_eval_mod4_acc': 0.5217826740110165, 'eval_eval_runtime': 1.1067, 'eval_eval_samples_per_second': 1807.13, 'eval_eval_steps_per_second': 28.914, 'epoch': 186.17}
{'eval_train_loss': 3.058791548937734e-07, 'eval_train_token_acc': 0.9467345523435782, 'eval_train_seq_acc': 0.0, 'eval_train_move_acc': 1.0, 'eval_train_mod6_acc': 1.0, 'eval_train_mod4_acc': 0.517, 'eval_train_runtime': 0.5548, 'eval_train_samples_per_second': 1802.342, 'eval_train_steps_per_second': 28.837, 'epoch': 186.17}
  Pushed checkpoint step-44000 to ijinyu1113/ft_mr5_70m_seed1_purenum
{'loss': 0.0, 'learning_rate': 1.1162569505690563e-05, 'epoch': 187.23}
{'eval_eval_loss': 0.0001373414706904441, 'eval_eval_token_acc': 0.9454451301083158, 'eval_eval_seq_acc': 0.0, 'eval_eval_move_acc': 0.9985, 'eval_eval_mod6_acc': 1.0, 'eval_eval_mod4_acc': 0.5217826740110165, 'eval_eval_runtime': 1.1057, 'eval_eval_samples_per_second': 1808.78, 'eval_eval_steps_per_second': 28.94, 'epoch': 187.23}
{'eval_train_loss': 2.7224592713537277e-07, 'eval_train_token_acc': 0.9467345523435782, 'eval_train_seq_acc': 0.0, 'eval_train_move_acc': 1.0, 'eval_train_mod6_acc': 1.0, 'eval_train_mod4_acc': 0.517, 'eval_train_runtime': 0.5544, 'eval_train_samples_per_second': 1803.735, 'eval_train_steps_per_second': 28.86, 'epoch': 187.23}
{'loss': 0.0, 'learning_rate': 1.0983373559964911e-05, 'epoch': 188.3}
{'eval_eval_loss': 0.00013763322203885764, 'eval_eval_token_acc': 0.9454451301083158, 'eval_eval_seq_acc': 0.0, 'eval_eval_move_acc': 0.9985, 'eval_eval_mod6_acc': 1.0, 'eval_eval_mod4_acc': 0.5217826740110165, 'eval_eval_runtime': 1.1068, 'eval_eval_samples_per_second': 1806.972, 'eval_eval_steps_per_second': 28.912, 'epoch': 188.3}
{'eval_train_loss': 2.4660758413119765e-07, 'eval_train_token_acc': 0.9467345523435782, 'eval_train_seq_acc': 0.0, 'eval_train_move_acc': 1.0, 'eval_train_mod6_acc': 1.0, 'eval_train_mod4_acc': 0.517, 'eval_train_runtime': 0.5533, 'eval_train_samples_per_second': 1807.257, 'eval_train_steps_per_second': 28.916, 'epoch': 188.3}
{'loss': 0.0, 'learning_rate': 1.0804793035374997e-05, 'epoch': 189.36}
{'eval_eval_loss': 0.0001352925319224596, 'eval_eval_token_acc': 0.9454451301083158, 'eval_eval_seq_acc': 0.0, 'eval_eval_move_acc': 0.9985, 'eval_eval_mod6_acc': 1.0, 'eval_eval_mod4_acc': 0.5217826740110165, 'eval_eval_runtime': 1.1084, 'eval_eval_samples_per_second': 1804.451, 'eval_eval_steps_per_second': 28.871, 'epoch': 189.36}
{'eval_train_loss': 2.19516138599829e-07, 'eval_train_token_acc': 0.9467345523435782, 'eval_train_seq_acc': 0.0, 'eval_train_move_acc': 1.0, 'eval_train_mod6_acc': 1.0, 'eval_train_mod4_acc': 0.517, 'eval_train_runtime': 0.5539, 'eval_train_samples_per_second': 1805.249, 'eval_train_steps_per_second': 28.884, 'epoch': 189.36}
{'loss': 0.0, 'learning_rate': 1.06268552937457e-05, 'epoch': 190.43}
{'eval_eval_loss': 0.00013683254655916244, 'eval_eval_token_acc': 0.9454451301083158, 'eval_eval_seq_acc': 0.0, 'eval_eval_move_acc': 0.9985, 'eval_eval_mod6_acc': 1.0, 'eval_eval_mod4_acc': 0.5217826740110165, 'eval_eval_runtime': 1.109, 'eval_eval_samples_per_second': 1803.389, 'eval_eval_steps_per_second': 28.854, 'epoch': 190.43}
{'eval_train_loss': 1.9674843088068883e-07, 'eval_train_token_acc': 0.9467345523435782, 'eval_train_seq_acc': 0.0, 'eval_train_move_acc': 1.0, 'eval_train_mod6_acc': 1.0, 'eval_train_mod4_acc': 0.517, 'eval_train_runtime': 0.5563, 'eval_train_samples_per_second': 1797.434, 'eval_train_steps_per_second': 28.759, 'epoch': 190.43}
  Pushed checkpoint step-45000 to ijinyu1113/ft_mr5_70m_seed1_purenum
{'loss': 0.0, 'learning_rate': 1.0449587598415714e-05, 'epoch': 191.49}
{'eval_eval_loss': 0.00013723751180805266, 'eval_eval_token_acc': 0.9454451301083158, 'eval_eval_seq_acc': 0.0, 'eval_eval_move_acc': 0.9985, 'eval_eval_mod6_acc': 1.0, 'eval_eval_mod4_acc': 0.5217826740110165, 'eval_eval_runtime': 1.1107, 'eval_eval_samples_per_second': 1800.699, 'eval_eval_steps_per_second': 28.811, 'epoch': 191.49}
{'eval_train_loss': 1.7914476302394178e-07, 'eval_train_token_acc': 0.9467345523435782, 'eval_train_seq_acc': 0.0, 'eval_train_move_acc': 1.0, 'eval_train_mod6_acc': 1.0, 'eval_train_mod4_acc': 0.517, 'eval_train_runtime': 0.5531, 'eval_train_samples_per_second': 1808.134, 'eval_train_steps_per_second': 28.93, 'epoch': 191.49}
{'loss': 0.0, 'learning_rate': 1.0273017110060303e-05, 'epoch': 192.55}
{'eval_eval_loss': 0.00013478552864398807, 'eval_eval_token_acc': 0.9454451301083158, 'eval_eval_seq_acc': 0.0, 'eval_eval_move_acc': 0.9985, 'eval_eval_mod6_acc': 1.0, 'eval_eval_mod4_acc': 0.5217826740110165, 'eval_eval_runtime': 1.1071, 'eval_eval_samples_per_second': 1806.588, 'eval_eval_steps_per_second': 28.905, 'epoch': 192.55}
{'eval_train_loss': 1.6837712735195964e-07, 'eval_train_token_acc': 0.9467345523435782, 'eval_train_seq_acc': 0.0, 'eval_train_move_acc': 1.0, 'eval_train_mod6_acc': 1.0, 'eval_train_mod4_acc': 0.517, 'eval_train_runtime': 0.5562, 'eval_train_samples_per_second': 1798.058, 'eval_train_steps_per_second': 28.769, 'epoch': 192.55}
{'loss': 0.0, 'learning_rate': 1.0097170882529782e-05, 'epoch': 193.62}
{'eval_eval_loss': 0.00013572355965152383, 'eval_eval_token_acc': 0.9454451301083158, 'eval_eval_seq_acc': 0.0, 'eval_eval_move_acc': 0.9985, 'eval_eval_mod6_acc': 1.0, 'eval_eval_mod4_acc': 0.5217826740110165, 'eval_eval_runtime': 1.1091, 'eval_eval_samples_per_second': 1803.247, 'eval_eval_steps_per_second': 28.852, 'epoch': 193.62}
{'eval_train_loss': 1.4931306679955014e-07, 'eval_train_token_acc': 0.9467345523435782, 'eval_train_seq_acc': 0.0, 'eval_train_move_acc': 1.0, 'eval_train_mod6_acc': 1.0, 'eval_train_mod4_acc': 0.517, 'eval_train_runtime': 0.5542, 'eval_train_samples_per_second': 1804.297, 'eval_train_steps_per_second': 28.869, 'epoch': 193.62}
{'loss': 0.0, 'learning_rate': 9.922075858704368e-06, 'epoch': 194.68}
{'eval_eval_loss': 0.00013555819168686867, 'eval_eval_token_acc': 0.9454451301083158, 'eval_eval_seq_acc': 0.0, 'eval_eval_move_acc': 0.9985, 'eval_eval_mod6_acc': 1.0, 'eval_eval_mod4_acc': 0.5217826740110165, 'eval_eval_runtime': 1.1078, 'eval_eval_samples_per_second': 1805.342, 'eval_eval_steps_per_second': 28.885, 'epoch': 194.68}
{'eval_train_loss': 1.356811054620266e-07, 'eval_train_token_acc': 0.9467345523435782, 'eval_train_seq_acc': 0.0, 'eval_train_move_acc': 1.0, 'eval_train_mod6_acc': 1.0, 'eval_train_mod4_acc': 0.517, 'eval_train_runtime': 0.553, 'eval_train_samples_per_second': 1808.244, 'eval_train_steps_per_second': 28.932, 'epoch': 194.68}
  Pushed checkpoint step-46000 to ijinyu1113/ft_mr5_70m_seed1_purenum
{'loss': 0.0, 'learning_rate': 9.747758866366046e-06, 'epoch': 195.74}
{'eval_eval_loss': 0.0001363829942420125, 'eval_eval_token_acc': 0.9454451301083158, 'eval_eval_seq_acc': 0.0, 'eval_eval_move_acc': 0.999, 'eval_eval_mod6_acc': 1.0, 'eval_eval_mod4_acc': 0.522022022022022, 'eval_eval_runtime': 1.1057, 'eval_eval_samples_per_second': 1808.842, 'eval_eval_steps_per_second': 28.941, 'epoch': 195.74}
{'eval_train_loss': 1.2176083430404105e-07, 'eval_train_token_acc': 0.9467345523435782, 'eval_train_seq_acc': 0.0, 'eval_train_move_acc': 1.0, 'eval_train_mod6_acc': 1.0, 'eval_train_mod4_acc': 0.517, 'eval_train_runtime': 0.5523, 'eval_train_samples_per_second': 1810.477, 'eval_train_steps_per_second': 28.968, 'epoch': 195.74}
{'loss': 0.0, 'learning_rate': 9.574246614088038e-06, 'epoch': 196.81}
{'eval_eval_loss': 0.00013395262067206204, 'eval_eval_token_acc': 0.9454451301083158, 'eval_eval_seq_acc': 0.0, 'eval_eval_move_acc': 0.999, 'eval_eval_mod6_acc': 1.0, 'eval_eval_mod4_acc': 0.522022022022022, 'eval_eval_runtime': 1.1056, 'eval_eval_samples_per_second': 1809.037, 'eval_eval_steps_per_second': 28.945, 'epoch': 196.81}
{'eval_train_loss': 1.1212819828188003e-07, 'eval_train_token_acc': 0.9467345523435782, 'eval_train_seq_acc': 0.0, 'eval_train_move_acc': 1.0, 'eval_train_mod6_acc': 1.0, 'eval_train_mod4_acc': 0.517, 'eval_train_runtime': 0.5535, 'eval_train_samples_per_second': 1806.585, 'eval_train_steps_per_second': 28.905, 'epoch': 196.81}
{'loss': 0.0, 'learning_rate': 9.401565687142579e-06, 'epoch': 197.87}
{'eval_eval_loss': 0.0001348194055026397, 'eval_eval_token_acc': 0.9454451301083158, 'eval_eval_seq_acc': 0.0, 'eval_eval_move_acc': 0.999, 'eval_eval_mod6_acc': 1.0, 'eval_eval_mod4_acc': 0.522022022022022, 'eval_eval_runtime': 1.1057, 'eval_eval_samples_per_second': 1808.77, 'eval_eval_steps_per_second': 28.94, 'epoch': 197.87}
{'eval_train_loss': 1.0189626209466951e-07, 'eval_train_token_acc': 0.9467345523435782, 'eval_train_seq_acc': 0.0, 'eval_train_move_acc': 1.0, 'eval_train_mod6_acc': 1.0, 'eval_train_mod4_acc': 0.517, 'eval_train_runtime': 0.5539, 'eval_train_samples_per_second': 1805.346, 'eval_train_steps_per_second': 28.886, 'epoch': 197.87}
{'loss': 0.0, 'learning_rate': 9.229742543427552e-06, 'epoch': 198.94}
{'eval_eval_loss': 0.0001332574029220268, 'eval_eval_token_acc': 0.9454451301083158, 'eval_eval_seq_acc': 0.0, 'eval_eval_move_acc': 0.999, 'eval_eval_mod6_acc': 1.0, 'eval_eval_mod4_acc': 0.522022022022022, 'eval_eval_runtime': 1.1058, 'eval_eval_samples_per_second': 1808.609, 'eval_eval_steps_per_second': 28.938, 'epoch': 198.94}
{'eval_train_loss': 9.284260471531525e-08, 'eval_train_token_acc': 0.9467345523435782, 'eval_train_seq_acc': 0.0, 'eval_train_move_acc': 1.0, 'eval_train_mod6_acc': 1.0, 'eval_train_mod4_acc': 0.517, 'eval_train_runtime': 0.5532, 'eval_train_samples_per_second': 1807.712, 'eval_train_steps_per_second': 28.923, 'epoch': 198.94}
  Pushed checkpoint step-47000 to ijinyu1113/ft_mr5_70m_seed1_purenum
{'loss': 0.0, 'learning_rate': 9.058803509412647e-06, 'epoch': 200.0}
{'eval_eval_loss': 0.00013540378131438047, 'eval_eval_token_acc': 0.9454451301083158, 'eval_eval_seq_acc': 0.0, 'eval_eval_move_acc': 0.999, 'eval_eval_mod6_acc': 1.0, 'eval_eval_mod4_acc': 0.522022022022022, 'eval_eval_runtime': 1.1109, 'eval_eval_samples_per_second': 1800.292, 'eval_eval_steps_per_second': 28.805, 'epoch': 200.0}
{'eval_train_loss': 8.420808939035851e-08, 'eval_train_token_acc': 0.9467345523435782, 'eval_train_seq_acc': 0.0, 'eval_train_move_acc': 1.0, 'eval_train_mod6_acc': 1.0, 'eval_train_mod4_acc': 0.517, 'eval_train_runtime': 0.5555, 'eval_train_samples_per_second': 1800.287, 'eval_train_steps_per_second': 28.805, 'epoch': 200.0}
{'loss': 0.0, 'learning_rate': 8.888774776105679e-06, 'epoch': 201.06}
{'eval_eval_loss': 0.00013357371790334582, 'eval_eval_token_acc': 0.9454451301083158, 'eval_eval_seq_acc': 0.0, 'eval_eval_move_acc': 0.999, 'eval_eval_mod6_acc': 1.0, 'eval_eval_mod4_acc': 0.522022022022022, 'eval_eval_runtime': 1.1083, 'eval_eval_samples_per_second': 1804.589, 'eval_eval_steps_per_second': 28.873, 'epoch': 201.06}
{'eval_train_loss': 7.70997985455324e-08, 'eval_train_token_acc': 0.9467345523435782, 'eval_train_seq_acc': 0.0, 'eval_train_move_acc': 1.0, 'eval_train_mod6_acc': 1.0, 'eval_train_mod4_acc': 0.517, 'eval_train_runtime': 0.5536, 'eval_train_samples_per_second': 1806.249, 'eval_train_steps_per_second': 28.9, 'epoch': 201.06}
{'loss': 0.0, 'learning_rate': 8.719682395039619e-06, 'epoch': 202.13}
{'eval_eval_loss': 0.0001355256827082485, 'eval_eval_token_acc': 0.9454451301083158, 'eval_eval_seq_acc': 0.0, 'eval_eval_move_acc': 0.999, 'eval_eval_mod6_acc': 1.0, 'eval_eval_mod4_acc': 0.522022022022022, 'eval_eval_runtime': 1.1101, 'eval_eval_samples_per_second': 1801.594, 'eval_eval_steps_per_second': 28.826, 'epoch': 202.13}
{'eval_train_loss': 7.175140837034633e-08, 'eval_train_token_acc': 0.9467345523435782, 'eval_train_seq_acc': 0.0, 'eval_train_move_acc': 1.0, 'eval_train_mod6_acc': 1.0, 'eval_train_mod4_acc': 0.517, 'eval_train_runtime': 0.5557, 'eval_train_samples_per_second': 1799.557, 'eval_train_steps_per_second': 28.793, 'epoch': 202.13}
{'loss': 0.0, 'learning_rate': 8.551552274281049e-06, 'epoch': 203.19}
{'eval_eval_loss': 0.00013662459969054908, 'eval_eval_token_acc': 0.9454451301083158, 'eval_eval_seq_acc': 0.0, 'eval_eval_move_acc': 0.999, 'eval_eval_mod6_acc': 1.0, 'eval_eval_mod4_acc': 0.522022022022022, 'eval_eval_runtime': 1.1077, 'eval_eval_samples_per_second': 1805.51, 'eval_eval_steps_per_second': 28.888, 'epoch': 203.19}
{'eval_train_loss': 6.441084110520023e-08, 'eval_train_token_acc': 0.9467345523435782, 'eval_train_seq_acc': 0.0, 'eval_train_move_acc': 1.0, 'eval_train_mod6_acc': 1.0, 'eval_train_mod4_acc': 0.517, 'eval_train_runtime': 0.5525, 'eval_train_samples_per_second': 1810.01, 'eval_train_steps_per_second': 28.96, 'epoch': 203.19}
  Pushed checkpoint step-48000 to ijinyu1113/ft_mr5_70m_seed1_purenum
{'loss': 0.0, 'learning_rate': 8.384410174460525e-06, 'epoch': 204.26}
{'eval_eval_loss': 0.0001335156848654151, 'eval_eval_token_acc': 0.9454451301083158, 'eval_eval_seq_acc': 0.0, 'eval_eval_move_acc': 0.999, 'eval_eval_mod6_acc': 1.0, 'eval_eval_mod4_acc': 0.522022022022022, 'eval_eval_runtime': 1.1088, 'eval_eval_samples_per_second': 1803.696, 'eval_eval_steps_per_second': 28.859, 'epoch': 204.26}
{'eval_train_loss': 5.9133832053248625e-08, 'eval_train_token_acc': 0.9467345523435782, 'eval_train_seq_acc': 0.0, 'eval_train_move_acc': 1.0, 'eval_train_mod6_acc': 1.0, 'eval_train_mod4_acc': 0.517, 'eval_train_runtime': 0.5535, 'eval_train_samples_per_second': 1806.69, 'eval_train_steps_per_second': 28.907, 'epoch': 204.26}
{'loss': 0.0, 'learning_rate': 8.218281704825633e-06, 'epoch': 205.32}
{'eval_eval_loss': 0.00013572946772910655, 'eval_eval_token_acc': 0.9454451301083158, 'eval_eval_seq_acc': 0.0, 'eval_eval_move_acc': 0.999, 'eval_eval_mod6_acc': 1.0, 'eval_eval_mod4_acc': 0.522022022022022, 'eval_eval_runtime': 1.1062, 'eval_eval_samples_per_second': 1807.955, 'eval_eval_steps_per_second': 28.927, 'epoch': 205.32}
{'eval_train_loss': 5.4166068963468206e-08, 'eval_train_token_acc': 0.9467345523435782, 'eval_train_seq_acc': 0.0, 'eval_train_move_acc': 1.0, 'eval_train_mod6_acc': 1.0, 'eval_train_mod4_acc': 0.517, 'eval_train_runtime': 0.5531, 'eval_train_samples_per_second': 1808.125, 'eval_train_steps_per_second': 28.93, 'epoch': 205.32}
{'loss': 0.0, 'learning_rate': 8.05319231931712e-06, 'epoch': 206.38}
{'eval_eval_loss': 0.00013230768672656268, 'eval_eval_token_acc': 0.9454451301083158, 'eval_eval_seq_acc': 0.0, 'eval_eval_move_acc': 0.999, 'eval_eval_mod6_acc': 1.0, 'eval_eval_mod4_acc': 0.522022022022022, 'eval_eval_runtime': 1.1066, 'eval_eval_samples_per_second': 1807.309, 'eval_eval_steps_per_second': 28.917, 'epoch': 206.38}
{'eval_train_loss': 5.01247789941317e-08, 'eval_train_token_acc': 0.9467345523435782, 'eval_train_seq_acc': 0.0, 'eval_train_move_acc': 1.0, 'eval_train_mod6_acc': 1.0, 'eval_train_mod4_acc': 0.517, 'eval_train_runtime': 0.5535, 'eval_train_samples_per_second': 1806.776, 'eval_train_steps_per_second': 28.908, 'epoch': 206.38}
{'loss': 0.0, 'learning_rate': 7.889167312668936e-06, 'epoch': 207.45}
{'eval_eval_loss': 0.00013540535292122513, 'eval_eval_token_acc': 0.9454451301083158, 'eval_eval_seq_acc': 0.0, 'eval_eval_move_acc': 0.999, 'eval_eval_mod6_acc': 1.0, 'eval_eval_mod4_acc': 0.522022022022022, 'eval_eval_runtime': 1.1079, 'eval_eval_samples_per_second': 1805.234, 'eval_eval_steps_per_second': 28.884, 'epoch': 207.45}
{'eval_train_loss': 4.583726820328593e-08, 'eval_train_token_acc': 0.9467345523435782, 'eval_train_seq_acc': 0.0, 'eval_train_move_acc': 1.0, 'eval_train_mod6_acc': 1.0, 'eval_train_mod4_acc': 0.517, 'eval_train_runtime': 0.5529, 'eval_train_samples_per_second': 1808.703, 'eval_train_steps_per_second': 28.939, 'epoch': 207.45}
  Pushed checkpoint step-49000 to ijinyu1113/ft_mr5_70m_seed1_purenum
{'loss': 0.0, 'learning_rate': 7.726231816532574e-06, 'epoch': 208.51}
{'eval_eval_loss': 0.00013458810281008482, 'eval_eval_token_acc': 0.9454451301083158, 'eval_eval_seq_acc': 0.0, 'eval_eval_move_acc': 0.999, 'eval_eval_mod6_acc': 1.0, 'eval_eval_mod4_acc': 0.522022022022022, 'eval_eval_runtime': 1.1073, 'eval_eval_samples_per_second': 1806.196, 'eval_eval_steps_per_second': 28.899, 'epoch': 208.51}
{'eval_train_loss': 4.1648274162753296e-08, 'eval_train_token_acc': 0.9467345523435782, 'eval_train_seq_acc': 0.0, 'eval_train_move_acc': 1.0, 'eval_train_mod6_acc': 1.0, 'eval_train_mod4_acc': 0.517, 'eval_train_runtime': 0.5543, 'eval_train_samples_per_second': 1804.174, 'eval_train_steps_per_second': 28.867, 'epoch': 208.51}
{'loss': 0.0, 'learning_rate': 7.5644107956264455e-06, 'epoch': 209.57}
{'eval_eval_loss': 0.00013959866191726178, 'eval_eval_token_acc': 0.9454451301083158, 'eval_eval_seq_acc': 0.0, 'eval_eval_move_acc': 0.999, 'eval_eval_mod6_acc': 1.0, 'eval_eval_mod4_acc': 0.522022022022022, 'eval_eval_runtime': 1.1085, 'eval_eval_samples_per_second': 1804.211, 'eval_eval_steps_per_second': 28.867, 'epoch': 209.57}
{'eval_train_loss': 3.8233046950608696e-08, 'eval_train_token_acc': 0.9467345523435782, 'eval_train_seq_acc': 0.0, 'eval_train_move_acc': 1.0, 'eval_train_mod6_acc': 1.0, 'eval_train_mod4_acc': 0.517, 'eval_train_runtime': 0.555, 'eval_train_samples_per_second': 1801.709, 'eval_train_steps_per_second': 28.827, 'epoch': 209.57}
{'loss': 0.0, 'learning_rate': 7.40372904391086e-06, 'epoch': 210.64}
{'eval_eval_loss': 0.00013605451385956258, 'eval_eval_token_acc': 0.9454451301083158, 'eval_eval_seq_acc': 0.0, 'eval_eval_move_acc': 0.999, 'eval_eval_mod6_acc': 1.0, 'eval_eval_mod4_acc': 0.522022022022022, 'eval_eval_runtime': 1.1089, 'eval_eval_samples_per_second': 1803.596, 'eval_eval_steps_per_second': 28.858, 'epoch': 210.64}
{'eval_train_loss': 3.5153341571003693e-08, 'eval_train_token_acc': 0.9467345523435782, 'eval_train_seq_acc': 0.0, 'eval_train_move_acc': 1.0, 'eval_train_mod6_acc': 1.0, 'eval_train_mod4_acc': 0.517, 'eval_train_runtime': 0.5545, 'eval_train_samples_per_second': 1803.524, 'eval_train_steps_per_second': 28.856, 'epoch': 210.64}
{'loss': 0.0, 'learning_rate': 7.244211180789079e-06, 'epoch': 211.7}
{'eval_eval_loss': 0.00013707041216548532, 'eval_eval_token_acc': 0.9454451301083158, 'eval_eval_seq_acc': 0.0, 'eval_eval_move_acc': 0.999, 'eval_eval_mod6_acc': 1.0, 'eval_eval_mod4_acc': 0.522022022022022, 'eval_eval_runtime': 1.1077, 'eval_eval_samples_per_second': 1805.487, 'eval_eval_steps_per_second': 28.888, 'epoch': 211.7}
{'eval_train_loss': 3.188462116554547e-08, 'eval_train_token_acc': 0.9467345523435782, 'eval_train_seq_acc': 0.0, 'eval_train_move_acc': 1.0, 'eval_train_mod6_acc': 1.0, 'eval_train_mod4_acc': 0.517, 'eval_train_runtime': 0.5553, 'eval_train_samples_per_second': 1800.764, 'eval_train_steps_per_second': 28.812, 'epoch': 211.7}
  Pushed checkpoint step-50000 to ijinyu1113/ft_mr5_70m_seed1_purenum
{'loss': 0.0, 'learning_rate': 7.085881647335225e-06, 'epoch': 212.77}
{'eval_eval_loss': 0.0001372282422380522, 'eval_eval_token_acc': 0.9454451301083158, 'eval_eval_seq_acc': 0.0, 'eval_eval_move_acc': 0.999, 'eval_eval_mod6_acc': 1.0, 'eval_eval_mod4_acc': 0.522022022022022, 'eval_eval_runtime': 1.108, 'eval_eval_samples_per_second': 1805.084, 'eval_eval_steps_per_second': 28.881, 'epoch': 212.77}
{'eval_train_loss': 2.9574964699463635e-08, 'eval_train_token_acc': 0.9467345523435782, 'eval_train_seq_acc': 0.0, 'eval_train_move_acc': 1.0, 'eval_train_mod6_acc': 1.0, 'eval_train_mod4_acc': 0.517, 'eval_train_runtime': 0.5535, 'eval_train_samples_per_second': 1806.62, 'eval_train_steps_per_second': 28.906, 'epoch': 212.77}
{'loss': 0.0, 'learning_rate': 6.928764702549411e-06, 'epoch': 213.83}
{'eval_eval_loss': 0.00013499933993443847, 'eval_eval_token_acc': 0.9454451301083158, 'eval_eval_seq_acc': 0.0, 'eval_eval_move_acc': 0.999, 'eval_eval_mod6_acc': 1.0, 'eval_eval_mod4_acc': 0.522022022022022, 'eval_eval_runtime': 1.1075, 'eval_eval_samples_per_second': 1805.798, 'eval_eval_steps_per_second': 28.893, 'epoch': 213.83}
{'eval_train_loss': 2.7674616376316408e-08, 'eval_train_token_acc': 0.9467345523435782, 'eval_train_seq_acc': 0.0, 'eval_train_move_acc': 1.0, 'eval_train_mod6_acc': 1.0, 'eval_train_mod4_acc': 0.517, 'eval_train_runtime': 0.5544, 'eval_train_samples_per_second': 1803.894, 'eval_train_steps_per_second': 28.862, 'epoch': 213.83}
{'loss': 0.0, 'learning_rate': 6.772884419640854e-06, 'epoch': 214.89}
{'eval_eval_loss': 0.00013870606198906898, 'eval_eval_token_acc': 0.9454451301083158, 'eval_eval_seq_acc': 0.0, 'eval_eval_move_acc': 0.999, 'eval_eval_mod6_acc': 1.0, 'eval_eval_mod4_acc': 0.522022022022022, 'eval_eval_runtime': 1.1068, 'eval_eval_samples_per_second': 1807.082, 'eval_eval_steps_per_second': 28.913, 'epoch': 214.89}
{'eval_train_loss': 2.4886743332785954e-08, 'eval_train_token_acc': 0.9467345523435782, 'eval_train_seq_acc': 0.0, 'eval_train_move_acc': 1.0, 'eval_train_mod6_acc': 1.0, 'eval_train_mod4_acc': 0.517, 'eval_train_runtime': 0.5526, 'eval_train_samples_per_second': 1809.617, 'eval_train_steps_per_second': 28.954, 'epoch': 214.89}
{'loss': 0.0, 'learning_rate': 6.618264682339377e-06, 'epoch': 215.96}
{'eval_eval_loss': 0.00013810742530040443, 'eval_eval_token_acc': 0.9454451301083158, 'eval_eval_seq_acc': 0.0, 'eval_eval_move_acc': 0.999, 'eval_eval_mod6_acc': 1.0, 'eval_eval_mod4_acc': 0.522022022022022, 'eval_eval_runtime': 1.1048, 'eval_eval_samples_per_second': 1810.259, 'eval_eval_steps_per_second': 28.964, 'epoch': 215.96}
{'eval_train_loss': 2.2966906598753667e-08, 'eval_train_token_acc': 0.9467345523435782, 'eval_train_seq_acc': 0.0, 'eval_train_move_acc': 1.0, 'eval_train_mod6_acc': 1.0, 'eval_train_mod4_acc': 0.517, 'eval_train_runtime': 0.5524, 'eval_train_samples_per_second': 1810.41, 'eval_train_steps_per_second': 28.967, 'epoch': 215.96}
  Pushed checkpoint step-51000 to ijinyu1113/ft_mr5_70m_seed1_purenum
{'loss': 0.0, 'learning_rate': 6.464929181236033e-06, 'epoch': 217.02}
{'eval_eval_loss': 0.00013915557065047324, 'eval_eval_token_acc': 0.9454451301083158, 'eval_eval_seq_acc': 0.0, 'eval_eval_move_acc': 0.999, 'eval_eval_mod6_acc': 1.0, 'eval_eval_mod4_acc': 0.522022022022022, 'eval_eval_runtime': 1.1111, 'eval_eval_samples_per_second': 1800.098, 'eval_eval_steps_per_second': 28.802, 'epoch': 217.02}
{'eval_train_loss': 2.102198415343537e-08, 'eval_train_token_acc': 0.9467345523435782, 'eval_train_seq_acc': 0.0, 'eval_train_move_acc': 1.0, 'eval_train_mod6_acc': 1.0, 'eval_train_mod4_acc': 0.517, 'eval_train_runtime': 0.5527, 'eval_train_samples_per_second': 1809.375, 'eval_train_steps_per_second': 28.95, 'epoch': 217.02}
{'loss': 0.0, 'learning_rate': 6.312901410153208e-06, 'epoch': 218.09}
{'eval_eval_loss': 0.00013770813529845327, 'eval_eval_token_acc': 0.9454451301083158, 'eval_eval_seq_acc': 0.0, 'eval_eval_move_acc': 0.999, 'eval_eval_mod6_acc': 1.0, 'eval_eval_mod4_acc': 0.522022022022022, 'eval_eval_runtime': 1.1064, 'eval_eval_samples_per_second': 1807.721, 'eval_eval_steps_per_second': 28.924, 'epoch': 218.09}
{'eval_train_loss': 1.981343800139257e-08, 'eval_train_token_acc': 0.9467345523435782, 'eval_train_seq_acc': 0.0, 'eval_train_move_acc': 1.0, 'eval_train_mod6_acc': 1.0, 'eval_train_mod4_acc': 0.517, 'eval_train_runtime': 0.5531, 'eval_train_samples_per_second': 1807.948, 'eval_train_steps_per_second': 28.927, 'epoch': 218.09}
{'loss': 0.0, 'learning_rate': 6.162204662544992e-06, 'epoch': 219.15}
{'eval_eval_loss': 0.00013910776760894805, 'eval_eval_token_acc': 0.9454451301083158, 'eval_eval_seq_acc': 0.0, 'eval_eval_move_acc': 0.999, 'eval_eval_mod6_acc': 1.0, 'eval_eval_mod4_acc': 0.522022022022022, 'eval_eval_runtime': 1.1068, 'eval_eval_samples_per_second': 1807.026, 'eval_eval_steps_per_second': 28.912, 'epoch': 219.15}
{'eval_train_loss': 1.8369560095266024e-08, 'eval_train_token_acc': 0.9467345523435782, 'eval_train_seq_acc': 0.0, 'eval_train_move_acc': 1.0, 'eval_train_mod6_acc': 1.0, 'eval_train_mod4_acc': 0.517, 'eval_train_runtime': 0.5525, 'eval_train_samples_per_second': 1809.881, 'eval_train_steps_per_second': 28.958, 'epoch': 219.15}
{'loss': 0.0, 'learning_rate': 6.0128620279281635e-06, 'epoch': 220.21}
{'eval_eval_loss': 0.00013913717702962458, 'eval_eval_token_acc': 0.9454451301083158, 'eval_eval_seq_acc': 0.0, 'eval_eval_move_acc': 0.999, 'eval_eval_mod6_acc': 1.0, 'eval_eval_mod4_acc': 0.522022022022022, 'eval_eval_runtime': 1.1072, 'eval_eval_samples_per_second': 1806.341, 'eval_eval_steps_per_second': 28.901, 'epoch': 220.21}
{'eval_train_loss': 1.6691897641862852e-08, 'eval_train_token_acc': 0.9467345523435782, 'eval_train_seq_acc': 0.0, 'eval_train_move_acc': 1.0, 'eval_train_mod6_acc': 1.0, 'eval_train_mod4_acc': 0.517, 'eval_train_runtime': 0.5537, 'eval_train_samples_per_second': 1806.14, 'eval_train_steps_per_second': 28.898, 'epoch': 220.21}
  Pushed checkpoint step-52000 to ijinyu1113/ft_mr5_70m_seed1_purenum
{'loss': 0.0, 'learning_rate': 5.864896388344442e-06, 'epoch': 221.28}
{'eval_eval_loss': 0.0001401419285684824, 'eval_eval_token_acc': 0.9454451301083158, 'eval_eval_seq_acc': 0.0, 'eval_eval_move_acc': 0.999, 'eval_eval_mod6_acc': 1.0, 'eval_eval_mod4_acc': 0.522022022022022, 'eval_eval_runtime': 1.11, 'eval_eval_samples_per_second': 1801.802, 'eval_eval_steps_per_second': 28.829, 'epoch': 221.28}
{'eval_train_loss': 1.5921672869012582e-08, 'eval_train_token_acc': 0.9467345523435782, 'eval_train_seq_acc': 0.0, 'eval_train_move_acc': 1.0, 'eval_train_mod6_acc': 1.0, 'eval_train_mod4_acc': 0.517, 'eval_train_runtime': 0.554, 'eval_train_samples_per_second': 1804.931, 'eval_train_steps_per_second': 28.879, 'epoch': 221.28}
{'loss': 0.0, 'learning_rate': 5.71833041485457e-06, 'epoch': 222.34}
{'eval_eval_loss': 0.00014082806592341512, 'eval_eval_token_acc': 0.9454451301083158, 'eval_eval_seq_acc': 0.0, 'eval_eval_move_acc': 0.999, 'eval_eval_mod6_acc': 1.0, 'eval_eval_mod4_acc': 0.522022022022022, 'eval_eval_runtime': 1.1061, 'eval_eval_samples_per_second': 1808.121, 'eval_eval_steps_per_second': 28.93, 'epoch': 222.34}
{'eval_train_loss': 1.468315868891068e-08, 'eval_train_token_acc': 0.9467345523435782, 'eval_train_seq_acc': 0.0, 'eval_train_move_acc': 1.0, 'eval_train_mod6_acc': 1.0, 'eval_train_mod4_acc': 0.517, 'eval_train_runtime': 0.5527, 'eval_train_samples_per_second': 1809.355, 'eval_train_steps_per_second': 28.95, 'epoch': 222.34}
{'loss': 0.0, 'learning_rate': 5.573186564064649e-06, 'epoch': 223.4}
{'eval_eval_loss': 0.00013807382492814213, 'eval_eval_token_acc': 0.9454451301083158, 'eval_eval_seq_acc': 0.0, 'eval_eval_move_acc': 0.999, 'eval_eval_mod6_acc': 1.0, 'eval_eval_mod4_acc': 0.522022022022022, 'eval_eval_runtime': 1.105, 'eval_eval_samples_per_second': 1809.877, 'eval_eval_steps_per_second': 28.958, 'epoch': 223.4}
{'eval_train_loss': 1.3853735048030558e-08, 'eval_train_token_acc': 0.9467345523435782, 'eval_train_seq_acc': 0.0, 'eval_train_move_acc': 1.0, 'eval_train_mod6_acc': 1.0, 'eval_train_mod4_acc': 0.517, 'eval_train_runtime': 0.5529, 'eval_train_samples_per_second': 1808.649, 'eval_train_steps_per_second': 28.938, 'epoch': 223.4}
{'loss': 0.0, 'learning_rate': 5.429487074685418e-06, 'epoch': 224.47}
{'eval_eval_loss': 0.00014569729682989419, 'eval_eval_token_acc': 0.9454451301083158, 'eval_eval_seq_acc': 0.0, 'eval_eval_move_acc': 0.999, 'eval_eval_mod6_acc': 1.0, 'eval_eval_mod4_acc': 0.522022022022022, 'eval_eval_runtime': 1.1086, 'eval_eval_samples_per_second': 1804.012, 'eval_eval_steps_per_second': 28.864, 'epoch': 224.47}
{'eval_train_loss': 1.2923427661348796e-08, 'eval_train_token_acc': 0.9467345523435782, 'eval_train_seq_acc': 0.0, 'eval_train_move_acc': 1.0, 'eval_train_mod6_acc': 1.0, 'eval_train_mod4_acc': 0.517, 'eval_train_runtime': 0.5542, 'eval_train_samples_per_second': 1804.476, 'eval_train_steps_per_second': 28.872, 'epoch': 224.47}
  Pushed checkpoint step-53000 to ijinyu1113/ft_mr5_70m_seed1_purenum
{'loss': 0.0, 'learning_rate': 5.287253964124826e-06, 'epoch': 225.53}
{'eval_eval_loss': 0.00014296585868578404, 'eval_eval_token_acc': 0.9454451301083158, 'eval_eval_seq_acc': 0.0, 'eval_eval_move_acc': 0.999, 'eval_eval_mod6_acc': 1.0, 'eval_eval_mod4_acc': 0.522022022022022, 'eval_eval_runtime': 1.1082, 'eval_eval_samples_per_second': 1804.713, 'eval_eval_steps_per_second': 28.875, 'epoch': 225.53}
{'eval_train_loss': 1.2167354235259609e-08, 'eval_train_token_acc': 0.9467345523435782, 'eval_train_seq_acc': 0.0, 'eval_train_move_acc': 1.0, 'eval_train_mod6_acc': 1.0, 'eval_train_mod4_acc': 0.517, 'eval_train_runtime': 0.5547, 'eval_train_samples_per_second': 1802.751, 'eval_train_steps_per_second': 28.844, 'epoch': 225.53}
{'loss': 0.0, 'learning_rate': 5.1465090251146084e-06, 'epoch': 226.6}
{'eval_eval_loss': 0.0001414965372532606, 'eval_eval_token_acc': 0.9454451301083158, 'eval_eval_seq_acc': 0.0, 'eval_eval_move_acc': 0.999, 'eval_eval_mod6_acc': 1.0, 'eval_eval_mod4_acc': 0.522022022022022, 'eval_eval_runtime': 1.1067, 'eval_eval_samples_per_second': 1807.137, 'eval_eval_steps_per_second': 28.914, 'epoch': 226.6}
{'eval_train_loss': 1.19092291583911e-08, 'eval_train_token_acc': 0.9467345523435782, 'eval_train_seq_acc': 0.0, 'eval_train_move_acc': 1.0, 'eval_train_mod6_acc': 1.0, 'eval_train_mod4_acc': 0.517, 'eval_train_runtime': 0.5547, 'eval_train_samples_per_second': 1802.849, 'eval_train_steps_per_second': 28.846, 'epoch': 226.6}
{'loss': 0.0, 'learning_rate': 5.007273822371196e-06, 'epoch': 227.66}
{'eval_eval_loss': 0.00014377327170222998, 'eval_eval_token_acc': 0.9454451301083158, 'eval_eval_seq_acc': 0.0, 'eval_eval_move_acc': 0.999, 'eval_eval_mod6_acc': 1.0, 'eval_eval_mod4_acc': 0.522022022022022, 'eval_eval_runtime': 1.1063, 'eval_eval_samples_per_second': 1807.821, 'eval_eval_steps_per_second': 28.925, 'epoch': 227.66}
{'eval_train_loss': 1.1336804384143306e-08, 'eval_train_token_acc': 0.9467345523435782, 'eval_train_seq_acc': 0.0, 'eval_train_move_acc': 1.0, 'eval_train_mod6_acc': 1.0, 'eval_train_mod4_acc': 0.517, 'eval_train_runtime': 0.5531, 'eval_train_samples_per_second': 1807.876, 'eval_train_steps_per_second': 28.926, 'epoch': 227.66}
{'loss': 0.0, 'learning_rate': 4.869569689291626e-06, 'epoch': 228.72}
{'eval_eval_loss': 0.00014056978398002684, 'eval_eval_token_acc': 0.9454451301083158, 'eval_eval_seq_acc': 0.0, 'eval_eval_move_acc': 0.999, 'eval_eval_mod6_acc': 1.0, 'eval_eval_mod4_acc': 0.522022022022022, 'eval_eval_runtime': 1.1045, 'eval_eval_samples_per_second': 1810.786, 'eval_eval_steps_per_second': 28.973, 'epoch': 228.72}
{'eval_train_loss': 1.1449750481062893e-08, 'eval_train_token_acc': 0.9467345523435782, 'eval_train_seq_acc': 0.0, 'eval_train_move_acc': 1.0, 'eval_train_mod6_acc': 1.0, 'eval_train_mod4_acc': 0.517, 'eval_train_runtime': 0.5537, 'eval_train_samples_per_second': 1806.083, 'eval_train_steps_per_second': 28.897, 'epoch': 228.72}
  Pushed checkpoint step-54000 to ijinyu1113/ft_mr5_70m_seed1_purenum
{'loss': 0.0, 'learning_rate': 4.733417724684879e-06, 'epoch': 229.79}
{'eval_eval_loss': 0.00014468336303252727, 'eval_eval_token_acc': 0.9454451301083158, 'eval_eval_seq_acc': 0.0, 'eval_eval_move_acc': 0.999, 'eval_eval_mod6_acc': 1.0, 'eval_eval_mod4_acc': 0.522022022022022, 'eval_eval_runtime': 1.1119, 'eval_eval_samples_per_second': 1798.664, 'eval_eval_steps_per_second': 28.779, 'epoch': 229.79}
{'eval_train_loss': 1.106146196860891e-08, 'eval_train_token_acc': 0.9467345523435782, 'eval_train_seq_acc': 0.0, 'eval_train_move_acc': 1.0, 'eval_train_mod6_acc': 1.0, 'eval_train_mod4_acc': 0.517, 'eval_train_runtime': 0.5539, 'eval_train_samples_per_second': 1805.423, 'eval_train_steps_per_second': 28.887, 'epoch': 229.79}
{'loss': 0.0, 'learning_rate': 4.598838789539128e-06, 'epoch': 230.85}
{'eval_eval_loss': 0.0001446407986804843, 'eval_eval_token_acc': 0.9454451301083158, 'eval_eval_seq_acc': 0.0, 'eval_eval_move_acc': 0.999, 'eval_eval_mod6_acc': 1.0, 'eval_eval_mod4_acc': 0.522022022022022, 'eval_eval_runtime': 1.1078, 'eval_eval_samples_per_second': 1805.446, 'eval_eval_steps_per_second': 28.887, 'epoch': 230.85}
{'eval_train_loss': 1.132162985584273e-08, 'eval_train_token_acc': 0.9467345523435782, 'eval_train_seq_acc': 0.0, 'eval_train_move_acc': 1.0, 'eval_train_mod6_acc': 1.0, 'eval_train_mod4_acc': 0.517, 'eval_train_runtime': 0.5551, 'eval_train_samples_per_second': 1801.638, 'eval_train_steps_per_second': 28.826, 'epoch': 230.85}
{'loss': 0.0, 'learning_rate': 4.46585350382548e-06, 'epoch': 231.91}
{'eval_eval_loss': 0.0001451885764254257, 'eval_eval_token_acc': 0.9454451301083158, 'eval_eval_seq_acc': 0.0, 'eval_eval_move_acc': 0.999, 'eval_eval_mod6_acc': 1.0, 'eval_eval_mod4_acc': 0.522022022022022, 'eval_eval_runtime': 1.1063, 'eval_eval_samples_per_second': 1807.779, 'eval_eval_steps_per_second': 28.924, 'epoch': 231.91}
{'eval_train_loss': 1.1596672067071268e-08, 'eval_train_token_acc': 0.9467345523435782, 'eval_train_seq_acc': 0.0, 'eval_train_move_acc': 1.0, 'eval_train_mod6_acc': 1.0, 'eval_train_mod4_acc': 0.517, 'eval_train_runtime': 0.5541, 'eval_train_samples_per_second': 1804.737, 'eval_train_steps_per_second': 28.876, 'epoch': 231.91}
{'loss': 0.0, 'learning_rate': 4.334482243338589e-06, 'epoch': 232.98}
{'eval_eval_loss': 0.00014224095502868295, 'eval_eval_token_acc': 0.9454451301083158, 'eval_eval_seq_acc': 0.0, 'eval_eval_move_acc': 0.999, 'eval_eval_mod6_acc': 1.0, 'eval_eval_mod4_acc': 0.522022022022022, 'eval_eval_runtime': 1.1058, 'eval_eval_samples_per_second': 1808.629, 'eval_eval_steps_per_second': 28.938, 'epoch': 232.98}
{'eval_train_loss': 1.0698736119252317e-08, 'eval_train_token_acc': 0.9467345523435782, 'eval_train_seq_acc': 0.0, 'eval_train_move_acc': 1.0, 'eval_train_mod6_acc': 1.0, 'eval_train_mod4_acc': 0.517, 'eval_train_runtime': 0.5527, 'eval_train_samples_per_second': 1809.227, 'eval_train_steps_per_second': 28.948, 'epoch': 232.98}
  Pushed checkpoint step-55000 to ijinyu1113/ft_mr5_70m_seed1_purenum
{'loss': 0.0, 'learning_rate': 4.204745136574737e-06, 'epoch': 234.04}
{'eval_eval_loss': 0.000141493248520419, 'eval_eval_token_acc': 0.9454451301083158, 'eval_eval_seq_acc': 0.0, 'eval_eval_move_acc': 0.999, 'eval_eval_mod6_acc': 1.0, 'eval_eval_mod4_acc': 0.522022022022022, 'eval_eval_runtime': 1.1118, 'eval_eval_samples_per_second': 1798.916, 'eval_eval_steps_per_second': 28.783, 'epoch': 234.04}
{'eval_train_loss': 1.0746540546335837e-08, 'eval_train_token_acc': 0.9467345523435782, 'eval_train_seq_acc': 0.0, 'eval_train_move_acc': 1.0, 'eval_train_mod6_acc': 1.0, 'eval_train_mod4_acc': 0.517, 'eval_train_runtime': 0.5547, 'eval_train_samples_per_second': 1802.899, 'eval_train_steps_per_second': 28.846, 'epoch': 234.04}
{'loss': 0.0, 'learning_rate': 4.076662061647747e-06, 'epoch': 235.11}
{'eval_eval_loss': 0.00014328976976685226, 'eval_eval_token_acc': 0.9454451301083158, 'eval_eval_seq_acc': 0.0, 'eval_eval_move_acc': 0.999, 'eval_eval_mod6_acc': 1.0, 'eval_eval_mod4_acc': 0.522022022022022, 'eval_eval_runtime': 1.106, 'eval_eval_samples_per_second': 1808.313, 'eval_eval_steps_per_second': 28.933, 'epoch': 235.11}
{'eval_train_loss': 1.121029313821964e-08, 'eval_train_token_acc': 0.9467345523435782, 'eval_train_seq_acc': 0.0, 'eval_train_move_acc': 1.0, 'eval_train_mod6_acc': 1.0, 'eval_train_mod4_acc': 0.517, 'eval_train_runtime': 0.5535, 'eval_train_samples_per_second': 1806.585, 'eval_train_steps_per_second': 28.905, 'epoch': 235.11}
{'loss': 0.0, 'learning_rate': 3.950252643243317e-06, 'epoch': 236.17}
{'eval_eval_loss': 0.0001434233272448182, 'eval_eval_token_acc': 0.9454451301083158, 'eval_eval_seq_acc': 0.0, 'eval_eval_move_acc': 0.999, 'eval_eval_mod6_acc': 1.0, 'eval_eval_mod4_acc': 0.522022022022022, 'eval_eval_runtime': 1.1056, 'eval_eval_samples_per_second': 1808.977, 'eval_eval_steps_per_second': 28.944, 'epoch': 236.17}
{'eval_train_loss': 1.164751939342068e-08, 'eval_train_token_acc': 0.9467345523435782, 'eval_train_seq_acc': 0.0, 'eval_train_move_acc': 1.0, 'eval_train_mod6_acc': 1.0, 'eval_train_mod4_acc': 0.517, 'eval_train_runtime': 0.5534, 'eval_train_samples_per_second': 1806.949, 'eval_train_steps_per_second': 28.911, 'epoch': 236.17}
{'loss': 0.0, 'learning_rate': 3.825536249612147e-06, 'epoch': 237.23}
{'eval_eval_loss': 0.00014315632870420814, 'eval_eval_token_acc': 0.9454451301083158, 'eval_eval_seq_acc': 0.0, 'eval_eval_move_acc': 0.999, 'eval_eval_mod6_acc': 1.0, 'eval_eval_mod4_acc': 0.522022022022022, 'eval_eval_runtime': 1.1062, 'eval_eval_samples_per_second': 1807.964, 'eval_eval_steps_per_second': 28.927, 'epoch': 237.23}
{'eval_train_loss': 1.1990773707282187e-08, 'eval_train_token_acc': 0.9467345523435782, 'eval_train_seq_acc': 0.0, 'eval_train_move_acc': 1.0, 'eval_train_mod6_acc': 1.0, 'eval_train_mod4_acc': 0.517, 'eval_train_runtime': 0.5541, 'eval_train_samples_per_second': 1804.606, 'eval_train_steps_per_second': 28.874, 'epoch': 237.23}
  Pushed checkpoint step-56000 to ijinyu1113/ft_mr5_70m_seed1_purenum
{'loss': 0.0, 'learning_rate': 3.702531989602354e-06, 'epoch': 238.3}
{'eval_eval_loss': 0.00014647346688434482, 'eval_eval_token_acc': 0.9454451301083158, 'eval_eval_seq_acc': 0.0, 'eval_eval_move_acc': 0.999, 'eval_eval_mod6_acc': 1.0, 'eval_eval_mod4_acc': 0.522022022022022, 'eval_eval_runtime': 1.1124, 'eval_eval_samples_per_second': 1797.919, 'eval_eval_steps_per_second': 28.767, 'epoch': 238.3}
{'eval_train_loss': 1.2074746535972736e-08, 'eval_train_token_acc': 0.9467345523435782, 'eval_train_seq_acc': 0.0, 'eval_train_move_acc': 1.0, 'eval_train_mod6_acc': 1.0, 'eval_train_mod4_acc': 0.517, 'eval_train_runtime': 0.5556, 'eval_train_samples_per_second': 1799.982, 'eval_train_steps_per_second': 28.8, 'epoch': 238.3}
{'loss': 0.0, 'learning_rate': 3.5812587097316712e-06, 'epoch': 239.36}
{'eval_eval_loss': 0.00014957647363189608, 'eval_eval_token_acc': 0.9454451301083158, 'eval_eval_seq_acc': 0.0, 'eval_eval_move_acc': 0.999, 'eval_eval_mod6_acc': 1.0, 'eval_eval_mod4_acc': 0.522022022022022, 'eval_eval_runtime': 1.1076, 'eval_eval_samples_per_second': 1805.787, 'eval_eval_steps_per_second': 28.893, 'epoch': 239.36}
{'eval_train_loss': 1.1861474469299083e-08, 'eval_train_token_acc': 0.9467345523435782, 'eval_train_seq_acc': 0.0, 'eval_train_move_acc': 1.0, 'eval_train_mod6_acc': 1.0, 'eval_train_mod4_acc': 0.517, 'eval_train_runtime': 0.5553, 'eval_train_samples_per_second': 1800.915, 'eval_train_steps_per_second': 28.815, 'epoch': 239.36}
{'loss': 0.0, 'learning_rate': 3.461734991299779e-06, 'epoch': 240.43}
{'eval_eval_loss': 0.00014582840958610177, 'eval_eval_token_acc': 0.9454451301083158, 'eval_eval_seq_acc': 0.0, 'eval_eval_move_acc': 0.999, 'eval_eval_mod6_acc': 1.0, 'eval_eval_mod4_acc': 0.522022022022022, 'eval_eval_runtime': 1.1082, 'eval_eval_samples_per_second': 1804.767, 'eval_eval_steps_per_second': 28.876, 'epoch': 240.43}
{'eval_train_loss': 1.1509991182379053e-08, 'eval_train_token_acc': 0.9467345523435782, 'eval_train_seq_acc': 0.0, 'eval_train_move_acc': 1.0, 'eval_train_mod6_acc': 1.0, 'eval_train_mod4_acc': 0.517, 'eval_train_runtime': 0.554, 'eval_train_samples_per_second': 1804.921, 'eval_train_steps_per_second': 28.879, 'epoch': 240.43}
{'loss': 0.0, 'learning_rate': 3.343979147541352e-06, 'epoch': 241.49}
{'eval_eval_loss': 0.00014784070663154125, 'eval_eval_token_acc': 0.9454451301083158, 'eval_eval_seq_acc': 0.0, 'eval_eval_move_acc': 0.999, 'eval_eval_mod6_acc': 1.0, 'eval_eval_mod4_acc': 0.522022022022022, 'eval_eval_runtime': 1.1059, 'eval_eval_samples_per_second': 1808.489, 'eval_eval_steps_per_second': 28.936, 'epoch': 241.49}
{'eval_train_loss': 1.2200538357376445e-08, 'eval_train_token_acc': 0.9467345523435782, 'eval_train_seq_acc': 0.0, 'eval_train_move_acc': 1.0, 'eval_train_mod6_acc': 1.0, 'eval_train_mod4_acc': 0.517, 'eval_train_runtime': 0.5527, 'eval_train_samples_per_second': 1809.365, 'eval_train_steps_per_second': 28.95, 'epoch': 241.49}
  Pushed checkpoint step-57000 to ijinyu1113/ft_mr5_70m_seed1_purenum
{'loss': 0.0, 'learning_rate': 3.2280092208200853e-06, 'epoch': 242.55}
{'eval_eval_loss': 0.0001469598792027682, 'eval_eval_token_acc': 0.9454451301083158, 'eval_eval_seq_acc': 0.0, 'eval_eval_move_acc': 0.999, 'eval_eval_mod6_acc': 1.0, 'eval_eval_mod4_acc': 0.522022022022022, 'eval_eval_runtime': 1.1072, 'eval_eval_samples_per_second': 1806.43, 'eval_eval_steps_per_second': 28.903, 'epoch': 242.55}
{'eval_train_loss': 1.0679568340776768e-08, 'eval_train_token_acc': 0.9467345523435782, 'eval_train_seq_acc': 0.0, 'eval_train_move_acc': 1.0, 'eval_train_mod6_acc': 1.0, 'eval_train_mod4_acc': 0.517, 'eval_train_runtime': 0.5524, 'eval_train_samples_per_second': 1810.189, 'eval_train_steps_per_second': 28.963, 'epoch': 242.55}
{'loss': 0.0, 'learning_rate': 3.1138429798643182e-06, 'epoch': 243.62}
{'eval_eval_loss': 0.00014620216097682714, 'eval_eval_token_acc': 0.9454451301083158, 'eval_eval_seq_acc': 0.0, 'eval_eval_move_acc': 0.999, 'eval_eval_mod6_acc': 1.0, 'eval_eval_mod4_acc': 0.522022022022022, 'eval_eval_runtime': 1.1062, 'eval_eval_samples_per_second': 1808.033, 'eval_eval_steps_per_second': 28.929, 'epoch': 243.62}
{'eval_train_loss': 1.110819880523195e-08, 'eval_train_token_acc': 0.9467345523435782, 'eval_train_seq_acc': 0.0, 'eval_train_move_acc': 1.0, 'eval_train_mod6_acc': 1.0, 'eval_train_mod4_acc': 0.517, 'eval_train_runtime': 0.5532, 'eval_train_samples_per_second': 1807.558, 'eval_train_steps_per_second': 28.921, 'epoch': 243.62}
{'loss': 0.0, 'learning_rate': 3.0014979170444963e-06, 'epoch': 244.68}
{'eval_eval_loss': 0.0001470678544137627, 'eval_eval_token_acc': 0.9454451301083158, 'eval_eval_seq_acc': 0.0, 'eval_eval_move_acc': 0.999, 'eval_eval_mod6_acc': 1.0, 'eval_eval_mod4_acc': 0.522022022022022, 'eval_eval_runtime': 1.1064, 'eval_eval_samples_per_second': 1807.723, 'eval_eval_steps_per_second': 28.924, 'epoch': 244.68}
{'eval_train_loss': 1.0169828534856151e-08, 'eval_train_token_acc': 0.9467345523435782, 'eval_train_seq_acc': 0.0, 'eval_train_move_acc': 1.0, 'eval_train_mod6_acc': 1.0, 'eval_train_mod4_acc': 0.517, 'eval_train_runtime': 0.5521, 'eval_train_samples_per_second': 1811.119, 'eval_train_steps_per_second': 28.978, 'epoch': 244.68}
{'loss': 0.0, 'learning_rate': 2.8909912456930587e-06, 'epoch': 245.74}
{'eval_eval_loss': 0.00014540590927936137, 'eval_eval_token_acc': 0.9454451301083158, 'eval_eval_seq_acc': 0.0, 'eval_eval_move_acc': 0.999, 'eval_eval_mod6_acc': 1.0, 'eval_eval_mod4_acc': 0.522022022022022, 'eval_eval_runtime': 1.1045, 'eval_eval_samples_per_second': 1810.846, 'eval_eval_steps_per_second': 28.974, 'epoch': 245.74}
{'eval_train_loss': 1.0350666101999195e-08, 'eval_train_token_acc': 0.9467345523435782, 'eval_train_seq_acc': 0.0, 'eval_train_move_acc': 1.0, 'eval_train_mod6_acc': 1.0, 'eval_train_mod4_acc': 0.517, 'eval_train_runtime': 0.5528, 'eval_train_samples_per_second': 1809.068, 'eval_train_steps_per_second': 28.945, 'epoch': 245.74}
  Pushed checkpoint step-58000 to ijinyu1113/ft_mr5_70m_seed1_purenum
{'loss': 0.0, 'learning_rate': 2.7823398974670004e-06, 'epoch': 246.81}
{'eval_eval_loss': 0.00014873745385557413, 'eval_eval_token_acc': 0.9454451301083158, 'eval_eval_seq_acc': 0.0, 'eval_eval_move_acc': 0.999, 'eval_eval_mod6_acc': 1.0, 'eval_eval_mod4_acc': 0.522022022022022, 'eval_eval_runtime': 1.1089, 'eval_eval_samples_per_second': 1803.59, 'eval_eval_steps_per_second': 28.857, 'epoch': 246.81}
{'eval_train_loss': 8.881380075820289e-09, 'eval_train_token_acc': 0.9467345523435782, 'eval_train_seq_acc': 0.0, 'eval_train_move_acc': 1.0, 'eval_train_mod6_acc': 1.0, 'eval_train_mod4_acc': 0.517, 'eval_train_runtime': 0.5544, 'eval_train_samples_per_second': 1803.676, 'eval_train_steps_per_second': 28.859, 'epoch': 246.81}
{'loss': 0.0, 'learning_rate': 2.675560519753659e-06, 'epoch': 247.87}
{'eval_eval_loss': 0.00015058160352054983, 'eval_eval_token_acc': 0.9454451301083158, 'eval_eval_seq_acc': 0.0, 'eval_eval_move_acc': 0.999, 'eval_eval_mod6_acc': 1.0, 'eval_eval_mod4_acc': 0.522022022022022, 'eval_eval_runtime': 1.106, 'eval_eval_samples_per_second': 1808.353, 'eval_eval_steps_per_second': 28.934, 'epoch': 247.87}
{'eval_train_loss': 9.443765769390211e-09, 'eval_train_token_acc': 0.9467345523435782, 'eval_train_seq_acc': 0.0, 'eval_train_move_acc': 1.0, 'eval_train_mod6_acc': 1.0, 'eval_train_mod4_acc': 0.517, 'eval_train_runtime': 0.5527, 'eval_train_samples_per_second': 1809.213, 'eval_train_steps_per_second': 28.947, 'epoch': 247.87}
{'loss': 0.0, 'learning_rate': 2.5706694731200194e-06, 'epoch': 248.94}
{'eval_eval_loss': 0.00014942623965907842, 'eval_eval_token_acc': 0.9454451301083158, 'eval_eval_seq_acc': 0.0, 'eval_eval_move_acc': 0.999, 'eval_eval_mod6_acc': 1.0, 'eval_eval_mod4_acc': 0.522022022022022, 'eval_eval_runtime': 1.1043, 'eval_eval_samples_per_second': 1811.037, 'eval_eval_steps_per_second': 28.977, 'epoch': 248.94}
{'eval_train_loss': 9.859563832037566e-09, 'eval_train_token_acc': 0.9467345523435782, 'eval_train_seq_acc': 0.0, 'eval_train_move_acc': 1.0, 'eval_train_mod6_acc': 1.0, 'eval_train_mod4_acc': 0.517, 'eval_train_runtime': 0.5525, 'eval_train_samples_per_second': 1809.928, 'eval_train_steps_per_second': 28.959, 'epoch': 248.94}
{'loss': 0.0, 'learning_rate': 2.467682828805956e-06, 'epoch': 250.0}
{'eval_eval_loss': 0.00014958764950279146, 'eval_eval_token_acc': 0.9454451301083158, 'eval_eval_seq_acc': 0.0, 'eval_eval_move_acc': 0.999, 'eval_eval_mod6_acc': 1.0, 'eval_eval_mod4_acc': 0.522022022022022, 'eval_eval_runtime': 1.1074, 'eval_eval_samples_per_second': 1806.066, 'eval_eval_steps_per_second': 28.897, 'epoch': 250.0}
{'eval_train_loss': 9.262552502775634e-09, 'eval_train_token_acc': 0.9467345523435782, 'eval_train_seq_acc': 0.0, 'eval_train_move_acc': 1.0, 'eval_train_mod6_acc': 1.0, 'eval_train_mod4_acc': 0.517, 'eval_train_runtime': 0.5525, 'eval_train_samples_per_second': 1810.044, 'eval_train_steps_per_second': 28.961, 'epoch': 250.0}
  Pushed checkpoint step-59000 to ijinyu1113/ft_mr5_70m_seed1_purenum
{'loss': 0.0, 'learning_rate': 2.3666163662618575e-06, 'epoch': 251.06}
{'eval_eval_loss': 0.00014984274457674474, 'eval_eval_token_acc': 0.9454451301083158, 'eval_eval_seq_acc': 0.0, 'eval_eval_move_acc': 0.999, 'eval_eval_mod6_acc': 1.0, 'eval_eval_mod4_acc': 0.522022022022022, 'eval_eval_runtime': 1.1057, 'eval_eval_samples_per_second': 1808.738, 'eval_eval_steps_per_second': 28.94, 'epoch': 251.06}
{'eval_train_loss': 9.438814174700383e-09, 'eval_train_token_acc': 0.9467345523435782, 'eval_train_seq_acc': 0.0, 'eval_train_move_acc': 1.0, 'eval_train_mod6_acc': 1.0, 'eval_train_mod4_acc': 0.517, 'eval_train_runtime': 0.5514, 'eval_train_samples_per_second': 1813.436, 'eval_train_steps_per_second': 29.015, 'epoch': 251.06}
{'loss': 0.0, 'learning_rate': 2.267485570730894e-06, 'epoch': 252.13}
{'eval_eval_loss': 0.00014992445358075202, 'eval_eval_token_acc': 0.9454451301083158, 'eval_eval_seq_acc': 0.0, 'eval_eval_move_acc': 0.999, 'eval_eval_mod6_acc': 1.0, 'eval_eval_mod4_acc': 0.522022022022022, 'eval_eval_runtime': 1.1026, 'eval_eval_samples_per_second': 1813.872, 'eval_eval_steps_per_second': 29.022, 'epoch': 252.13}
{'eval_train_loss': 8.72653149741609e-09, 'eval_train_token_acc': 0.9467345523435782, 'eval_train_seq_acc': 0.0, 'eval_train_move_acc': 1.0, 'eval_train_mod6_acc': 1.0, 'eval_train_mod4_acc': 0.517, 'eval_train_runtime': 0.5517, 'eval_train_samples_per_second': 1812.497, 'eval_train_steps_per_second': 29.0, 'epoch': 252.13}
{'loss': 0.0, 'learning_rate': 2.170305630876408e-06, 'epoch': 253.19}
{'eval_eval_loss': 0.0001497912162449211, 'eval_eval_token_acc': 0.9454451301083158, 'eval_eval_seq_acc': 0.0, 'eval_eval_move_acc': 0.999, 'eval_eval_mod6_acc': 1.0, 'eval_eval_mod4_acc': 0.522022022022022, 'eval_eval_runtime': 1.1041, 'eval_eval_samples_per_second': 1811.397, 'eval_eval_steps_per_second': 28.982, 'epoch': 253.19}
{'eval_train_loss': 8.488568958853193e-09, 'eval_train_token_acc': 0.9467345523435782, 'eval_train_seq_acc': 0.0, 'eval_train_move_acc': 1.0, 'eval_train_mod6_acc': 1.0, 'eval_train_mod4_acc': 0.517, 'eval_train_runtime': 0.5532, 'eval_train_samples_per_second': 1807.791, 'eval_train_steps_per_second': 28.925, 'epoch': 253.19}
{'loss': 0.0, 'learning_rate': 2.0750914364547357e-06, 'epoch': 254.26}
{'eval_eval_loss': 0.00015118144801817834, 'eval_eval_token_acc': 0.9454451301083158, 'eval_eval_seq_acc': 0.0, 'eval_eval_move_acc': 0.999, 'eval_eval_mod6_acc': 1.0, 'eval_eval_mod4_acc': 0.522022022022022, 'eval_eval_runtime': 1.1043, 'eval_eval_samples_per_second': 1811.078, 'eval_eval_steps_per_second': 28.977, 'epoch': 254.26}
{'eval_train_loss': 8.704030385331407e-09, 'eval_train_token_acc': 0.9467345523435782, 'eval_train_seq_acc': 0.0, 'eval_train_move_acc': 1.0, 'eval_train_mod6_acc': 1.0, 'eval_train_mod4_acc': 0.517, 'eval_train_runtime': 0.5516, 'eval_train_samples_per_second': 1813.004, 'eval_train_steps_per_second': 29.008, 'epoch': 254.26}
  Pushed checkpoint step-60000 to ijinyu1113/ft_mr5_70m_seed1_purenum
{'loss': 0.0, 'learning_rate': 1.9818575760337995e-06, 'epoch': 255.32}
{'eval_eval_loss': 0.00015211864956654608, 'eval_eval_token_acc': 0.9454451301083158, 'eval_eval_seq_acc': 0.0, 'eval_eval_move_acc': 0.999, 'eval_eval_mod6_acc': 1.0, 'eval_eval_mod4_acc': 0.522022022022022, 'eval_eval_runtime': 1.1081, 'eval_eval_samples_per_second': 1804.93, 'eval_eval_steps_per_second': 28.879, 'epoch': 255.32}
{'eval_train_loss': 8.293628006583731e-09, 'eval_train_token_acc': 0.9467345523435782, 'eval_train_seq_acc': 0.0, 'eval_train_move_acc': 1.0, 'eval_train_mod6_acc': 1.0, 'eval_train_mod4_acc': 0.517, 'eval_train_runtime': 0.5517, 'eval_train_samples_per_second': 1812.662, 'eval_train_steps_per_second': 29.003, 'epoch': 255.32}
{'loss': 0.0, 'learning_rate': 1.8906183347578975e-06, 'epoch': 256.38}
{'eval_eval_loss': 0.00015023699961602688, 'eval_eval_token_acc': 0.9454451301083158, 'eval_eval_seq_acc': 0.0, 'eval_eval_move_acc': 0.999, 'eval_eval_mod6_acc': 1.0, 'eval_eval_mod4_acc': 0.522022022022022, 'eval_eval_runtime': 1.1029, 'eval_eval_samples_per_second': 1813.441, 'eval_eval_steps_per_second': 29.015, 'epoch': 256.38}
{'eval_train_loss': 7.942548840844665e-09, 'eval_train_token_acc': 0.9467345523435782, 'eval_train_seq_acc': 0.0, 'eval_train_move_acc': 1.0, 'eval_train_mod6_acc': 1.0, 'eval_train_mod4_acc': 0.517, 'eval_train_runtime': 0.5519, 'eval_train_samples_per_second': 1811.974, 'eval_train_steps_per_second': 28.992, 'epoch': 256.38}
{'loss': 0.0, 'learning_rate': 1.8013876921589363e-06, 'epoch': 257.45}
{'eval_eval_loss': 0.0001518823701189831, 'eval_eval_token_acc': 0.9454451301083158, 'eval_eval_seq_acc': 0.0, 'eval_eval_move_acc': 0.999, 'eval_eval_mod6_acc': 1.0, 'eval_eval_mod4_acc': 0.522022022022022, 'eval_eval_runtime': 1.104, 'eval_eval_samples_per_second': 1811.579, 'eval_eval_steps_per_second': 28.985, 'epoch': 257.45}
{'eval_train_loss': 8.210576218914412e-09, 'eval_train_token_acc': 0.9467345523435782, 'eval_train_seq_acc': 0.0, 'eval_train_move_acc': 1.0, 'eval_train_mod6_acc': 1.0, 'eval_train_mod4_acc': 0.517, 'eval_train_runtime': 0.5516, 'eval_train_samples_per_second': 1813.067, 'eval_train_steps_per_second': 29.009, 'epoch': 257.45}
{'loss': 0.0, 'learning_rate': 1.7141793200145234e-06, 'epoch': 258.51}
{'eval_eval_loss': 0.00014971685595810413, 'eval_eval_token_acc': 0.9454451301083158, 'eval_eval_seq_acc': 0.0, 'eval_eval_move_acc': 0.999, 'eval_eval_mod6_acc': 1.0, 'eval_eval_mod4_acc': 0.522022022022022, 'eval_eval_runtime': 1.1037, 'eval_eval_samples_per_second': 1812.091, 'eval_eval_steps_per_second': 28.993, 'epoch': 258.51}
{'eval_train_loss': 7.956226788508047e-09, 'eval_train_token_acc': 0.9467345523435782, 'eval_train_seq_acc': 0.0, 'eval_train_move_acc': 1.0, 'eval_train_mod6_acc': 1.0, 'eval_train_mod4_acc': 0.517, 'eval_train_runtime': 0.5531, 'eval_train_samples_per_second': 1807.844, 'eval_train_steps_per_second': 28.926, 'epoch': 258.51}
  Pushed checkpoint step-61000 to ijinyu1113/ft_mr5_70m_seed1_purenum
{'loss': 0.0, 'learning_rate': 1.6290065802531878e-06, 'epoch': 259.57}
{'eval_eval_loss': 0.0001493655436206609, 'eval_eval_token_acc': 0.9454451301083158, 'eval_eval_seq_acc': 0.0, 'eval_eval_move_acc': 0.999, 'eval_eval_mod6_acc': 1.0, 'eval_eval_mod4_acc': 0.522022022022022, 'eval_eval_runtime': 1.1062, 'eval_eval_samples_per_second': 1807.945, 'eval_eval_steps_per_second': 28.927, 'epoch': 259.57}
{'eval_train_loss': 5.925323343092259e-09, 'eval_train_token_acc': 0.9467345523435782, 'eval_train_seq_acc': 0.0, 'eval_train_move_acc': 1.0, 'eval_train_mod6_acc': 1.0, 'eval_train_mod4_acc': 0.517, 'eval_train_runtime': 0.5532, 'eval_train_samples_per_second': 1807.525, 'eval_train_steps_per_second': 28.92, 'epoch': 259.57}
{'loss': 0.0, 'learning_rate': 1.5458825229070995e-06, 'epoch': 260.64}
{'eval_eval_loss': 0.00014955029473640025, 'eval_eval_token_acc': 0.9454451301083158, 'eval_eval_seq_acc': 0.0, 'eval_eval_move_acc': 0.999, 'eval_eval_mod6_acc': 1.0, 'eval_eval_mod4_acc': 0.522022022022022, 'eval_eval_runtime': 1.106, 'eval_eval_samples_per_second': 1808.352, 'eval_eval_steps_per_second': 28.934, 'epoch': 260.64}
{'eval_train_loss': 6.449109246631224e-09, 'eval_train_token_acc': 0.9467345523435782, 'eval_train_seq_acc': 0.0, 'eval_train_move_acc': 1.0, 'eval_train_mod6_acc': 1.0, 'eval_train_mod4_acc': 0.517, 'eval_train_runtime': 0.5524, 'eval_train_samples_per_second': 1810.243, 'eval_train_steps_per_second': 28.964, 'epoch': 260.64}
{'loss': 0.0, 'learning_rate': 1.4648198841125453e-06, 'epoch': 261.7}
{'eval_eval_loss': 0.00015103882469702512, 'eval_eval_token_acc': 0.9454451301083158, 'eval_eval_seq_acc': 0.0, 'eval_eval_move_acc': 0.999, 'eval_eval_mod6_acc': 1.0, 'eval_eval_mod4_acc': 0.522022022022022, 'eval_eval_runtime': 1.1042, 'eval_eval_samples_per_second': 1811.203, 'eval_eval_steps_per_second': 28.979, 'epoch': 261.7}
{'eval_train_loss': 6.827778786799854e-09, 'eval_train_token_acc': 0.9467345523435782, 'eval_train_seq_acc': 0.0, 'eval_train_move_acc': 1.0, 'eval_train_mod6_acc': 1.0, 'eval_train_mod4_acc': 0.517, 'eval_train_runtime': 0.5504, 'eval_train_samples_per_second': 1816.829, 'eval_train_steps_per_second': 29.069, 'epoch': 261.7}
{'loss': 0.0, 'learning_rate': 1.385831084158543e-06, 'epoch': 262.77}
{'eval_eval_loss': 0.00015027826884761453, 'eval_eval_token_acc': 0.9454451301083158, 'eval_eval_seq_acc': 0.0, 'eval_eval_move_acc': 0.999, 'eval_eval_mod6_acc': 1.0, 'eval_eval_mod4_acc': 0.522022022022022, 'eval_eval_runtime': 1.1006, 'eval_eval_samples_per_second': 1817.231, 'eval_eval_steps_per_second': 29.076, 'epoch': 262.77}
{'eval_train_loss': 6.8331029723367465e-09, 'eval_train_token_acc': 0.9467345523435782, 'eval_train_seq_acc': 0.0, 'eval_train_move_acc': 1.0, 'eval_train_mod6_acc': 1.0, 'eval_train_mod4_acc': 0.517, 'eval_train_runtime': 0.5502, 'eval_train_samples_per_second': 1817.433, 'eval_train_steps_per_second': 29.079, 'epoch': 262.77}
  Pushed checkpoint step-62000 to ijinyu1113/ft_mr5_70m_seed1_purenum
{'loss': 0.0, 'learning_rate': 1.308928225583797e-06, 'epoch': 263.83}
{'eval_eval_loss': 0.0001513310126028955, 'eval_eval_token_acc': 0.9454451301083158, 'eval_eval_seq_acc': 0.0, 'eval_eval_move_acc': 0.999, 'eval_eval_mod6_acc': 1.0, 'eval_eval_mod4_acc': 0.522022022022022, 'eval_eval_runtime': 1.1059, 'eval_eval_samples_per_second': 1808.446, 'eval_eval_steps_per_second': 28.935, 'epoch': 263.83}
{'eval_train_loss': 6.892262760516132e-09, 'eval_train_token_acc': 0.9467345523435782, 'eval_train_seq_acc': 0.0, 'eval_train_move_acc': 1.0, 'eval_train_mod6_acc': 1.0, 'eval_train_mod4_acc': 0.517, 'eval_train_runtime': 0.552, 'eval_train_samples_per_second': 1811.726, 'eval_train_steps_per_second': 28.988, 'epoch': 263.83}
{'loss': 0.0, 'learning_rate': 1.234123091322389e-06, 'epoch': 264.89}
{'eval_eval_loss': 0.0001519333600299433, 'eval_eval_token_acc': 0.9454451301083158, 'eval_eval_seq_acc': 0.0, 'eval_eval_move_acc': 0.999, 'eval_eval_mod6_acc': 1.0, 'eval_eval_mod4_acc': 0.522022022022022, 'eval_eval_runtime': 1.1063, 'eval_eval_samples_per_second': 1807.752, 'eval_eval_steps_per_second': 28.924, 'epoch': 264.89}
{'eval_train_loss': 6.473692248931684e-09, 'eval_train_token_acc': 0.9467345523435782, 'eval_train_seq_acc': 0.0, 'eval_train_move_acc': 1.0, 'eval_train_mod6_acc': 1.0, 'eval_train_mod4_acc': 0.517, 'eval_train_runtime': 0.5527, 'eval_train_samples_per_second': 1809.247, 'eval_train_steps_per_second': 28.948, 'epoch': 264.89}
{'loss': 0.0, 'learning_rate': 1.1614271428984087e-06, 'epoch': 265.96}
{'eval_eval_loss': 0.00015202802023850381, 'eval_eval_token_acc': 0.9454451301083158, 'eval_eval_seq_acc': 0.0, 'eval_eval_move_acc': 0.999, 'eval_eval_mod6_acc': 1.0, 'eval_eval_mod4_acc': 0.522022022022022, 'eval_eval_runtime': 1.1028, 'eval_eval_samples_per_second': 1813.637, 'eval_eval_steps_per_second': 29.018, 'epoch': 265.96}
{'eval_train_loss': 6.156959386771632e-09, 'eval_train_token_acc': 0.9467345523435782, 'eval_train_seq_acc': 0.0, 'eval_train_move_acc': 1.0, 'eval_train_mod6_acc': 1.0, 'eval_train_mod4_acc': 0.517, 'eval_train_runtime': 0.552, 'eval_train_samples_per_second': 1811.45, 'eval_train_steps_per_second': 28.983, 'epoch': 265.96}
{'loss': 0.0, 'learning_rate': 1.0908515186698253e-06, 'epoch': 267.02}
{'eval_eval_loss': 0.0001519114157417789, 'eval_eval_token_acc': 0.9454451301083158, 'eval_eval_seq_acc': 0.0, 'eval_eval_move_acc': 0.999, 'eval_eval_mod6_acc': 1.0, 'eval_eval_mod4_acc': 0.522022022022022, 'eval_eval_runtime': 1.1052, 'eval_eval_samples_per_second': 1809.689, 'eval_eval_steps_per_second': 28.955, 'epoch': 267.02}
{'eval_train_loss': 5.848537654173924e-09, 'eval_train_token_acc': 0.9467345523435782, 'eval_train_seq_acc': 0.0, 'eval_train_move_acc': 1.0, 'eval_train_mod6_acc': 1.0, 'eval_train_mod4_acc': 0.517, 'eval_train_runtime': 0.5521, 'eval_train_samples_per_second': 1811.34, 'eval_train_steps_per_second': 28.981, 'epoch': 267.02}
  Pushed checkpoint step-63000 to ijinyu1113/ft_mr5_70m_seed1_purenum
{'loss': 0.0, 'learning_rate': 1.0224070321219065e-06, 'epoch': 268.09}
{'eval_eval_loss': 0.00015141069889068604, 'eval_eval_token_acc': 0.9454451301083158, 'eval_eval_seq_acc': 0.0, 'eval_eval_move_acc': 0.999, 'eval_eval_mod6_acc': 1.0, 'eval_eval_mod4_acc': 0.522022022022022, 'eval_eval_runtime': 1.1128, 'eval_eval_samples_per_second': 1797.254, 'eval_eval_steps_per_second': 28.756, 'epoch': 268.09}
{'eval_train_loss': 5.980443251729639e-09, 'eval_train_token_acc': 0.9467345523435782, 'eval_train_seq_acc': 0.0, 'eval_train_move_acc': 1.0, 'eval_train_mod6_acc': 1.0, 'eval_train_mod4_acc': 0.517, 'eval_train_runtime': 0.5528, 'eval_train_samples_per_second': 1808.841, 'eval_train_steps_per_second': 28.941, 'epoch': 268.09}
{'loss': 0.0, 'learning_rate': 9.56104170210379e-07, 'epoch': 269.15}
{'eval_eval_loss': 0.00015112789697013795, 'eval_eval_token_acc': 0.9454451301083158, 'eval_eval_seq_acc': 0.0, 'eval_eval_move_acc': 0.999, 'eval_eval_mod6_acc': 1.0, 'eval_eval_mod4_acc': 0.522022022022022, 'eval_eval_runtime': 1.1051, 'eval_eval_samples_per_second': 1809.806, 'eval_eval_steps_per_second': 28.957, 'epoch': 269.15}
{'eval_train_loss': 5.646743517218056e-09, 'eval_train_token_acc': 0.9467345523435782, 'eval_train_seq_acc': 0.0, 'eval_train_move_acc': 1.0, 'eval_train_mod6_acc': 1.0, 'eval_train_mod4_acc': 0.517, 'eval_train_runtime': 0.5534, 'eval_train_samples_per_second': 1806.987, 'eval_train_steps_per_second': 28.912, 'epoch': 269.15}
{'loss': 0.0, 'learning_rate': 8.919530917546354e-07, 'epoch': 270.21}
{'eval_eval_loss': 0.00015212246216833591, 'eval_eval_token_acc': 0.9454451301083158, 'eval_eval_seq_acc': 0.0, 'eval_eval_move_acc': 0.999, 'eval_eval_mod6_acc': 1.0, 'eval_eval_mod4_acc': 0.522022022022022, 'eval_eval_runtime': 1.1032, 'eval_eval_samples_per_second': 1812.974, 'eval_eval_steps_per_second': 29.008, 'epoch': 270.21}
{'eval_train_loss': 5.5911715257650485e-09, 'eval_train_token_acc': 0.9467345523435782, 'eval_train_seq_acc': 0.0, 'eval_train_move_acc': 1.0, 'eval_train_mod6_acc': 1.0, 'eval_train_mod4_acc': 0.517, 'eval_train_runtime': 0.5519, 'eval_train_samples_per_second': 1811.985, 'eval_train_steps_per_second': 28.992, 'epoch': 270.21}
{'loss': 0.0, 'learning_rate': 8.299636258812199e-07, 'epoch': 271.28}
{'eval_eval_loss': 0.00015215465100482106, 'eval_eval_token_acc': 0.9454451301083158, 'eval_eval_seq_acc': 0.0, 'eval_eval_move_acc': 0.999, 'eval_eval_mod6_acc': 1.0, 'eval_eval_mod4_acc': 0.522022022022022, 'eval_eval_runtime': 1.1032, 'eval_eval_samples_per_second': 1812.881, 'eval_eval_steps_per_second': 29.006, 'epoch': 271.28}
{'eval_train_loss': 5.4782249847562525e-09, 'eval_train_token_acc': 0.9467345523435782, 'eval_train_seq_acc': 0.0, 'eval_train_move_acc': 1.0, 'eval_train_mod6_acc': 1.0, 'eval_train_mod4_acc': 0.517, 'eval_train_runtime': 0.5518, 'eval_train_samples_per_second': 1812.218, 'eval_train_steps_per_second': 28.995, 'epoch': 271.28}
  Pushed checkpoint step-64000 to ijinyu1113/ft_mr5_70m_seed1_purenum
{'loss': 0.0, 'learning_rate': 7.701452705178236e-07, 'epoch': 272.34}
{'eval_eval_loss': 0.00015137434820644557, 'eval_eval_token_acc': 0.9454451301083158, 'eval_eval_seq_acc': 0.0, 'eval_eval_move_acc': 0.999, 'eval_eval_mod6_acc': 1.0, 'eval_eval_mod4_acc': 0.522022022022022, 'eval_eval_runtime': 1.1087, 'eval_eval_samples_per_second': 1803.923, 'eval_eval_steps_per_second': 28.863, 'epoch': 272.34}
{'eval_train_loss': 5.308676609416807e-09, 'eval_train_token_acc': 0.9467345523435782, 'eval_train_seq_acc': 0.0, 'eval_train_move_acc': 1.0, 'eval_train_mod6_acc': 1.0, 'eval_train_mod4_acc': 0.517, 'eval_train_runtime': 0.5529, 'eval_train_samples_per_second': 1808.721, 'eval_train_steps_per_second': 28.94, 'epoch': 272.34}
{'loss': 0.0, 'learning_rate': 7.125071909380315e-07, 'epoch': 273.4}
{'eval_eval_loss': 0.00015089839871507138, 'eval_eval_token_acc': 0.9454451301083158, 'eval_eval_seq_acc': 0.0, 'eval_eval_move_acc': 0.999, 'eval_eval_mod6_acc': 1.0, 'eval_eval_mod4_acc': 0.522022022022022, 'eval_eval_runtime': 1.1054, 'eval_eval_samples_per_second': 1809.347, 'eval_eval_steps_per_second': 28.95, 'epoch': 273.4}
{'eval_train_loss': 5.3074638017847064e-09, 'eval_train_token_acc': 0.9467345523435782, 'eval_train_seq_acc': 0.0, 'eval_train_move_acc': 1.0, 'eval_train_mod6_acc': 1.0, 'eval_train_mod4_acc': 0.517, 'eval_train_runtime': 0.5513, 'eval_train_samples_per_second': 1813.813, 'eval_train_steps_per_second': 29.021, 'epoch': 273.4}
{'loss': 0.0, 'learning_rate': 6.570582183570212e-07, 'epoch': 274.47}
{'eval_eval_loss': 0.00015108055958990008, 'eval_eval_token_acc': 0.9454451301083158, 'eval_eval_seq_acc': 0.0, 'eval_eval_move_acc': 0.999, 'eval_eval_mod6_acc': 1.0, 'eval_eval_mod4_acc': 0.522022022022022, 'eval_eval_runtime': 1.1018, 'eval_eval_samples_per_second': 1815.16, 'eval_eval_steps_per_second': 29.043, 'epoch': 274.47}
{'eval_train_loss': 5.111933987222983e-09, 'eval_train_token_acc': 0.9467345523435782, 'eval_train_seq_acc': 0.0, 'eval_train_move_acc': 1.0, 'eval_train_mod6_acc': 1.0, 'eval_train_mod4_acc': 0.517, 'eval_train_runtime': 0.5523, 'eval_train_samples_per_second': 1810.595, 'eval_train_steps_per_second': 28.97, 'epoch': 274.47}
{'loss': 0.0, 'learning_rate': 6.038068485784731e-07, 'epoch': 275.53}
{'eval_eval_loss': 0.00015110932872630656, 'eval_eval_token_acc': 0.9454451301083158, 'eval_eval_seq_acc': 0.0, 'eval_eval_move_acc': 0.999, 'eval_eval_mod6_acc': 1.0, 'eval_eval_mod4_acc': 0.522022022022022, 'eval_eval_runtime': 1.1033, 'eval_eval_samples_per_second': 1812.673, 'eval_eval_steps_per_second': 29.003, 'epoch': 275.53}
{'eval_train_loss': 4.9946113911403245e-09, 'eval_train_token_acc': 0.9467345523435782, 'eval_train_seq_acc': 0.0, 'eval_train_move_acc': 1.0, 'eval_train_mod6_acc': 1.0, 'eval_train_mod4_acc': 0.517, 'eval_train_runtime': 0.551, 'eval_train_samples_per_second': 1814.8, 'eval_train_steps_per_second': 29.037, 'epoch': 275.53}
  Pushed checkpoint step-65000 to ijinyu1113/ft_mr5_70m_seed1_purenum
{'loss': 0.0, 'learning_rate': 5.527612406928457e-07, 'epoch': 276.6}
{'eval_eval_loss': 0.0001517756172688678, 'eval_eval_token_acc': 0.9454451301083158, 'eval_eval_seq_acc': 0.0, 'eval_eval_move_acc': 0.999, 'eval_eval_mod6_acc': 1.0, 'eval_eval_mod4_acc': 0.522022022022022, 'eval_eval_runtime': 1.1064, 'eval_eval_samples_per_second': 1807.64, 'eval_eval_steps_per_second': 28.922, 'epoch': 276.6}
{'eval_train_loss': 4.946823395357569e-09, 'eval_train_token_acc': 0.9467345523435782, 'eval_train_seq_acc': 0.0, 'eval_train_move_acc': 1.0, 'eval_train_mod6_acc': 1.0, 'eval_train_mod4_acc': 0.517, 'eval_train_runtime': 0.5529, 'eval_train_samples_per_second': 1808.781, 'eval_train_steps_per_second': 28.94, 'epoch': 276.6}
{'loss': 0.0, 'learning_rate': 5.039292158272595e-07, 'epoch': 277.66}
{'eval_eval_loss': 0.00015117344446480274, 'eval_eval_token_acc': 0.9454451301083158, 'eval_eval_seq_acc': 0.0, 'eval_eval_move_acc': 0.999, 'eval_eval_mod6_acc': 1.0, 'eval_eval_mod4_acc': 0.522022022022022, 'eval_eval_runtime': 1.1048, 'eval_eval_samples_per_second': 1810.318, 'eval_eval_steps_per_second': 28.965, 'epoch': 277.66}
{'eval_train_loss': 4.819559418223207e-09, 'eval_train_token_acc': 0.9467345523435782, 'eval_train_seq_acc': 0.0, 'eval_train_move_acc': 1.0, 'eval_train_mod6_acc': 1.0, 'eval_train_mod4_acc': 0.517, 'eval_train_runtime': 0.5526, 'eval_train_samples_per_second': 1809.787, 'eval_train_steps_per_second': 28.957, 'epoch': 277.66}
{'loss': 0.0, 'learning_rate': 4.573182559471523e-07, 'epoch': 278.72}
{'eval_eval_loss': 0.0001507866254542023, 'eval_eval_token_acc': 0.9454451301083158, 'eval_eval_seq_acc': 0.0, 'eval_eval_move_acc': 0.999, 'eval_eval_mod6_acc': 1.0, 'eval_eval_mod4_acc': 0.522022022022022, 'eval_eval_runtime': 1.1064, 'eval_eval_samples_per_second': 1807.631, 'eval_eval_steps_per_second': 28.922, 'epoch': 278.72}
{'eval_train_loss': 4.7470081199207925e-09, 'eval_train_token_acc': 0.9467345523435782, 'eval_train_seq_acc': 0.0, 'eval_train_move_acc': 1.0, 'eval_train_mod6_acc': 1.0, 'eval_train_mod4_acc': 0.517, 'eval_train_runtime': 0.5527, 'eval_train_samples_per_second': 1809.448, 'eval_train_steps_per_second': 28.951, 'epoch': 278.72}
{'loss': 0.0, 'learning_rate': 4.1293550270990745e-07, 'epoch': 279.79}
{'eval_eval_loss': 0.00015047250781208277, 'eval_eval_token_acc': 0.9454451301083158, 'eval_eval_seq_acc': 0.0, 'eval_eval_move_acc': 0.999, 'eval_eval_mod6_acc': 1.0, 'eval_eval_mod4_acc': 0.522022022022022, 'eval_eval_runtime': 1.1035, 'eval_eval_samples_per_second': 1812.421, 'eval_eval_steps_per_second': 28.999, 'epoch': 279.79}
{'eval_train_loss': 4.701079525659679e-09, 'eval_train_token_acc': 0.9467345523435782, 'eval_train_seq_acc': 0.0, 'eval_train_move_acc': 1.0, 'eval_train_mod6_acc': 1.0, 'eval_train_mod4_acc': 0.517, 'eval_train_runtime': 0.5523, 'eval_train_samples_per_second': 1810.693, 'eval_train_steps_per_second': 28.971, 'epoch': 279.79}
  Pushed checkpoint step-66000 to ijinyu1113/ft_mr5_70m_seed1_purenum
{'loss': 0.0, 'learning_rate': 3.707877563706158e-07, 'epoch': 280.85}
{'eval_eval_loss': 0.00015063551836647093, 'eval_eval_token_acc': 0.9454451301083158, 'eval_eval_seq_acc': 0.0, 'eval_eval_move_acc': 0.999, 'eval_eval_mod6_acc': 1.0, 'eval_eval_mod4_acc': 0.522022022022022, 'eval_eval_runtime': 1.11, 'eval_eval_samples_per_second': 1801.737, 'eval_eval_steps_per_second': 28.828, 'epoch': 280.85}
{'eval_train_loss': 4.581777623968719e-09, 'eval_train_token_acc': 0.9467345523435782, 'eval_train_seq_acc': 0.0, 'eval_train_move_acc': 1.0, 'eval_train_mod6_acc': 1.0, 'eval_train_mod4_acc': 0.517, 'eval_train_runtime': 0.5518, 'eval_train_samples_per_second': 1812.119, 'eval_train_steps_per_second': 28.994, 'epoch': 280.85}
{'loss': 0.0, 'learning_rate': 3.308814747401567e-07, 'epoch': 281.91}
{'eval_eval_loss': 0.00015075675037223846, 'eval_eval_token_acc': 0.9454451301083158, 'eval_eval_seq_acc': 0.0, 'eval_eval_move_acc': 0.999, 'eval_eval_mod6_acc': 1.0, 'eval_eval_mod4_acc': 0.522022022022022, 'eval_eval_runtime': 1.1012, 'eval_eval_samples_per_second': 1816.204, 'eval_eval_steps_per_second': 29.059, 'epoch': 281.91}
{'eval_train_loss': 4.515309015573621e-09, 'eval_train_token_acc': 0.9467345523435782, 'eval_train_seq_acc': 0.0, 'eval_train_move_acc': 1.0, 'eval_train_mod6_acc': 1.0, 'eval_train_mod4_acc': 0.517, 'eval_train_runtime': 0.5507, 'eval_train_samples_per_second': 1815.833, 'eval_train_steps_per_second': 29.053, 'epoch': 281.91}
{'loss': 0.0, 'learning_rate': 2.9322277219574145e-07, 'epoch': 282.98}
{'eval_eval_loss': 0.0001507043925812468, 'eval_eval_token_acc': 0.9454451301083158, 'eval_eval_seq_acc': 0.0, 'eval_eval_move_acc': 0.999, 'eval_eval_mod6_acc': 1.0, 'eval_eval_mod4_acc': 0.522022022022022, 'eval_eval_runtime': 1.1032, 'eval_eval_samples_per_second': 1812.827, 'eval_eval_steps_per_second': 29.005, 'epoch': 282.98}
{'eval_train_loss': 4.5095553957708034e-09, 'eval_train_token_acc': 0.9467345523435782, 'eval_train_seq_acc': 0.0, 'eval_train_move_acc': 1.0, 'eval_train_mod6_acc': 1.0, 'eval_train_mod4_acc': 0.517, 'eval_train_runtime': 0.5523, 'eval_train_samples_per_second': 1810.487, 'eval_train_steps_per_second': 28.968, 'epoch': 282.98}
{'loss': 0.0, 'learning_rate': 2.578174187440707e-07, 'epoch': 284.04}
{'eval_eval_loss': 0.00015044499014038593, 'eval_eval_token_acc': 0.9454451301083158, 'eval_eval_seq_acc': 0.0, 'eval_eval_move_acc': 0.999, 'eval_eval_mod6_acc': 1.0, 'eval_eval_mod4_acc': 0.522022022022022, 'eval_eval_runtime': 1.102, 'eval_eval_samples_per_second': 1814.843, 'eval_eval_steps_per_second': 29.037, 'epoch': 284.04}
{'eval_train_loss': 4.496027994349561e-09, 'eval_train_token_acc': 0.9467345523435782, 'eval_train_seq_acc': 0.0, 'eval_train_move_acc': 1.0, 'eval_train_mod6_acc': 1.0, 'eval_train_mod4_acc': 0.517, 'eval_train_runtime': 0.5514, 'eval_train_samples_per_second': 1813.484, 'eval_train_steps_per_second': 29.016, 'epoch': 284.04}
  Pushed checkpoint step-67000 to ijinyu1113/ft_mr5_70m_seed1_purenum
{'loss': 0.0, 'learning_rate': 2.2467083913728036e-07, 'epoch': 285.11}
{'eval_eval_loss': 0.0001506360131315887, 'eval_eval_token_acc': 0.9454451301083158, 'eval_eval_seq_acc': 0.0, 'eval_eval_move_acc': 0.999, 'eval_eval_mod6_acc': 1.0, 'eval_eval_mod4_acc': 0.522022022022022, 'eval_eval_runtime': 1.1052, 'eval_eval_samples_per_second': 1809.581, 'eval_eval_steps_per_second': 28.953, 'epoch': 285.11}
{'eval_train_loss': 4.394572261645635e-09, 'eval_train_token_acc': 0.9467345523435782, 'eval_train_seq_acc': 0.0, 'eval_train_move_acc': 1.0, 'eval_train_mod6_acc': 1.0, 'eval_train_mod4_acc': 0.517, 'eval_train_runtime': 0.553, 'eval_train_samples_per_second': 1808.372, 'eval_train_steps_per_second': 28.934, 'epoch': 285.11}
{'loss': 0.0, 'learning_rate': 1.9378811204174617e-07, 'epoch': 286.17}
{'eval_eval_loss': 0.00015063834143802524, 'eval_eval_token_acc': 0.9454451301083158, 'eval_eval_seq_acc': 0.0, 'eval_eval_move_acc': 0.999, 'eval_eval_mod6_acc': 1.0, 'eval_eval_mod4_acc': 0.522022022022022, 'eval_eval_runtime': 1.1018, 'eval_eval_samples_per_second': 1815.143, 'eval_eval_steps_per_second': 29.042, 'epoch': 286.17}
{'eval_train_loss': 4.356309535324954e-09, 'eval_train_token_acc': 0.9467345523435782, 'eval_train_seq_acc': 0.0, 'eval_train_move_acc': 1.0, 'eval_train_mod6_acc': 1.0, 'eval_train_mod4_acc': 0.517, 'eval_train_runtime': 0.5521, 'eval_train_samples_per_second': 1811.362, 'eval_train_steps_per_second': 28.982, 'epoch': 286.17}
{'loss': 0.0, 'learning_rate': 1.6517396925995797e-07, 'epoch': 287.23}
{'eval_eval_loss': 0.0001504905812907964, 'eval_eval_token_acc': 0.9454451301083158, 'eval_eval_seq_acc': 0.0, 'eval_eval_move_acc': 0.999, 'eval_eval_mod6_acc': 1.0, 'eval_eval_mod4_acc': 0.522022022022022, 'eval_eval_runtime': 1.1026, 'eval_eval_samples_per_second': 1813.952, 'eval_eval_steps_per_second': 29.023, 'epoch': 287.23}
{'eval_train_loss': 4.37115899032392e-09, 'eval_train_token_acc': 0.9467345523435782, 'eval_train_seq_acc': 0.0, 'eval_train_move_acc': 1.0, 'eval_train_mod6_acc': 1.0, 'eval_train_mod4_acc': 0.517, 'eval_train_runtime': 0.5514, 'eval_train_samples_per_second': 1813.545, 'eval_train_steps_per_second': 29.017, 'epoch': 287.23}
{'loss': 0.0, 'learning_rate': 1.3883279500551295e-07, 'epoch': 288.3}
{'eval_eval_loss': 0.00015071431698743254, 'eval_eval_token_acc': 0.9454451301083158, 'eval_eval_seq_acc': 0.0, 'eval_eval_move_acc': 0.999, 'eval_eval_mod6_acc': 1.0, 'eval_eval_mod4_acc': 0.522022022022022, 'eval_eval_runtime': 1.1041, 'eval_eval_samples_per_second': 1811.405, 'eval_eval_steps_per_second': 28.982, 'epoch': 288.3}
{'eval_train_loss': 4.338301273776324e-09, 'eval_train_token_acc': 0.9467345523435782, 'eval_train_seq_acc': 0.0, 'eval_train_move_acc': 1.0, 'eval_train_mod6_acc': 1.0, 'eval_train_mod4_acc': 0.517, 'eval_train_runtime': 0.5525, 'eval_train_samples_per_second': 1810.101, 'eval_train_steps_per_second': 28.962, 'epoch': 288.3}
  Pushed checkpoint step-68000 to ijinyu1113/ft_mr5_70m_seed1_purenum
{'loss': 0.0, 'learning_rate': 1.1476862523137122e-07, 'epoch': 289.36}
{'eval_eval_loss': 0.00015061484009493142, 'eval_eval_token_acc': 0.9454451301083158, 'eval_eval_seq_acc': 0.0, 'eval_eval_move_acc': 0.999, 'eval_eval_mod6_acc': 1.0, 'eval_eval_mod4_acc': 0.522022022022022, 'eval_eval_runtime': 1.1035, 'eval_eval_samples_per_second': 1812.337, 'eval_eval_steps_per_second': 28.997, 'epoch': 289.36}
{'eval_train_loss': 4.311984103111399e-09, 'eval_train_token_acc': 0.9467345523435782, 'eval_train_seq_acc': 0.0, 'eval_train_move_acc': 1.0, 'eval_train_mod6_acc': 1.0, 'eval_train_mod4_acc': 0.517, 'eval_train_runtime': 0.5508, 'eval_train_samples_per_second': 1815.535, 'eval_train_steps_per_second': 29.049, 'epoch': 289.36}
{'loss': 0.0, 'learning_rate': 9.298514701147898e-08, 'epoch': 290.43}
{'eval_eval_loss': 0.00015069804794620723, 'eval_eval_token_acc': 0.9454451301083158, 'eval_eval_seq_acc': 0.0, 'eval_eval_move_acc': 0.999, 'eval_eval_mod6_acc': 1.0, 'eval_eval_mod4_acc': 0.522022022022022, 'eval_eval_runtime': 1.1029, 'eval_eval_samples_per_second': 1813.386, 'eval_eval_steps_per_second': 29.014, 'epoch': 290.43}
{'eval_train_loss': 4.2979828585032465e-09, 'eval_train_token_acc': 0.9467345523435782, 'eval_train_seq_acc': 0.0, 'eval_train_move_acc': 1.0, 'eval_train_mod6_acc': 1.0, 'eval_train_mod4_acc': 0.517, 'eval_train_runtime': 0.5519, 'eval_train_samples_per_second': 1811.772, 'eval_train_steps_per_second': 28.988, 'epoch': 290.43}
{'loss': 0.0, 'learning_rate': 7.348569797583527e-08, 'epoch': 291.49}
{'eval_eval_loss': 0.00015057128621265292, 'eval_eval_token_acc': 0.9454451301083158, 'eval_eval_seq_acc': 0.0, 'eval_eval_move_acc': 0.999, 'eval_eval_mod6_acc': 1.0, 'eval_eval_mod4_acc': 0.522022022022022, 'eval_eval_runtime': 1.1042, 'eval_eval_samples_per_second': 1811.242, 'eval_eval_steps_per_second': 28.98, 'epoch': 291.49}
{'eval_train_loss': 4.297870948022364e-09, 'eval_train_token_acc': 0.9467345523435782, 'eval_train_seq_acc': 0.0, 'eval_train_move_acc': 1.0, 'eval_train_mod6_acc': 1.0, 'eval_train_mod4_acc': 0.517, 'eval_train_runtime': 0.5524, 'eval_train_samples_per_second': 1810.341, 'eval_train_steps_per_second': 28.965, 'epoch': 291.49}
{'loss': 0.0, 'learning_rate': 5.627326579911107e-08, 'epoch': 292.55}
{'eval_eval_loss': 0.00015047994384076446, 'eval_eval_token_acc': 0.9454451301083158, 'eval_eval_seq_acc': 0.0, 'eval_eval_move_acc': 0.999, 'eval_eval_mod6_acc': 1.0, 'eval_eval_mod4_acc': 0.522022022022022, 'eval_eval_runtime': 1.1019, 'eval_eval_samples_per_second': 1815.054, 'eval_eval_steps_per_second': 29.041, 'epoch': 292.55}
{'eval_train_loss': 4.27789137447121e-09, 'eval_train_token_acc': 0.9467345523435782, 'eval_train_seq_acc': 0.0, 'eval_train_move_acc': 1.0, 'eval_train_mod6_acc': 1.0, 'eval_train_mod4_acc': 0.517, 'eval_train_runtime': 0.5509, 'eval_train_samples_per_second': 1815.049, 'eval_train_steps_per_second': 29.041, 'epoch': 292.55}
  Pushed checkpoint step-69000 to ijinyu1113/ft_mr5_70m_seed1_purenum
{'loss': 0.0, 'learning_rate': 4.135048774287553e-08, 'epoch': 293.62}
{'eval_eval_loss': 0.000150523308548145, 'eval_eval_token_acc': 0.9454451301083158, 'eval_eval_seq_acc': 0.0, 'eval_eval_move_acc': 0.999, 'eval_eval_mod6_acc': 1.0, 'eval_eval_mod4_acc': 0.522022022022022, 'eval_eval_runtime': 1.1079, 'eval_eval_samples_per_second': 1805.151, 'eval_eval_steps_per_second': 28.882, 'epoch': 293.62}
{'eval_train_loss': 4.2779397801950836e-09, 'eval_train_token_acc': 0.9467345523435782, 'eval_train_seq_acc': 0.0, 'eval_train_move_acc': 1.0, 'eval_train_mod6_acc': 1.0, 'eval_train_mod4_acc': 0.517, 'eval_train_runtime': 0.5516, 'eval_train_samples_per_second': 1812.805, 'eval_train_steps_per_second': 29.005, 'epoch': 293.62}
{'loss': 0.0, 'learning_rate': 2.8719650251529116e-08, 'epoch': 294.68}
{'eval_eval_loss': 0.0001505035033915192, 'eval_eval_token_acc': 0.9454451301083158, 'eval_eval_seq_acc': 0.0, 'eval_eval_move_acc': 0.999, 'eval_eval_mod6_acc': 1.0, 'eval_eval_mod4_acc': 0.522022022022022, 'eval_eval_runtime': 1.1018, 'eval_eval_samples_per_second': 1815.152, 'eval_eval_steps_per_second': 29.042, 'epoch': 294.68}
{'eval_train_loss': 4.273909670615694e-09, 'eval_train_token_acc': 0.9467345523435782, 'eval_train_seq_acc': 0.0, 'eval_train_move_acc': 1.0, 'eval_train_mod6_acc': 1.0, 'eval_train_mod4_acc': 0.517, 'eval_train_runtime': 0.5512, 'eval_train_samples_per_second': 1814.229, 'eval_train_steps_per_second': 29.028, 'epoch': 294.68}
{'loss': 0.0, 'learning_rate': 1.8382688601967234e-08, 'epoch': 295.74}
{'eval_eval_loss': 0.0001505124382674694, 'eval_eval_token_acc': 0.9454451301083158, 'eval_eval_seq_acc': 0.0, 'eval_eval_move_acc': 0.999, 'eval_eval_mod6_acc': 1.0, 'eval_eval_mod4_acc': 0.522022022022022, 'eval_eval_runtime': 1.0995, 'eval_eval_samples_per_second': 1819.087, 'eval_eval_steps_per_second': 29.105, 'epoch': 295.74}
{'eval_train_loss': 4.2679437761705685e-09, 'eval_train_token_acc': 0.9467345523435782, 'eval_train_seq_acc': 0.0, 'eval_train_move_acc': 1.0, 'eval_train_mod6_acc': 1.0, 'eval_train_mod4_acc': 0.517, 'eval_train_runtime': 0.5506, 'eval_train_samples_per_second': 1816.292, 'eval_train_steps_per_second': 29.061, 'epoch': 295.74}
{'loss': 0.0, 'learning_rate': 1.03411866070674e-08, 'epoch': 296.81}
{'eval_eval_loss': 0.00015050287765916437, 'eval_eval_token_acc': 0.9454451301083158, 'eval_eval_seq_acc': 0.0, 'eval_eval_move_acc': 0.999, 'eval_eval_mod6_acc': 1.0, 'eval_eval_mod4_acc': 0.522022022022022, 'eval_eval_runtime': 1.1049, 'eval_eval_samples_per_second': 1810.174, 'eval_eval_steps_per_second': 28.963, 'epoch': 296.81}
{'eval_train_loss': 4.269942177614894e-09, 'eval_train_token_acc': 0.9467345523435782, 'eval_train_seq_acc': 0.0, 'eval_train_move_acc': 1.0, 'eval_train_mod6_acc': 1.0, 'eval_train_mod4_acc': 0.517, 'eval_train_runtime': 0.5526, 'eval_train_samples_per_second': 1809.606, 'eval_train_steps_per_second': 28.954, 'epoch': 296.81}
  Pushed checkpoint step-70000 to ijinyu1113/ft_mr5_70m_seed1_purenum
{'loss': 0.0, 'learning_rate': 4.596376373016686e-09, 'epoch': 297.87}
{'eval_eval_loss': 0.000150502790347673, 'eval_eval_token_acc': 0.9454451301083158, 'eval_eval_seq_acc': 0.0, 'eval_eval_move_acc': 0.999, 'eval_eval_mod6_acc': 1.0, 'eval_eval_mod4_acc': 0.522022022022022, 'eval_eval_runtime': 1.1016, 'eval_eval_samples_per_second': 1815.472, 'eval_eval_steps_per_second': 29.048, 'epoch': 297.87}
{'eval_train_loss': 4.269942177614894e-09, 'eval_train_token_acc': 0.9467345523435782, 'eval_train_seq_acc': 0.0, 'eval_train_move_acc': 1.0, 'eval_train_mod6_acc': 1.0, 'eval_train_mod4_acc': 0.517, 'eval_train_runtime': 0.5511, 'eval_train_samples_per_second': 1814.44, 'eval_train_steps_per_second': 29.031, 'epoch': 297.87}
{'loss': 0.0, 'learning_rate': 1.149138110534409e-09, 'epoch': 298.94}
{'eval_eval_loss': 0.00015050050569698215, 'eval_eval_token_acc': 0.9454451301083158, 'eval_eval_seq_acc': 0.0, 'eval_eval_move_acc': 0.999, 'eval_eval_mod6_acc': 1.0, 'eval_eval_mod4_acc': 0.522022022022022, 'eval_eval_runtime': 1.1038, 'eval_eval_samples_per_second': 1811.961, 'eval_eval_steps_per_second': 28.991, 'epoch': 298.94}
{'eval_train_loss': 4.269942177614894e-09, 'eval_train_token_acc': 0.9467345523435782, 'eval_train_seq_acc': 0.0, 'eval_train_move_acc': 1.0, 'eval_train_mod6_acc': 1.0, 'eval_train_mod4_acc': 0.517, 'eval_train_runtime': 0.5518, 'eval_train_samples_per_second': 1812.259, 'eval_train_steps_per_second': 28.996, 'epoch': 298.94}
{'loss': 0.0, 'learning_rate': 0.0, 'epoch': 300.0}
{'eval_eval_loss': 0.00015049544163048267, 'eval_eval_token_acc': 0.9454451301083158, 'eval_eval_seq_acc': 0.0, 'eval_eval_move_acc': 0.999, 'eval_eval_mod6_acc': 1.0, 'eval_eval_mod4_acc': 0.522022022022022, 'eval_eval_runtime': 1.1061, 'eval_eval_samples_per_second': 1808.205, 'eval_eval_steps_per_second': 28.931, 'epoch': 300.0}
{'eval_train_loss': 4.269942177614894e-09, 'eval_train_token_acc': 0.9467345523435782, 'eval_train_seq_acc': 0.0, 'eval_train_move_acc': 1.0, 'eval_train_mod6_acc': 1.0, 'eval_train_mod4_acc': 0.517, 'eval_train_runtime': 0.5527, 'eval_train_samples_per_second': 1809.279, 'eval_train_steps_per_second': 28.948, 'epoch': 300.0}
{'train_runtime': 6362.2747, 'train_samples_per_second': 707.294, 'train_steps_per_second': 11.081, 'train_loss': 2.3020219740740857, 'epoch': 300.0}
  Pushed checkpoint step-70500 to ijinyu1113/ft_mr5_70m_seed1_purenum
Final eval: {'eval_loss': 0.00015049544163048267, 'eval_token_acc': 0.9454451301083158, 'eval_seq_acc': 0.0, 'eval_move_acc': 0.999, 'eval_mod6_acc': 1.0, 'eval_mod4_acc': 0.522022022022022, 'eval_runtime': 1.1069, 'eval_samples_per_second': 1806.859, 'eval_steps_per_second': 28.91, 'epoch': 300.0}
Final train: {'train_loss': 4.269942177614894e-09, 'train_token_acc': 0.9467345523435782, 'train_seq_acc': 0.0, 'train_move_acc': 1.0, 'train_mod6_acc': 1.0, 'train_mod4_acc': 0.517, 'train_runtime': 0.5525, 'train_samples_per_second': 1809.991, 'train_steps_per_second': 28.96, 'epoch': 300.0}
