=== array task 2: mr=4 seed=1 size=70m lr=3e-5 eval=250 save=1000 ===
Config: max_remove=4, seed=1, model=70m (EleutherAI/pythia-70m-deduped), lr=3e-05
HF_REPO=ijinyu1113/ft_mr4_70m_seed1_purenum
TRAIN_FILE=../data/purenums/4_train.jsonl
EVAL_FILE=../data/purenums/4_eval.jsonl
METRICS_JSONL=new_result/purenum_metrics/mr4_70m_seed1.jsonl
Using base checkpoint: step143000
train: 15000 examples, eval: 2000 examples
train_acc subset: 1000 examples
train size=15000, steps/epoch=235, epochs=300 → ~70500 total steps
{'loss': 643.8024, 'learning_rate': 1.0638297872340427e-06, 'epoch': 1.06}
{'eval_eval_loss': 0.08537677675485611, 'eval_eval_token_acc': 0.9439132483031772, 'eval_eval_seq_acc': 0.0, 'eval_eval_move_acc': 0.203, 'eval_eval_mod5_acc': 0.203, 'eval_eval_mod4_acc': 0.2575, 'eval_eval_runtime': 1.1267, 'eval_eval_samples_per_second': 1775.024, 'eval_eval_steps_per_second': 28.4, 'epoch': 1.06}
{'eval_train_loss': 0.08505529910326004, 'eval_train_token_acc': 0.9454446817888991, 'eval_train_seq_acc': 0.0, 'eval_train_move_acc': 0.19, 'eval_train_mod5_acc': 0.19, 'eval_train_mod4_acc': 0.247, 'eval_train_runtime': 0.5626, 'eval_train_samples_per_second': 1777.354, 'eval_train_steps_per_second': 28.438, 'epoch': 1.06}
{'loss': 0.0304, 'learning_rate': 2.1276595744680853e-06, 'epoch': 2.13}
{'eval_eval_loss': 0.0290258526802063, 'eval_eval_token_acc': 0.9439481444000488, 'eval_eval_seq_acc': 0.0, 'eval_eval_move_acc': 0.1745, 'eval_eval_mod5_acc': 0.1745, 'eval_eval_mod4_acc': 0.2375, 'eval_eval_runtime': 1.1353, 'eval_eval_samples_per_second': 1761.625, 'eval_eval_steps_per_second': 28.186, 'epoch': 2.13}
{'eval_train_loss': 0.028196224942803383, 'eval_train_token_acc': 0.9454955413148883, 'eval_train_seq_acc': 0.0, 'eval_train_move_acc': 0.195, 'eval_train_mod5_acc': 0.195, 'eval_train_mod4_acc': 0.276, 'eval_train_runtime': 0.5626, 'eval_train_samples_per_second': 1777.581, 'eval_train_steps_per_second': 28.441, 'epoch': 2.13}
{'loss': 0.0275, 'learning_rate': 3.1914893617021277e-06, 'epoch': 3.19}
{'eval_eval_loss': 0.028202001005411148, 'eval_eval_token_acc': 0.9439481444000488, 'eval_eval_seq_acc': 0.0, 'eval_eval_move_acc': 0.206, 'eval_eval_mod5_acc': 0.20745216515609266, 'eval_eval_mod4_acc': 0.24823766364551864, 'eval_eval_runtime': 1.1215, 'eval_eval_samples_per_second': 1783.354, 'eval_eval_steps_per_second': 28.534, 'epoch': 3.19}
{'eval_train_loss': 0.027432747185230255, 'eval_train_token_acc': 0.9454955413148883, 'eval_train_seq_acc': 0.0, 'eval_train_move_acc': 0.199, 'eval_train_mod5_acc': 0.20080726538849647, 'eval_train_mod4_acc': 0.25529767911200807, 'eval_train_runtime': 0.5628, 'eval_train_samples_per_second': 1776.732, 'eval_train_steps_per_second': 28.428, 'epoch': 3.19}
  Pushed checkpoint step-1000 to ijinyu1113/ft_mr4_70m_seed1_purenum
{'loss': 0.0275, 'learning_rate': 4.255319148936171e-06, 'epoch': 4.26}
{'eval_eval_loss': 0.028254777193069458, 'eval_eval_token_acc': 0.9439481444000488, 'eval_eval_seq_acc': 0.0, 'eval_eval_move_acc': 0.2, 'eval_eval_mod5_acc': 0.32, 'eval_eval_mod4_acc': 0.2528, 'eval_eval_runtime': 1.1099, 'eval_eval_samples_per_second': 1801.966, 'eval_eval_steps_per_second': 28.831, 'epoch': 4.26}
{'eval_train_loss': 0.02735733985900879, 'eval_train_token_acc': 0.9454955413148883, 'eval_train_seq_acc': 0.0, 'eval_train_move_acc': 0.224, 'eval_train_mod5_acc': 0.3328380386329866, 'eval_train_mod4_acc': 0.2362555720653789, 'eval_train_runtime': 0.5684, 'eval_train_samples_per_second': 1759.349, 'eval_train_steps_per_second': 28.15, 'epoch': 4.26}
{'loss': 0.0279, 'learning_rate': 5.319148936170213e-06, 'epoch': 5.32}
{'eval_eval_loss': 0.028145208954811096, 'eval_eval_token_acc': 0.9439481444000488, 'eval_eval_seq_acc': 0.0, 'eval_eval_move_acc': 0.2205, 'eval_eval_mod5_acc': 0.22272727272727272, 'eval_eval_mod4_acc': 0.24242424242424243, 'eval_eval_runtime': 1.1242, 'eval_eval_samples_per_second': 1779.048, 'eval_eval_steps_per_second': 28.465, 'epoch': 5.32}
{'eval_train_loss': 0.02740713208913803, 'eval_train_token_acc': 0.9454955413148883, 'eval_train_seq_acc': 0.0, 'eval_train_move_acc': 0.194, 'eval_train_mod5_acc': 0.19556451612903225, 'eval_train_mod4_acc': 0.23891129032258066, 'eval_train_runtime': 0.5674, 'eval_train_samples_per_second': 1762.301, 'eval_train_steps_per_second': 28.197, 'epoch': 5.32}
{'loss': 0.029, 'learning_rate': 6.3829787234042555e-06, 'epoch': 6.38}
{'eval_eval_loss': 0.02826729230582714, 'eval_eval_token_acc': 0.9439481444000488, 'eval_eval_seq_acc': 0.0, 'eval_eval_move_acc': 0.206, 'eval_eval_mod5_acc': 0.206, 'eval_eval_mod4_acc': 0.248, 'eval_eval_runtime': 1.1383, 'eval_eval_samples_per_second': 1756.994, 'eval_eval_steps_per_second': 28.112, 'epoch': 6.38}
{'eval_train_loss': 0.027525465935468674, 'eval_train_token_acc': 0.9454955413148883, 'eval_train_seq_acc': 0.0, 'eval_train_move_acc': 0.199, 'eval_train_mod5_acc': 0.199, 'eval_train_mod4_acc': 0.258, 'eval_train_runtime': 0.5599, 'eval_train_samples_per_second': 1786.188, 'eval_train_steps_per_second': 28.579, 'epoch': 6.38}
{'loss': 0.0274, 'learning_rate': 7.446808510638298e-06, 'epoch': 7.45}
{'eval_eval_loss': 0.028126366436481476, 'eval_eval_token_acc': 0.9439481444000488, 'eval_eval_seq_acc': 0.0, 'eval_eval_move_acc': 0.213, 'eval_eval_mod5_acc': 0.5657370517928287, 'eval_eval_mod4_acc': 0.2536520584329349, 'eval_eval_runtime': 1.1173, 'eval_eval_samples_per_second': 1789.961, 'eval_eval_steps_per_second': 28.639, 'epoch': 7.45}
{'eval_train_loss': 0.02729301154613495, 'eval_train_token_acc': 0.9454955413148883, 'eval_train_seq_acc': 0.0, 'eval_train_move_acc': 0.222, 'eval_train_mod5_acc': 0.5045454545454545, 'eval_train_mod4_acc': 0.225, 'eval_train_runtime': 0.5741, 'eval_train_samples_per_second': 1741.738, 'eval_train_steps_per_second': 27.868, 'epoch': 7.45}
  Pushed checkpoint step-2000 to ijinyu1113/ft_mr4_70m_seed1_purenum
{'loss': 0.0275, 'learning_rate': 8.510638297872341e-06, 'epoch': 8.51}
{'eval_eval_loss': 0.028217528015375137, 'eval_eval_token_acc': 0.9439481444000488, 'eval_eval_seq_acc': 0.0, 'eval_eval_move_acc': 0.2125, 'eval_eval_mod5_acc': 1.0, 'eval_eval_mod4_acc': 0.2776470588235294, 'eval_eval_runtime': 1.1426, 'eval_eval_samples_per_second': 1750.396, 'eval_eval_steps_per_second': 28.006, 'epoch': 8.51}
{'eval_train_loss': 0.027431465685367584, 'eval_train_token_acc': 0.9454955413148883, 'eval_train_seq_acc': 0.0, 'eval_train_move_acc': 0.215, 'eval_train_mod5_acc': 1.0, 'eval_train_mod4_acc': 0.2186046511627907, 'eval_train_runtime': 0.5695, 'eval_train_samples_per_second': 1755.895, 'eval_train_steps_per_second': 28.094, 'epoch': 8.51}
{'loss': 0.0561, 'learning_rate': 9.574468085106385e-06, 'epoch': 9.57}
{'eval_eval_loss': 0.028350919485092163, 'eval_eval_token_acc': 0.9439481444000488, 'eval_eval_seq_acc': 0.0, 'eval_eval_move_acc': 0.2195, 'eval_eval_mod5_acc': 0.21960980490245122, 'eval_eval_mod4_acc': 0.24312156078039018, 'eval_eval_runtime': 1.1448, 'eval_eval_samples_per_second': 1746.97, 'eval_eval_steps_per_second': 27.952, 'epoch': 9.57}
{'eval_train_loss': 0.027630165219306946, 'eval_train_token_acc': 0.9454955413148883, 'eval_train_seq_acc': 0.0, 'eval_train_move_acc': 0.195, 'eval_train_mod5_acc': 0.195, 'eval_train_mod4_acc': 0.238, 'eval_train_runtime': 0.5728, 'eval_train_samples_per_second': 1745.889, 'eval_train_steps_per_second': 27.934, 'epoch': 9.57}
{'loss': 0.0286, 'learning_rate': 1.0638297872340426e-05, 'epoch': 10.64}
{'eval_eval_loss': 0.028186332434415817, 'eval_eval_token_acc': 0.9439481444000488, 'eval_eval_seq_acc': 0.0, 'eval_eval_move_acc': 0.22, 'eval_eval_mod5_acc': 0.22011005502751377, 'eval_eval_mod4_acc': 0.24312156078039018, 'eval_eval_runtime': 1.1351, 'eval_eval_samples_per_second': 1761.885, 'eval_eval_steps_per_second': 28.19, 'epoch': 10.64}
{'eval_train_loss': 0.02738056145608425, 'eval_train_token_acc': 0.9454955413148883, 'eval_train_seq_acc': 0.0, 'eval_train_move_acc': 0.195, 'eval_train_mod5_acc': 0.19519519519519518, 'eval_train_mod4_acc': 0.23923923923923923, 'eval_train_runtime': 0.5609, 'eval_train_samples_per_second': 1782.826, 'eval_train_steps_per_second': 28.525, 'epoch': 10.64}
{'loss': 0.0276, 'learning_rate': 1.170212765957447e-05, 'epoch': 11.7}
{'eval_eval_loss': 0.028473950922489166, 'eval_eval_token_acc': 0.9439481444000488, 'eval_eval_seq_acc': 0.0, 'eval_eval_move_acc': 0.18, 'eval_eval_mod5_acc': 0.18108651911468812, 'eval_eval_mod4_acc': 0.24647887323943662, 'eval_eval_runtime': 1.1233, 'eval_eval_samples_per_second': 1780.524, 'eval_eval_steps_per_second': 28.488, 'epoch': 11.7}
{'eval_train_loss': 0.0274332407861948, 'eval_train_token_acc': 0.9454955413148883, 'eval_train_seq_acc': 0.0, 'eval_train_move_acc': 0.211, 'eval_train_mod5_acc': 0.21206030150753769, 'eval_train_mod4_acc': 0.27839195979899495, 'eval_train_runtime': 0.5738, 'eval_train_samples_per_second': 1742.812, 'eval_train_steps_per_second': 27.885, 'epoch': 11.7}
  Pushed checkpoint step-3000 to ijinyu1113/ft_mr4_70m_seed1_purenum
{'loss': 0.0275, 'learning_rate': 1.2765957446808511e-05, 'epoch': 12.77}
{'eval_eval_loss': 0.02826610952615738, 'eval_eval_token_acc': 0.9439481444000488, 'eval_eval_seq_acc': 0.0, 'eval_eval_move_acc': 0.2045, 'eval_eval_mod5_acc': 0.2393212404915155, 'eval_eval_mod4_acc': 0.24985371562317144, 'eval_eval_runtime': 1.1379, 'eval_eval_samples_per_second': 1757.615, 'eval_eval_steps_per_second': 28.122, 'epoch': 12.77}
{'eval_train_loss': 0.027346625924110413, 'eval_train_token_acc': 0.9454955413148883, 'eval_train_seq_acc': 0.0, 'eval_train_move_acc': 0.209, 'eval_train_mod5_acc': 0.2345679012345679, 'eval_train_mod4_acc': 0.23232323232323232, 'eval_train_runtime': 0.5698, 'eval_train_samples_per_second': 1754.963, 'eval_train_steps_per_second': 28.079, 'epoch': 12.77}
{'loss': 0.0275, 'learning_rate': 1.3829787234042554e-05, 'epoch': 13.83}
{'eval_eval_loss': 0.02850290760397911, 'eval_eval_token_acc': 0.9439481444000488, 'eval_eval_seq_acc': 0.0, 'eval_eval_move_acc': 0.189, 'eval_eval_mod5_acc': 0.2096505823627288, 'eval_eval_mod4_acc': 0.2601220188574598, 'eval_eval_runtime': 1.1448, 'eval_eval_samples_per_second': 1747.071, 'eval_eval_steps_per_second': 27.953, 'epoch': 13.83}
{'eval_train_loss': 0.027387363836169243, 'eval_train_token_acc': 0.9454955413148883, 'eval_train_seq_acc': 0.0, 'eval_train_move_acc': 0.222, 'eval_train_mod5_acc': 0.24, 'eval_train_mod4_acc': 0.24324324324324326, 'eval_train_runtime': 0.5766, 'eval_train_samples_per_second': 1734.356, 'eval_train_steps_per_second': 27.75, 'epoch': 13.83}
{'loss': 0.0371, 'learning_rate': 1.4893617021276596e-05, 'epoch': 14.89}
{'eval_eval_loss': 0.028560981154441833, 'eval_eval_token_acc': 0.9439481444000488, 'eval_eval_seq_acc': 0.0, 'eval_eval_move_acc': 0.217, 'eval_eval_mod5_acc': 0.22580645161290322, 'eval_eval_mod4_acc': 0.24141519250780438, 'eval_eval_runtime': 1.1408, 'eval_eval_samples_per_second': 1753.105, 'eval_eval_steps_per_second': 28.05, 'epoch': 14.89}
{'eval_train_loss': 0.027538388967514038, 'eval_train_token_acc': 0.9454955413148883, 'eval_train_seq_acc': 0.0, 'eval_train_move_acc': 0.198, 'eval_train_mod5_acc': 0.20518134715025907, 'eval_train_mod4_acc': 0.23937823834196892, 'eval_train_runtime': 0.5731, 'eval_train_samples_per_second': 1744.894, 'eval_train_steps_per_second': 27.918, 'epoch': 14.89}
{'loss': 0.0274, 'learning_rate': 1.5957446808510637e-05, 'epoch': 15.96}
{'eval_eval_loss': 0.028973350301384926, 'eval_eval_token_acc': 0.9439481444000488, 'eval_eval_seq_acc': 0.0, 'eval_eval_move_acc': 0.166, 'eval_eval_mod5_acc': 0.19179664933564414, 'eval_eval_mod4_acc': 0.23339110340843444, 'eval_eval_runtime': 1.1399, 'eval_eval_samples_per_second': 1754.612, 'eval_eval_steps_per_second': 28.074, 'epoch': 15.96}
{'eval_train_loss': 0.02752906270325184, 'eval_train_token_acc': 0.9454955413148883, 'eval_train_seq_acc': 0.0, 'eval_train_move_acc': 0.185, 'eval_train_mod5_acc': 0.2116704805491991, 'eval_train_mod4_acc': 0.2643020594965675, 'eval_train_runtime': 0.5631, 'eval_train_samples_per_second': 1775.813, 'eval_train_steps_per_second': 28.413, 'epoch': 15.96}
  Pushed checkpoint step-4000 to ijinyu1113/ft_mr4_70m_seed1_purenum
{'loss': 0.0274, 'learning_rate': 1.7021276595744682e-05, 'epoch': 17.02}
{'eval_eval_loss': 0.028669776394963264, 'eval_eval_token_acc': 0.9439481444000488, 'eval_eval_seq_acc': 0.0, 'eval_eval_move_acc': 0.201, 'eval_eval_mod5_acc': 0.24408014571949, 'eval_eval_mod4_acc': 0.2416514875531269, 'eval_eval_runtime': 1.1337, 'eval_eval_samples_per_second': 1764.138, 'eval_eval_steps_per_second': 28.226, 'epoch': 17.02}
{'eval_train_loss': 0.02745964750647545, 'eval_train_token_acc': 0.9454955413148883, 'eval_train_seq_acc': 0.0, 'eval_train_move_acc': 0.224, 'eval_train_mod5_acc': 0.26198830409356727, 'eval_train_mod4_acc': 0.23391812865497075, 'eval_train_runtime': 0.5735, 'eval_train_samples_per_second': 1743.623, 'eval_train_steps_per_second': 27.898, 'epoch': 17.02}
{'loss': 0.0274, 'learning_rate': 1.8085106382978724e-05, 'epoch': 18.09}
{'eval_eval_loss': 0.029049888253211975, 'eval_eval_token_acc': 0.9439481444000488, 'eval_eval_seq_acc': 0.0, 'eval_eval_move_acc': 0.178, 'eval_eval_mod5_acc': 0.2202970297029703, 'eval_eval_mod4_acc': 0.2438118811881188, 'eval_eval_runtime': 1.1335, 'eval_eval_samples_per_second': 1764.391, 'eval_eval_steps_per_second': 28.23, 'epoch': 18.09}
{'eval_train_loss': 0.027029957622289658, 'eval_train_token_acc': 0.9454955413148883, 'eval_train_seq_acc': 0.0, 'eval_train_move_acc': 0.251, 'eval_train_mod5_acc': 0.29634002361275086, 'eval_train_mod4_acc': 0.26210153482880755, 'eval_train_runtime': 0.57, 'eval_train_samples_per_second': 1754.5, 'eval_train_steps_per_second': 28.072, 'epoch': 18.09}
{'loss': 0.0274, 'learning_rate': 1.914893617021277e-05, 'epoch': 19.15}
{'eval_eval_loss': 0.02926677279174328, 'eval_eval_token_acc': 0.9439481444000488, 'eval_eval_seq_acc': 0.0, 'eval_eval_move_acc': 0.2135, 'eval_eval_mod5_acc': 0.25910194174757284, 'eval_eval_mod4_acc': 0.25849514563106796, 'eval_eval_runtime': 1.138, 'eval_eval_samples_per_second': 1757.496, 'eval_eval_steps_per_second': 28.12, 'epoch': 19.15}
{'eval_train_loss': 0.02751084417104721, 'eval_train_token_acc': 0.9454955413148883, 'eval_train_seq_acc': 0.0, 'eval_train_move_acc': 0.226, 'eval_train_mod5_acc': 0.26872770511296074, 'eval_train_mod4_acc': 0.22711058263971462, 'eval_train_runtime': 0.5747, 'eval_train_samples_per_second': 1740.019, 'eval_train_steps_per_second': 27.84, 'epoch': 19.15}
{'loss': 0.0274, 'learning_rate': 2.0212765957446807e-05, 'epoch': 20.21}
{'eval_eval_loss': 0.029309840872883797, 'eval_eval_token_acc': 0.9439481444000488, 'eval_eval_seq_acc': 0.0, 'eval_eval_move_acc': 0.1915, 'eval_eval_mod5_acc': 0.4500587544065805, 'eval_eval_mod4_acc': 0.245593419506463, 'eval_eval_runtime': 1.1348, 'eval_eval_samples_per_second': 1762.414, 'eval_eval_steps_per_second': 28.199, 'epoch': 20.21}
{'eval_train_loss': 0.027312545105814934, 'eval_train_token_acc': 0.9454955413148883, 'eval_train_seq_acc': 0.0, 'eval_train_move_acc': 0.243, 'eval_train_mod5_acc': 0.5282608695652173, 'eval_train_mod4_acc': 0.24347826086956523, 'eval_train_runtime': 0.5726, 'eval_train_samples_per_second': 1746.422, 'eval_train_steps_per_second': 27.943, 'epoch': 20.21}
  Pushed checkpoint step-5000 to ijinyu1113/ft_mr4_70m_seed1_purenum
{'loss': 0.0274, 'learning_rate': 2.1276595744680852e-05, 'epoch': 21.28}
{'eval_eval_loss': 0.028967006132006645, 'eval_eval_token_acc': 0.9439481444000488, 'eval_eval_seq_acc': 0.0, 'eval_eval_move_acc': 0.18, 'eval_eval_mod5_acc': 0.24489795918367346, 'eval_eval_mod4_acc': 0.23877551020408164, 'eval_eval_runtime': 1.1154, 'eval_eval_samples_per_second': 1793.138, 'eval_eval_steps_per_second': 28.69, 'epoch': 21.28}
{'eval_train_loss': 0.026770293712615967, 'eval_train_token_acc': 0.9454955413148883, 'eval_train_seq_acc': 0.0, 'eval_train_move_acc': 0.276, 'eval_train_mod5_acc': 0.35844155844155845, 'eval_train_mod4_acc': 0.24155844155844156, 'eval_train_runtime': 0.5667, 'eval_train_samples_per_second': 1764.693, 'eval_train_steps_per_second': 28.235, 'epoch': 21.28}
{'loss': 0.0273, 'learning_rate': 2.2340425531914894e-05, 'epoch': 22.34}
{'eval_eval_loss': 0.029331017285585403, 'eval_eval_token_acc': 0.9439481444000488, 'eval_eval_seq_acc': 0.0, 'eval_eval_move_acc': 0.1785, 'eval_eval_mod5_acc': 0.18632567849686849, 'eval_eval_mod4_acc': 0.24478079331941544, 'eval_eval_runtime': 1.1308, 'eval_eval_samples_per_second': 1768.596, 'eval_eval_steps_per_second': 28.298, 'epoch': 22.34}
{'eval_train_loss': 0.02710682712495327, 'eval_train_token_acc': 0.9454955413148883, 'eval_train_seq_acc': 0.0, 'eval_train_move_acc': 0.265, 'eval_train_mod5_acc': 0.2729145211122554, 'eval_train_mod4_acc': 0.2615859938208033, 'eval_train_runtime': 0.5692, 'eval_train_samples_per_second': 1756.812, 'eval_train_steps_per_second': 28.109, 'epoch': 22.34}
{'loss': 0.0272, 'learning_rate': 2.340425531914894e-05, 'epoch': 23.4}
{'eval_eval_loss': 0.02961832471191883, 'eval_eval_token_acc': 0.9439481444000488, 'eval_eval_seq_acc': 0.0, 'eval_eval_move_acc': 0.1905, 'eval_eval_mod5_acc': 0.21049723756906077, 'eval_eval_mod4_acc': 0.25524861878453037, 'eval_eval_runtime': 1.1423, 'eval_eval_samples_per_second': 1750.894, 'eval_eval_steps_per_second': 28.014, 'epoch': 23.4}
{'eval_train_loss': 0.02764192223548889, 'eval_train_token_acc': 0.9454955413148883, 'eval_train_seq_acc': 0.0, 'eval_train_move_acc': 0.238, 'eval_train_mod5_acc': 0.2572972972972973, 'eval_train_mod4_acc': 0.252972972972973, 'eval_train_runtime': 0.5656, 'eval_train_samples_per_second': 1767.901, 'eval_train_steps_per_second': 28.286, 'epoch': 23.4}
{'loss': 0.0272, 'learning_rate': 2.4468085106382977e-05, 'epoch': 24.47}
{'eval_eval_loss': 0.029019197449088097, 'eval_eval_token_acc': 0.9439481444000488, 'eval_eval_seq_acc': 0.0, 'eval_eval_move_acc': 0.172, 'eval_eval_mod5_acc': 0.20635872825434912, 'eval_eval_mod4_acc': 0.23455308938212358, 'eval_eval_runtime': 1.1183, 'eval_eval_samples_per_second': 1788.422, 'eval_eval_steps_per_second': 28.615, 'epoch': 24.47}
{'eval_train_loss': 0.026841241866350174, 'eval_train_token_acc': 0.9454955413148883, 'eval_train_seq_acc': 0.0, 'eval_train_move_acc': 0.253, 'eval_train_mod5_acc': 0.2948717948717949, 'eval_train_mod4_acc': 0.24125874125874125, 'eval_train_runtime': 0.571, 'eval_train_samples_per_second': 1751.247, 'eval_train_steps_per_second': 28.02, 'epoch': 24.47}
  Pushed checkpoint step-6000 to ijinyu1113/ft_mr4_70m_seed1_purenum
{'loss': 0.0271, 'learning_rate': 2.5531914893617022e-05, 'epoch': 25.53}
{'eval_eval_loss': 0.029768124222755432, 'eval_eval_token_acc': 0.9439481444000488, 'eval_eval_seq_acc': 0.0, 'eval_eval_move_acc': 0.177, 'eval_eval_mod5_acc': 0.1847599164926931, 'eval_eval_mod4_acc': 0.24791231732776617, 'eval_eval_runtime': 1.1375, 'eval_eval_samples_per_second': 1758.292, 'eval_eval_steps_per_second': 28.133, 'epoch': 25.53}
{'eval_train_loss': 0.027270346879959106, 'eval_train_token_acc': 0.9454955413148883, 'eval_train_seq_acc': 0.0, 'eval_train_move_acc': 0.242, 'eval_train_mod5_acc': 0.25, 'eval_train_mod4_acc': 0.259297520661157, 'eval_train_runtime': 0.5715, 'eval_train_samples_per_second': 1749.693, 'eval_train_steps_per_second': 27.995, 'epoch': 25.53}
{'loss': 0.0271, 'learning_rate': 2.6595744680851064e-05, 'epoch': 26.6}
{'eval_eval_loss': 0.029743365943431854, 'eval_eval_token_acc': 0.9439481444000488, 'eval_eval_seq_acc': 0.0, 'eval_eval_move_acc': 0.185, 'eval_eval_mod5_acc': 0.34450651769087526, 'eval_eval_mod4_acc': 0.24022346368715083, 'eval_eval_runtime': 1.1424, 'eval_eval_samples_per_second': 1750.675, 'eval_eval_steps_per_second': 28.011, 'epoch': 26.6}
{'eval_train_loss': 0.02707604132592678, 'eval_train_token_acc': 0.9454955413148883, 'eval_train_seq_acc': 0.0, 'eval_train_move_acc': 0.249, 'eval_train_mod5_acc': 0.42857142857142855, 'eval_train_mod4_acc': 0.2495697074010327, 'eval_train_runtime': 0.569, 'eval_train_samples_per_second': 1757.541, 'eval_train_steps_per_second': 28.121, 'epoch': 26.6}
{'loss': 0.0271, 'learning_rate': 2.765957446808511e-05, 'epoch': 27.66}
{'eval_eval_loss': 0.029263092204928398, 'eval_eval_token_acc': 0.9439481444000488, 'eval_eval_seq_acc': 0.0, 'eval_eval_move_acc': 0.186, 'eval_eval_mod5_acc': 0.26666666666666666, 'eval_eval_mod4_acc': 0.24372759856630824, 'eval_eval_runtime': 1.1318, 'eval_eval_samples_per_second': 1767.106, 'eval_eval_steps_per_second': 28.274, 'epoch': 27.66}
{'eval_train_loss': 0.026655783876776695, 'eval_train_token_acc': 0.9454955413148883, 'eval_train_seq_acc': 0.0, 'eval_train_move_acc': 0.275, 'eval_train_mod5_acc': 0.3798342541436464, 'eval_train_mod4_acc': 0.25828729281767954, 'eval_train_runtime': 0.5743, 'eval_train_samples_per_second': 1741.231, 'eval_train_steps_per_second': 27.86, 'epoch': 27.66}
{'loss': 0.0271, 'learning_rate': 2.872340425531915e-05, 'epoch': 28.72}
{'eval_eval_loss': 0.03031359426677227, 'eval_eval_token_acc': 0.9439481444000488, 'eval_eval_seq_acc': 0.0, 'eval_eval_move_acc': 0.1795, 'eval_eval_mod5_acc': 0.18223350253807108, 'eval_eval_mod4_acc': 0.22690355329949238, 'eval_eval_runtime': 1.1309, 'eval_eval_samples_per_second': 1768.463, 'eval_eval_steps_per_second': 28.295, 'epoch': 28.72}
{'eval_train_loss': 0.027495041489601135, 'eval_train_token_acc': 0.9454955413148883, 'eval_train_seq_acc': 0.0, 'eval_train_move_acc': 0.25, 'eval_train_mod5_acc': 0.2535496957403651, 'eval_train_mod4_acc': 0.2829614604462475, 'eval_train_runtime': 0.5737, 'eval_train_samples_per_second': 1743.126, 'eval_train_steps_per_second': 27.89, 'epoch': 28.72}
  Pushed checkpoint step-7000 to ijinyu1113/ft_mr4_70m_seed1_purenum
{'loss': 0.0271, 'learning_rate': 2.9787234042553192e-05, 'epoch': 29.79}
{'eval_eval_loss': 0.029468055814504623, 'eval_eval_token_acc': 0.9439481444000488, 'eval_eval_seq_acc': 0.0, 'eval_eval_move_acc': 0.1725, 'eval_eval_mod5_acc': 0.19124168514412418, 'eval_eval_mod4_acc': 0.2311529933481153, 'eval_eval_runtime': 1.1364, 'eval_eval_samples_per_second': 1759.956, 'eval_eval_steps_per_second': 28.159, 'epoch': 29.79}
{'eval_train_loss': 0.026922432705760002, 'eval_train_token_acc': 0.9454955413148883, 'eval_train_seq_acc': 0.0, 'eval_train_move_acc': 0.25, 'eval_train_mod5_acc': 0.27502750275027504, 'eval_train_mod4_acc': 0.2508250825082508, 'eval_train_runtime': 0.5679, 'eval_train_samples_per_second': 1760.995, 'eval_train_steps_per_second': 28.176, 'epoch': 29.79}
{'loss': 0.0271, 'learning_rate': 2.9999264548228676e-05, 'epoch': 30.85}
{'eval_eval_loss': 0.029633086174726486, 'eval_eval_token_acc': 0.9439481444000488, 'eval_eval_seq_acc': 0.0, 'eval_eval_move_acc': 0.1895, 'eval_eval_mod5_acc': 0.22294117647058823, 'eval_eval_mod4_acc': 0.24941176470588236, 'eval_eval_runtime': 1.1271, 'eval_eval_samples_per_second': 1774.389, 'eval_eval_steps_per_second': 28.39, 'epoch': 30.85}
{'eval_train_loss': 0.027122948318719864, 'eval_train_token_acc': 0.9454955413148883, 'eval_train_seq_acc': 0.0, 'eval_train_move_acc': 0.236, 'eval_train_mod5_acc': 0.271889400921659, 'eval_train_mod4_acc': 0.24539170506912442, 'eval_train_runtime': 0.5672, 'eval_train_samples_per_second': 1762.909, 'eval_train_steps_per_second': 28.207, 'epoch': 30.85}
{'loss': 0.0271, 'learning_rate': 2.9996276899008885e-05, 'epoch': 31.91}
{'eval_eval_loss': 0.029873276129364967, 'eval_eval_token_acc': 0.9439481444000488, 'eval_eval_seq_acc': 0.0, 'eval_eval_move_acc': 0.17, 'eval_eval_mod5_acc': 0.17137096774193547, 'eval_eval_mod4_acc': 0.23336693548387097, 'eval_eval_runtime': 1.1383, 'eval_eval_samples_per_second': 1757.041, 'eval_eval_steps_per_second': 28.113, 'epoch': 31.91}
{'eval_train_loss': 0.027212172746658325, 'eval_train_token_acc': 0.9454955413148883, 'eval_train_seq_acc': 0.0, 'eval_train_move_acc': 0.27, 'eval_train_mod5_acc': 0.2721774193548387, 'eval_train_mod4_acc': 0.2651209677419355, 'eval_train_runtime': 0.5731, 'eval_train_samples_per_second': 1744.98, 'eval_train_steps_per_second': 27.92, 'epoch': 31.91}
{'loss': 0.0271, 'learning_rate': 2.9990991544015662e-05, 'epoch': 32.98}
{'eval_eval_loss': 0.029956845566630363, 'eval_eval_token_acc': 0.9439481444000488, 'eval_eval_seq_acc': 0.0, 'eval_eval_move_acc': 0.178, 'eval_eval_mod5_acc': 0.18826017979904813, 'eval_eval_mod4_acc': 0.2242199894235854, 'eval_eval_runtime': 1.1429, 'eval_eval_samples_per_second': 1749.946, 'eval_eval_steps_per_second': 27.999, 'epoch': 32.98}
{'eval_train_loss': 0.02725561149418354, 'eval_train_token_acc': 0.9454955413148883, 'eval_train_seq_acc': 0.0, 'eval_train_move_acc': 0.215, 'eval_train_mod5_acc': 0.22466039707419017, 'eval_train_mod4_acc': 0.26959247648902823, 'eval_train_runtime': 0.5736, 'eval_train_samples_per_second': 1743.39, 'eval_train_steps_per_second': 27.894, 'epoch': 32.98}
  Pushed checkpoint step-8000 to ijinyu1113/ft_mr4_70m_seed1_purenum
{'loss': 0.0271, 'learning_rate': 2.9983409293062717e-05, 'epoch': 34.04}
{'eval_eval_loss': 0.029526205733418465, 'eval_eval_token_acc': 0.9439481444000488, 'eval_eval_seq_acc': 0.0, 'eval_eval_move_acc': 0.185, 'eval_eval_mod5_acc': 0.21688159437280188, 'eval_eval_mod4_acc': 0.24970691676436108, 'eval_eval_runtime': 1.1162, 'eval_eval_samples_per_second': 1791.852, 'eval_eval_steps_per_second': 28.67, 'epoch': 34.04}
{'eval_train_loss': 0.026732081547379494, 'eval_train_token_acc': 0.9454955413148883, 'eval_train_seq_acc': 0.0, 'eval_train_move_acc': 0.279, 'eval_train_mod5_acc': 0.3174061433447099, 'eval_train_mod4_acc': 0.26393629124004553, 'eval_train_runtime': 0.5668, 'eval_train_samples_per_second': 1764.246, 'eval_train_steps_per_second': 28.228, 'epoch': 34.04}
{'loss': 0.0272, 'learning_rate': 2.9973531307890522e-05, 'epoch': 35.11}
{'eval_eval_loss': 0.02979062870144844, 'eval_eval_token_acc': 0.9439481444000488, 'eval_eval_seq_acc': 0.0, 'eval_eval_move_acc': 0.172, 'eval_eval_mod5_acc': 0.18356456776947705, 'eval_eval_mod4_acc': 0.24119530416221985, 'eval_eval_runtime': 1.1343, 'eval_eval_samples_per_second': 1763.16, 'eval_eval_steps_per_second': 28.211, 'epoch': 35.11}
{'eval_train_loss': 0.02682480588555336, 'eval_train_token_acc': 0.9454955413148883, 'eval_train_seq_acc': 0.0, 'eval_train_move_acc': 0.254, 'eval_train_mod5_acc': 0.26569037656903766, 'eval_train_mod4_acc': 0.26359832635983266, 'eval_train_runtime': 0.5684, 'eval_train_samples_per_second': 1759.316, 'eval_train_steps_per_second': 28.149, 'epoch': 35.11}
{'loss': 0.027, 'learning_rate': 2.9961359101988298e-05, 'epoch': 36.17}
{'eval_eval_loss': 0.03044586069881916, 'eval_eval_token_acc': 0.9439481444000488, 'eval_eval_seq_acc': 0.0, 'eval_eval_move_acc': 0.165, 'eval_eval_mod5_acc': 0.18792710706150342, 'eval_eval_mod4_acc': 0.24088838268792712, 'eval_eval_runtime': 1.1468, 'eval_eval_samples_per_second': 1744.052, 'eval_eval_steps_per_second': 27.905, 'epoch': 36.17}
{'eval_train_loss': 0.02691199816763401, 'eval_train_token_acc': 0.9454955413148883, 'eval_train_seq_acc': 0.0, 'eval_train_move_acc': 0.268, 'eval_train_mod5_acc': 0.2954796030871003, 'eval_train_mod4_acc': 0.25468577728776187, 'eval_train_runtime': 0.573, 'eval_train_samples_per_second': 1745.149, 'eval_train_steps_per_second': 27.922, 'epoch': 36.17}
{'loss': 0.027, 'learning_rate': 2.9946894540362144e-05, 'epoch': 37.23}
{'eval_eval_loss': 0.029899030923843384, 'eval_eval_token_acc': 0.9439481444000488, 'eval_eval_seq_acc': 0.0, 'eval_eval_move_acc': 0.1655, 'eval_eval_mod5_acc': 0.18196811434854315, 'eval_eval_mod4_acc': 0.24244090159428258, 'eval_eval_runtime': 1.1442, 'eval_eval_samples_per_second': 1747.875, 'eval_eval_steps_per_second': 27.966, 'epoch': 37.23}
{'eval_train_loss': 0.027015918865799904, 'eval_train_token_acc': 0.9454955413148883, 'eval_train_seq_acc': 0.0, 'eval_train_move_acc': 0.246, 'eval_train_mod5_acc': 0.26537216828478966, 'eval_train_mod4_acc': 0.2686084142394822, 'eval_train_runtime': 0.5708, 'eval_train_samples_per_second': 1751.785, 'eval_train_steps_per_second': 28.029, 'epoch': 37.23}
  Pushed checkpoint step-9000 to ijinyu1113/ft_mr4_70m_seed1_purenum
{'loss': 0.0271, 'learning_rate': 2.9930139839249263e-05, 'epoch': 38.3}
{'eval_eval_loss': 0.03002294898033142, 'eval_eval_token_acc': 0.9439481444000488, 'eval_eval_seq_acc': 0.0, 'eval_eval_move_acc': 0.184, 'eval_eval_mod5_acc': 0.3786008230452675, 'eval_eval_mod4_acc': 0.25617283950617287, 'eval_eval_runtime': 1.1152, 'eval_eval_samples_per_second': 1793.416, 'eval_eval_steps_per_second': 28.695, 'epoch': 38.3}
{'eval_train_loss': 0.026774181053042412, 'eval_train_token_acc': 0.9454955413148883, 'eval_train_seq_acc': 0.0, 'eval_train_move_acc': 0.274, 'eval_train_mod5_acc': 0.5383104125736738, 'eval_train_mod4_acc': 0.2691552062868369, 'eval_train_runtime': 0.5665, 'eval_train_samples_per_second': 1765.117, 'eval_train_steps_per_second': 28.242, 'epoch': 38.3}
{'loss': 0.0592, 'learning_rate': 2.9911097565778392e-05, 'epoch': 39.36}
{'eval_eval_loss': 0.02963067591190338, 'eval_eval_token_acc': 0.9439481444000488, 'eval_eval_seq_acc': 0.0, 'eval_eval_move_acc': 0.174, 'eval_eval_mod5_acc': 0.1891304347826087, 'eval_eval_mod4_acc': 0.24239130434782608, 'eval_eval_runtime': 1.1415, 'eval_eval_samples_per_second': 1752.127, 'eval_eval_steps_per_second': 28.034, 'epoch': 39.36}
{'eval_train_loss': 0.026843661442399025, 'eval_train_token_acc': 0.9454955413148883, 'eval_train_seq_acc': 0.0, 'eval_train_move_acc': 0.28, 'eval_train_mod5_acc': 0.29882604055496265, 'eval_train_mod4_acc': 0.24226254002134473, 'eval_train_runtime': 0.576, 'eval_train_samples_per_second': 1736.149, 'eval_train_steps_per_second': 27.778, 'epoch': 39.36}
{'loss': 0.027, 'learning_rate': 2.98897706375765e-05, 'epoch': 40.43}
{'eval_eval_loss': 0.029880234971642494, 'eval_eval_token_acc': 0.9439481444000488, 'eval_eval_seq_acc': 0.0, 'eval_eval_move_acc': 0.1925, 'eval_eval_mod5_acc': 0.2330508474576271, 'eval_eval_mod4_acc': 0.2457627118644068, 'eval_eval_runtime': 1.1431, 'eval_eval_samples_per_second': 1749.664, 'eval_eval_steps_per_second': 27.995, 'epoch': 40.43}
{'eval_train_loss': 0.02702932432293892, 'eval_train_token_acc': 0.9454955413148883, 'eval_train_seq_acc': 0.0, 'eval_train_move_acc': 0.241, 'eval_train_mod5_acc': 0.2841981132075472, 'eval_train_mod4_acc': 0.23938679245283018, 'eval_train_runtime': 0.5734, 'eval_train_samples_per_second': 1743.972, 'eval_train_steps_per_second': 27.904, 'epoch': 40.43}
{'loss': 0.0269, 'learning_rate': 2.9866162322321703e-05, 'epoch': 41.49}
{'eval_eval_loss': 0.029755335301160812, 'eval_eval_token_acc': 0.9439481444000488, 'eval_eval_seq_acc': 0.0, 'eval_eval_move_acc': 0.197, 'eval_eval_mod5_acc': 0.2042509072058061, 'eval_eval_mod4_acc': 0.2405391394504925, 'eval_eval_runtime': 1.1472, 'eval_eval_samples_per_second': 1743.301, 'eval_eval_steps_per_second': 27.893, 'epoch': 41.49}
{'eval_train_loss': 0.02686668373644352, 'eval_train_token_acc': 0.9454955413148883, 'eval_train_seq_acc': 0.0, 'eval_train_move_acc': 0.247, 'eval_train_mod5_acc': 0.2530737704918033, 'eval_train_mod4_acc': 0.25, 'eval_train_runtime': 0.5716, 'eval_train_samples_per_second': 1749.622, 'eval_train_steps_per_second': 27.994, 'epoch': 41.49}
  Pushed checkpoint step-10000 to ijinyu1113/ft_mr4_70m_seed1_purenum
{'loss': 0.0269, 'learning_rate': 2.9840276237242647e-05, 'epoch': 42.55}
{'eval_eval_loss': 0.030032390728592873, 'eval_eval_token_acc': 0.9439481444000488, 'eval_eval_seq_acc': 0.0, 'eval_eval_move_acc': 0.1675, 'eval_eval_mod5_acc': 0.2580893682588598, 'eval_eval_mod4_acc': 0.23959938366718028, 'eval_eval_runtime': 1.143, 'eval_eval_samples_per_second': 1749.716, 'eval_eval_steps_per_second': 27.995, 'epoch': 42.55}
{'eval_train_loss': 0.026661239564418793, 'eval_train_token_acc': 0.9454955413148883, 'eval_train_seq_acc': 0.0, 'eval_train_move_acc': 0.275, 'eval_train_mod5_acc': 0.3793103448275862, 'eval_train_mod4_acc': 0.2579310344827586, 'eval_train_runtime': 0.57, 'eval_train_samples_per_second': 1754.472, 'eval_train_steps_per_second': 28.072, 'epoch': 42.55}
{'loss': 0.0268, 'learning_rate': 2.981211634856424e-05, 'epoch': 43.62}
{'eval_eval_loss': 0.029732292518019676, 'eval_eval_token_acc': 0.9439481444000488, 'eval_eval_seq_acc': 0.0, 'eval_eval_move_acc': 0.181, 'eval_eval_mod5_acc': 0.2026875699888018, 'eval_eval_mod4_acc': 0.24468085106382978, 'eval_eval_runtime': 1.1533, 'eval_eval_samples_per_second': 1734.195, 'eval_eval_steps_per_second': 27.747, 'epoch': 43.62}
{'eval_train_loss': 0.026800673454999924, 'eval_train_token_acc': 0.9454955413148883, 'eval_train_seq_acc': 0.0, 'eval_train_move_acc': 0.26, 'eval_train_mod5_acc': 0.2866593164277839, 'eval_train_mod4_acc': 0.25468577728776187, 'eval_train_runtime': 0.5717, 'eval_train_samples_per_second': 1749.15, 'eval_train_steps_per_second': 27.986, 'epoch': 43.62}
{'loss': 0.0268, 'learning_rate': 2.9781686970899998e-05, 'epoch': 44.68}
{'eval_eval_loss': 0.029813339933753014, 'eval_eval_token_acc': 0.9439481444000488, 'eval_eval_seq_acc': 0.0, 'eval_eval_move_acc': 0.186, 'eval_eval_mod5_acc': 0.22129684711481262, 'eval_eval_mod4_acc': 0.2409280190362879, 'eval_eval_runtime': 1.1462, 'eval_eval_samples_per_second': 1744.93, 'eval_eval_steps_per_second': 27.919, 'epoch': 44.68}
{'eval_train_loss': 0.026723695918917656, 'eval_train_token_acc': 0.9454955413148883, 'eval_train_seq_acc': 0.0, 'eval_train_move_acc': 0.265, 'eval_train_mod5_acc': 0.2997737556561086, 'eval_train_mod4_acc': 0.2420814479638009, 'eval_train_runtime': 0.5714, 'eval_train_samples_per_second': 1749.948, 'eval_train_steps_per_second': 27.999, 'epoch': 44.68}
{'loss': 0.0267, 'learning_rate': 2.9748992766590924e-05, 'epoch': 45.74}
{'eval_eval_loss': 0.029407959431409836, 'eval_eval_token_acc': 0.9439481444000488, 'eval_eval_seq_acc': 0.0, 'eval_eval_move_acc': 0.1775, 'eval_eval_mod5_acc': 0.1920995670995671, 'eval_eval_mod4_acc': 0.23917748917748918, 'eval_eval_runtime': 1.1257, 'eval_eval_samples_per_second': 1776.691, 'eval_eval_steps_per_second': 28.427, 'epoch': 45.74}
{'eval_train_loss': 0.02652161754667759, 'eval_train_token_acc': 0.9454955413148883, 'eval_train_seq_acc': 0.0, 'eval_train_move_acc': 0.279, 'eval_train_mod5_acc': 0.29523809523809524, 'eval_train_mod4_acc': 0.26455026455026454, 'eval_train_runtime': 0.5722, 'eval_train_samples_per_second': 1747.633, 'eval_train_steps_per_second': 27.962, 'epoch': 45.74}
  Pushed checkpoint step-11000 to ijinyu1113/ft_mr4_70m_seed1_purenum
{'loss': 0.0267, 'learning_rate': 2.971403874499117e-05, 'epoch': 46.81}
{'eval_eval_loss': 0.0304578747600317, 'eval_eval_token_acc': 0.9439481444000488, 'eval_eval_seq_acc': 0.0, 'eval_eval_move_acc': 0.1955, 'eval_eval_mod5_acc': 0.19767441860465115, 'eval_eval_mod4_acc': 0.2396359959555106, 'eval_eval_runtime': 1.1275, 'eval_eval_samples_per_second': 1773.765, 'eval_eval_steps_per_second': 28.38, 'epoch': 46.81}
{'eval_train_loss': 0.0271786917001009, 'eval_train_token_acc': 0.9454955413148883, 'eval_train_seq_acc': 0.0, 'eval_train_move_acc': 0.249, 'eval_train_mod5_acc': 0.25100806451612906, 'eval_train_mod4_acc': 0.25100806451612906, 'eval_train_runtime': 0.5689, 'eval_train_samples_per_second': 1757.828, 'eval_train_steps_per_second': 28.125, 'epoch': 46.81}
{'loss': 0.0268, 'learning_rate': 2.967683026170052e-05, 'epoch': 47.87}
{'eval_eval_loss': 0.03063148446381092, 'eval_eval_token_acc': 0.9439481444000488, 'eval_eval_seq_acc': 0.0, 'eval_eval_move_acc': 0.1775, 'eval_eval_mod5_acc': 0.2384150436534587, 'eval_eval_mod4_acc': 0.23438549361987912, 'eval_eval_runtime': 1.1463, 'eval_eval_samples_per_second': 1744.776, 'eval_eval_steps_per_second': 27.916, 'epoch': 47.87}
{'eval_train_loss': 0.026768703013658524, 'eval_train_token_acc': 0.9454955413148883, 'eval_train_seq_acc': 0.0, 'eval_train_move_acc': 0.284, 'eval_train_mod5_acc': 0.3497536945812808, 'eval_train_mod4_acc': 0.23029556650246305, 'eval_train_runtime': 0.5751, 'eval_train_samples_per_second': 1738.978, 'eval_train_steps_per_second': 27.824, 'epoch': 47.87}
{'loss': 0.0266, 'learning_rate': 2.963737301774379e-05, 'epoch': 48.94}
{'eval_eval_loss': 0.03086952492594719, 'eval_eval_token_acc': 0.9439481444000488, 'eval_eval_seq_acc': 0.0, 'eval_eval_move_acc': 0.1785, 'eval_eval_mod5_acc': 0.4160839160839161, 'eval_eval_mod4_acc': 0.26107226107226106, 'eval_eval_runtime': 1.1474, 'eval_eval_samples_per_second': 1743.073, 'eval_eval_steps_per_second': 27.889, 'epoch': 48.94}
{'eval_train_loss': 0.027208823710680008, 'eval_train_token_acc': 0.9454955413148883, 'eval_train_seq_acc': 0.0, 'eval_train_move_acc': 0.253, 'eval_train_mod5_acc': 0.5622222222222222, 'eval_train_mod4_acc': 0.26666666666666666, 'eval_train_runtime': 0.5723, 'eval_train_samples_per_second': 1747.474, 'eval_train_steps_per_second': 27.96, 'epoch': 48.94}
{'loss': 0.0265, 'learning_rate': 2.959567305869736e-05, 'epoch': 50.0}
{'eval_eval_loss': 0.02965805120766163, 'eval_eval_token_acc': 0.9439481444000488, 'eval_eval_seq_acc': 0.0, 'eval_eval_move_acc': 0.189, 'eval_eval_mod5_acc': 0.28020756115641215, 'eval_eval_mod4_acc': 0.22979985174203113, 'eval_eval_runtime': 1.1382, 'eval_eval_samples_per_second': 1757.174, 'eval_eval_steps_per_second': 28.115, 'epoch': 50.0}
{'eval_train_loss': 0.025678733363747597, 'eval_train_token_acc': 0.9454955413148883, 'eval_train_seq_acc': 0.0, 'eval_train_move_acc': 0.326, 'eval_train_mod5_acc': 0.4358288770053476, 'eval_train_mod4_acc': 0.2553475935828877, 'eval_train_runtime': 0.5682, 'eval_train_samples_per_second': 1759.793, 'eval_train_steps_per_second': 28.157, 'epoch': 50.0}
  Pushed checkpoint step-12000 to ijinyu1113/ft_mr4_70m_seed1_purenum
{'loss': 0.0242, 'learning_rate': 2.955173677376284e-05, 'epoch': 51.06}
{'eval_eval_loss': 0.024903083220124245, 'eval_eval_token_acc': 0.9439481444000488, 'eval_eval_seq_acc': 0.0, 'eval_eval_move_acc': 0.3495, 'eval_eval_mod5_acc': 0.5154867256637168, 'eval_eval_mod4_acc': 0.2676991150442478, 'eval_eval_runtime': 1.1446, 'eval_eval_samples_per_second': 1747.338, 'eval_eval_steps_per_second': 27.957, 'epoch': 51.06}
{'eval_train_loss': 0.019781596958637238, 'eval_train_token_acc': 0.9454955413148883, 'eval_train_seq_acc': 0.0, 'eval_train_move_acc': 0.498, 'eval_train_mod5_acc': 0.6459143968871596, 'eval_train_mod4_acc': 0.2697795071335927, 'eval_train_runtime': 0.5684, 'eval_train_samples_per_second': 1759.308, 'eval_train_steps_per_second': 28.149, 'epoch': 51.06}
{'loss': 0.011, 'learning_rate': 2.9505570894788162e-05, 'epoch': 52.13}
{'eval_eval_loss': 0.006891309749335051, 'eval_eval_token_acc': 0.9439481444000488, 'eval_eval_seq_acc': 0.0, 'eval_eval_move_acc': 0.8445, 'eval_eval_mod5_acc': 0.8917634635691658, 'eval_eval_mod4_acc': 0.2555438225976769, 'eval_eval_runtime': 1.1462, 'eval_eval_samples_per_second': 1744.897, 'eval_eval_steps_per_second': 27.918, 'epoch': 52.13}
{'eval_train_loss': 0.004792636726051569, 'eval_train_token_acc': 0.9454955413148883, 'eval_train_seq_acc': 0.0, 'eval_train_move_acc': 0.892, 'eval_train_mod5_acc': 0.9129989764585466, 'eval_train_mod4_acc': 0.25895598771750256, 'eval_train_runtime': 0.5743, 'eval_train_samples_per_second': 1741.253, 'eval_train_steps_per_second': 27.86, 'epoch': 52.13}
{'loss': 0.0031, 'learning_rate': 2.9457182495236116e-05, 'epoch': 53.19}
{'eval_eval_loss': 0.002374785952270031, 'eval_eval_token_acc': 0.9439481444000488, 'eval_eval_seq_acc': 0.0, 'eval_eval_move_acc': 0.951, 'eval_eval_mod5_acc': 0.9581863979848867, 'eval_eval_mod4_acc': 0.2594458438287154, 'eval_eval_runtime': 1.1449, 'eval_eval_samples_per_second': 1746.805, 'eval_eval_steps_per_second': 27.949, 'epoch': 53.19}
{'eval_train_loss': 0.0013449034886434674, 'eval_train_token_acc': 0.9454955413148883, 'eval_train_seq_acc': 0.0, 'eval_train_move_acc': 0.974, 'eval_train_mod5_acc': 0.9769307923771314, 'eval_train_mod4_acc': 0.24974924774322968, 'eval_train_runtime': 0.5715, 'eval_train_samples_per_second': 1749.664, 'eval_train_steps_per_second': 27.995, 'epoch': 53.19}
{'loss': 0.001, 'learning_rate': 2.9406578989100573e-05, 'epoch': 54.26}
{'eval_eval_loss': 0.0022460799664258957, 'eval_eval_token_acc': 0.9439481444000488, 'eval_eval_seq_acc': 0.0, 'eval_eval_move_acc': 0.948, 'eval_eval_mod5_acc': 0.9595141700404858, 'eval_eval_mod4_acc': 0.2646761133603239, 'eval_eval_runtime': 1.138, 'eval_eval_samples_per_second': 1757.399, 'eval_eval_steps_per_second': 28.118, 'epoch': 54.26}
{'eval_train_loss': 0.0015742096584290266, 'eval_train_token_acc': 0.9454955413148883, 'eval_train_seq_acc': 0.0, 'eval_train_move_acc': 0.963, 'eval_train_mod5_acc': 0.9649298597194389, 'eval_train_mod4_acc': 0.251503006012024, 'eval_train_runtime': 0.5705, 'eval_train_samples_per_second': 1752.968, 'eval_train_steps_per_second': 28.047, 'epoch': 54.26}
  Pushed checkpoint step-13000 to ijinyu1113/ft_mr4_70m_seed1_purenum
{'loss': 0.0011, 'learning_rate': 2.9353768129770526e-05, 'epoch': 55.32}
{'eval_eval_loss': 0.0007421621703542769, 'eval_eval_token_acc': 0.9439481444000488, 'eval_eval_seq_acc': 0.0, 'eval_eval_move_acc': 0.991, 'eval_eval_mod5_acc': 0.9949799196787149, 'eval_eval_mod4_acc': 0.2595381526104418, 'eval_eval_runtime': 1.1287, 'eval_eval_samples_per_second': 1771.947, 'eval_eval_steps_per_second': 28.351, 'epoch': 55.32}
{'eval_train_loss': 0.00031725908047519624, 'eval_train_token_acc': 0.9454955413148883, 'eval_train_seq_acc': 0.0, 'eval_train_move_acc': 0.998, 'eval_train_mod5_acc': 0.998, 'eval_train_mod4_acc': 0.251, 'eval_train_runtime': 0.569, 'eval_train_samples_per_second': 1757.497, 'eval_train_steps_per_second': 28.12, 'epoch': 55.32}
{'loss': 0.0006, 'learning_rate': 2.929875800884212e-05, 'epoch': 56.38}
{'eval_eval_loss': 0.0006641329382546246, 'eval_eval_token_acc': 0.9439481444000488, 'eval_eval_seq_acc': 0.0, 'eval_eval_move_acc': 0.986, 'eval_eval_mod5_acc': 0.9924509310518369, 'eval_eval_mod4_acc': 0.2617010568696527, 'eval_eval_runtime': 1.1327, 'eval_eval_samples_per_second': 1765.696, 'eval_eval_steps_per_second': 28.251, 'epoch': 56.38}
{'eval_train_loss': 0.0003188103437423706, 'eval_train_token_acc': 0.9454955413148883, 'eval_train_seq_acc': 0.0, 'eval_train_move_acc': 0.992, 'eval_train_mod5_acc': 0.9949849548645938, 'eval_train_mod4_acc': 0.25075225677031093, 'eval_train_runtime': 0.5656, 'eval_train_samples_per_second': 1767.963, 'eval_train_steps_per_second': 28.287, 'epoch': 56.38}
{'loss': 0.0003, 'learning_rate': 2.9241557054878875e-05, 'epoch': 57.45}
{'eval_eval_loss': 0.00016145352856256068, 'eval_eval_token_acc': 0.9439481444000488, 'eval_eval_seq_acc': 0.0, 'eval_eval_move_acc': 0.9995, 'eval_eval_mod5_acc': 1.0, 'eval_eval_mod4_acc': 0.26113056528264134, 'eval_eval_runtime': 1.1297, 'eval_eval_samples_per_second': 1770.348, 'eval_eval_steps_per_second': 28.326, 'epoch': 57.45}
{'eval_train_loss': 8.454004273517057e-05, 'eval_train_token_acc': 0.9454955413148883, 'eval_train_seq_acc': 0.0, 'eval_train_move_acc': 1.0, 'eval_train_mod5_acc': 1.0, 'eval_train_mod4_acc': 0.252, 'eval_train_runtime': 0.5699, 'eval_train_samples_per_second': 1754.573, 'eval_train_steps_per_second': 28.073, 'epoch': 57.45}
{'loss': 0.0004, 'learning_rate': 2.9182174032120284e-05, 'epoch': 58.51}
{'eval_eval_loss': 0.0008425607811659575, 'eval_eval_token_acc': 0.9439481444000488, 'eval_eval_seq_acc': 0.0, 'eval_eval_move_acc': 0.9845, 'eval_eval_mod5_acc': 0.9854854854854855, 'eval_eval_mod4_acc': 0.26226226226226224, 'eval_eval_runtime': 1.1227, 'eval_eval_samples_per_second': 1781.44, 'eval_eval_steps_per_second': 28.503, 'epoch': 58.51}
{'eval_train_loss': 0.0005806881235912442, 'eval_train_token_acc': 0.9454955413148883, 'eval_train_seq_acc': 0.0, 'eval_train_move_acc': 0.989, 'eval_train_mod5_acc': 0.989, 'eval_train_mod4_acc': 0.253, 'eval_train_runtime': 0.5623, 'eval_train_samples_per_second': 1778.501, 'eval_train_steps_per_second': 28.456, 'epoch': 58.51}
  Pushed checkpoint step-14000 to ijinyu1113/ft_mr4_70m_seed1_purenum
{'loss': 0.0005, 'learning_rate': 2.9120618039138956e-05, 'epoch': 59.57}
{'eval_eval_loss': 0.0003773001953959465, 'eval_eval_token_acc': 0.9439481444000488, 'eval_eval_seq_acc': 0.0, 'eval_eval_move_acc': 0.9935, 'eval_eval_mod5_acc': 0.9954909819639278, 'eval_eval_mod4_acc': 0.2595190380761523, 'eval_eval_runtime': 1.1159, 'eval_eval_samples_per_second': 1792.24, 'eval_eval_steps_per_second': 28.676, 'epoch': 59.57}
{'eval_train_loss': 9.240744839189574e-05, 'eval_train_token_acc': 0.9454955413148883, 'eval_train_seq_acc': 0.0, 'eval_train_move_acc': 0.999, 'eval_train_mod5_acc': 1.0, 'eval_train_mod4_acc': 0.25225225225225223, 'eval_train_runtime': 0.5646, 'eval_train_samples_per_second': 1771.308, 'eval_train_steps_per_second': 28.341, 'epoch': 59.57}
{'loss': 0.0, 'learning_rate': 2.9056898507446553e-05, 'epoch': 60.64}
{'eval_eval_loss': 7.098732749000192e-05, 'eval_eval_token_acc': 0.9439481444000488, 'eval_eval_seq_acc': 0.0, 'eval_eval_move_acc': 0.997, 'eval_eval_mod5_acc': 0.9994987468671679, 'eval_eval_mod4_acc': 0.26165413533834586, 'eval_eval_runtime': 1.1338, 'eval_eval_samples_per_second': 1763.913, 'eval_eval_steps_per_second': 28.223, 'epoch': 60.64}
{'eval_train_loss': 3.458349283391726e-06, 'eval_train_token_acc': 0.9454955413148883, 'eval_train_seq_acc': 0.0, 'eval_train_move_acc': 1.0, 'eval_train_mod5_acc': 1.0, 'eval_train_mod4_acc': 0.252, 'eval_train_runtime': 0.56, 'eval_train_samples_per_second': 1785.823, 'eval_train_steps_per_second': 28.573, 'epoch': 60.64}
{'loss': 0.0001, 'learning_rate': 2.8991025200048707e-05, 'epoch': 61.7}
{'eval_eval_loss': 9.236930054612458e-05, 'eval_eval_token_acc': 0.9439481444000488, 'eval_eval_seq_acc': 0.0, 'eval_eval_move_acc': 0.9985, 'eval_eval_mod5_acc': 0.9989994997498749, 'eval_eval_mod4_acc': 0.26113056528264134, 'eval_eval_runtime': 1.1468, 'eval_eval_samples_per_second': 1743.932, 'eval_eval_steps_per_second': 27.903, 'epoch': 61.7}
{'eval_train_loss': 6.589435997739201e-06, 'eval_train_token_acc': 0.9454955413148883, 'eval_train_seq_acc': 0.0, 'eval_train_move_acc': 1.0, 'eval_train_mod5_acc': 1.0, 'eval_train_mod4_acc': 0.252, 'eval_train_runtime': 0.5702, 'eval_train_samples_per_second': 1753.69, 'eval_train_steps_per_second': 28.059, 'epoch': 61.7}
{'loss': 0.0005, 'learning_rate': 2.892300820994915e-05, 'epoch': 62.77}
{'eval_eval_loss': 9.505858906777576e-05, 'eval_eval_token_acc': 0.9439481444000488, 'eval_eval_seq_acc': 0.0, 'eval_eval_move_acc': 0.998, 'eval_eval_mod5_acc': 1.0, 'eval_eval_mod4_acc': 0.26152304609218435, 'eval_eval_runtime': 1.1473, 'eval_eval_samples_per_second': 1743.271, 'eval_eval_steps_per_second': 27.892, 'epoch': 62.77}
{'eval_train_loss': 2.2270629415288568e-05, 'eval_train_token_acc': 0.9454955413148883, 'eval_train_seq_acc': 0.0, 'eval_train_move_acc': 1.0, 'eval_train_mod5_acc': 1.0, 'eval_train_mod4_acc': 0.252, 'eval_train_runtime': 0.5739, 'eval_train_samples_per_second': 1742.379, 'eval_train_steps_per_second': 27.878, 'epoch': 62.77}
  Pushed checkpoint step-15000 to ijinyu1113/ft_mr4_70m_seed1_purenum
{'loss': 0.0, 'learning_rate': 2.8852857958603282e-05, 'epoch': 63.83}
{'eval_eval_loss': 2.157553353754338e-05, 'eval_eval_token_acc': 0.9439481444000488, 'eval_eval_seq_acc': 0.0, 'eval_eval_move_acc': 0.9995, 'eval_eval_mod5_acc': 0.9995, 'eval_eval_mod4_acc': 0.261, 'eval_eval_runtime': 1.1409, 'eval_eval_samples_per_second': 1753.044, 'eval_eval_steps_per_second': 28.049, 'epoch': 63.83}
{'eval_train_loss': 3.1071208468347322e-06, 'eval_train_token_acc': 0.9454955413148883, 'eval_train_seq_acc': 0.0, 'eval_train_move_acc': 1.0, 'eval_train_mod5_acc': 1.0, 'eval_train_mod4_acc': 0.252, 'eval_train_runtime': 0.5712, 'eval_train_samples_per_second': 1750.845, 'eval_train_steps_per_second': 28.014, 'epoch': 63.83}
{'loss': 0.0002, 'learning_rate': 2.878058519432141e-05, 'epoch': 64.89}
{'eval_eval_loss': 0.000807021395303309, 'eval_eval_token_acc': 0.9439481444000488, 'eval_eval_seq_acc': 0.0, 'eval_eval_move_acc': 0.986, 'eval_eval_mod5_acc': 0.9864932466233116, 'eval_eval_mod4_acc': 0.25962981490745374, 'eval_eval_runtime': 1.1472, 'eval_eval_samples_per_second': 1743.389, 'eval_eval_steps_per_second': 27.894, 'epoch': 64.89}
{'eval_train_loss': 0.0007448324467986822, 'eval_train_token_acc': 0.9454955413148883, 'eval_train_seq_acc': 0.0, 'eval_train_move_acc': 0.985, 'eval_train_mod5_acc': 0.985985985985986, 'eval_train_mod4_acc': 0.25225225225225223, 'eval_train_runtime': 0.5751, 'eval_train_samples_per_second': 1738.828, 'eval_train_steps_per_second': 27.821, 'epoch': 64.89}
{'loss': 0.0004, 'learning_rate': 2.87062009906219e-05, 'epoch': 65.96}
{'eval_eval_loss': 0.00010834309796337038, 'eval_eval_token_acc': 0.9439481444000488, 'eval_eval_seq_acc': 0.0, 'eval_eval_move_acc': 0.998, 'eval_eval_mod5_acc': 0.998998998998999, 'eval_eval_mod4_acc': 0.26176176176176175, 'eval_eval_runtime': 1.1349, 'eval_eval_samples_per_second': 1762.198, 'eval_eval_steps_per_second': 28.195, 'epoch': 65.96}
{'eval_train_loss': 7.403230119962245e-05, 'eval_train_token_acc': 0.9454955413148883, 'eval_train_seq_acc': 0.0, 'eval_train_move_acc': 0.998, 'eval_train_mod5_acc': 0.998, 'eval_train_mod4_acc': 0.253, 'eval_train_runtime': 0.561, 'eval_train_samples_per_second': 1782.427, 'eval_train_steps_per_second': 28.519, 'epoch': 65.96}
{'loss': 0.0, 'learning_rate': 2.862971674453453e-05, 'epoch': 67.02}
{'eval_eval_loss': 5.583475285675377e-06, 'eval_eval_token_acc': 0.9439481444000488, 'eval_eval_seq_acc': 0.0, 'eval_eval_move_acc': 1.0, 'eval_eval_mod5_acc': 1.0, 'eval_eval_mod4_acc': 0.261, 'eval_eval_runtime': 1.1387, 'eval_eval_samples_per_second': 1756.426, 'eval_eval_steps_per_second': 28.103, 'epoch': 67.02}
{'eval_train_loss': 1.863326360762585e-06, 'eval_train_token_acc': 0.9454955413148883, 'eval_train_seq_acc': 0.0, 'eval_train_move_acc': 1.0, 'eval_train_mod5_acc': 1.0, 'eval_train_mod4_acc': 0.252, 'eval_train_runtime': 0.5584, 'eval_train_samples_per_second': 1790.771, 'eval_train_steps_per_second': 28.652, 'epoch': 67.02}
  Pushed checkpoint step-16000 to ijinyu1113/ft_mr4_70m_seed1_purenum
{'loss': 0.0, 'learning_rate': 2.8551144174854237e-05, 'epoch': 68.09}
{'eval_eval_loss': 3.0821188374829944e-06, 'eval_eval_token_acc': 0.9439481444000488, 'eval_eval_seq_acc': 0.0, 'eval_eval_move_acc': 1.0, 'eval_eval_mod5_acc': 1.0, 'eval_eval_mod4_acc': 0.261, 'eval_eval_runtime': 1.143, 'eval_eval_samples_per_second': 1749.856, 'eval_eval_steps_per_second': 27.998, 'epoch': 68.09}
{'eval_train_loss': 7.157289019232849e-07, 'eval_train_token_acc': 0.9454955413148883, 'eval_train_seq_acc': 0.0, 'eval_train_move_acc': 1.0, 'eval_train_mod5_acc': 1.0, 'eval_train_mod4_acc': 0.252, 'eval_train_runtime': 0.5738, 'eval_train_samples_per_second': 1742.912, 'eval_train_steps_per_second': 27.887, 'epoch': 68.09}
{'loss': 0.0, 'learning_rate': 2.8470495320345588e-05, 'epoch': 69.15}
{'eval_eval_loss': 2.1050102532171877e-06, 'eval_eval_token_acc': 0.9439481444000488, 'eval_eval_seq_acc': 0.0, 'eval_eval_move_acc': 1.0, 'eval_eval_mod5_acc': 1.0, 'eval_eval_mod4_acc': 0.261, 'eval_eval_runtime': 1.1271, 'eval_eval_samples_per_second': 1774.491, 'eval_eval_steps_per_second': 28.392, 'epoch': 69.15}
{'eval_train_loss': 4.7255150548153324e-07, 'eval_train_token_acc': 0.9454955413148883, 'eval_train_seq_acc': 0.0, 'eval_train_move_acc': 1.0, 'eval_train_mod5_acc': 1.0, 'eval_train_mod4_acc': 0.252, 'eval_train_runtime': 0.5724, 'eval_train_samples_per_second': 1747.138, 'eval_train_steps_per_second': 27.954, 'epoch': 69.15}
{'loss': 0.0, 'learning_rate': 2.838778253789822e-05, 'epoch': 70.21}
{'eval_eval_loss': 1.5453322248504264e-06, 'eval_eval_token_acc': 0.9439481444000488, 'eval_eval_seq_acc': 0.0, 'eval_eval_move_acc': 1.0, 'eval_eval_mod5_acc': 1.0, 'eval_eval_mod4_acc': 0.261, 'eval_eval_runtime': 1.1321, 'eval_eval_samples_per_second': 1766.645, 'eval_eval_steps_per_second': 28.266, 'epoch': 70.21}
{'eval_train_loss': 3.6600931707653217e-07, 'eval_train_token_acc': 0.9454955413148883, 'eval_train_seq_acc': 0.0, 'eval_train_move_acc': 1.0, 'eval_train_mod5_acc': 1.0, 'eval_train_mod4_acc': 0.252, 'eval_train_runtime': 0.5695, 'eval_train_samples_per_second': 1755.911, 'eval_train_steps_per_second': 28.095, 'epoch': 70.21}
{'loss': 0.0, 'learning_rate': 2.830301850063354e-05, 'epoch': 71.28}
{'eval_eval_loss': 1.3033163668296766e-06, 'eval_eval_token_acc': 0.9439481444000488, 'eval_eval_seq_acc': 0.0, 'eval_eval_move_acc': 1.0, 'eval_eval_mod5_acc': 1.0, 'eval_eval_mod4_acc': 0.261, 'eval_eval_runtime': 1.1479, 'eval_eval_samples_per_second': 1742.32, 'eval_eval_steps_per_second': 27.877, 'epoch': 71.28}
{'eval_train_loss': 2.87439860358063e-07, 'eval_train_token_acc': 0.9454955413148883, 'eval_train_seq_acc': 0.0, 'eval_train_move_acc': 1.0, 'eval_train_mod5_acc': 1.0, 'eval_train_mod4_acc': 0.252, 'eval_train_runtime': 0.5753, 'eval_train_samples_per_second': 1738.075, 'eval_train_steps_per_second': 27.809, 'epoch': 71.28}
  Pushed checkpoint step-17000 to ijinyu1113/ft_mr4_70m_seed1_purenum
{'loss': 0.0, 'learning_rate': 2.8216216195962963e-05, 'epoch': 72.34}
{'eval_eval_loss': 1.041286054714874e-06, 'eval_eval_token_acc': 0.9439481444000488, 'eval_eval_seq_acc': 0.0, 'eval_eval_move_acc': 1.0, 'eval_eval_mod5_acc': 1.0, 'eval_eval_mod4_acc': 0.261, 'eval_eval_runtime': 1.1444, 'eval_eval_samples_per_second': 1747.597, 'eval_eval_steps_per_second': 27.962, 'epoch': 72.34}
{'eval_train_loss': 2.3855781705606205e-07, 'eval_train_token_acc': 0.9454955413148883, 'eval_train_seq_acc': 0.0, 'eval_train_move_acc': 1.0, 'eval_train_mod5_acc': 1.0, 'eval_train_mod4_acc': 0.252, 'eval_train_runtime': 0.5635, 'eval_train_samples_per_second': 1774.731, 'eval_train_steps_per_second': 28.396, 'epoch': 72.34}
{'loss': 0.0, 'learning_rate': 2.812738892359801e-05, 'epoch': 73.4}
{'eval_eval_loss': 8.631636205791438e-07, 'eval_eval_token_acc': 0.9439481444000488, 'eval_eval_seq_acc': 0.0, 'eval_eval_move_acc': 1.0, 'eval_eval_mod5_acc': 1.0, 'eval_eval_mod4_acc': 0.261, 'eval_eval_runtime': 1.143, 'eval_eval_samples_per_second': 1749.824, 'eval_eval_steps_per_second': 27.997, 'epoch': 73.4}
{'eval_train_loss': 2.0816524681777082e-07, 'eval_train_token_acc': 0.9454955413148883, 'eval_train_seq_acc': 0.0, 'eval_train_move_acc': 1.0, 'eval_train_mod5_acc': 1.0, 'eval_train_mod4_acc': 0.252, 'eval_train_runtime': 0.5601, 'eval_train_samples_per_second': 1785.291, 'eval_train_steps_per_second': 28.565, 'epoch': 73.4}
{'loss': 0.0, 'learning_rate': 2.8036550293512534e-05, 'epoch': 74.47}
{'eval_eval_loss': 7.465818043783656e-07, 'eval_eval_token_acc': 0.9439481444000488, 'eval_eval_seq_acc': 0.0, 'eval_eval_move_acc': 1.0, 'eval_eval_mod5_acc': 1.0, 'eval_eval_mod4_acc': 0.261, 'eval_eval_runtime': 1.1204, 'eval_eval_samples_per_second': 1785.0, 'eval_eval_steps_per_second': 28.56, 'epoch': 74.47}
{'eval_train_loss': 1.7606286917271063e-07, 'eval_train_token_acc': 0.9454955413148883, 'eval_train_seq_acc': 0.0, 'eval_train_move_acc': 1.0, 'eval_train_mod5_acc': 1.0, 'eval_train_mod4_acc': 0.252, 'eval_train_runtime': 0.5735, 'eval_train_samples_per_second': 1743.776, 'eval_train_steps_per_second': 27.9, 'epoch': 74.47}
{'loss': 0.0, 'learning_rate': 2.7943714223857438e-05, 'epoch': 75.53}
{'eval_eval_loss': 6.503523195533489e-07, 'eval_eval_token_acc': 0.9439481444000488, 'eval_eval_seq_acc': 0.0, 'eval_eval_move_acc': 1.0, 'eval_eval_mod5_acc': 1.0, 'eval_eval_mod4_acc': 0.261, 'eval_eval_runtime': 1.151, 'eval_eval_samples_per_second': 1737.597, 'eval_eval_steps_per_second': 27.802, 'epoch': 75.53}
{'eval_train_loss': 1.5556230437141494e-07, 'eval_train_token_acc': 0.9454955413148883, 'eval_train_seq_acc': 0.0, 'eval_train_move_acc': 1.0, 'eval_train_mod5_acc': 1.0, 'eval_train_mod4_acc': 0.252, 'eval_train_runtime': 0.5744, 'eval_train_samples_per_second': 1741.022, 'eval_train_steps_per_second': 27.856, 'epoch': 75.53}
  Pushed checkpoint step-18000 to ijinyu1113/ft_mr4_70m_seed1_purenum
{'loss': 0.0, 'learning_rate': 2.7848894938828134e-05, 'epoch': 76.6}
{'eval_eval_loss': 5.544713417293679e-07, 'eval_eval_token_acc': 0.9439481444000488, 'eval_eval_seq_acc': 0.0, 'eval_eval_move_acc': 1.0, 'eval_eval_mod5_acc': 1.0, 'eval_eval_mod4_acc': 0.261, 'eval_eval_runtime': 1.1194, 'eval_eval_samples_per_second': 1786.648, 'eval_eval_steps_per_second': 28.586, 'epoch': 76.6}
{'eval_train_loss': 1.409349721370745e-07, 'eval_train_token_acc': 0.9454955413148883, 'eval_train_seq_acc': 0.0, 'eval_train_move_acc': 1.0, 'eval_train_mod5_acc': 1.0, 'eval_train_mod4_acc': 0.252, 'eval_train_runtime': 0.5716, 'eval_train_samples_per_second': 1749.543, 'eval_train_steps_per_second': 27.993, 'epoch': 76.6}
{'loss': 0.0, 'learning_rate': 2.7752106966485177e-05, 'epoch': 77.66}
{'eval_eval_loss': 5.15485169216845e-07, 'eval_eval_token_acc': 0.9439481444000488, 'eval_eval_seq_acc': 0.0, 'eval_eval_move_acc': 1.0, 'eval_eval_mod5_acc': 1.0, 'eval_eval_mod4_acc': 0.261, 'eval_eval_runtime': 1.1475, 'eval_eval_samples_per_second': 1742.902, 'eval_eval_steps_per_second': 27.886, 'epoch': 77.66}
{'eval_train_loss': 1.2145284244979848e-07, 'eval_train_token_acc': 0.9454955413148883, 'eval_train_seq_acc': 0.0, 'eval_train_move_acc': 1.0, 'eval_train_mod5_acc': 1.0, 'eval_train_mod4_acc': 0.252, 'eval_train_runtime': 0.5746, 'eval_train_samples_per_second': 1740.19, 'eval_train_steps_per_second': 27.843, 'epoch': 77.66}
{'loss': 0.0, 'learning_rate': 2.7653365136528246e-05, 'epoch': 78.72}
{'eval_eval_loss': 4.3254368620182504e-07, 'eval_eval_token_acc': 0.9439481444000488, 'eval_eval_seq_acc': 0.0, 'eval_eval_move_acc': 1.0, 'eval_eval_mod5_acc': 1.0, 'eval_eval_mod4_acc': 0.261, 'eval_eval_runtime': 1.14, 'eval_eval_samples_per_second': 1754.342, 'eval_eval_steps_per_second': 28.069, 'epoch': 78.72}
{'eval_train_loss': 1.0787752557916974e-07, 'eval_train_token_acc': 0.9454955413148883, 'eval_train_seq_acc': 0.0, 'eval_train_move_acc': 1.0, 'eval_train_mod5_acc': 1.0, 'eval_train_mod4_acc': 0.252, 'eval_train_runtime': 0.5721, 'eval_train_samples_per_second': 1747.927, 'eval_train_steps_per_second': 27.967, 'epoch': 78.72}
{'loss': 0.0, 'learning_rate': 2.7552684578024e-05, 'epoch': 79.79}
{'eval_eval_loss': 3.8036401406316145e-07, 'eval_eval_token_acc': 0.9439481444000488, 'eval_eval_seq_acc': 0.0, 'eval_eval_move_acc': 1.0, 'eval_eval_mod5_acc': 1.0, 'eval_eval_mod4_acc': 0.261, 'eval_eval_runtime': 1.1356, 'eval_eval_samples_per_second': 1761.208, 'eval_eval_steps_per_second': 28.179, 'epoch': 79.79}
{'eval_train_loss': 9.713260595844986e-08, 'eval_train_token_acc': 0.9454955413148883, 'eval_train_seq_acc': 0.0, 'eval_train_move_acc': 1.0, 'eval_train_mod5_acc': 1.0, 'eval_train_mod4_acc': 0.252, 'eval_train_runtime': 0.574, 'eval_train_samples_per_second': 1742.121, 'eval_train_steps_per_second': 27.874, 'epoch': 79.79}
  Pushed checkpoint step-19000 to ijinyu1113/ft_mr4_70m_seed1_purenum
{'loss': 0.0, 'learning_rate': 2.7450080717087995e-05, 'epoch': 80.85}
{'eval_eval_loss': 3.491394693355687e-07, 'eval_eval_token_acc': 0.9439481444000488, 'eval_eval_seq_acc': 0.0, 'eval_eval_move_acc': 1.0, 'eval_eval_mod5_acc': 1.0, 'eval_eval_mod4_acc': 0.261, 'eval_eval_runtime': 1.1504, 'eval_eval_samples_per_second': 1738.559, 'eval_eval_steps_per_second': 27.817, 'epoch': 80.85}
{'eval_train_loss': 8.688146380109174e-08, 'eval_train_token_acc': 0.9454955413148883, 'eval_train_seq_acc': 0.0, 'eval_train_move_acc': 1.0, 'eval_train_mod5_acc': 1.0, 'eval_train_mod4_acc': 0.252, 'eval_train_runtime': 0.5744, 'eval_train_samples_per_second': 1740.889, 'eval_train_steps_per_second': 27.854, 'epoch': 80.85}
{'loss': 0.0, 'learning_rate': 2.7345569274521162e-05, 'epoch': 81.91}
{'eval_eval_loss': 2.896213970871031e-07, 'eval_eval_token_acc': 0.9439481444000488, 'eval_eval_seq_acc': 0.0, 'eval_eval_move_acc': 1.0, 'eval_eval_mod5_acc': 1.0, 'eval_eval_mod4_acc': 0.261, 'eval_eval_runtime': 1.1391, 'eval_eval_samples_per_second': 1755.716, 'eval_eval_steps_per_second': 28.091, 'epoch': 81.91}
{'eval_train_loss': 7.827426173889762e-08, 'eval_train_token_acc': 0.9454955413148883, 'eval_train_seq_acc': 0.0, 'eval_train_move_acc': 1.0, 'eval_train_mod5_acc': 1.0, 'eval_train_mod4_acc': 0.252, 'eval_train_runtime': 0.569, 'eval_train_samples_per_second': 1757.443, 'eval_train_steps_per_second': 28.119, 'epoch': 81.91}
{'loss': 0.0, 'learning_rate': 2.7239166263401055e-05, 'epoch': 82.98}
{'eval_eval_loss': 2.646670509420801e-07, 'eval_eval_token_acc': 0.9439481444000488, 'eval_eval_seq_acc': 0.0, 'eval_eval_move_acc': 1.0, 'eval_eval_mod5_acc': 1.0, 'eval_eval_mod4_acc': 0.261, 'eval_eval_runtime': 1.1272, 'eval_eval_samples_per_second': 1774.278, 'eval_eval_steps_per_second': 28.388, 'epoch': 82.98}
{'eval_train_loss': 7.015768943574585e-08, 'eval_train_token_acc': 0.9454955413148883, 'eval_train_seq_acc': 0.0, 'eval_train_move_acc': 1.0, 'eval_train_mod5_acc': 1.0, 'eval_train_mod4_acc': 0.252, 'eval_train_runtime': 0.5746, 'eval_train_samples_per_second': 1740.392, 'eval_train_steps_per_second': 27.846, 'epoch': 82.98}
{'loss': 0.0, 'learning_rate': 2.7130887986628354e-05, 'epoch': 84.04}
{'eval_eval_loss': 2.287359990305049e-07, 'eval_eval_token_acc': 0.9439481444000488, 'eval_eval_seq_acc': 0.0, 'eval_eval_move_acc': 1.0, 'eval_eval_mod5_acc': 1.0, 'eval_eval_mod4_acc': 0.261, 'eval_eval_runtime': 1.1228, 'eval_eval_samples_per_second': 1781.186, 'eval_eval_steps_per_second': 28.499, 'epoch': 84.04}
{'eval_train_loss': 6.439378097411463e-08, 'eval_train_token_acc': 0.9454955413148883, 'eval_train_seq_acc': 0.0, 'eval_train_move_acc': 1.0, 'eval_train_mod5_acc': 1.0, 'eval_train_mod4_acc': 0.252, 'eval_train_runtime': 0.571, 'eval_train_samples_per_second': 1751.282, 'eval_train_steps_per_second': 28.021, 'epoch': 84.04}
  Pushed checkpoint step-20000 to ijinyu1113/ft_mr4_70m_seed1_purenum
{'loss': 0.0, 'learning_rate': 2.7020751034428975e-05, 'epoch': 85.11}
{'eval_eval_loss': 2.0263847488877218e-07, 'eval_eval_token_acc': 0.9439481444000488, 'eval_eval_seq_acc': 0.0, 'eval_eval_move_acc': 1.0, 'eval_eval_mod5_acc': 1.0, 'eval_eval_mod4_acc': 0.261, 'eval_eval_runtime': 1.1165, 'eval_eval_samples_per_second': 1791.318, 'eval_eval_steps_per_second': 28.661, 'epoch': 85.11}
{'eval_train_loss': 5.910188960456253e-08, 'eval_train_token_acc': 0.9454955413148883, 'eval_train_seq_acc': 0.0, 'eval_train_move_acc': 1.0, 'eval_train_mod5_acc': 1.0, 'eval_train_mod4_acc': 0.252, 'eval_train_runtime': 0.5679, 'eval_train_samples_per_second': 1760.775, 'eval_train_steps_per_second': 28.172, 'epoch': 85.11}
{'loss': 0.0, 'learning_rate': 2.690877228181215e-05, 'epoch': 86.17}
{'eval_eval_loss': 1.8075719765420217e-07, 'eval_eval_token_acc': 0.9439481444000488, 'eval_eval_seq_acc': 0.0, 'eval_eval_move_acc': 1.0, 'eval_eval_mod5_acc': 1.0, 'eval_eval_mod4_acc': 0.261, 'eval_eval_runtime': 1.1524, 'eval_eval_samples_per_second': 1735.503, 'eval_eval_steps_per_second': 27.768, 'epoch': 86.17}
{'eval_train_loss': 5.4360512535822636e-08, 'eval_train_token_acc': 0.9454955413148883, 'eval_train_seq_acc': 0.0, 'eval_train_move_acc': 1.0, 'eval_train_mod5_acc': 1.0, 'eval_train_mod4_acc': 0.252, 'eval_train_runtime': 0.5783, 'eval_train_samples_per_second': 1729.095, 'eval_train_steps_per_second': 27.666, 'epoch': 86.17}
{'loss': 0.0, 'learning_rate': 2.6794968885984824e-05, 'epoch': 87.23}
{'eval_eval_loss': 1.636238096125453e-07, 'eval_eval_token_acc': 0.9439481444000488, 'eval_eval_seq_acc': 0.0, 'eval_eval_move_acc': 1.0, 'eval_eval_mod5_acc': 1.0, 'eval_eval_mod4_acc': 0.261, 'eval_eval_runtime': 1.1355, 'eval_eval_samples_per_second': 1761.36, 'eval_eval_steps_per_second': 28.182, 'epoch': 87.23}
{'eval_train_loss': 4.972772771338896e-08, 'eval_train_token_acc': 0.9454955413148883, 'eval_train_seq_acc': 0.0, 'eval_train_move_acc': 1.0, 'eval_train_mod5_acc': 1.0, 'eval_train_mod4_acc': 0.252, 'eval_train_runtime': 0.5747, 'eval_train_samples_per_second': 1740.049, 'eval_train_steps_per_second': 27.841, 'epoch': 87.23}
{'loss': 0.0, 'learning_rate': 2.6679358283722907e-05, 'epoch': 88.3}
{'eval_eval_loss': 1.522268888720646e-07, 'eval_eval_token_acc': 0.9439481444000488, 'eval_eval_seq_acc': 0.0, 'eval_eval_move_acc': 1.0, 'eval_eval_mod5_acc': 1.0, 'eval_eval_mod4_acc': 0.261, 'eval_eval_runtime': 1.1295, 'eval_eval_samples_per_second': 1770.709, 'eval_eval_steps_per_second': 28.331, 'epoch': 88.3}
{'eval_train_loss': 4.5007137572383726e-08, 'eval_train_token_acc': 0.9454955413148883, 'eval_train_seq_acc': 0.0, 'eval_train_move_acc': 1.0, 'eval_train_mod5_acc': 1.0, 'eval_train_mod4_acc': 0.252, 'eval_train_runtime': 0.5676, 'eval_train_samples_per_second': 1761.732, 'eval_train_steps_per_second': 28.188, 'epoch': 88.3}
  Pushed checkpoint step-21000 to ijinyu1113/ft_mr4_70m_seed1_purenum
{'loss': 0.0, 'learning_rate': 2.6561958188699604e-05, 'epoch': 89.36}
{'eval_eval_loss': 1.3287301214859326e-07, 'eval_eval_token_acc': 0.9439481444000488, 'eval_eval_seq_acc': 0.0, 'eval_eval_move_acc': 1.0, 'eval_eval_mod5_acc': 1.0, 'eval_eval_mod4_acc': 0.261, 'eval_eval_runtime': 1.1456, 'eval_eval_samples_per_second': 1745.766, 'eval_eval_steps_per_second': 27.932, 'epoch': 89.36}
{'eval_train_loss': 4.568693157125381e-08, 'eval_train_token_acc': 0.9454955413148883, 'eval_train_seq_acc': 0.0, 'eval_train_move_acc': 1.0, 'eval_train_mod5_acc': 1.0, 'eval_train_mod4_acc': 0.252, 'eval_train_runtime': 0.5702, 'eval_train_samples_per_second': 1753.652, 'eval_train_steps_per_second': 28.058, 'epoch': 89.36}
{'loss': 0.0, 'learning_rate': 2.644278658877136e-05, 'epoch': 90.43}
{'eval_eval_loss': 1.200934605094517e-07, 'eval_eval_token_acc': 0.9439481444000488, 'eval_eval_seq_acc': 0.0, 'eval_eval_move_acc': 1.0, 'eval_eval_mod5_acc': 1.0, 'eval_eval_mod4_acc': 0.261, 'eval_eval_runtime': 1.1482, 'eval_eval_samples_per_second': 1741.929, 'eval_eval_steps_per_second': 27.871, 'epoch': 90.43}
{'eval_train_loss': 4.171363343630219e-08, 'eval_train_token_acc': 0.9454955413148883, 'eval_train_seq_acc': 0.0, 'eval_train_move_acc': 1.0, 'eval_train_mod5_acc': 1.0, 'eval_train_mod4_acc': 0.252, 'eval_train_runtime': 0.5608, 'eval_train_samples_per_second': 1783.107, 'eval_train_steps_per_second': 28.53, 'epoch': 90.43}
{'loss': 0.0, 'learning_rate': 2.63218617432218e-05, 'epoch': 91.49}
{'eval_eval_loss': 1.190418146279626e-07, 'eval_eval_token_acc': 0.9439481444000488, 'eval_eval_seq_acc': 0.0, 'eval_eval_move_acc': 1.0, 'eval_eval_mod5_acc': 1.0, 'eval_eval_mod4_acc': 0.261, 'eval_eval_runtime': 1.1261, 'eval_eval_samples_per_second': 1775.993, 'eval_eval_steps_per_second': 28.416, 'epoch': 91.49}
{'eval_train_loss': 3.905837075990348e-08, 'eval_train_token_acc': 0.9454955413148883, 'eval_train_seq_acc': 0.0, 'eval_train_move_acc': 1.0, 'eval_train_mod5_acc': 1.0, 'eval_train_mod4_acc': 0.252, 'eval_train_runtime': 0.5715, 'eval_train_samples_per_second': 1749.779, 'eval_train_steps_per_second': 27.996, 'epoch': 91.49}
{'loss': 0.0, 'learning_rate': 2.6199202179964063e-05, 'epoch': 92.55}
{'eval_eval_loss': 1.099006325944174e-07, 'eval_eval_token_acc': 0.9439481444000488, 'eval_eval_seq_acc': 0.0, 'eval_eval_move_acc': 1.0, 'eval_eval_mod5_acc': 1.0, 'eval_eval_mod4_acc': 0.261, 'eval_eval_runtime': 1.1481, 'eval_eval_samples_per_second': 1742.05, 'eval_eval_steps_per_second': 27.873, 'epoch': 92.55}
{'eval_train_loss': 3.881215349110789e-08, 'eval_train_token_acc': 0.9454955413148883, 'eval_train_seq_acc': 0.0, 'eval_train_move_acc': 1.0, 'eval_train_mod5_acc': 1.0, 'eval_train_mod4_acc': 0.252, 'eval_train_runtime': 0.5765, 'eval_train_samples_per_second': 1734.55, 'eval_train_steps_per_second': 27.753, 'epoch': 92.55}
  Pushed checkpoint step-22000 to ijinyu1113/ft_mr4_70m_seed1_purenum
{'loss': 0.0, 'learning_rate': 2.6074826692701983e-05, 'epoch': 93.62}
{'eval_eval_loss': 9.888471197427862e-08, 'eval_eval_token_acc': 0.9439481444000488, 'eval_eval_seq_acc': 0.0, 'eval_eval_move_acc': 1.0, 'eval_eval_mod5_acc': 1.0, 'eval_eval_mod4_acc': 0.261, 'eval_eval_runtime': 1.1219, 'eval_eval_samples_per_second': 1782.705, 'eval_eval_steps_per_second': 28.523, 'epoch': 93.62}
{'eval_train_loss': 3.5953657828713403e-08, 'eval_train_token_acc': 0.9454955413148883, 'eval_train_seq_acc': 0.0, 'eval_train_move_acc': 1.0, 'eval_train_mod5_acc': 1.0, 'eval_train_mod4_acc': 0.252, 'eval_train_runtime': 0.572, 'eval_train_samples_per_second': 1748.252, 'eval_train_steps_per_second': 27.972, 'epoch': 93.62}
{'loss': 0.0, 'learning_rate': 2.594875433805055e-05, 'epoch': 94.68}
{'eval_eval_loss': 9.561525615708888e-08, 'eval_eval_token_acc': 0.9439481444000488, 'eval_eval_seq_acc': 0.0, 'eval_eval_move_acc': 1.0, 'eval_eval_mod5_acc': 1.0, 'eval_eval_mod4_acc': 0.261, 'eval_eval_runtime': 1.1364, 'eval_eval_samples_per_second': 1759.972, 'eval_eval_steps_per_second': 28.16, 'epoch': 94.68}
{'eval_train_loss': 3.578116647418028e-08, 'eval_train_token_acc': 0.9454955413148883, 'eval_train_seq_acc': 0.0, 'eval_train_move_acc': 1.0, 'eval_train_mod5_acc': 1.0, 'eval_train_mod4_acc': 0.252, 'eval_train_runtime': 0.5765, 'eval_train_samples_per_second': 1734.474, 'eval_train_steps_per_second': 27.752, 'epoch': 94.68}
{'loss': 0.0, 'learning_rate': 2.5821004432616087e-05, 'epoch': 95.74}
{'eval_eval_loss': 9.017657731646977e-08, 'eval_eval_token_acc': 0.9439481444000488, 'eval_eval_seq_acc': 0.0, 'eval_eval_move_acc': 1.0, 'eval_eval_mod5_acc': 1.0, 'eval_eval_mod4_acc': 0.261, 'eval_eval_runtime': 1.1486, 'eval_eval_samples_per_second': 1741.248, 'eval_eval_steps_per_second': 27.86, 'epoch': 95.74}
{'eval_train_loss': 3.335001252935399e-08, 'eval_train_token_acc': 0.9454955413148883, 'eval_train_seq_acc': 0.0, 'eval_train_move_acc': 1.0, 'eval_train_mod5_acc': 1.0, 'eval_train_mod4_acc': 0.252, 'eval_train_runtime': 0.5718, 'eval_train_samples_per_second': 1748.945, 'eval_train_steps_per_second': 27.983, 'epoch': 95.74}
{'loss': 0.0, 'learning_rate': 2.5691596550036588e-05, 'epoch': 96.81}
{'eval_eval_loss': 8.16325140817753e-08, 'eval_eval_token_acc': 0.9439481444000488, 'eval_eval_seq_acc': 0.0, 'eval_eval_move_acc': 1.0, 'eval_eval_mod5_acc': 1.0, 'eval_eval_mod4_acc': 0.261, 'eval_eval_runtime': 1.135, 'eval_eval_samples_per_second': 1762.038, 'eval_eval_steps_per_second': 28.193, 'epoch': 96.81}
{'eval_train_loss': 3.280296567709229e-08, 'eval_train_token_acc': 0.9454955413148883, 'eval_train_seq_acc': 0.0, 'eval_train_move_acc': 1.0, 'eval_train_mod5_acc': 1.0, 'eval_train_mod4_acc': 0.252, 'eval_train_runtime': 0.5701, 'eval_train_samples_per_second': 1754.14, 'eval_train_steps_per_second': 28.066, 'epoch': 96.81}
  Pushed checkpoint step-23000 to ijinyu1113/ft_mr4_70m_seed1_purenum
{'loss': 0.0, 'learning_rate': 2.5560550517982677e-05, 'epoch': 97.87}
{'eval_eval_loss': 7.874707819155446e-08, 'eval_eval_token_acc': 0.9439481444000488, 'eval_eval_seq_acc': 0.0, 'eval_eval_move_acc': 1.0, 'eval_eval_mod5_acc': 1.0, 'eval_eval_mod4_acc': 0.261, 'eval_eval_runtime': 1.1392, 'eval_eval_samples_per_second': 1755.616, 'eval_eval_steps_per_second': 28.09, 'epoch': 97.87}
{'eval_train_loss': 3.250671909427183e-08, 'eval_train_token_acc': 0.9454955413148883, 'eval_train_seq_acc': 0.0, 'eval_train_move_acc': 1.0, 'eval_train_mod5_acc': 1.0, 'eval_train_mod4_acc': 0.252, 'eval_train_runtime': 0.5752, 'eval_train_samples_per_second': 1738.634, 'eval_train_steps_per_second': 27.818, 'epoch': 97.87}
{'loss': 0.0, 'learning_rate': 2.5427886415119635e-05, 'epoch': 98.94}
{'eval_eval_loss': 7.074998364942076e-08, 'eval_eval_token_acc': 0.9439481444000488, 'eval_eval_seq_acc': 0.0, 'eval_eval_move_acc': 1.0, 'eval_eval_mod5_acc': 1.0, 'eval_eval_mod4_acc': 0.261, 'eval_eval_runtime': 1.1519, 'eval_eval_samples_per_second': 1736.252, 'eval_eval_steps_per_second': 27.78, 'epoch': 98.94}
{'eval_train_loss': 3.1992822613347016e-08, 'eval_train_token_acc': 0.9454955413148883, 'eval_train_seq_acc': 0.0, 'eval_train_move_acc': 1.0, 'eval_train_mod5_acc': 1.0, 'eval_train_mod4_acc': 0.252, 'eval_train_runtime': 0.5759, 'eval_train_samples_per_second': 1736.466, 'eval_train_steps_per_second': 27.783, 'epoch': 98.94}
{'loss': 0.0, 'learning_rate': 2.5293624568031008e-05, 'epoch': 100.0}
{'eval_eval_loss': 6.624903647889369e-08, 'eval_eval_token_acc': 0.9439481444000488, 'eval_eval_seq_acc': 0.0, 'eval_eval_move_acc': 1.0, 'eval_eval_mod5_acc': 1.0, 'eval_eval_mod4_acc': 0.261, 'eval_eval_runtime': 1.139, 'eval_eval_samples_per_second': 1755.946, 'eval_eval_steps_per_second': 28.095, 'epoch': 100.0}
{'eval_train_loss': 3.089620292939799e-08, 'eval_train_token_acc': 0.9454955413148883, 'eval_train_seq_acc': 0.0, 'eval_train_move_acc': 1.0, 'eval_train_mod5_acc': 1.0, 'eval_train_mod4_acc': 0.252, 'eval_train_runtime': 0.5726, 'eval_train_samples_per_second': 1746.288, 'eval_train_steps_per_second': 27.941, 'epoch': 100.0}
{'loss': 0.0, 'learning_rate': 2.515778554810415e-05, 'epoch': 101.06}
{'eval_eval_loss': 3.560176864425557e-08, 'eval_eval_token_acc': 0.9439481444000488, 'eval_eval_seq_acc': 0.0, 'eval_eval_move_acc': 1.0, 'eval_eval_mod5_acc': 1.0, 'eval_eval_mod4_acc': 0.261, 'eval_eval_runtime': 1.1184, 'eval_eval_samples_per_second': 1788.19, 'eval_eval_steps_per_second': 28.611, 'epoch': 101.06}
{'eval_train_loss': 1.85877429004222e-08, 'eval_train_token_acc': 0.9454955413148883, 'eval_train_seq_acc': 0.0, 'eval_train_move_acc': 1.0, 'eval_train_mod5_acc': 1.0, 'eval_train_mod4_acc': 0.252, 'eval_train_runtime': 0.5775, 'eval_train_samples_per_second': 1731.53, 'eval_train_steps_per_second': 27.704, 'epoch': 101.06}
  Pushed checkpoint step-24000 to ijinyu1113/ft_mr4_70m_seed1_purenum
{'loss': 0.0, 'learning_rate': 2.5020390168378374e-05, 'epoch': 102.13}
{'eval_eval_loss': 2.9575883075949605e-08, 'eval_eval_token_acc': 0.9439481444000488, 'eval_eval_seq_acc': 0.0, 'eval_eval_move_acc': 1.0, 'eval_eval_mod5_acc': 1.0, 'eval_eval_mod4_acc': 0.261, 'eval_eval_runtime': 1.1445, 'eval_eval_samples_per_second': 1747.515, 'eval_eval_steps_per_second': 27.96, 'epoch': 102.13}
{'eval_train_loss': 1.0200174038743626e-08, 'eval_train_token_acc': 0.9454955413148883, 'eval_train_seq_acc': 0.0, 'eval_train_move_acc': 1.0, 'eval_train_mod5_acc': 1.0, 'eval_train_mod4_acc': 0.252, 'eval_train_runtime': 0.5622, 'eval_train_samples_per_second': 1778.587, 'eval_train_steps_per_second': 28.457, 'epoch': 102.13}
{'loss': 0.0, 'learning_rate': 2.4881459480355942e-05, 'epoch': 103.19}
{'eval_eval_loss': 2.999946957515931e-08, 'eval_eval_token_acc': 0.9439481444000488, 'eval_eval_seq_acc': 0.0, 'eval_eval_move_acc': 1.0, 'eval_eval_mod5_acc': 1.0, 'eval_eval_mod4_acc': 0.261, 'eval_eval_runtime': 1.1499, 'eval_eval_samples_per_second': 1739.311, 'eval_eval_steps_per_second': 27.829, 'epoch': 103.19}
{'eval_train_loss': 9.839999925986831e-09, 'eval_train_token_acc': 0.9454955413148883, 'eval_train_seq_acc': 0.0, 'eval_train_move_acc': 1.0, 'eval_train_mod5_acc': 1.0, 'eval_train_mod4_acc': 0.252, 'eval_train_runtime': 0.579, 'eval_train_samples_per_second': 1727.029, 'eval_train_steps_per_second': 27.632, 'epoch': 103.19}
{'loss': 0.0, 'learning_rate': 2.4741014770776632e-05, 'epoch': 104.26}
{'eval_eval_loss': 3.3666321286318635e-08, 'eval_eval_token_acc': 0.9439481444000488, 'eval_eval_seq_acc': 0.0, 'eval_eval_move_acc': 1.0, 'eval_eval_mod5_acc': 1.0, 'eval_eval_mod4_acc': 0.261, 'eval_eval_runtime': 1.2055, 'eval_eval_samples_per_second': 1659.045, 'eval_eval_steps_per_second': 26.545, 'epoch': 104.26}
{'eval_train_loss': 1.2073492428044119e-08, 'eval_train_token_acc': 0.9454955413148883, 'eval_train_seq_acc': 0.0, 'eval_train_move_acc': 1.0, 'eval_train_mod5_acc': 1.0, 'eval_train_mod4_acc': 0.252, 'eval_train_runtime': 0.5789, 'eval_train_samples_per_second': 1727.283, 'eval_train_steps_per_second': 27.637, 'epoch': 104.26}
{'loss': 0.0, 'learning_rate': 2.4599077558356208e-05, 'epoch': 105.32}
{'eval_eval_loss': 3.609072152244153e-08, 'eval_eval_token_acc': 0.9439481444000488, 'eval_eval_seq_acc': 0.0, 'eval_eval_move_acc': 1.0, 'eval_eval_mod5_acc': 1.0, 'eval_eval_mod4_acc': 0.261, 'eval_eval_runtime': 1.1476, 'eval_eval_samples_per_second': 1742.842, 'eval_eval_steps_per_second': 27.885, 'epoch': 105.32}
{'eval_train_loss': 1.3976712232022237e-08, 'eval_train_token_acc': 0.9454955413148883, 'eval_train_seq_acc': 0.0, 'eval_train_move_acc': 1.0, 'eval_train_mod5_acc': 1.0, 'eval_train_mod4_acc': 0.252, 'eval_train_runtime': 0.5737, 'eval_train_samples_per_second': 1742.993, 'eval_train_steps_per_second': 27.888, 'epoch': 105.32}
  Pushed checkpoint step-25000 to ijinyu1113/ft_mr4_70m_seed1_purenum
{'loss': 0.0, 'learning_rate': 2.445566959048934e-05, 'epoch': 106.38}
{'eval_eval_loss': 3.3420249678783875e-08, 'eval_eval_token_acc': 0.9439481444000488, 'eval_eval_seq_acc': 0.0, 'eval_eval_move_acc': 1.0, 'eval_eval_mod5_acc': 1.0, 'eval_eval_mod4_acc': 0.261, 'eval_eval_runtime': 1.1474, 'eval_eval_samples_per_second': 1743.025, 'eval_eval_steps_per_second': 27.888, 'epoch': 106.38}
{'eval_train_loss': 1.4391190461537917e-08, 'eval_train_token_acc': 0.9454955413148883, 'eval_train_seq_acc': 0.0, 'eval_train_move_acc': 1.0, 'eval_train_mod5_acc': 1.0, 'eval_train_mod4_acc': 0.252, 'eval_train_runtime': 0.5741, 'eval_train_samples_per_second': 1741.959, 'eval_train_steps_per_second': 27.871, 'epoch': 106.38}
{'loss': 0.0, 'learning_rate': 2.4310812839917536e-05, 'epoch': 107.45}
{'eval_eval_loss': 2.70860009976559e-08, 'eval_eval_token_acc': 0.9439481444000488, 'eval_eval_seq_acc': 0.0, 'eval_eval_move_acc': 1.0, 'eval_eval_mod5_acc': 1.0, 'eval_eval_mod4_acc': 0.261, 'eval_eval_runtime': 1.152, 'eval_eval_samples_per_second': 1736.163, 'eval_eval_steps_per_second': 27.779, 'epoch': 107.45}
{'eval_train_loss': 1.4247776292108938e-08, 'eval_train_token_acc': 0.9454955413148883, 'eval_train_seq_acc': 0.0, 'eval_train_move_acc': 1.0, 'eval_train_mod5_acc': 1.0, 'eval_train_mod4_acc': 0.252, 'eval_train_runtime': 0.5752, 'eval_train_samples_per_second': 1738.445, 'eval_train_steps_per_second': 27.815, 'epoch': 107.45}
{'loss': 0.0, 'learning_rate': 2.416452950136248e-05, 'epoch': 108.51}
{'eval_eval_loss': 2.7943196201363207e-08, 'eval_eval_token_acc': 0.9439481444000488, 'eval_eval_seq_acc': 0.0, 'eval_eval_move_acc': 1.0, 'eval_eval_mod5_acc': 1.0, 'eval_eval_mod4_acc': 0.261, 'eval_eval_runtime': 1.1562, 'eval_eval_samples_per_second': 1729.871, 'eval_eval_steps_per_second': 27.678, 'epoch': 108.51}
{'eval_train_loss': 1.114815262326374e-08, 'eval_train_token_acc': 0.9454955413148883, 'eval_train_seq_acc': 0.0, 'eval_train_move_acc': 1.0, 'eval_train_mod5_acc': 1.0, 'eval_train_mod4_acc': 0.252, 'eval_train_runtime': 0.5696, 'eval_train_samples_per_second': 1755.573, 'eval_train_steps_per_second': 28.089, 'epoch': 108.51}
{'loss': 0.0, 'learning_rate': 2.401684198812541e-05, 'epoch': 109.57}
{'eval_eval_loss': 2.8689148834359912e-08, 'eval_eval_token_acc': 0.9439481444000488, 'eval_eval_seq_acc': 0.0, 'eval_eval_move_acc': 1.0, 'eval_eval_mod5_acc': 1.0, 'eval_eval_mod4_acc': 0.261, 'eval_eval_runtime': 1.1484, 'eval_eval_samples_per_second': 1741.494, 'eval_eval_steps_per_second': 27.864, 'epoch': 109.57}
{'eval_train_loss': 1.1582651282537881e-08, 'eval_train_token_acc': 0.9454955413148883, 'eval_train_seq_acc': 0.0, 'eval_train_move_acc': 1.0, 'eval_train_mod5_acc': 1.0, 'eval_train_mod4_acc': 0.252, 'eval_train_runtime': 0.5761, 'eval_train_samples_per_second': 1735.685, 'eval_train_steps_per_second': 27.771, 'epoch': 109.57}
  Pushed checkpoint step-26000 to ijinyu1113/ft_mr4_70m_seed1_purenum
{'loss': 0.0015, 'learning_rate': 2.386777292865297e-05, 'epoch': 110.64}
{'eval_eval_loss': 7.809581438777968e-05, 'eval_eval_token_acc': 0.9439481444000488, 'eval_eval_seq_acc': 0.0, 'eval_eval_move_acc': 0.998, 'eval_eval_mod5_acc': 0.998, 'eval_eval_mod4_acc': 0.26, 'eval_eval_runtime': 1.142, 'eval_eval_samples_per_second': 1751.369, 'eval_eval_steps_per_second': 28.022, 'epoch': 110.64}
{'eval_train_loss': 1.587151018611621e-05, 'eval_train_token_acc': 0.9454955413148883, 'eval_train_seq_acc': 0.0, 'eval_train_move_acc': 1.0, 'eval_train_mod5_acc': 1.0, 'eval_train_mod4_acc': 0.252, 'eval_train_runtime': 0.562, 'eval_train_samples_per_second': 1779.463, 'eval_train_steps_per_second': 28.471, 'epoch': 110.64}
{'loss': 0.0003, 'learning_rate': 2.371734516307015e-05, 'epoch': 111.7}
{'eval_eval_loss': 1.8412438294035383e-05, 'eval_eval_token_acc': 0.9439481444000488, 'eval_eval_seq_acc': 0.0, 'eval_eval_move_acc': 1.0, 'eval_eval_mod5_acc': 1.0, 'eval_eval_mod4_acc': 0.261, 'eval_eval_runtime': 1.1392, 'eval_eval_samples_per_second': 1755.588, 'eval_eval_steps_per_second': 28.089, 'epoch': 111.7}
{'eval_train_loss': 8.06988373369677e-06, 'eval_train_token_acc': 0.9454955413148883, 'eval_train_seq_acc': 0.0, 'eval_train_move_acc': 1.0, 'eval_train_mod5_acc': 1.0, 'eval_train_mod4_acc': 0.252, 'eval_train_runtime': 0.5707, 'eval_train_samples_per_second': 1752.186, 'eval_train_steps_per_second': 28.035, 'epoch': 111.7}
{'loss': 0.0, 'learning_rate': 2.3565581739680718e-05, 'epoch': 112.77}
{'eval_eval_loss': 6.987343567743665e-06, 'eval_eval_token_acc': 0.9439481444000488, 'eval_eval_seq_acc': 0.0, 'eval_eval_move_acc': 1.0, 'eval_eval_mod5_acc': 1.0, 'eval_eval_mod4_acc': 0.261, 'eval_eval_runtime': 1.1313, 'eval_eval_samples_per_second': 1767.834, 'eval_eval_steps_per_second': 28.285, 'epoch': 112.77}
{'eval_train_loss': 5.646711088047596e-06, 'eval_train_token_acc': 0.9454955413148883, 'eval_train_seq_acc': 0.0, 'eval_train_move_acc': 1.0, 'eval_train_mod5_acc': 1.0, 'eval_train_mod4_acc': 0.252, 'eval_train_runtime': 0.5686, 'eval_train_samples_per_second': 1758.602, 'eval_train_steps_per_second': 28.138, 'epoch': 112.77}
{'loss': 0.0, 'learning_rate': 2.3412505911435827e-05, 'epoch': 113.83}
{'eval_eval_loss': 3.504815367705305e-06, 'eval_eval_token_acc': 0.9439481444000488, 'eval_eval_seq_acc': 0.0, 'eval_eval_move_acc': 1.0, 'eval_eval_mod5_acc': 1.0, 'eval_eval_mod4_acc': 0.261, 'eval_eval_runtime': 1.1352, 'eval_eval_samples_per_second': 1761.851, 'eval_eval_steps_per_second': 28.19, 'epoch': 113.83}
{'eval_train_loss': 1.3125790019330452e-06, 'eval_train_token_acc': 0.9454955413148883, 'eval_train_seq_acc': 0.0, 'eval_train_move_acc': 1.0, 'eval_train_mod5_acc': 1.0, 'eval_train_mod4_acc': 0.252, 'eval_train_runtime': 0.5722, 'eval_train_samples_per_second': 1747.774, 'eval_train_steps_per_second': 27.964, 'epoch': 113.83}
  Pushed checkpoint step-27000 to ijinyu1113/ft_mr4_70m_seed1_purenum
{'loss': 0.0, 'learning_rate': 2.3258141132371215e-05, 'epoch': 114.89}
{'eval_eval_loss': 2.2750243715563556e-06, 'eval_eval_token_acc': 0.9439481444000488, 'eval_eval_seq_acc': 0.0, 'eval_eval_move_acc': 1.0, 'eval_eval_mod5_acc': 1.0, 'eval_eval_mod4_acc': 0.261, 'eval_eval_runtime': 1.1313, 'eval_eval_samples_per_second': 1767.885, 'eval_eval_steps_per_second': 28.286, 'epoch': 114.89}
{'eval_train_loss': 9.044154580806207e-07, 'eval_train_token_acc': 0.9454955413148883, 'eval_train_seq_acc': 0.0, 'eval_train_move_acc': 1.0, 'eval_train_mod5_acc': 1.0, 'eval_train_mod4_acc': 0.252, 'eval_train_runtime': 0.5701, 'eval_train_samples_per_second': 1754.11, 'eval_train_steps_per_second': 28.066, 'epoch': 114.89}
{'loss': 0.0, 'learning_rate': 2.3102511054013615e-05, 'epoch': 115.96}
{'eval_eval_loss': 1.671242102929682e-06, 'eval_eval_token_acc': 0.9439481444000488, 'eval_eval_seq_acc': 0.0, 'eval_eval_move_acc': 1.0, 'eval_eval_mod5_acc': 1.0, 'eval_eval_mod4_acc': 0.261, 'eval_eval_runtime': 1.1411, 'eval_eval_samples_per_second': 1752.677, 'eval_eval_steps_per_second': 28.043, 'epoch': 115.96}
{'eval_train_loss': 6.680282922388869e-07, 'eval_train_token_acc': 0.9454955413148883, 'eval_train_seq_acc': 0.0, 'eval_train_move_acc': 1.0, 'eval_train_mod5_acc': 1.0, 'eval_train_mod4_acc': 0.252, 'eval_train_runtime': 0.5701, 'eval_train_samples_per_second': 1754.12, 'eval_train_steps_per_second': 28.066, 'epoch': 115.96}
{'loss': 0.0, 'learning_rate': 2.2945639521756923e-05, 'epoch': 117.02}
{'eval_eval_loss': 1.3282292457006406e-06, 'eval_eval_token_acc': 0.9439481444000488, 'eval_eval_seq_acc': 0.0, 'eval_eval_move_acc': 1.0, 'eval_eval_mod5_acc': 1.0, 'eval_eval_mod4_acc': 0.261, 'eval_eval_runtime': 1.1275, 'eval_eval_samples_per_second': 1773.849, 'eval_eval_steps_per_second': 28.382, 'epoch': 117.02}
{'eval_train_loss': 4.971488465344009e-07, 'eval_train_token_acc': 0.9454955413148883, 'eval_train_seq_acc': 0.0, 'eval_train_move_acc': 1.0, 'eval_train_mod5_acc': 1.0, 'eval_train_mod4_acc': 0.252, 'eval_train_runtime': 0.5719, 'eval_train_samples_per_second': 1748.407, 'eval_train_steps_per_second': 27.975, 'epoch': 117.02}
{'loss': 0.0, 'learning_rate': 2.278755057120863e-05, 'epoch': 118.09}
{'eval_eval_loss': 1.0319241710021743e-06, 'eval_eval_token_acc': 0.9439481444000488, 'eval_eval_seq_acc': 0.0, 'eval_eval_move_acc': 1.0, 'eval_eval_mod5_acc': 1.0, 'eval_eval_mod4_acc': 0.261, 'eval_eval_runtime': 1.1183, 'eval_eval_samples_per_second': 1788.446, 'eval_eval_steps_per_second': 28.615, 'epoch': 118.09}
{'eval_train_loss': 3.875461231928057e-07, 'eval_train_token_acc': 0.9454955413148883, 'eval_train_seq_acc': 0.0, 'eval_train_move_acc': 1.0, 'eval_train_mod5_acc': 1.0, 'eval_train_mod4_acc': 0.252, 'eval_train_runtime': 0.5677, 'eval_train_samples_per_second': 1761.382, 'eval_train_steps_per_second': 28.182, 'epoch': 118.09}
  Pushed checkpoint step-28000 to ijinyu1113/ft_mr4_70m_seed1_purenum
{'loss': 0.0, 'learning_rate': 2.2628268424507127e-05, 'epoch': 119.15}
{'eval_eval_loss': 8.385532623833569e-07, 'eval_eval_token_acc': 0.9439481444000488, 'eval_eval_seq_acc': 0.0, 'eval_eval_move_acc': 1.0, 'eval_eval_mod5_acc': 1.0, 'eval_eval_mod4_acc': 0.261, 'eval_eval_runtime': 1.1479, 'eval_eval_samples_per_second': 1742.254, 'eval_eval_steps_per_second': 27.876, 'epoch': 119.15}
{'eval_train_loss': 3.06003670402788e-07, 'eval_train_token_acc': 0.9454955413148883, 'eval_train_seq_acc': 0.0, 'eval_train_move_acc': 1.0, 'eval_train_mod5_acc': 1.0, 'eval_train_mod4_acc': 0.252, 'eval_train_runtime': 0.5742, 'eval_train_samples_per_second': 1741.615, 'eval_train_steps_per_second': 27.866, 'epoch': 119.15}
{'loss': 0.0, 'learning_rate': 2.2467817486610425e-05, 'epoch': 120.21}
{'eval_eval_loss': 7.073030587889662e-07, 'eval_eval_token_acc': 0.9439481444000488, 'eval_eval_seq_acc': 0.0, 'eval_eval_move_acc': 1.0, 'eval_eval_mod5_acc': 1.0, 'eval_eval_mod4_acc': 0.261, 'eval_eval_runtime': 1.129, 'eval_eval_samples_per_second': 1771.422, 'eval_eval_steps_per_second': 28.343, 'epoch': 120.21}
{'eval_train_loss': 2.4980377588690317e-07, 'eval_train_token_acc': 0.9454955413148883, 'eval_train_seq_acc': 0.0, 'eval_train_move_acc': 1.0, 'eval_train_mod5_acc': 1.0, 'eval_train_mod4_acc': 0.252, 'eval_train_runtime': 0.5771, 'eval_train_samples_per_second': 1732.831, 'eval_train_steps_per_second': 27.725, 'epoch': 120.21}
{'loss': 0.0, 'learning_rate': 2.2306222341556868e-05, 'epoch': 121.28}
{'eval_eval_loss': 5.897024948353646e-07, 'eval_eval_token_acc': 0.9439481444000488, 'eval_eval_seq_acc': 0.0, 'eval_eval_move_acc': 1.0, 'eval_eval_mod5_acc': 1.0, 'eval_eval_mod4_acc': 0.261, 'eval_eval_runtime': 1.1345, 'eval_eval_samples_per_second': 1762.938, 'eval_eval_steps_per_second': 28.207, 'epoch': 121.28}
{'eval_train_loss': 2.0621442331503204e-07, 'eval_train_token_acc': 0.9454955413148883, 'eval_train_seq_acc': 0.0, 'eval_train_move_acc': 1.0, 'eval_train_mod5_acc': 1.0, 'eval_train_mod4_acc': 0.252, 'eval_train_runtime': 0.5679, 'eval_train_samples_per_second': 1760.924, 'eval_train_steps_per_second': 28.175, 'epoch': 121.28}
{'loss': 0.0, 'learning_rate': 2.214350774869842e-05, 'epoch': 122.34}
{'eval_eval_loss': 4.912569693260593e-07, 'eval_eval_token_acc': 0.9439481444000488, 'eval_eval_seq_acc': 0.0, 'eval_eval_move_acc': 1.0, 'eval_eval_mod5_acc': 1.0, 'eval_eval_mod4_acc': 0.261, 'eval_eval_runtime': 1.1187, 'eval_eval_samples_per_second': 1787.859, 'eval_eval_steps_per_second': 28.606, 'epoch': 122.34}
{'eval_train_loss': 1.6993055851344252e-07, 'eval_train_token_acc': 0.9454955413148883, 'eval_train_seq_acc': 0.0, 'eval_train_move_acc': 1.0, 'eval_train_mod5_acc': 1.0, 'eval_train_mod4_acc': 0.252, 'eval_train_runtime': 0.5672, 'eval_train_samples_per_second': 1762.914, 'eval_train_steps_per_second': 28.207, 'epoch': 122.34}
  Pushed checkpoint step-29000 to ijinyu1113/ft_mr4_70m_seed1_purenum
{'loss': 0.0, 'learning_rate': 2.197969863890705e-05, 'epoch': 123.4}
{'eval_eval_loss': 4.0917609567259206e-07, 'eval_eval_token_acc': 0.9439481444000488, 'eval_eval_seq_acc': 0.0, 'eval_eval_move_acc': 1.0, 'eval_eval_mod5_acc': 1.0, 'eval_eval_mod4_acc': 0.261, 'eval_eval_runtime': 1.1523, 'eval_eval_samples_per_second': 1735.693, 'eval_eval_steps_per_second': 27.771, 'epoch': 123.4}
{'eval_train_loss': 1.4011564530846954e-07, 'eval_train_token_acc': 0.9454955413148883, 'eval_train_seq_acc': 0.0, 'eval_train_move_acc': 1.0, 'eval_train_mod5_acc': 1.0, 'eval_train_mod4_acc': 0.252, 'eval_train_runtime': 0.5724, 'eval_train_samples_per_second': 1746.995, 'eval_train_steps_per_second': 27.952, 'epoch': 123.4}
{'loss': 0.0, 'learning_rate': 2.1814820110754875e-05, 'epoch': 124.47}
{'eval_eval_loss': 3.5060966752098466e-07, 'eval_eval_token_acc': 0.9439481444000488, 'eval_eval_seq_acc': 0.0, 'eval_eval_move_acc': 1.0, 'eval_eval_mod5_acc': 1.0, 'eval_eval_mod4_acc': 0.261, 'eval_eval_runtime': 1.1297, 'eval_eval_samples_per_second': 1770.458, 'eval_eval_steps_per_second': 28.327, 'epoch': 124.47}
{'eval_train_loss': 1.1892231555066246e-07, 'eval_train_token_acc': 0.9454955413148883, 'eval_train_seq_acc': 0.0, 'eval_train_move_acc': 1.0, 'eval_train_mod5_acc': 1.0, 'eval_train_mod4_acc': 0.252, 'eval_train_runtime': 0.5686, 'eval_train_samples_per_second': 1758.679, 'eval_train_steps_per_second': 28.139, 'epoch': 124.47}
{'loss': 0.0, 'learning_rate': 2.1648897426668606e-05, 'epoch': 125.53}
{'eval_eval_loss': 3.0885956903148326e-07, 'eval_eval_token_acc': 0.9439481444000488, 'eval_eval_seq_acc': 0.0, 'eval_eval_move_acc': 1.0, 'eval_eval_mod5_acc': 1.0, 'eval_eval_mod4_acc': 0.261, 'eval_eval_runtime': 1.1515, 'eval_eval_samples_per_second': 1736.926, 'eval_eval_steps_per_second': 27.791, 'epoch': 125.53}
{'eval_train_loss': 9.990338156740108e-08, 'eval_train_token_acc': 0.9454955413148883, 'eval_train_seq_acc': 0.0, 'eval_train_move_acc': 1.0, 'eval_train_mod5_acc': 1.0, 'eval_train_mod4_acc': 0.252, 'eval_train_runtime': 0.5764, 'eval_train_samples_per_second': 1734.762, 'eval_train_steps_per_second': 27.756, 'epoch': 125.53}
{'loss': 0.0, 'learning_rate': 2.148195600905887e-05, 'epoch': 126.6}
{'eval_eval_loss': 2.711801698751515e-07, 'eval_eval_token_acc': 0.9439481444000488, 'eval_eval_seq_acc': 0.0, 'eval_eval_move_acc': 1.0, 'eval_eval_mod5_acc': 1.0, 'eval_eval_mod4_acc': 0.261, 'eval_eval_runtime': 1.132, 'eval_eval_samples_per_second': 1766.859, 'eval_eval_steps_per_second': 28.27, 'epoch': 126.6}
{'eval_train_loss': 8.636941828399358e-08, 'eval_train_token_acc': 0.9454955413148883, 'eval_train_seq_acc': 0.0, 'eval_train_move_acc': 1.0, 'eval_train_mod5_acc': 1.0, 'eval_train_mod4_acc': 0.252, 'eval_train_runtime': 0.5766, 'eval_train_samples_per_second': 1734.205, 'eval_train_steps_per_second': 27.747, 'epoch': 126.6}
  Pushed checkpoint step-30000 to ijinyu1113/ft_mr4_70m_seed1_purenum
{'loss': 0.0, 'learning_rate': 2.1314021436425026e-05, 'epoch': 127.66}
{'eval_eval_loss': 2.3034129981169826e-07, 'eval_eval_token_acc': 0.9439481444000488, 'eval_eval_seq_acc': 0.0, 'eval_eval_move_acc': 1.0, 'eval_eval_mod5_acc': 1.0, 'eval_eval_mod4_acc': 0.261, 'eval_eval_runtime': 1.1203, 'eval_eval_samples_per_second': 1785.251, 'eval_eval_steps_per_second': 28.564, 'epoch': 127.66}
{'eval_train_loss': 7.450054795299366e-08, 'eval_train_token_acc': 0.9454955413148883, 'eval_train_seq_acc': 0.0, 'eval_train_move_acc': 1.0, 'eval_train_mod5_acc': 1.0, 'eval_train_mod4_acc': 0.252, 'eval_train_runtime': 0.5632, 'eval_train_samples_per_second': 1775.437, 'eval_train_steps_per_second': 28.407, 'epoch': 127.66}
{'loss': 0.0, 'learning_rate': 2.1145119439436072e-05, 'epoch': 128.72}
{'eval_eval_loss': 2.0336092632078362e-07, 'eval_eval_token_acc': 0.9439481444000488, 'eval_eval_seq_acc': 0.0, 'eval_eval_move_acc': 1.0, 'eval_eval_mod5_acc': 1.0, 'eval_eval_mod4_acc': 0.261, 'eval_eval_runtime': 1.1441, 'eval_eval_samples_per_second': 1748.086, 'eval_eval_steps_per_second': 27.969, 'epoch': 128.72}
{'eval_train_loss': 6.267271146498388e-08, 'eval_train_token_acc': 0.9454955413148883, 'eval_train_seq_acc': 0.0, 'eval_train_move_acc': 1.0, 'eval_train_mod5_acc': 1.0, 'eval_train_mod4_acc': 0.252, 'eval_train_runtime': 0.572, 'eval_train_samples_per_second': 1748.303, 'eval_train_steps_per_second': 27.973, 'epoch': 128.72}
{'loss': 0.0, 'learning_rate': 2.097527589698823e-05, 'epoch': 129.79}
{'eval_eval_loss': 1.728866720895894e-07, 'eval_eval_token_acc': 0.9439481444000488, 'eval_eval_seq_acc': 0.0, 'eval_eval_move_acc': 1.0, 'eval_eval_mod5_acc': 1.0, 'eval_eval_mod4_acc': 0.261, 'eval_eval_runtime': 1.1456, 'eval_eval_samples_per_second': 1745.794, 'eval_eval_steps_per_second': 27.933, 'epoch': 129.79}
{'eval_train_loss': 5.4373042956967765e-08, 'eval_train_token_acc': 0.9454955413148883, 'eval_train_seq_acc': 0.0, 'eval_train_move_acc': 1.0, 'eval_train_mod5_acc': 1.0, 'eval_train_mod4_acc': 0.252, 'eval_train_runtime': 0.5734, 'eval_train_samples_per_second': 1743.963, 'eval_train_steps_per_second': 27.903, 'epoch': 129.79}
{'loss': 0.0, 'learning_rate': 2.080451683223983e-05, 'epoch': 130.85}
{'eval_eval_loss': 1.5579134071685985e-07, 'eval_eval_token_acc': 0.9439481444000488, 'eval_eval_seq_acc': 0.0, 'eval_eval_move_acc': 1.0, 'eval_eval_mod5_acc': 1.0, 'eval_eval_mod4_acc': 0.261, 'eval_eval_runtime': 1.1418, 'eval_eval_samples_per_second': 1751.634, 'eval_eval_steps_per_second': 28.026, 'epoch': 130.85}
{'eval_train_loss': 4.675940701304171e-08, 'eval_train_token_acc': 0.9454955413148883, 'eval_train_seq_acc': 0.0, 'eval_train_move_acc': 1.0, 'eval_train_mod5_acc': 1.0, 'eval_train_mod4_acc': 0.252, 'eval_train_runtime': 0.5722, 'eval_train_samples_per_second': 1747.754, 'eval_train_steps_per_second': 27.964, 'epoch': 130.85}
  Pushed checkpoint step-31000 to ijinyu1113/ft_mr4_70m_seed1_purenum
{'loss': 0.0, 'learning_rate': 2.063286840862408e-05, 'epoch': 131.91}
{'eval_eval_loss': 1.3316969216248253e-07, 'eval_eval_token_acc': 0.9439481444000488, 'eval_eval_seq_acc': 0.0, 'eval_eval_move_acc': 1.0, 'eval_eval_mod5_acc': 1.0, 'eval_eval_mod4_acc': 0.261, 'eval_eval_runtime': 1.1348, 'eval_eval_samples_per_second': 1762.478, 'eval_eval_steps_per_second': 28.2, 'epoch': 131.91}
{'eval_train_loss': 4.003589992862544e-08, 'eval_train_token_acc': 0.9454955413148883, 'eval_train_seq_acc': 0.0, 'eval_train_move_acc': 1.0, 'eval_train_mod5_acc': 1.0, 'eval_train_mod4_acc': 0.252, 'eval_train_runtime': 0.5765, 'eval_train_samples_per_second': 1734.717, 'eval_train_steps_per_second': 27.755, 'epoch': 131.91}
{'loss': 0.0, 'learning_rate': 2.0460356925840325e-05, 'epoch': 132.98}
{'eval_eval_loss': 1.1756149831398943e-07, 'eval_eval_token_acc': 0.9439481444000488, 'eval_eval_seq_acc': 0.0, 'eval_eval_move_acc': 1.0, 'eval_eval_mod5_acc': 1.0, 'eval_eval_mod4_acc': 0.261, 'eval_eval_runtime': 1.1314, 'eval_eval_samples_per_second': 1767.728, 'eval_eval_steps_per_second': 28.284, 'epoch': 132.98}
{'eval_train_loss': 3.4701777451573435e-08, 'eval_train_token_acc': 0.9454955413148883, 'eval_train_seq_acc': 0.0, 'eval_train_move_acc': 1.0, 'eval_train_mod5_acc': 1.0, 'eval_train_mod4_acc': 0.252, 'eval_train_runtime': 0.5714, 'eval_train_samples_per_second': 1750.024, 'eval_train_steps_per_second': 28.0, 'epoch': 132.98}
{'loss': 0.0, 'learning_rate': 2.0287008815824495e-05, 'epoch': 134.04}
{'eval_eval_loss': 1.048072775233777e-07, 'eval_eval_token_acc': 0.9439481444000488, 'eval_eval_seq_acc': 0.0, 'eval_eval_move_acc': 1.0, 'eval_eval_mod5_acc': 1.0, 'eval_eval_mod4_acc': 0.261, 'eval_eval_runtime': 1.1273, 'eval_eval_samples_per_second': 1774.215, 'eval_eval_steps_per_second': 28.387, 'epoch': 134.04}
{'eval_train_loss': 3.02347942238157e-08, 'eval_train_token_acc': 0.9454955413148883, 'eval_train_seq_acc': 0.0, 'eval_train_move_acc': 1.0, 'eval_train_mod5_acc': 1.0, 'eval_train_mod4_acc': 0.252, 'eval_train_runtime': 0.5676, 'eval_train_samples_per_second': 1761.77, 'eval_train_steps_per_second': 28.188, 'epoch': 134.04}
{'loss': 0.0, 'learning_rate': 2.0112850638699195e-05, 'epoch': 135.11}
{'eval_eval_loss': 9.256803679136283e-08, 'eval_eval_token_acc': 0.9439481444000488, 'eval_eval_seq_acc': 0.0, 'eval_eval_move_acc': 1.0, 'eval_eval_mod5_acc': 1.0, 'eval_eval_mod4_acc': 0.261, 'eval_eval_runtime': 1.1411, 'eval_eval_samples_per_second': 1752.634, 'eval_eval_steps_per_second': 28.042, 'epoch': 135.11}
{'eval_train_loss': 2.6159982624562872e-08, 'eval_train_token_acc': 0.9454955413148883, 'eval_train_seq_acc': 0.0, 'eval_train_move_acc': 1.0, 'eval_train_mod5_acc': 1.0, 'eval_train_mod4_acc': 0.252, 'eval_train_runtime': 0.5721, 'eval_train_samples_per_second': 1747.889, 'eval_train_steps_per_second': 27.966, 'epoch': 135.11}
  Pushed checkpoint step-32000 to ijinyu1113/ft_mr4_70m_seed1_purenum
{'loss': 0.0, 'learning_rate': 1.9937909078704247e-05, 'epoch': 136.17}
{'eval_eval_loss': 8.030959719462771e-08, 'eval_eval_token_acc': 0.9439481444000488, 'eval_eval_seq_acc': 0.0, 'eval_eval_move_acc': 1.0, 'eval_eval_mod5_acc': 1.0, 'eval_eval_mod4_acc': 0.261, 'eval_eval_runtime': 1.1325, 'eval_eval_samples_per_second': 1766.065, 'eval_eval_steps_per_second': 28.257, 'epoch': 136.17}
{'eval_train_loss': 2.2740954008781955e-08, 'eval_train_token_acc': 0.9454955413148883, 'eval_train_seq_acc': 0.0, 'eval_train_move_acc': 1.0, 'eval_train_mod5_acc': 1.0, 'eval_train_mod4_acc': 0.252, 'eval_train_runtime': 0.571, 'eval_train_samples_per_second': 1751.259, 'eval_train_steps_per_second': 28.02, 'epoch': 136.17}
{'loss': 0.0, 'learning_rate': 1.976221094010814e-05, 'epoch': 137.23}
{'eval_eval_loss': 7.124679513026422e-08, 'eval_eval_token_acc': 0.9439481444000488, 'eval_eval_seq_acc': 0.0, 'eval_eval_move_acc': 1.0, 'eval_eval_mod5_acc': 1.0, 'eval_eval_mod4_acc': 0.261, 'eval_eval_runtime': 1.1383, 'eval_eval_samples_per_second': 1756.948, 'eval_eval_steps_per_second': 28.111, 'epoch': 137.23}
{'eval_train_loss': 1.975470453885464e-08, 'eval_train_token_acc': 0.9454955413148883, 'eval_train_seq_acc': 0.0, 'eval_train_move_acc': 1.0, 'eval_train_mod5_acc': 1.0, 'eval_train_mod4_acc': 0.252, 'eval_train_runtime': 0.5701, 'eval_train_samples_per_second': 1754.091, 'eval_train_steps_per_second': 28.065, 'epoch': 137.23}
{'loss': 0.0, 'learning_rate': 1.958578314310114e-05, 'epoch': 138.3}
{'eval_eval_loss': 6.429763743653893e-08, 'eval_eval_token_acc': 0.9439481444000488, 'eval_eval_seq_acc': 0.0, 'eval_eval_move_acc': 1.0, 'eval_eval_mod5_acc': 1.0, 'eval_eval_mod4_acc': 0.261, 'eval_eval_runtime': 1.1436, 'eval_eval_samples_per_second': 1748.885, 'eval_eval_steps_per_second': 27.982, 'epoch': 138.3}
{'eval_train_loss': 1.7305341160067655e-08, 'eval_train_token_acc': 0.9454955413148883, 'eval_train_seq_acc': 0.0, 'eval_train_move_acc': 1.0, 'eval_train_mod5_acc': 1.0, 'eval_train_mod4_acc': 0.252, 'eval_train_runtime': 0.5751, 'eval_train_samples_per_second': 1738.921, 'eval_train_steps_per_second': 27.823, 'epoch': 138.3}
{'loss': 0.0, 'learning_rate': 1.9408652719670622e-05, 'epoch': 139.36}
{'eval_eval_loss': 5.7093842542599305e-08, 'eval_eval_token_acc': 0.9439481444000488, 'eval_eval_seq_acc': 0.0, 'eval_eval_move_acc': 1.0, 'eval_eval_mod5_acc': 1.0, 'eval_eval_mod4_acc': 0.261, 'eval_eval_runtime': 1.1374, 'eval_eval_samples_per_second': 1758.423, 'eval_eval_steps_per_second': 28.135, 'epoch': 139.36}
{'eval_train_loss': 1.502700008870761e-08, 'eval_train_token_acc': 0.9454955413148883, 'eval_train_seq_acc': 0.0, 'eval_train_move_acc': 1.0, 'eval_train_mod5_acc': 1.0, 'eval_train_mod4_acc': 0.252, 'eval_train_runtime': 0.5743, 'eval_train_samples_per_second': 1741.309, 'eval_train_steps_per_second': 27.861, 'epoch': 139.36}
  Pushed checkpoint step-33000 to ijinyu1113/ft_mr4_70m_seed1_purenum
{'loss': 0.0, 'learning_rate': 1.923084680945927e-05, 'epoch': 140.43}
{'eval_eval_loss': 5.106066325311076e-08, 'eval_eval_token_acc': 0.9439481444000488, 'eval_eval_seq_acc': 0.0, 'eval_eval_move_acc': 1.0, 'eval_eval_mod5_acc': 1.0, 'eval_eval_mod4_acc': 0.261, 'eval_eval_runtime': 1.1468, 'eval_eval_samples_per_second': 1743.96, 'eval_eval_steps_per_second': 27.903, 'epoch': 140.43}
{'eval_train_loss': 1.3052269487445756e-08, 'eval_train_token_acc': 0.9454955413148883, 'eval_train_seq_acc': 0.0, 'eval_train_move_acc': 1.0, 'eval_train_mod5_acc': 1.0, 'eval_train_mod4_acc': 0.252, 'eval_train_runtime': 0.5671, 'eval_train_samples_per_second': 1763.271, 'eval_train_steps_per_second': 28.212, 'epoch': 140.43}
{'loss': 0.0, 'learning_rate': 1.905239265560677e-05, 'epoch': 141.49}
{'eval_eval_loss': 4.550196308628074e-08, 'eval_eval_token_acc': 0.9439481444000488, 'eval_eval_seq_acc': 0.0, 'eval_eval_move_acc': 1.0, 'eval_eval_mod5_acc': 1.0, 'eval_eval_mod4_acc': 0.261, 'eval_eval_runtime': 1.1288, 'eval_eval_samples_per_second': 1771.854, 'eval_eval_steps_per_second': 28.35, 'epoch': 141.49}
{'eval_train_loss': 1.1205974814743058e-08, 'eval_train_token_acc': 0.9454955413148883, 'eval_train_seq_acc': 0.0, 'eval_train_move_acc': 1.0, 'eval_train_mod5_acc': 1.0, 'eval_train_mod4_acc': 0.252, 'eval_train_runtime': 0.5702, 'eval_train_samples_per_second': 1753.896, 'eval_train_steps_per_second': 28.062, 'epoch': 141.49}
{'loss': 0.0, 'learning_rate': 1.887331760057568e-05, 'epoch': 142.55}
{'eval_eval_loss': 4.076936832575484e-08, 'eval_eval_token_acc': 0.9439481444000488, 'eval_eval_seq_acc': 0.0, 'eval_eval_move_acc': 1.0, 'eval_eval_mod5_acc': 1.0, 'eval_eval_mod4_acc': 0.261, 'eval_eval_runtime': 1.1391, 'eval_eval_samples_per_second': 1755.809, 'eval_eval_steps_per_second': 28.093, 'epoch': 142.55}
{'eval_train_loss': 9.809697054663502e-09, 'eval_train_token_acc': 0.9454955413148883, 'eval_train_seq_acc': 0.0, 'eval_train_move_acc': 1.0, 'eval_train_mod5_acc': 1.0, 'eval_train_mod4_acc': 0.252, 'eval_train_runtime': 0.5744, 'eval_train_samples_per_second': 1740.84, 'eval_train_steps_per_second': 27.853, 'epoch': 142.55}
{'loss': 0.0, 'learning_rate': 1.869364908196206e-05, 'epoch': 143.62}
{'eval_eval_loss': 3.720255392636318e-08, 'eval_eval_token_acc': 0.9439481444000488, 'eval_eval_seq_acc': 0.0, 'eval_eval_move_acc': 1.0, 'eval_eval_mod5_acc': 1.0, 'eval_eval_mod4_acc': 0.261, 'eval_eval_runtime': 1.1513, 'eval_eval_samples_per_second': 1737.231, 'eval_eval_steps_per_second': 27.796, 'epoch': 143.62}
{'eval_train_loss': 8.734081013983541e-09, 'eval_train_token_acc': 0.9454955413148883, 'eval_train_seq_acc': 0.0, 'eval_train_move_acc': 1.0, 'eval_train_mod5_acc': 1.0, 'eval_train_mod4_acc': 0.252, 'eval_train_runtime': 0.5772, 'eval_train_samples_per_second': 1732.482, 'eval_train_steps_per_second': 27.72, 'epoch': 143.62}
  Pushed checkpoint step-34000 to ijinyu1113/ft_mr4_70m_seed1_purenum
{'loss': 0.0, 'learning_rate': 1.85134146282915e-05, 'epoch': 144.68}
{'eval_eval_loss': 3.373710200094138e-08, 'eval_eval_token_acc': 0.9439481444000488, 'eval_eval_seq_acc': 0.0, 'eval_eval_move_acc': 1.0, 'eval_eval_mod5_acc': 1.0, 'eval_eval_mod4_acc': 0.261, 'eval_eval_runtime': 1.1437, 'eval_eval_samples_per_second': 1748.772, 'eval_eval_steps_per_second': 27.98, 'epoch': 144.68}
{'eval_train_loss': 7.682342761938799e-09, 'eval_train_token_acc': 0.9454955413148883, 'eval_train_seq_acc': 0.0, 'eval_train_move_acc': 1.0, 'eval_train_mod5_acc': 1.0, 'eval_train_mod4_acc': 0.252, 'eval_train_runtime': 0.5704, 'eval_train_samples_per_second': 1753.241, 'eval_train_steps_per_second': 28.052, 'epoch': 144.68}
{'loss': 0.0, 'learning_rate': 1.8332641854801276e-05, 'epoch': 145.74}
{'eval_eval_loss': 3.266941206447882e-08, 'eval_eval_token_acc': 0.9439481444000488, 'eval_eval_seq_acc': 0.0, 'eval_eval_move_acc': 1.0, 'eval_eval_mod5_acc': 1.0, 'eval_eval_mod4_acc': 0.261, 'eval_eval_runtime': 1.1406, 'eval_eval_samples_per_second': 1753.455, 'eval_eval_steps_per_second': 28.055, 'epoch': 145.74}
{'eval_train_loss': 7.149878022971734e-09, 'eval_train_token_acc': 0.9454955413148883, 'eval_train_seq_acc': 0.0, 'eval_train_move_acc': 1.0, 'eval_train_mod5_acc': 1.0, 'eval_train_mod4_acc': 0.252, 'eval_train_runtime': 0.5713, 'eval_train_samples_per_second': 1750.518, 'eval_train_steps_per_second': 28.008, 'epoch': 145.74}
{'loss': 0.0, 'learning_rate': 1.8151358459209167e-05, 'epoch': 146.81}
{'eval_eval_loss': 3.2857624177040634e-08, 'eval_eval_token_acc': 0.9439481444000488, 'eval_eval_seq_acc': 0.0, 'eval_eval_move_acc': 1.0, 'eval_eval_mod5_acc': 1.0, 'eval_eval_mod4_acc': 0.261, 'eval_eval_runtime': 1.1411, 'eval_eval_samples_per_second': 1752.619, 'eval_eval_steps_per_second': 28.042, 'epoch': 146.81}
{'eval_train_loss': 6.638837923844676e-09, 'eval_train_token_acc': 0.9454955413148883, 'eval_train_seq_acc': 0.0, 'eval_train_move_acc': 1.0, 'eval_train_mod5_acc': 1.0, 'eval_train_mod4_acc': 0.252, 'eval_train_runtime': 0.5716, 'eval_train_samples_per_second': 1749.569, 'eval_train_steps_per_second': 27.993, 'epoch': 146.81}
{'loss': 0.0, 'learning_rate': 1.7969592217469675e-05, 'epoch': 147.87}
{'eval_eval_loss': 3.339360077347919e-08, 'eval_eval_token_acc': 0.9439481444000488, 'eval_eval_seq_acc': 0.0, 'eval_eval_move_acc': 1.0, 'eval_eval_mod5_acc': 1.0, 'eval_eval_mod4_acc': 0.261, 'eval_eval_runtime': 1.1285, 'eval_eval_samples_per_second': 1772.214, 'eval_eval_steps_per_second': 28.355, 'epoch': 147.87}
{'eval_train_loss': 6.644916616949104e-09, 'eval_train_token_acc': 0.9454955413148883, 'eval_train_seq_acc': 0.0, 'eval_train_move_acc': 1.0, 'eval_train_mod5_acc': 1.0, 'eval_train_mod4_acc': 0.252, 'eval_train_runtime': 0.5726, 'eval_train_samples_per_second': 1746.321, 'eval_train_steps_per_second': 27.941, 'epoch': 147.87}
  Pushed checkpoint step-35000 to ijinyu1113/ft_mr4_70m_seed1_purenum
{'loss': 0.0, 'learning_rate': 1.7787370979518197e-05, 'epoch': 148.94}
{'eval_eval_loss': 3.832968076267207e-08, 'eval_eval_token_acc': 0.9439481444000488, 'eval_eval_seq_acc': 0.0, 'eval_eval_move_acc': 1.0, 'eval_eval_mod5_acc': 1.0, 'eval_eval_mod4_acc': 0.261, 'eval_eval_runtime': 1.136, 'eval_eval_samples_per_second': 1760.597, 'eval_eval_steps_per_second': 28.17, 'epoch': 148.94}
{'eval_train_loss': 6.687851161757408e-09, 'eval_train_token_acc': 0.9454955413148883, 'eval_train_seq_acc': 0.0, 'eval_train_move_acc': 1.0, 'eval_train_mod5_acc': 1.0, 'eval_train_mod4_acc': 0.252, 'eval_train_runtime': 0.5646, 'eval_train_samples_per_second': 1771.199, 'eval_train_steps_per_second': 28.339, 'epoch': 148.94}
{'loss': 0.0, 'learning_rate': 1.760472266500396e-05, 'epoch': 150.0}
{'eval_eval_loss': 4.020138533178397e-08, 'eval_eval_token_acc': 0.9439481444000488, 'eval_eval_seq_acc': 0.0, 'eval_eval_move_acc': 1.0, 'eval_eval_mod5_acc': 1.0, 'eval_eval_mod4_acc': 0.261, 'eval_eval_runtime': 1.1565, 'eval_eval_samples_per_second': 1729.327, 'eval_eval_steps_per_second': 27.669, 'epoch': 150.0}
{'eval_train_loss': 6.9090084764411586e-09, 'eval_train_token_acc': 0.9454955413148883, 'eval_train_seq_acc': 0.0, 'eval_train_move_acc': 1.0, 'eval_train_mod5_acc': 1.0, 'eval_train_mod4_acc': 0.252, 'eval_train_runtime': 0.5815, 'eval_train_samples_per_second': 1719.656, 'eval_train_steps_per_second': 27.514, 'epoch': 150.0}
{'loss': 0.0, 'learning_rate': 1.742167525901215e-05, 'epoch': 151.06}
{'eval_eval_loss': 4.7838064176630724e-08, 'eval_eval_token_acc': 0.9439481444000488, 'eval_eval_seq_acc': 0.0, 'eval_eval_move_acc': 1.0, 'eval_eval_mod5_acc': 1.0, 'eval_eval_mod4_acc': 0.261, 'eval_eval_runtime': 1.1358, 'eval_eval_samples_per_second': 1760.855, 'eval_eval_steps_per_second': 28.174, 'epoch': 151.06}
{'eval_train_loss': 7.260963830191258e-09, 'eval_train_token_acc': 0.9454955413148883, 'eval_train_seq_acc': 0.0, 'eval_train_move_acc': 1.0, 'eval_train_mod5_acc': 1.0, 'eval_train_mod4_acc': 0.252, 'eval_train_runtime': 0.5653, 'eval_train_samples_per_second': 1769.071, 'eval_train_steps_per_second': 28.305, 'epoch': 151.06}
{'loss': 0.0, 'learning_rate': 1.723825680777615e-05, 'epoch': 152.13}
{'eval_eval_loss': 5.3037705782799094e-08, 'eval_eval_token_acc': 0.9439481444000488, 'eval_eval_seq_acc': 0.0, 'eval_eval_move_acc': 1.0, 'eval_eval_mod5_acc': 1.0, 'eval_eval_mod4_acc': 0.261, 'eval_eval_runtime': 1.1489, 'eval_eval_samples_per_second': 1740.791, 'eval_eval_steps_per_second': 27.853, 'epoch': 152.13}
{'eval_train_loss': 9.492571173552733e-09, 'eval_train_token_acc': 0.9454955413148883, 'eval_train_seq_acc': 0.0, 'eval_train_move_acc': 1.0, 'eval_train_mod5_acc': 1.0, 'eval_train_mod4_acc': 0.252, 'eval_train_runtime': 0.5754, 'eval_train_samples_per_second': 1737.866, 'eval_train_steps_per_second': 27.806, 'epoch': 152.13}
  Pushed checkpoint step-36000 to ijinyu1113/ft_mr4_70m_seed1_purenum
{'loss': 0.0, 'learning_rate': 1.705449541438028e-05, 'epoch': 153.19}
{'eval_eval_loss': 5.02375812061473e-08, 'eval_eval_token_acc': 0.9439481444000488, 'eval_eval_seq_acc': 0.0, 'eval_eval_move_acc': 1.0, 'eval_eval_mod5_acc': 1.0, 'eval_eval_mod4_acc': 0.261, 'eval_eval_runtime': 1.1176, 'eval_eval_samples_per_second': 1789.524, 'eval_eval_steps_per_second': 28.632, 'epoch': 153.19}
{'eval_train_loss': 7.3126291688652145e-09, 'eval_train_token_acc': 0.9454955413148883, 'eval_train_seq_acc': 0.0, 'eval_train_move_acc': 1.0, 'eval_train_mod5_acc': 1.0, 'eval_train_mod4_acc': 0.252, 'eval_train_runtime': 0.5691, 'eval_train_samples_per_second': 1757.172, 'eval_train_steps_per_second': 28.115, 'epoch': 153.19}
{'loss': 0.0, 'learning_rate': 1.6870419234453938e-05, 'epoch': 154.26}
{'eval_eval_loss': 5.135911962383943e-08, 'eval_eval_token_acc': 0.9439481444000488, 'eval_eval_seq_acc': 0.0, 'eval_eval_move_acc': 1.0, 'eval_eval_mod5_acc': 1.0, 'eval_eval_mod4_acc': 0.261, 'eval_eval_runtime': 1.1371, 'eval_eval_samples_per_second': 1758.831, 'eval_eval_steps_per_second': 28.141, 'epoch': 154.26}
{'eval_train_loss': 7.569958881958883e-09, 'eval_train_token_acc': 0.9454955413148883, 'eval_train_seq_acc': 0.0, 'eval_train_move_acc': 1.0, 'eval_train_mod5_acc': 1.0, 'eval_train_mod4_acc': 0.252, 'eval_train_runtime': 0.5691, 'eval_train_samples_per_second': 1757.256, 'eval_train_steps_per_second': 28.116, 'epoch': 154.26}
{'loss': 0.0, 'learning_rate': 1.6686056471857595e-05, 'epoch': 155.32}
{'eval_eval_loss': 4.976025280711838e-08, 'eval_eval_token_acc': 0.9439481444000488, 'eval_eval_seq_acc': 0.0, 'eval_eval_move_acc': 1.0, 'eval_eval_mod5_acc': 1.0, 'eval_eval_mod4_acc': 0.261, 'eval_eval_runtime': 1.1328, 'eval_eval_samples_per_second': 1765.513, 'eval_eval_steps_per_second': 28.248, 'epoch': 155.32}
{'eval_train_loss': 8.029752862626083e-09, 'eval_train_token_acc': 0.9454955413148883, 'eval_train_seq_acc': 0.0, 'eval_train_move_acc': 1.0, 'eval_train_mod5_acc': 1.0, 'eval_train_mod4_acc': 0.252, 'eval_train_runtime': 0.5691, 'eval_train_samples_per_second': 1757.119, 'eval_train_steps_per_second': 28.114, 'epoch': 155.32}
{'loss': 0.0, 'learning_rate': 1.6501435374361478e-05, 'epoch': 156.38}
{'eval_eval_loss': 5.790752766188234e-08, 'eval_eval_token_acc': 0.9439481444000488, 'eval_eval_seq_acc': 0.0, 'eval_eval_move_acc': 1.0, 'eval_eval_mod5_acc': 1.0, 'eval_eval_mod4_acc': 0.261, 'eval_eval_runtime': 1.1364, 'eval_eval_samples_per_second': 1760.011, 'eval_eval_steps_per_second': 28.16, 'epoch': 156.38}
{'eval_train_loss': 8.236403559180872e-09, 'eval_train_token_acc': 0.9454955413148883, 'eval_train_seq_acc': 0.0, 'eval_train_move_acc': 1.0, 'eval_train_mod5_acc': 1.0, 'eval_train_mod4_acc': 0.252, 'eval_train_runtime': 0.577, 'eval_train_samples_per_second': 1733.01, 'eval_train_steps_per_second': 27.728, 'epoch': 156.38}
  Pushed checkpoint step-37000 to ijinyu1113/ft_mr4_70m_seed1_purenum
{'loss': 0.0, 'learning_rate': 1.6316584229317465e-05, 'epoch': 157.45}
{'eval_eval_loss': 5.3427868351718644e-08, 'eval_eval_token_acc': 0.9439481444000488, 'eval_eval_seq_acc': 0.0, 'eval_eval_move_acc': 1.0, 'eval_eval_mod5_acc': 1.0, 'eval_eval_mod4_acc': 0.261, 'eval_eval_runtime': 1.1156, 'eval_eval_samples_per_second': 1792.735, 'eval_eval_steps_per_second': 28.684, 'epoch': 157.45}
{'eval_train_loss': 9.257791866446041e-09, 'eval_train_token_acc': 0.9454955413148883, 'eval_train_seq_acc': 0.0, 'eval_train_move_acc': 1.0, 'eval_train_mod5_acc': 1.0, 'eval_train_mod4_acc': 0.252, 'eval_train_runtime': 0.5718, 'eval_train_samples_per_second': 1748.921, 'eval_train_steps_per_second': 27.983, 'epoch': 157.45}
{'loss': 0.0, 'learning_rate': 1.613153135932497e-05, 'epoch': 158.51}
{'eval_eval_loss': 4.822397769999043e-08, 'eval_eval_token_acc': 0.9439481444000488, 'eval_eval_seq_acc': 0.0, 'eval_eval_move_acc': 1.0, 'eval_eval_mod5_acc': 1.0, 'eval_eval_mod4_acc': 0.261, 'eval_eval_runtime': 1.1406, 'eval_eval_samples_per_second': 1753.537, 'eval_eval_steps_per_second': 28.057, 'epoch': 158.51}
{'eval_train_loss': 9.280975099557054e-09, 'eval_train_token_acc': 0.9454955413148883, 'eval_train_seq_acc': 0.0, 'eval_train_move_acc': 1.0, 'eval_train_mod5_acc': 1.0, 'eval_train_mod4_acc': 0.252, 'eval_train_runtime': 0.5906, 'eval_train_samples_per_second': 1693.171, 'eval_train_steps_per_second': 27.091, 'epoch': 158.51}
{'loss': 0.0, 'learning_rate': 1.594630511789137e-05, 'epoch': 159.57}
{'eval_eval_loss': 4.486122762159539e-08, 'eval_eval_token_acc': 0.9439481444000488, 'eval_eval_seq_acc': 0.0, 'eval_eval_move_acc': 1.0, 'eval_eval_mod5_acc': 1.0, 'eval_eval_mod4_acc': 0.261, 'eval_eval_runtime': 1.1418, 'eval_eval_samples_per_second': 1751.565, 'eval_eval_steps_per_second': 28.025, 'epoch': 159.57}
{'eval_train_loss': 9.226219788160961e-09, 'eval_train_token_acc': 0.9454955413148883, 'eval_train_seq_acc': 0.0, 'eval_train_move_acc': 1.0, 'eval_train_mod5_acc': 1.0, 'eval_train_mod4_acc': 0.252, 'eval_train_runtime': 0.5714, 'eval_train_samples_per_second': 1750.123, 'eval_train_steps_per_second': 28.002, 'epoch': 159.57}
{'loss': 0.0, 'learning_rate': 1.576093388508776e-05, 'epoch': 160.64}
{'eval_eval_loss': 4.5231267620238214e-08, 'eval_eval_token_acc': 0.9439481444000488, 'eval_eval_seq_acc': 0.0, 'eval_eval_move_acc': 1.0, 'eval_eval_mod5_acc': 1.0, 'eval_eval_mod4_acc': 0.261, 'eval_eval_runtime': 1.1473, 'eval_eval_samples_per_second': 1743.224, 'eval_eval_steps_per_second': 27.892, 'epoch': 160.64}
{'eval_train_loss': 1.0575200271034646e-08, 'eval_train_token_acc': 0.9454955413148883, 'eval_train_seq_acc': 0.0, 'eval_train_move_acc': 1.0, 'eval_train_mod5_acc': 1.0, 'eval_train_mod4_acc': 0.252, 'eval_train_runtime': 0.57, 'eval_train_samples_per_second': 1754.41, 'eval_train_steps_per_second': 28.071, 'epoch': 160.64}
  Pushed checkpoint step-38000 to ijinyu1113/ft_mr4_70m_seed1_purenum
{'loss': 0.0, 'learning_rate': 1.5575446063200546e-05, 'epoch': 161.7}
{'eval_eval_loss': 2.0406139000783696e-08, 'eval_eval_token_acc': 0.9439481444000488, 'eval_eval_seq_acc': 0.0, 'eval_eval_move_acc': 1.0, 'eval_eval_mod5_acc': 1.0, 'eval_eval_mod4_acc': 0.261, 'eval_eval_runtime': 1.1185, 'eval_eval_samples_per_second': 1788.115, 'eval_eval_steps_per_second': 28.61, 'epoch': 161.7}
{'eval_train_loss': 4.0995891126272e-09, 'eval_train_token_acc': 0.9454955413148883, 'eval_train_seq_acc': 0.0, 'eval_train_move_acc': 1.0, 'eval_train_mod5_acc': 1.0, 'eval_train_mod4_acc': 0.252, 'eval_train_runtime': 0.5729, 'eval_train_samples_per_second': 1745.446, 'eval_train_steps_per_second': 27.927, 'epoch': 161.7}
{'loss': 0.0, 'learning_rate': 1.5389870072379766e-05, 'epoch': 162.77}
{'eval_eval_loss': 3.145979832197554e-08, 'eval_eval_token_acc': 0.9439481444000488, 'eval_eval_seq_acc': 0.0, 'eval_eval_move_acc': 1.0, 'eval_eval_mod5_acc': 1.0, 'eval_eval_mod4_acc': 0.261, 'eval_eval_runtime': 1.143, 'eval_eval_samples_per_second': 1749.715, 'eval_eval_steps_per_second': 27.995, 'epoch': 162.77}
{'eval_train_loss': 5.4906350577255125e-09, 'eval_train_token_acc': 0.9454955413148883, 'eval_train_seq_acc': 0.0, 'eval_train_move_acc': 1.0, 'eval_train_mod5_acc': 1.0, 'eval_train_mod4_acc': 0.252, 'eval_train_runtime': 0.5648, 'eval_train_samples_per_second': 1770.556, 'eval_train_steps_per_second': 28.329, 'epoch': 162.77}
{'loss': 0.0008, 'learning_rate': 1.5204234346284535e-05, 'epoch': 163.83}
{'eval_eval_loss': 4.58419781352859e-05, 'eval_eval_token_acc': 0.9439481444000488, 'eval_eval_seq_acc': 0.0, 'eval_eval_move_acc': 1.0, 'eval_eval_mod5_acc': 1.0, 'eval_eval_mod4_acc': 0.261, 'eval_eval_runtime': 1.1374, 'eval_eval_samples_per_second': 1758.374, 'eval_eval_steps_per_second': 28.134, 'epoch': 163.83}
{'eval_train_loss': 6.916809070389718e-05, 'eval_train_token_acc': 0.9454955413148883, 'eval_train_seq_acc': 0.0, 'eval_train_move_acc': 0.998, 'eval_train_mod5_acc': 0.998, 'eval_train_mod4_acc': 0.251, 'eval_train_runtime': 0.5594, 'eval_train_samples_per_second': 1787.725, 'eval_train_steps_per_second': 28.604, 'epoch': 163.83}
{'loss': 0.0, 'learning_rate': 1.501856732772654e-05, 'epoch': 164.89}
{'eval_eval_loss': 7.531235951319104e-06, 'eval_eval_token_acc': 0.9439481444000488, 'eval_eval_seq_acc': 0.0, 'eval_eval_move_acc': 1.0, 'eval_eval_mod5_acc': 1.0, 'eval_eval_mod4_acc': 0.261, 'eval_eval_runtime': 1.14, 'eval_eval_samples_per_second': 1754.404, 'eval_eval_steps_per_second': 28.07, 'epoch': 164.89}
{'eval_train_loss': 3.632566858868813e-06, 'eval_train_token_acc': 0.9454955413148883, 'eval_train_seq_acc': 0.0, 'eval_train_move_acc': 1.0, 'eval_train_mod5_acc': 1.0, 'eval_train_mod4_acc': 0.252, 'eval_train_runtime': 0.5727, 'eval_train_samples_per_second': 1746.0, 'eval_train_steps_per_second': 27.936, 'epoch': 164.89}
  Pushed checkpoint step-39000 to ijinyu1113/ft_mr4_70m_seed1_purenum
{'loss': 0.0, 'learning_rate': 1.4832897464312018e-05, 'epoch': 165.96}
{'eval_eval_loss': 5.05309662912623e-06, 'eval_eval_token_acc': 0.9439481444000488, 'eval_eval_seq_acc': 0.0, 'eval_eval_move_acc': 1.0, 'eval_eval_mod5_acc': 1.0, 'eval_eval_mod4_acc': 0.261, 'eval_eval_runtime': 1.1359, 'eval_eval_samples_per_second': 1760.732, 'eval_eval_steps_per_second': 28.172, 'epoch': 165.96}
{'eval_train_loss': 1.7818119886214845e-06, 'eval_train_token_acc': 0.9454955413148883, 'eval_train_seq_acc': 0.0, 'eval_train_move_acc': 1.0, 'eval_train_mod5_acc': 1.0, 'eval_train_mod4_acc': 0.252, 'eval_train_runtime': 0.5731, 'eval_train_samples_per_second': 1745.0, 'eval_train_steps_per_second': 27.92, 'epoch': 165.96}
{'loss': 0.0, 'learning_rate': 1.4647253204083116e-05, 'epoch': 167.02}
{'eval_eval_loss': 3.81914469471667e-06, 'eval_eval_token_acc': 0.9439481444000488, 'eval_eval_seq_acc': 0.0, 'eval_eval_move_acc': 1.0, 'eval_eval_mod5_acc': 1.0, 'eval_eval_mod4_acc': 0.261, 'eval_eval_runtime': 1.149, 'eval_eval_samples_per_second': 1740.678, 'eval_eval_steps_per_second': 27.851, 'epoch': 167.02}
{'eval_train_loss': 1.3076632967568003e-06, 'eval_train_token_acc': 0.9454955413148883, 'eval_train_seq_acc': 0.0, 'eval_train_move_acc': 1.0, 'eval_train_mod5_acc': 1.0, 'eval_train_mod4_acc': 0.252, 'eval_train_runtime': 0.575, 'eval_train_samples_per_second': 1739.205, 'eval_train_steps_per_second': 27.827, 'epoch': 167.02}
{'loss': 0.0, 'learning_rate': 1.446166299115909e-05, 'epoch': 168.09}
{'eval_eval_loss': 3.045888661290519e-06, 'eval_eval_token_acc': 0.9439481444000488, 'eval_eval_seq_acc': 0.0, 'eval_eval_move_acc': 1.0, 'eval_eval_mod5_acc': 1.0, 'eval_eval_mod4_acc': 0.261, 'eval_eval_runtime': 1.1404, 'eval_eval_samples_per_second': 1753.802, 'eval_eval_steps_per_second': 28.061, 'epoch': 168.09}
{'eval_train_loss': 9.723798939376138e-07, 'eval_train_token_acc': 0.9454955413148883, 'eval_train_seq_acc': 0.0, 'eval_train_move_acc': 1.0, 'eval_train_mod5_acc': 1.0, 'eval_train_mod4_acc': 0.252, 'eval_train_runtime': 0.5714, 'eval_train_samples_per_second': 1750.069, 'eval_train_steps_per_second': 28.001, 'epoch': 168.09}
{'loss': 0.0, 'learning_rate': 1.427615526137815e-05, 'epoch': 169.15}
{'eval_eval_loss': 2.6188865831500152e-06, 'eval_eval_token_acc': 0.9439481444000488, 'eval_eval_seq_acc': 0.0, 'eval_eval_move_acc': 1.0, 'eval_eval_mod5_acc': 1.0, 'eval_eval_mod4_acc': 0.261, 'eval_eval_runtime': 1.1194, 'eval_eval_samples_per_second': 1786.745, 'eval_eval_steps_per_second': 28.588, 'epoch': 169.15}
{'eval_train_loss': 7.388740641545155e-07, 'eval_train_token_acc': 0.9454955413148883, 'eval_train_seq_acc': 0.0, 'eval_train_move_acc': 1.0, 'eval_train_mod5_acc': 1.0, 'eval_train_mod4_acc': 0.252, 'eval_train_runtime': 0.574, 'eval_train_samples_per_second': 1742.216, 'eval_train_steps_per_second': 27.875, 'epoch': 169.15}
  Pushed checkpoint step-40000 to ijinyu1113/ft_mr4_70m_seed1_purenum
{'loss': 0.0, 'learning_rate': 1.4090758437940578e-05, 'epoch': 170.21}
{'eval_eval_loss': 2.353386435061111e-06, 'eval_eval_token_acc': 0.9439481444000488, 'eval_eval_seq_acc': 0.0, 'eval_eval_move_acc': 1.0, 'eval_eval_mod5_acc': 1.0, 'eval_eval_mod4_acc': 0.261, 'eval_eval_runtime': 1.1198, 'eval_eval_samples_per_second': 1786.104, 'eval_eval_steps_per_second': 28.578, 'epoch': 170.21}
{'eval_train_loss': 5.936586262578203e-07, 'eval_train_token_acc': 0.9454955413148883, 'eval_train_seq_acc': 0.0, 'eval_train_move_acc': 1.0, 'eval_train_mod5_acc': 1.0, 'eval_train_mod4_acc': 0.252, 'eval_train_runtime': 0.5765, 'eval_train_samples_per_second': 1734.519, 'eval_train_steps_per_second': 27.752, 'epoch': 170.21}
{'loss': 0.0, 'learning_rate': 1.390550092705376e-05, 'epoch': 171.28}
{'eval_eval_loss': 1.8693640413403045e-06, 'eval_eval_token_acc': 0.9439481444000488, 'eval_eval_seq_acc': 0.0, 'eval_eval_move_acc': 1.0, 'eval_eval_mod5_acc': 1.0, 'eval_eval_mod4_acc': 0.261, 'eval_eval_runtime': 1.1358, 'eval_eval_samples_per_second': 1760.857, 'eval_eval_steps_per_second': 28.174, 'epoch': 171.28}
{'eval_train_loss': 4.7081715592867113e-07, 'eval_train_token_acc': 0.9454955413148883, 'eval_train_seq_acc': 0.0, 'eval_train_move_acc': 1.0, 'eval_train_mod5_acc': 1.0, 'eval_train_mod4_acc': 0.252, 'eval_train_runtime': 0.5701, 'eval_train_samples_per_second': 1754.203, 'eval_train_steps_per_second': 28.067, 'epoch': 171.28}
{'loss': 0.0, 'learning_rate': 1.372041111357983e-05, 'epoch': 172.34}
{'eval_eval_loss': 1.667243623160175e-06, 'eval_eval_token_acc': 0.9439481444000488, 'eval_eval_seq_acc': 0.0, 'eval_eval_move_acc': 1.0, 'eval_eval_mod5_acc': 1.0, 'eval_eval_mod4_acc': 0.261, 'eval_eval_runtime': 1.1396, 'eval_eval_samples_per_second': 1755.074, 'eval_eval_steps_per_second': 28.081, 'epoch': 172.34}
{'eval_train_loss': 3.8907683119759895e-07, 'eval_train_token_acc': 0.9454955413148883, 'eval_train_seq_acc': 0.0, 'eval_train_move_acc': 1.0, 'eval_train_mod5_acc': 1.0, 'eval_train_mod4_acc': 0.252, 'eval_train_runtime': 0.5707, 'eval_train_samples_per_second': 1752.37, 'eval_train_steps_per_second': 28.038, 'epoch': 172.34}
{'loss': 0.0, 'learning_rate': 1.3535517356686595e-05, 'epoch': 173.4}
{'eval_eval_loss': 1.5995985904737609e-06, 'eval_eval_token_acc': 0.9439481444000488, 'eval_eval_seq_acc': 0.0, 'eval_eval_move_acc': 1.0, 'eval_eval_mod5_acc': 1.0, 'eval_eval_mod4_acc': 0.261, 'eval_eval_runtime': 1.1344, 'eval_eval_samples_per_second': 1763.104, 'eval_eval_steps_per_second': 28.21, 'epoch': 173.4}
{'eval_train_loss': 3.338823546528147e-07, 'eval_train_token_acc': 0.9454955413148883, 'eval_train_seq_acc': 0.0, 'eval_train_move_acc': 1.0, 'eval_train_mod5_acc': 1.0, 'eval_train_mod4_acc': 0.252, 'eval_train_runtime': 0.5695, 'eval_train_samples_per_second': 1755.969, 'eval_train_steps_per_second': 28.096, 'epoch': 173.4}
  Pushed checkpoint step-41000 to ijinyu1113/ft_mr4_70m_seed1_purenum
{'loss': 0.0, 'learning_rate': 1.335084798550238e-05, 'epoch': 174.47}
{'eval_eval_loss': 1.5222752836052678e-06, 'eval_eval_token_acc': 0.9439481444000488, 'eval_eval_seq_acc': 0.0, 'eval_eval_move_acc': 1.0, 'eval_eval_mod5_acc': 1.0, 'eval_eval_mod4_acc': 0.261, 'eval_eval_runtime': 1.1457, 'eval_eval_samples_per_second': 1745.672, 'eval_eval_steps_per_second': 27.931, 'epoch': 174.47}
{'eval_train_loss': 2.781832506570936e-07, 'eval_train_token_acc': 0.9454955413148883, 'eval_train_seq_acc': 0.0, 'eval_train_move_acc': 1.0, 'eval_train_mod5_acc': 1.0, 'eval_train_mod4_acc': 0.252, 'eval_train_runtime': 0.5712, 'eval_train_samples_per_second': 1750.567, 'eval_train_steps_per_second': 28.009, 'epoch': 174.47}
{'loss': 0.0, 'learning_rate': 1.3166431294775487e-05, 'epoch': 175.53}
{'eval_eval_loss': 1.4426366305997362e-06, 'eval_eval_token_acc': 0.9439481444000488, 'eval_eval_seq_acc': 0.0, 'eval_eval_move_acc': 1.0, 'eval_eval_mod5_acc': 1.0, 'eval_eval_mod4_acc': 0.261, 'eval_eval_runtime': 1.1446, 'eval_eval_samples_per_second': 1747.332, 'eval_eval_steps_per_second': 27.957, 'epoch': 175.53}
{'eval_train_loss': 2.365670184190094e-07, 'eval_train_token_acc': 0.9454955413148883, 'eval_train_seq_acc': 0.0, 'eval_train_move_acc': 1.0, 'eval_train_mod5_acc': 1.0, 'eval_train_mod4_acc': 0.252, 'eval_train_runtime': 0.5739, 'eval_train_samples_per_second': 1742.495, 'eval_train_steps_per_second': 27.88, 'epoch': 175.53}
{'loss': 0.0, 'learning_rate': 1.2982295540538918e-05, 'epoch': 176.6}
{'eval_eval_loss': 1.1845726248793653e-06, 'eval_eval_token_acc': 0.9439481444000488, 'eval_eval_seq_acc': 0.0, 'eval_eval_move_acc': 1.0, 'eval_eval_mod5_acc': 1.0, 'eval_eval_mod4_acc': 0.261, 'eval_eval_runtime': 1.1468, 'eval_eval_samples_per_second': 1743.921, 'eval_eval_steps_per_second': 27.903, 'epoch': 176.6}
{'eval_train_loss': 1.9624056335487694e-07, 'eval_train_token_acc': 0.9454955413148883, 'eval_train_seq_acc': 0.0, 'eval_train_move_acc': 1.0, 'eval_train_mod5_acc': 1.0, 'eval_train_mod4_acc': 0.252, 'eval_train_runtime': 0.572, 'eval_train_samples_per_second': 1748.156, 'eval_train_steps_per_second': 27.97, 'epoch': 176.6}
{'loss': 0.0, 'learning_rate': 1.279846893578104e-05, 'epoch': 177.66}
{'eval_eval_loss': 1.1243578228459228e-06, 'eval_eval_token_acc': 0.9439481444000488, 'eval_eval_seq_acc': 0.0, 'eval_eval_move_acc': 1.0, 'eval_eval_mod5_acc': 1.0, 'eval_eval_mod4_acc': 0.261, 'eval_eval_runtime': 1.1319, 'eval_eval_samples_per_second': 1767.006, 'eval_eval_steps_per_second': 28.272, 'epoch': 177.66}
{'eval_train_loss': 1.7511922578705708e-07, 'eval_train_token_acc': 0.9454955413148883, 'eval_train_seq_acc': 0.0, 'eval_train_move_acc': 1.0, 'eval_train_mod5_acc': 1.0, 'eval_train_mod4_acc': 0.252, 'eval_train_runtime': 0.5708, 'eval_train_samples_per_second': 1751.961, 'eval_train_steps_per_second': 28.031, 'epoch': 177.66}
  Pushed checkpoint step-42000 to ijinyu1113/ft_mr4_70m_seed1_purenum
{'loss': 0.0, 'learning_rate': 1.2614979646122818e-05, 'epoch': 178.72}
{'eval_eval_loss': 1.0390670013293857e-06, 'eval_eval_token_acc': 0.9439481444000488, 'eval_eval_seq_acc': 0.0, 'eval_eval_move_acc': 1.0, 'eval_eval_mod5_acc': 1.0, 'eval_eval_mod4_acc': 0.261, 'eval_eval_runtime': 1.1445, 'eval_eval_samples_per_second': 1747.458, 'eval_eval_steps_per_second': 27.959, 'epoch': 178.72}
{'eval_train_loss': 1.4682719040592929e-07, 'eval_train_token_acc': 0.9454955413148883, 'eval_train_seq_acc': 0.0, 'eval_train_move_acc': 1.0, 'eval_train_mod5_acc': 1.0, 'eval_train_mod4_acc': 0.252, 'eval_train_runtime': 0.5746, 'eval_train_samples_per_second': 1740.271, 'eval_train_steps_per_second': 27.844, 'epoch': 178.72}
{'loss': 0.0, 'learning_rate': 1.2431855785502335e-05, 'epoch': 179.79}
{'eval_eval_loss': 9.37478716878104e-07, 'eval_eval_token_acc': 0.9439481444000488, 'eval_eval_seq_acc': 0.0, 'eval_eval_move_acc': 1.0, 'eval_eval_mod5_acc': 1.0, 'eval_eval_mod4_acc': 0.261, 'eval_eval_runtime': 1.1383, 'eval_eval_samples_per_second': 1756.956, 'eval_eval_steps_per_second': 28.111, 'epoch': 179.79}
{'eval_train_loss': 1.2708632368685358e-07, 'eval_train_token_acc': 0.9454955413148883, 'eval_train_seq_acc': 0.0, 'eval_train_move_acc': 1.0, 'eval_train_mod5_acc': 1.0, 'eval_train_mod4_acc': 0.252, 'eval_train_runtime': 0.5687, 'eval_train_samples_per_second': 1758.537, 'eval_train_steps_per_second': 28.137, 'epoch': 179.79}
{'loss': 0.0, 'learning_rate': 1.2249125411867217e-05, 'epoch': 180.85}
{'eval_eval_loss': 8.251574286077812e-07, 'eval_eval_token_acc': 0.9439481444000488, 'eval_eval_seq_acc': 0.0, 'eval_eval_move_acc': 1.0, 'eval_eval_mod5_acc': 1.0, 'eval_eval_mod4_acc': 0.261, 'eval_eval_runtime': 1.135, 'eval_eval_samples_per_second': 1762.071, 'eval_eval_steps_per_second': 28.193, 'epoch': 180.85}
{'eval_train_loss': 1.112241676537451e-07, 'eval_train_token_acc': 0.9454955413148883, 'eval_train_seq_acc': 0.0, 'eval_train_move_acc': 1.0, 'eval_train_mod5_acc': 1.0, 'eval_train_mod4_acc': 0.252, 'eval_train_runtime': 0.5676, 'eval_train_samples_per_second': 1761.894, 'eval_train_steps_per_second': 28.19, 'epoch': 180.85}
{'loss': 0.0, 'learning_rate': 1.2066816522875634e-05, 'epoch': 181.91}
{'eval_eval_loss': 7.780759005981963e-07, 'eval_eval_token_acc': 0.9439481444000488, 'eval_eval_seq_acc': 0.0, 'eval_eval_move_acc': 1.0, 'eval_eval_mod5_acc': 1.0, 'eval_eval_mod4_acc': 0.261, 'eval_eval_runtime': 1.1482, 'eval_eval_samples_per_second': 1741.891, 'eval_eval_steps_per_second': 27.87, 'epoch': 181.91}
{'eval_train_loss': 9.564689662511228e-08, 'eval_train_token_acc': 0.9454955413148883, 'eval_train_seq_acc': 0.0, 'eval_train_move_acc': 1.0, 'eval_train_mod5_acc': 1.0, 'eval_train_mod4_acc': 0.252, 'eval_train_runtime': 0.569, 'eval_train_samples_per_second': 1757.52, 'eval_train_steps_per_second': 28.12, 'epoch': 181.91}
  Pushed checkpoint step-43000 to ijinyu1113/ft_mr4_70m_seed1_purenum
{'loss': 0.0, 'learning_rate': 1.1884957051606551e-05, 'epoch': 182.98}
{'eval_eval_loss': 7.037360774120316e-07, 'eval_eval_token_acc': 0.9439481444000488, 'eval_eval_seq_acc': 0.0, 'eval_eval_move_acc': 1.0, 'eval_eval_mod5_acc': 1.0, 'eval_eval_mod4_acc': 0.261, 'eval_eval_runtime': 1.141, 'eval_eval_samples_per_second': 1752.786, 'eval_eval_steps_per_second': 28.045, 'epoch': 182.98}
{'eval_train_loss': 8.389783090478886e-08, 'eval_train_token_acc': 0.9454955413148883, 'eval_train_seq_acc': 0.0, 'eval_train_move_acc': 1.0, 'eval_train_mod5_acc': 1.0, 'eval_train_mod4_acc': 0.252, 'eval_train_runtime': 0.5709, 'eval_train_samples_per_second': 1751.536, 'eval_train_steps_per_second': 28.025, 'epoch': 182.98}
{'loss': 0.0, 'learning_rate': 1.1703574862279862e-05, 'epoch': 184.04}
{'eval_eval_loss': 6.533323357871268e-07, 'eval_eval_token_acc': 0.9439481444000488, 'eval_eval_seq_acc': 0.0, 'eval_eval_move_acc': 1.0, 'eval_eval_mod5_acc': 1.0, 'eval_eval_mod4_acc': 0.261, 'eval_eval_runtime': 1.136, 'eval_eval_samples_per_second': 1760.557, 'eval_eval_steps_per_second': 28.169, 'epoch': 184.04}
{'eval_train_loss': 7.310168115282067e-08, 'eval_train_token_acc': 0.9454955413148883, 'eval_train_seq_acc': 0.0, 'eval_train_move_acc': 1.0, 'eval_train_mod5_acc': 1.0, 'eval_train_mod4_acc': 0.252, 'eval_train_runtime': 0.5684, 'eval_train_samples_per_second': 1759.24, 'eval_train_steps_per_second': 28.148, 'epoch': 184.04}
{'loss': 0.0, 'learning_rate': 1.1522697745987076e-05, 'epoch': 185.11}
{'eval_eval_loss': 5.989616056467639e-07, 'eval_eval_token_acc': 0.9439481444000488, 'eval_eval_seq_acc': 0.0, 'eval_eval_move_acc': 1.0, 'eval_eval_mod5_acc': 1.0, 'eval_eval_mod4_acc': 0.261, 'eval_eval_runtime': 1.1457, 'eval_eval_samples_per_second': 1745.62, 'eval_eval_steps_per_second': 27.93, 'epoch': 185.11}
{'eval_train_loss': 6.405412023013923e-08, 'eval_train_token_acc': 0.9454955413148883, 'eval_train_seq_acc': 0.0, 'eval_train_move_acc': 1.0, 'eval_train_mod5_acc': 1.0, 'eval_train_mod4_acc': 0.252, 'eval_train_runtime': 0.5695, 'eval_train_samples_per_second': 1756.011, 'eval_train_steps_per_second': 28.096, 'epoch': 185.11}
{'loss': 0.0, 'learning_rate': 1.1342353416433218e-05, 'epoch': 186.17}
{'eval_eval_loss': 5.703722081307205e-07, 'eval_eval_token_acc': 0.9439481444000488, 'eval_eval_seq_acc': 0.0, 'eval_eval_move_acc': 1.0, 'eval_eval_mod5_acc': 1.0, 'eval_eval_mod4_acc': 0.261, 'eval_eval_runtime': 1.1483, 'eval_eval_samples_per_second': 1741.709, 'eval_eval_steps_per_second': 27.867, 'epoch': 186.17}
{'eval_train_loss': 5.621431853342074e-08, 'eval_train_token_acc': 0.9454955413148883, 'eval_train_seq_acc': 0.0, 'eval_train_move_acc': 1.0, 'eval_train_mod5_acc': 1.0, 'eval_train_mod4_acc': 0.252, 'eval_train_runtime': 0.577, 'eval_train_samples_per_second': 1733.102, 'eval_train_steps_per_second': 27.73, 'epoch': 186.17}
  Pushed checkpoint step-44000 to ijinyu1113/ft_mr4_70m_seed1_purenum
{'loss': 0.0, 'learning_rate': 1.1162569505690563e-05, 'epoch': 187.23}
{'eval_eval_loss': 4.438774396930967e-07, 'eval_eval_token_acc': 0.9439481444000488, 'eval_eval_seq_acc': 0.0, 'eval_eval_move_acc': 1.0, 'eval_eval_mod5_acc': 1.0, 'eval_eval_mod4_acc': 0.261, 'eval_eval_runtime': 1.1397, 'eval_eval_samples_per_second': 1754.81, 'eval_eval_steps_per_second': 28.077, 'epoch': 187.23}
{'eval_train_loss': 4.92378369187918e-08, 'eval_train_token_acc': 0.9454955413148883, 'eval_train_seq_acc': 0.0, 'eval_train_move_acc': 1.0, 'eval_train_mod5_acc': 1.0, 'eval_train_mod4_acc': 0.252, 'eval_train_runtime': 0.5669, 'eval_train_samples_per_second': 1763.846, 'eval_train_steps_per_second': 28.222, 'epoch': 187.23}
{'loss': 0.0, 'learning_rate': 1.0983373559964911e-05, 'epoch': 188.3}
{'eval_eval_loss': 4.3564864427025896e-07, 'eval_eval_token_acc': 0.9439481444000488, 'eval_eval_seq_acc': 0.0, 'eval_eval_move_acc': 1.0, 'eval_eval_mod5_acc': 1.0, 'eval_eval_mod4_acc': 0.261, 'eval_eval_runtime': 1.1411, 'eval_eval_samples_per_second': 1752.723, 'eval_eval_steps_per_second': 28.044, 'epoch': 188.3}
{'eval_train_loss': 4.269931963563067e-08, 'eval_train_token_acc': 0.9454955413148883, 'eval_train_seq_acc': 0.0, 'eval_train_move_acc': 1.0, 'eval_train_mod5_acc': 1.0, 'eval_train_mod4_acc': 0.252, 'eval_train_runtime': 0.5732, 'eval_train_samples_per_second': 1744.444, 'eval_train_steps_per_second': 27.911, 'epoch': 188.3}
{'loss': 0.0, 'learning_rate': 1.0804793035374997e-05, 'epoch': 189.36}
{'eval_eval_loss': 4.0951039181891247e-07, 'eval_eval_token_acc': 0.9439481444000488, 'eval_eval_seq_acc': 0.0, 'eval_eval_move_acc': 1.0, 'eval_eval_mod5_acc': 1.0, 'eval_eval_mod4_acc': 0.261, 'eval_eval_runtime': 1.1402, 'eval_eval_samples_per_second': 1754.064, 'eval_eval_steps_per_second': 28.065, 'epoch': 189.36}
{'eval_train_loss': 3.787306113167688e-08, 'eval_train_token_acc': 0.9454955413148883, 'eval_train_seq_acc': 0.0, 'eval_train_move_acc': 1.0, 'eval_train_mod5_acc': 1.0, 'eval_train_mod4_acc': 0.252, 'eval_train_runtime': 0.5696, 'eval_train_samples_per_second': 1755.61, 'eval_train_steps_per_second': 28.09, 'epoch': 189.36}
{'loss': 0.0, 'learning_rate': 1.06268552937457e-05, 'epoch': 190.43}
{'eval_eval_loss': 3.74299531813449e-07, 'eval_eval_token_acc': 0.9439481444000488, 'eval_eval_seq_acc': 0.0, 'eval_eval_move_acc': 1.0, 'eval_eval_mod5_acc': 1.0, 'eval_eval_mod4_acc': 0.261, 'eval_eval_runtime': 1.1452, 'eval_eval_samples_per_second': 1746.417, 'eval_eval_steps_per_second': 27.943, 'epoch': 190.43}
{'eval_train_loss': 3.355947342242871e-08, 'eval_train_token_acc': 0.9454955413148883, 'eval_train_seq_acc': 0.0, 'eval_train_move_acc': 1.0, 'eval_train_mod5_acc': 1.0, 'eval_train_mod4_acc': 0.252, 'eval_train_runtime': 0.5734, 'eval_train_samples_per_second': 1743.879, 'eval_train_steps_per_second': 27.902, 'epoch': 190.43}
  Pushed checkpoint step-45000 to ijinyu1113/ft_mr4_70m_seed1_purenum
{'loss': 0.0, 'learning_rate': 1.0449587598415714e-05, 'epoch': 191.49}
{'eval_eval_loss': 3.469768046215904e-07, 'eval_eval_token_acc': 0.9439481444000488, 'eval_eval_seq_acc': 0.0, 'eval_eval_move_acc': 1.0, 'eval_eval_mod5_acc': 1.0, 'eval_eval_mod4_acc': 0.261, 'eval_eval_runtime': 1.1477, 'eval_eval_samples_per_second': 1742.57, 'eval_eval_steps_per_second': 27.881, 'epoch': 191.49}
{'eval_train_loss': 2.9300403880938575e-08, 'eval_train_token_acc': 0.9454955413148883, 'eval_train_seq_acc': 0.0, 'eval_train_move_acc': 1.0, 'eval_train_mod5_acc': 1.0, 'eval_train_mod4_acc': 0.252, 'eval_train_runtime': 0.5713, 'eval_train_samples_per_second': 1750.47, 'eval_train_steps_per_second': 28.008, 'epoch': 191.49}
{'loss': 0.0, 'learning_rate': 1.0273017110060303e-05, 'epoch': 192.55}
{'eval_eval_loss': 2.9456549555106903e-07, 'eval_eval_token_acc': 0.9439481444000488, 'eval_eval_seq_acc': 0.0, 'eval_eval_move_acc': 1.0, 'eval_eval_mod5_acc': 1.0, 'eval_eval_mod4_acc': 0.261, 'eval_eval_runtime': 1.1264, 'eval_eval_samples_per_second': 1775.551, 'eval_eval_steps_per_second': 28.409, 'epoch': 192.55}
{'eval_train_loss': 2.5811541348730316e-08, 'eval_train_token_acc': 0.9454955413148883, 'eval_train_seq_acc': 0.0, 'eval_train_move_acc': 1.0, 'eval_train_mod5_acc': 1.0, 'eval_train_mod4_acc': 0.252, 'eval_train_runtime': 0.5713, 'eval_train_samples_per_second': 1750.323, 'eval_train_steps_per_second': 28.005, 'epoch': 192.55}
{'loss': 0.0, 'learning_rate': 1.0097170882529782e-05, 'epoch': 193.62}
{'eval_eval_loss': 2.7158586135556106e-07, 'eval_eval_token_acc': 0.9439481444000488, 'eval_eval_seq_acc': 0.0, 'eval_eval_move_acc': 1.0, 'eval_eval_mod5_acc': 1.0, 'eval_eval_mod4_acc': 0.261, 'eval_eval_runtime': 1.1346, 'eval_eval_samples_per_second': 1762.782, 'eval_eval_steps_per_second': 28.205, 'epoch': 193.62}
{'eval_train_loss': 2.2903506646798633e-08, 'eval_train_token_acc': 0.9454955413148883, 'eval_train_seq_acc': 0.0, 'eval_train_move_acc': 1.0, 'eval_train_mod5_acc': 1.0, 'eval_train_mod4_acc': 0.252, 'eval_train_runtime': 0.5697, 'eval_train_samples_per_second': 1755.463, 'eval_train_steps_per_second': 28.087, 'epoch': 193.62}
{'loss': 0.0, 'learning_rate': 9.922075858704368e-06, 'epoch': 194.68}
{'eval_eval_loss': 2.431871735097957e-07, 'eval_eval_token_acc': 0.9439481444000488, 'eval_eval_seq_acc': 0.0, 'eval_eval_move_acc': 1.0, 'eval_eval_mod5_acc': 1.0, 'eval_eval_mod4_acc': 0.261, 'eval_eval_runtime': 1.1513, 'eval_eval_samples_per_second': 1737.19, 'eval_eval_steps_per_second': 27.795, 'epoch': 194.68}
{'eval_train_loss': 2.0315546578331123e-08, 'eval_train_token_acc': 0.9454955413148883, 'eval_train_seq_acc': 0.0, 'eval_train_move_acc': 1.0, 'eval_train_mod5_acc': 1.0, 'eval_train_mod4_acc': 0.252, 'eval_train_runtime': 0.5805, 'eval_train_samples_per_second': 1722.782, 'eval_train_steps_per_second': 27.565, 'epoch': 194.68}
  Pushed checkpoint step-46000 to ijinyu1113/ft_mr4_70m_seed1_purenum
{'loss': 0.0, 'learning_rate': 9.747758866366046e-06, 'epoch': 195.74}
{'eval_eval_loss': 2.406240753316524e-07, 'eval_eval_token_acc': 0.9439481444000488, 'eval_eval_seq_acc': 0.0, 'eval_eval_move_acc': 1.0, 'eval_eval_mod5_acc': 1.0, 'eval_eval_mod4_acc': 0.261, 'eval_eval_runtime': 1.1226, 'eval_eval_samples_per_second': 1781.552, 'eval_eval_steps_per_second': 28.505, 'epoch': 195.74}
{'eval_train_loss': 1.765271839815341e-08, 'eval_train_token_acc': 0.9454955413148883, 'eval_train_seq_acc': 0.0, 'eval_train_move_acc': 1.0, 'eval_train_mod5_acc': 1.0, 'eval_train_mod4_acc': 0.252, 'eval_train_runtime': 0.569, 'eval_train_samples_per_second': 1757.332, 'eval_train_steps_per_second': 28.117, 'epoch': 195.74}
{'loss': 0.0, 'learning_rate': 9.574246614088038e-06, 'epoch': 196.81}
{'eval_eval_loss': 2.215757035628485e-07, 'eval_eval_token_acc': 0.9439481444000488, 'eval_eval_seq_acc': 0.0, 'eval_eval_move_acc': 1.0, 'eval_eval_mod5_acc': 1.0, 'eval_eval_mod4_acc': 0.261, 'eval_eval_runtime': 1.1464, 'eval_eval_samples_per_second': 1744.524, 'eval_eval_steps_per_second': 27.912, 'epoch': 196.81}
{'eval_train_loss': 1.556966822136019e-08, 'eval_train_token_acc': 0.9454955413148883, 'eval_train_seq_acc': 0.0, 'eval_train_move_acc': 1.0, 'eval_train_mod5_acc': 1.0, 'eval_train_mod4_acc': 0.252, 'eval_train_runtime': 0.5727, 'eval_train_samples_per_second': 1745.985, 'eval_train_steps_per_second': 27.936, 'epoch': 196.81}
{'loss': 0.0, 'learning_rate': 9.401565687142579e-06, 'epoch': 197.87}
{'eval_eval_loss': 2.072848417355999e-07, 'eval_eval_token_acc': 0.9439481444000488, 'eval_eval_seq_acc': 0.0, 'eval_eval_move_acc': 1.0, 'eval_eval_mod5_acc': 1.0, 'eval_eval_mod4_acc': 0.261, 'eval_eval_runtime': 1.1356, 'eval_eval_samples_per_second': 1761.134, 'eval_eval_steps_per_second': 28.178, 'epoch': 197.87}
{'eval_train_loss': 1.366641999567264e-08, 'eval_train_token_acc': 0.9454955413148883, 'eval_train_seq_acc': 0.0, 'eval_train_move_acc': 1.0, 'eval_train_mod5_acc': 1.0, 'eval_train_mod4_acc': 0.252, 'eval_train_runtime': 0.5737, 'eval_train_samples_per_second': 1743.175, 'eval_train_steps_per_second': 27.891, 'epoch': 197.87}
{'loss': 0.0, 'learning_rate': 9.229742543427552e-06, 'epoch': 198.94}
{'eval_eval_loss': 2.0254029209354485e-07, 'eval_eval_token_acc': 0.9439481444000488, 'eval_eval_seq_acc': 0.0, 'eval_eval_move_acc': 1.0, 'eval_eval_mod5_acc': 1.0, 'eval_eval_mod4_acc': 0.261, 'eval_eval_runtime': 1.1327, 'eval_eval_samples_per_second': 1765.688, 'eval_eval_steps_per_second': 28.251, 'epoch': 198.94}
{'eval_train_loss': 1.2075628497143498e-08, 'eval_train_token_acc': 0.9454955413148883, 'eval_train_seq_acc': 0.0, 'eval_train_move_acc': 1.0, 'eval_train_mod5_acc': 1.0, 'eval_train_mod4_acc': 0.252, 'eval_train_runtime': 0.5726, 'eval_train_samples_per_second': 1746.425, 'eval_train_steps_per_second': 27.943, 'epoch': 198.94}
  Pushed checkpoint step-47000 to ijinyu1113/ft_mr4_70m_seed1_purenum
{'loss': 0.0, 'learning_rate': 9.058803509412647e-06, 'epoch': 200.0}
{'eval_eval_loss': 1.8724347228271654e-07, 'eval_eval_token_acc': 0.9439481444000488, 'eval_eval_seq_acc': 0.0, 'eval_eval_move_acc': 1.0, 'eval_eval_mod5_acc': 1.0, 'eval_eval_mod4_acc': 0.261, 'eval_eval_runtime': 1.146, 'eval_eval_samples_per_second': 1745.195, 'eval_eval_steps_per_second': 27.923, 'epoch': 200.0}
{'eval_train_loss': 1.0713519849048225e-08, 'eval_train_token_acc': 0.9454955413148883, 'eval_train_seq_acc': 0.0, 'eval_train_move_acc': 1.0, 'eval_train_mod5_acc': 1.0, 'eval_train_mod4_acc': 0.252, 'eval_train_runtime': 0.573, 'eval_train_samples_per_second': 1745.093, 'eval_train_steps_per_second': 27.921, 'epoch': 200.0}
{'loss': 0.0, 'learning_rate': 8.888774776105679e-06, 'epoch': 201.06}
{'eval_eval_loss': 1.71437804397101e-07, 'eval_eval_token_acc': 0.9439481444000488, 'eval_eval_seq_acc': 0.0, 'eval_eval_move_acc': 1.0, 'eval_eval_mod5_acc': 1.0, 'eval_eval_mod4_acc': 0.261, 'eval_eval_runtime': 1.1347, 'eval_eval_samples_per_second': 1762.599, 'eval_eval_steps_per_second': 28.202, 'epoch': 201.06}
{'eval_train_loss': 9.31575794282935e-09, 'eval_train_token_acc': 0.9454955413148883, 'eval_train_seq_acc': 0.0, 'eval_train_move_acc': 1.0, 'eval_train_mod5_acc': 1.0, 'eval_train_mod4_acc': 0.252, 'eval_train_runtime': 0.5611, 'eval_train_samples_per_second': 1782.347, 'eval_train_steps_per_second': 28.518, 'epoch': 201.06}
{'loss': 0.0, 'learning_rate': 8.719682395039619e-06, 'epoch': 202.13}
{'eval_eval_loss': 1.561896993962364e-07, 'eval_eval_token_acc': 0.9439481444000488, 'eval_eval_seq_acc': 0.0, 'eval_eval_move_acc': 1.0, 'eval_eval_mod5_acc': 1.0, 'eval_eval_mod4_acc': 0.261, 'eval_eval_runtime': 1.1269, 'eval_eval_samples_per_second': 1774.795, 'eval_eval_steps_per_second': 28.397, 'epoch': 202.13}
{'eval_train_loss': 8.165723208719555e-09, 'eval_train_token_acc': 0.9454955413148883, 'eval_train_seq_acc': 0.0, 'eval_train_move_acc': 1.0, 'eval_train_mod5_acc': 1.0, 'eval_train_mod4_acc': 0.252, 'eval_train_runtime': 0.5706, 'eval_train_samples_per_second': 1752.683, 'eval_train_steps_per_second': 28.043, 'epoch': 202.13}
{'loss': 0.0, 'learning_rate': 8.551552274281049e-06, 'epoch': 203.19}
{'eval_eval_loss': 1.4800494341216108e-07, 'eval_eval_token_acc': 0.9439481444000488, 'eval_eval_seq_acc': 0.0, 'eval_eval_move_acc': 1.0, 'eval_eval_mod5_acc': 1.0, 'eval_eval_mod4_acc': 0.261, 'eval_eval_runtime': 1.1401, 'eval_eval_samples_per_second': 1754.282, 'eval_eval_steps_per_second': 28.069, 'epoch': 203.19}
{'eval_train_loss': 7.129461909727297e-09, 'eval_train_token_acc': 0.9454955413148883, 'eval_train_seq_acc': 0.0, 'eval_train_move_acc': 1.0, 'eval_train_mod5_acc': 1.0, 'eval_train_mod4_acc': 0.252, 'eval_train_runtime': 0.5734, 'eval_train_samples_per_second': 1743.95, 'eval_train_steps_per_second': 27.903, 'epoch': 203.19}
  Pushed checkpoint step-48000 to ijinyu1113/ft_mr4_70m_seed1_purenum
{'loss': 0.0, 'learning_rate': 8.384410174460525e-06, 'epoch': 204.26}
{'eval_eval_loss': 1.3706817014735861e-07, 'eval_eval_token_acc': 0.9439481444000488, 'eval_eval_seq_acc': 0.0, 'eval_eval_move_acc': 1.0, 'eval_eval_mod5_acc': 1.0, 'eval_eval_mod4_acc': 0.261, 'eval_eval_runtime': 1.1465, 'eval_eval_samples_per_second': 1744.464, 'eval_eval_steps_per_second': 27.911, 'epoch': 204.26}
{'eval_train_loss': 6.2482241602879185e-09, 'eval_train_token_acc': 0.9454955413148883, 'eval_train_seq_acc': 0.0, 'eval_train_move_acc': 1.0, 'eval_train_mod5_acc': 1.0, 'eval_train_mod4_acc': 0.252, 'eval_train_runtime': 0.5753, 'eval_train_samples_per_second': 1738.291, 'eval_train_steps_per_second': 27.813, 'epoch': 204.26}
{'loss': 0.0, 'learning_rate': 8.218281704825633e-06, 'epoch': 205.32}
{'eval_eval_loss': 1.362490849032838e-07, 'eval_eval_token_acc': 0.9439481444000488, 'eval_eval_seq_acc': 0.0, 'eval_eval_move_acc': 1.0, 'eval_eval_mod5_acc': 1.0, 'eval_eval_mod4_acc': 0.261, 'eval_eval_runtime': 1.1338, 'eval_eval_samples_per_second': 1763.935, 'eval_eval_steps_per_second': 28.223, 'epoch': 205.32}
{'eval_train_loss': 5.428521632211414e-09, 'eval_train_token_acc': 0.9454955413148883, 'eval_train_seq_acc': 0.0, 'eval_train_move_acc': 1.0, 'eval_train_mod5_acc': 1.0, 'eval_train_mod4_acc': 0.252, 'eval_train_runtime': 0.5757, 'eval_train_samples_per_second': 1736.937, 'eval_train_steps_per_second': 27.791, 'epoch': 205.32}
{'loss': 0.0, 'learning_rate': 8.05319231931712e-06, 'epoch': 206.38}
{'eval_eval_loss': 1.0844058095926812e-07, 'eval_eval_token_acc': 0.9439481444000488, 'eval_eval_seq_acc': 0.0, 'eval_eval_move_acc': 1.0, 'eval_eval_mod5_acc': 1.0, 'eval_eval_mod4_acc': 0.261, 'eval_eval_runtime': 1.139, 'eval_eval_samples_per_second': 1755.933, 'eval_eval_steps_per_second': 28.095, 'epoch': 206.38}
{'eval_train_loss': 4.840647438442147e-09, 'eval_train_token_acc': 0.9454955413148883, 'eval_train_seq_acc': 0.0, 'eval_train_move_acc': 1.0, 'eval_train_mod5_acc': 1.0, 'eval_train_mod4_acc': 0.252, 'eval_train_runtime': 0.5733, 'eval_train_samples_per_second': 1744.167, 'eval_train_steps_per_second': 27.907, 'epoch': 206.38}
{'loss': 0.0, 'learning_rate': 7.889167312668936e-06, 'epoch': 207.45}
{'eval_eval_loss': 1.0396480831786903e-07, 'eval_eval_token_acc': 0.9439481444000488, 'eval_eval_seq_acc': 0.0, 'eval_eval_move_acc': 1.0, 'eval_eval_mod5_acc': 1.0, 'eval_eval_mod4_acc': 0.261, 'eval_eval_runtime': 1.1318, 'eval_eval_samples_per_second': 1767.054, 'eval_eval_steps_per_second': 28.273, 'epoch': 207.45}
{'eval_train_loss': 4.1164551767280955e-09, 'eval_train_token_acc': 0.9454955413148883, 'eval_train_seq_acc': 0.0, 'eval_train_move_acc': 1.0, 'eval_train_mod5_acc': 1.0, 'eval_train_mod4_acc': 0.252, 'eval_train_runtime': 0.5744, 'eval_train_samples_per_second': 1741.023, 'eval_train_steps_per_second': 27.856, 'epoch': 207.45}
  Pushed checkpoint step-49000 to ijinyu1113/ft_mr4_70m_seed1_purenum
{'loss': 0.0, 'learning_rate': 7.726231816532574e-06, 'epoch': 208.51}
{'eval_eval_loss': 9.732971051334971e-08, 'eval_eval_token_acc': 0.9439481444000488, 'eval_eval_seq_acc': 0.0, 'eval_eval_move_acc': 1.0, 'eval_eval_mod5_acc': 1.0, 'eval_eval_mod4_acc': 0.261, 'eval_eval_runtime': 1.1414, 'eval_eval_samples_per_second': 1752.185, 'eval_eval_steps_per_second': 28.035, 'epoch': 208.51}
{'eval_train_loss': 3.73735797865038e-09, 'eval_train_token_acc': 0.9454955413148883, 'eval_train_seq_acc': 0.0, 'eval_train_move_acc': 1.0, 'eval_train_mod5_acc': 1.0, 'eval_train_mod4_acc': 0.252, 'eval_train_runtime': 0.5661, 'eval_train_samples_per_second': 1766.611, 'eval_train_steps_per_second': 28.266, 'epoch': 208.51}
{'loss': 0.0, 'learning_rate': 7.5644107956264455e-06, 'epoch': 209.57}
{'eval_eval_loss': 1.0616159329401853e-07, 'eval_eval_token_acc': 0.9439481444000488, 'eval_eval_seq_acc': 0.0, 'eval_eval_move_acc': 1.0, 'eval_eval_mod5_acc': 1.0, 'eval_eval_mod4_acc': 0.261, 'eval_eval_runtime': 1.147, 'eval_eval_samples_per_second': 1743.711, 'eval_eval_steps_per_second': 27.899, 'epoch': 209.57}
{'eval_train_loss': 3.2091980184389968e-09, 'eval_train_token_acc': 0.9454955413148883, 'eval_train_seq_acc': 0.0, 'eval_train_move_acc': 1.0, 'eval_train_mod5_acc': 1.0, 'eval_train_mod4_acc': 0.252, 'eval_train_runtime': 0.5735, 'eval_train_samples_per_second': 1743.711, 'eval_train_steps_per_second': 27.899, 'epoch': 209.57}
{'loss': 0.0, 'learning_rate': 7.40372904391086e-06, 'epoch': 210.64}
{'eval_eval_loss': 1.0103629222157906e-07, 'eval_eval_token_acc': 0.9439481444000488, 'eval_eval_seq_acc': 0.0, 'eval_eval_move_acc': 1.0, 'eval_eval_mod5_acc': 1.0, 'eval_eval_mod4_acc': 0.261, 'eval_eval_runtime': 1.141, 'eval_eval_samples_per_second': 1752.84, 'eval_eval_steps_per_second': 28.045, 'epoch': 210.64}
{'eval_train_loss': 2.926197506525341e-09, 'eval_train_token_acc': 0.9454955413148883, 'eval_train_seq_acc': 0.0, 'eval_train_move_acc': 1.0, 'eval_train_mod5_acc': 1.0, 'eval_train_mod4_acc': 0.252, 'eval_train_runtime': 0.5729, 'eval_train_samples_per_second': 1745.58, 'eval_train_steps_per_second': 27.929, 'epoch': 210.64}
{'loss': 0.0, 'learning_rate': 7.244211180789079e-06, 'epoch': 211.7}
{'eval_eval_loss': 8.395326744903286e-08, 'eval_eval_token_acc': 0.9439481444000488, 'eval_eval_seq_acc': 0.0, 'eval_eval_move_acc': 1.0, 'eval_eval_mod5_acc': 1.0, 'eval_eval_mod4_acc': 0.261, 'eval_eval_runtime': 1.1418, 'eval_eval_samples_per_second': 1751.649, 'eval_eval_steps_per_second': 28.026, 'epoch': 211.7}
{'eval_train_loss': 2.7993192208697337e-09, 'eval_train_token_acc': 0.9454955413148883, 'eval_train_seq_acc': 0.0, 'eval_train_move_acc': 1.0, 'eval_train_mod5_acc': 1.0, 'eval_train_mod4_acc': 0.252, 'eval_train_runtime': 0.5755, 'eval_train_samples_per_second': 1737.612, 'eval_train_steps_per_second': 27.802, 'epoch': 211.7}
  Pushed checkpoint step-50000 to ijinyu1113/ft_mr4_70m_seed1_purenum
{'loss': 0.0, 'learning_rate': 7.085881647335225e-06, 'epoch': 212.77}
{'eval_eval_loss': 9.720154992010066e-08, 'eval_eval_token_acc': 0.9439481444000488, 'eval_eval_seq_acc': 0.0, 'eval_eval_move_acc': 1.0, 'eval_eval_mod5_acc': 1.0, 'eval_eval_mod4_acc': 0.261, 'eval_eval_runtime': 1.1489, 'eval_eval_samples_per_second': 1740.771, 'eval_eval_steps_per_second': 27.852, 'epoch': 212.77}
{'eval_train_loss': 2.4821544819531027e-09, 'eval_train_token_acc': 0.9454955413148883, 'eval_train_seq_acc': 0.0, 'eval_train_move_acc': 1.0, 'eval_train_mod5_acc': 1.0, 'eval_train_mod4_acc': 0.252, 'eval_train_runtime': 0.5713, 'eval_train_samples_per_second': 1750.269, 'eval_train_steps_per_second': 28.004, 'epoch': 212.77}
{'loss': 0.0, 'learning_rate': 6.928764702549411e-06, 'epoch': 213.83}
{'eval_eval_loss': 1.0560397356584872e-07, 'eval_eval_token_acc': 0.9439481444000488, 'eval_eval_seq_acc': 0.0, 'eval_eval_move_acc': 1.0, 'eval_eval_mod5_acc': 1.0, 'eval_eval_mod4_acc': 0.261, 'eval_eval_runtime': 1.1502, 'eval_eval_samples_per_second': 1738.817, 'eval_eval_steps_per_second': 27.821, 'epoch': 213.83}
{'eval_train_loss': 2.4202950754670383e-09, 'eval_train_token_acc': 0.9454955413148883, 'eval_train_seq_acc': 0.0, 'eval_train_move_acc': 1.0, 'eval_train_mod5_acc': 1.0, 'eval_train_mod4_acc': 0.252, 'eval_train_runtime': 0.5768, 'eval_train_samples_per_second': 1733.724, 'eval_train_steps_per_second': 27.74, 'epoch': 213.83}
{'loss': 0.0, 'learning_rate': 6.772884419640854e-06, 'epoch': 214.89}
{'eval_eval_loss': 9.57514316723973e-08, 'eval_eval_token_acc': 0.9439481444000488, 'eval_eval_seq_acc': 0.0, 'eval_eval_move_acc': 1.0, 'eval_eval_mod5_acc': 1.0, 'eval_eval_mod4_acc': 0.261, 'eval_eval_runtime': 1.1377, 'eval_eval_samples_per_second': 1757.945, 'eval_eval_steps_per_second': 28.127, 'epoch': 214.89}
{'eval_train_loss': 2.5583899443404334e-09, 'eval_train_token_acc': 0.9454955413148883, 'eval_train_seq_acc': 0.0, 'eval_train_move_acc': 1.0, 'eval_train_mod5_acc': 1.0, 'eval_train_mod4_acc': 0.252, 'eval_train_runtime': 0.5641, 'eval_train_samples_per_second': 1772.806, 'eval_train_steps_per_second': 28.365, 'epoch': 214.89}
{'loss': 0.0, 'learning_rate': 6.618264682339377e-06, 'epoch': 215.96}
{'eval_eval_loss': 1.330498236029598e-07, 'eval_eval_token_acc': 0.9439481444000488, 'eval_eval_seq_acc': 0.0, 'eval_eval_move_acc': 1.0, 'eval_eval_mod5_acc': 1.0, 'eval_eval_mod4_acc': 0.261, 'eval_eval_runtime': 1.1489, 'eval_eval_samples_per_second': 1740.855, 'eval_eval_steps_per_second': 27.854, 'epoch': 215.96}
{'eval_train_loss': 2.6897888361077094e-09, 'eval_train_token_acc': 0.9454955413148883, 'eval_train_seq_acc': 0.0, 'eval_train_move_acc': 1.0, 'eval_train_mod5_acc': 1.0, 'eval_train_mod4_acc': 0.252, 'eval_train_runtime': 0.5723, 'eval_train_samples_per_second': 1747.258, 'eval_train_steps_per_second': 27.956, 'epoch': 215.96}
  Pushed checkpoint step-51000 to ijinyu1113/ft_mr4_70m_seed1_purenum
{'loss': 0.0, 'learning_rate': 6.464929181236033e-06, 'epoch': 217.02}
{'eval_eval_loss': 1.2013246930564492e-07, 'eval_eval_token_acc': 0.9439481444000488, 'eval_eval_seq_acc': 0.0, 'eval_eval_move_acc': 1.0, 'eval_eval_mod5_acc': 1.0, 'eval_eval_mod4_acc': 0.261, 'eval_eval_runtime': 1.1443, 'eval_eval_samples_per_second': 1747.812, 'eval_eval_steps_per_second': 27.965, 'epoch': 217.02}
{'eval_train_loss': 2.95833579855298e-09, 'eval_train_token_acc': 0.9454955413148883, 'eval_train_seq_acc': 0.0, 'eval_train_move_acc': 1.0, 'eval_train_mod5_acc': 1.0, 'eval_train_mod4_acc': 0.252, 'eval_train_runtime': 0.5742, 'eval_train_samples_per_second': 1741.567, 'eval_train_steps_per_second': 27.865, 'epoch': 217.02}
{'loss': 0.0, 'learning_rate': 6.312901410153208e-06, 'epoch': 218.09}
{'eval_eval_loss': 1.2714394870272372e-07, 'eval_eval_token_acc': 0.9439481444000488, 'eval_eval_seq_acc': 0.0, 'eval_eval_move_acc': 1.0, 'eval_eval_mod5_acc': 1.0, 'eval_eval_mod4_acc': 0.261, 'eval_eval_runtime': 1.1453, 'eval_eval_samples_per_second': 1746.303, 'eval_eval_steps_per_second': 27.941, 'epoch': 218.09}
{'eval_train_loss': 3.6329395047829394e-09, 'eval_train_token_acc': 0.9454955413148883, 'eval_train_seq_acc': 0.0, 'eval_train_move_acc': 1.0, 'eval_train_mod5_acc': 1.0, 'eval_train_mod4_acc': 0.252, 'eval_train_runtime': 0.5774, 'eval_train_samples_per_second': 1731.789, 'eval_train_steps_per_second': 27.709, 'epoch': 218.09}
{'loss': 0.0, 'learning_rate': 6.162204662544992e-06, 'epoch': 219.15}
{'eval_eval_loss': 1.0026029428900074e-07, 'eval_eval_token_acc': 0.9439481444000488, 'eval_eval_seq_acc': 0.0, 'eval_eval_move_acc': 1.0, 'eval_eval_mod5_acc': 1.0, 'eval_eval_mod4_acc': 0.261, 'eval_eval_runtime': 1.1372, 'eval_eval_samples_per_second': 1758.641, 'eval_eval_steps_per_second': 28.138, 'epoch': 219.15}
{'eval_train_loss': 4.625825500426117e-09, 'eval_train_token_acc': 0.9454955413148883, 'eval_train_seq_acc': 0.0, 'eval_train_move_acc': 1.0, 'eval_train_mod5_acc': 1.0, 'eval_train_mod4_acc': 0.252, 'eval_train_runtime': 0.5631, 'eval_train_samples_per_second': 1775.991, 'eval_train_steps_per_second': 28.416, 'epoch': 219.15}
{'loss': 0.0, 'learning_rate': 6.0128620279281635e-06, 'epoch': 220.21}
{'eval_eval_loss': 1.0086279900178852e-07, 'eval_eval_token_acc': 0.9439481444000488, 'eval_eval_seq_acc': 0.0, 'eval_eval_move_acc': 1.0, 'eval_eval_mod5_acc': 1.0, 'eval_eval_mod4_acc': 0.261, 'eval_eval_runtime': 1.1442, 'eval_eval_samples_per_second': 1747.907, 'eval_eval_steps_per_second': 27.967, 'epoch': 220.21}
{'eval_train_loss': 5.646040523998863e-09, 'eval_train_token_acc': 0.9454955413148883, 'eval_train_seq_acc': 0.0, 'eval_train_move_acc': 1.0, 'eval_train_mod5_acc': 1.0, 'eval_train_mod4_acc': 0.252, 'eval_train_runtime': 0.5713, 'eval_train_samples_per_second': 1750.386, 'eval_train_steps_per_second': 28.006, 'epoch': 220.21}
  Pushed checkpoint step-52000 to ijinyu1113/ft_mr4_70m_seed1_purenum
{'loss': 0.0, 'learning_rate': 5.864896388344442e-06, 'epoch': 221.28}
{'eval_eval_loss': 7.839160076628104e-08, 'eval_eval_token_acc': 0.9439481444000488, 'eval_eval_seq_acc': 0.0, 'eval_eval_move_acc': 1.0, 'eval_eval_mod5_acc': 1.0, 'eval_eval_mod4_acc': 0.261, 'eval_eval_runtime': 1.1328, 'eval_eval_samples_per_second': 1765.59, 'eval_eval_steps_per_second': 28.249, 'epoch': 221.28}
{'eval_train_loss': 7.177041183581423e-09, 'eval_train_token_acc': 0.9454955413148883, 'eval_train_seq_acc': 0.0, 'eval_train_move_acc': 1.0, 'eval_train_mod5_acc': 1.0, 'eval_train_mod4_acc': 0.252, 'eval_train_runtime': 0.5721, 'eval_train_samples_per_second': 1747.847, 'eval_train_steps_per_second': 27.966, 'epoch': 221.28}
{'loss': 0.0, 'learning_rate': 5.71833041485457e-06, 'epoch': 222.34}
{'eval_eval_loss': 1.019758002485105e-07, 'eval_eval_token_acc': 0.9439481444000488, 'eval_eval_seq_acc': 0.0, 'eval_eval_move_acc': 1.0, 'eval_eval_mod5_acc': 1.0, 'eval_eval_mod4_acc': 0.261, 'eval_eval_runtime': 1.1419, 'eval_eval_samples_per_second': 1751.527, 'eval_eval_steps_per_second': 28.024, 'epoch': 222.34}
{'eval_train_loss': 1.0175729592276639e-08, 'eval_train_token_acc': 0.9454955413148883, 'eval_train_seq_acc': 0.0, 'eval_train_move_acc': 1.0, 'eval_train_mod5_acc': 1.0, 'eval_train_mod4_acc': 0.252, 'eval_train_runtime': 0.5696, 'eval_train_samples_per_second': 1755.613, 'eval_train_steps_per_second': 28.09, 'epoch': 222.34}
{'loss': 0.0, 'learning_rate': 5.573186564064649e-06, 'epoch': 223.4}
{'eval_eval_loss': 7.552652192543974e-08, 'eval_eval_token_acc': 0.9439481444000488, 'eval_eval_seq_acc': 0.0, 'eval_eval_move_acc': 1.0, 'eval_eval_mod5_acc': 1.0, 'eval_eval_mod4_acc': 0.261, 'eval_eval_runtime': 1.1369, 'eval_eval_samples_per_second': 1759.1, 'eval_eval_steps_per_second': 28.146, 'epoch': 223.4}
{'eval_train_loss': 9.81796688392933e-09, 'eval_train_token_acc': 0.9454955413148883, 'eval_train_seq_acc': 0.0, 'eval_train_move_acc': 1.0, 'eval_train_mod5_acc': 1.0, 'eval_train_mod4_acc': 0.252, 'eval_train_runtime': 0.5725, 'eval_train_samples_per_second': 1746.797, 'eval_train_steps_per_second': 27.949, 'epoch': 223.4}
{'loss': 0.0, 'learning_rate': 5.429487074685418e-06, 'epoch': 224.47}
{'eval_eval_loss': 5.968800564915e-08, 'eval_eval_token_acc': 0.9439481444000488, 'eval_eval_seq_acc': 0.0, 'eval_eval_move_acc': 1.0, 'eval_eval_mod5_acc': 1.0, 'eval_eval_mod4_acc': 0.261, 'eval_eval_runtime': 1.1448, 'eval_eval_samples_per_second': 1747.06, 'eval_eval_steps_per_second': 27.953, 'epoch': 224.47}
{'eval_train_loss': 8.150325747635634e-09, 'eval_train_token_acc': 0.9454955413148883, 'eval_train_seq_acc': 0.0, 'eval_train_move_acc': 1.0, 'eval_train_mod5_acc': 1.0, 'eval_train_mod4_acc': 0.252, 'eval_train_runtime': 0.5712, 'eval_train_samples_per_second': 1750.609, 'eval_train_steps_per_second': 28.01, 'epoch': 224.47}
  Pushed checkpoint step-53000 to ijinyu1113/ft_mr4_70m_seed1_purenum
{'loss': 0.0, 'learning_rate': 5.287253964124826e-06, 'epoch': 225.53}
{'eval_eval_loss': 6.523642781530725e-08, 'eval_eval_token_acc': 0.9439481444000488, 'eval_eval_seq_acc': 0.0, 'eval_eval_move_acc': 1.0, 'eval_eval_mod5_acc': 1.0, 'eval_eval_mod4_acc': 0.261, 'eval_eval_runtime': 1.1348, 'eval_eval_samples_per_second': 1762.387, 'eval_eval_steps_per_second': 28.198, 'epoch': 225.53}
{'eval_train_loss': 9.153802160710711e-09, 'eval_train_token_acc': 0.9454955413148883, 'eval_train_seq_acc': 0.0, 'eval_train_move_acc': 1.0, 'eval_train_mod5_acc': 1.0, 'eval_train_mod4_acc': 0.252, 'eval_train_runtime': 0.5761, 'eval_train_samples_per_second': 1735.837, 'eval_train_steps_per_second': 27.773, 'epoch': 225.53}
{'loss': 0.0, 'learning_rate': 5.1465090251146084e-06, 'epoch': 226.6}
{'eval_eval_loss': 3.104452872548791e-08, 'eval_eval_token_acc': 0.9439481444000488, 'eval_eval_seq_acc': 0.0, 'eval_eval_move_acc': 1.0, 'eval_eval_mod5_acc': 1.0, 'eval_eval_mod4_acc': 0.261, 'eval_eval_runtime': 1.1465, 'eval_eval_samples_per_second': 1744.407, 'eval_eval_steps_per_second': 27.911, 'epoch': 226.6}
{'eval_train_loss': 7.864161766235611e-09, 'eval_train_token_acc': 0.9454955413148883, 'eval_train_seq_acc': 0.0, 'eval_train_move_acc': 1.0, 'eval_train_mod5_acc': 1.0, 'eval_train_mod4_acc': 0.252, 'eval_train_runtime': 0.5741, 'eval_train_samples_per_second': 1741.834, 'eval_train_steps_per_second': 27.869, 'epoch': 226.6}
{'loss': 0.0, 'learning_rate': 5.007273822371196e-06, 'epoch': 227.66}
{'eval_eval_loss': 3.652003499610146e-08, 'eval_eval_token_acc': 0.9439481444000488, 'eval_eval_seq_acc': 0.0, 'eval_eval_move_acc': 1.0, 'eval_eval_mod5_acc': 1.0, 'eval_eval_mod4_acc': 0.261, 'eval_eval_runtime': 1.1355, 'eval_eval_samples_per_second': 1761.41, 'eval_eval_steps_per_second': 28.183, 'epoch': 227.66}
{'eval_train_loss': 7.403886836954143e-09, 'eval_train_token_acc': 0.9454955413148883, 'eval_train_seq_acc': 0.0, 'eval_train_move_acc': 1.0, 'eval_train_mod5_acc': 1.0, 'eval_train_mod4_acc': 0.252, 'eval_train_runtime': 0.5644, 'eval_train_samples_per_second': 1771.643, 'eval_train_steps_per_second': 28.346, 'epoch': 227.66}
{'loss': 0.0, 'learning_rate': 4.869569689291626e-06, 'epoch': 228.72}
{'eval_eval_loss': 4.131105413307523e-08, 'eval_eval_token_acc': 0.9439481444000488, 'eval_eval_seq_acc': 0.0, 'eval_eval_move_acc': 1.0, 'eval_eval_mod5_acc': 1.0, 'eval_eval_mod4_acc': 0.261, 'eval_eval_runtime': 1.1385, 'eval_eval_samples_per_second': 1756.624, 'eval_eval_steps_per_second': 28.106, 'epoch': 228.72}
{'eval_train_loss': 7.96723487184181e-09, 'eval_train_token_acc': 0.9454955413148883, 'eval_train_seq_acc': 0.0, 'eval_train_move_acc': 1.0, 'eval_train_mod5_acc': 1.0, 'eval_train_mod4_acc': 0.252, 'eval_train_runtime': 0.5718, 'eval_train_samples_per_second': 1748.766, 'eval_train_steps_per_second': 27.98, 'epoch': 228.72}
  Pushed checkpoint step-54000 to ijinyu1113/ft_mr4_70m_seed1_purenum
{'loss': 0.0, 'learning_rate': 4.733417724684879e-06, 'epoch': 229.79}
{'eval_eval_loss': 4.005570630738475e-08, 'eval_eval_token_acc': 0.9439481444000488, 'eval_eval_seq_acc': 0.0, 'eval_eval_move_acc': 1.0, 'eval_eval_mod5_acc': 1.0, 'eval_eval_mod4_acc': 0.261, 'eval_eval_runtime': 1.1416, 'eval_eval_samples_per_second': 1752.001, 'eval_eval_steps_per_second': 28.032, 'epoch': 229.79}
{'eval_train_loss': 8.319049449312388e-09, 'eval_train_token_acc': 0.9454955413148883, 'eval_train_seq_acc': 0.0, 'eval_train_move_acc': 1.0, 'eval_train_mod5_acc': 1.0, 'eval_train_mod4_acc': 0.252, 'eval_train_runtime': 0.5712, 'eval_train_samples_per_second': 1750.815, 'eval_train_steps_per_second': 28.013, 'epoch': 229.79}
{'loss': 0.0, 'learning_rate': 4.598838789539128e-06, 'epoch': 230.85}
{'eval_eval_loss': 4.408095932717515e-08, 'eval_eval_token_acc': 0.9439481444000488, 'eval_eval_seq_acc': 0.0, 'eval_eval_move_acc': 1.0, 'eval_eval_mod5_acc': 1.0, 'eval_eval_mod4_acc': 0.261, 'eval_eval_runtime': 1.1425, 'eval_eval_samples_per_second': 1750.587, 'eval_eval_steps_per_second': 28.009, 'epoch': 230.85}
{'eval_train_loss': 8.300597542643118e-09, 'eval_train_token_acc': 0.9454955413148883, 'eval_train_seq_acc': 0.0, 'eval_train_move_acc': 1.0, 'eval_train_mod5_acc': 1.0, 'eval_train_mod4_acc': 0.252, 'eval_train_runtime': 0.5721, 'eval_train_samples_per_second': 1747.874, 'eval_train_steps_per_second': 27.966, 'epoch': 230.85}
{'loss': 0.0, 'learning_rate': 4.46585350382548e-06, 'epoch': 231.91}
{'eval_eval_loss': 1.3375522023295616e-08, 'eval_eval_token_acc': 0.9439481444000488, 'eval_eval_seq_acc': 0.0, 'eval_eval_move_acc': 1.0, 'eval_eval_mod5_acc': 1.0, 'eval_eval_mod4_acc': 0.261, 'eval_eval_runtime': 1.1402, 'eval_eval_samples_per_second': 1754.12, 'eval_eval_steps_per_second': 28.066, 'epoch': 231.91}
{'eval_train_loss': 6.398934715434734e-09, 'eval_train_token_acc': 0.9454955413148883, 'eval_train_seq_acc': 0.0, 'eval_train_move_acc': 1.0, 'eval_train_mod5_acc': 1.0, 'eval_train_mod4_acc': 0.252, 'eval_train_runtime': 0.5681, 'eval_train_samples_per_second': 1760.192, 'eval_train_steps_per_second': 28.163, 'epoch': 231.91}
{'loss': 0.0, 'learning_rate': 4.334482243338589e-06, 'epoch': 232.98}
{'eval_eval_loss': 1.477885724909811e-08, 'eval_eval_token_acc': 0.9439481444000488, 'eval_eval_seq_acc': 0.0, 'eval_eval_move_acc': 1.0, 'eval_eval_mod5_acc': 1.0, 'eval_eval_mod4_acc': 0.261, 'eval_eval_runtime': 1.1454, 'eval_eval_samples_per_second': 1746.111, 'eval_eval_steps_per_second': 27.938, 'epoch': 232.98}
{'eval_train_loss': 3.883980692620526e-09, 'eval_train_token_acc': 0.9454955413148883, 'eval_train_seq_acc': 0.0, 'eval_train_move_acc': 1.0, 'eval_train_mod5_acc': 1.0, 'eval_train_mod4_acc': 0.252, 'eval_train_runtime': 0.5747, 'eval_train_samples_per_second': 1740.18, 'eval_train_steps_per_second': 27.843, 'epoch': 232.98}
  Pushed checkpoint step-55000 to ijinyu1113/ft_mr4_70m_seed1_purenum
{'loss': 0.0, 'learning_rate': 4.204745136574737e-06, 'epoch': 234.04}
{'eval_eval_loss': 1.9735969303269485e-08, 'eval_eval_token_acc': 0.9439481444000488, 'eval_eval_seq_acc': 0.0, 'eval_eval_move_acc': 1.0, 'eval_eval_mod5_acc': 1.0, 'eval_eval_mod4_acc': 0.261, 'eval_eval_runtime': 1.1475, 'eval_eval_samples_per_second': 1742.87, 'eval_eval_steps_per_second': 27.886, 'epoch': 234.04}
{'eval_train_loss': 4.694775679325858e-09, 'eval_train_token_acc': 0.9454955413148883, 'eval_train_seq_acc': 0.0, 'eval_train_move_acc': 1.0, 'eval_train_mod5_acc': 1.0, 'eval_train_mod4_acc': 0.252, 'eval_train_runtime': 0.5675, 'eval_train_samples_per_second': 1762.008, 'eval_train_steps_per_second': 28.192, 'epoch': 234.04}
{'loss': 0.0, 'learning_rate': 4.076662061647747e-06, 'epoch': 235.11}
{'eval_eval_loss': 1.8906190391021482e-08, 'eval_eval_token_acc': 0.9439481444000488, 'eval_eval_seq_acc': 0.0, 'eval_eval_move_acc': 1.0, 'eval_eval_mod5_acc': 1.0, 'eval_eval_mod4_acc': 0.261, 'eval_eval_runtime': 1.1324, 'eval_eval_samples_per_second': 1766.212, 'eval_eval_steps_per_second': 28.259, 'epoch': 235.11}
{'eval_train_loss': 5.161770566530777e-09, 'eval_train_token_acc': 0.9454955413148883, 'eval_train_seq_acc': 0.0, 'eval_train_move_acc': 1.0, 'eval_train_mod5_acc': 1.0, 'eval_train_mod4_acc': 0.252, 'eval_train_runtime': 0.5714, 'eval_train_samples_per_second': 1750.159, 'eval_train_steps_per_second': 28.003, 'epoch': 235.11}
{'loss': 0.0001, 'learning_rate': 3.950252643243317e-06, 'epoch': 236.17}
{'eval_eval_loss': 3.9244056097231805e-05, 'eval_eval_token_acc': 0.9439481444000488, 'eval_eval_seq_acc': 0.0, 'eval_eval_move_acc': 0.9995, 'eval_eval_mod5_acc': 0.9995, 'eval_eval_mod4_acc': 0.2605, 'eval_eval_runtime': 1.1209, 'eval_eval_samples_per_second': 1784.23, 'eval_eval_steps_per_second': 28.548, 'epoch': 236.17}
{'eval_train_loss': 2.322945960031575e-07, 'eval_train_token_acc': 0.9454955413148883, 'eval_train_seq_acc': 0.0, 'eval_train_move_acc': 1.0, 'eval_train_mod5_acc': 1.0, 'eval_train_mod4_acc': 0.252, 'eval_train_runtime': 0.5735, 'eval_train_samples_per_second': 1743.669, 'eval_train_steps_per_second': 27.899, 'epoch': 236.17}
{'loss': 0.0, 'learning_rate': 3.825536249612147e-06, 'epoch': 237.23}
{'eval_eval_loss': 8.360270840057638e-07, 'eval_eval_token_acc': 0.9439481444000488, 'eval_eval_seq_acc': 0.0, 'eval_eval_move_acc': 1.0, 'eval_eval_mod5_acc': 1.0, 'eval_eval_mod4_acc': 0.261, 'eval_eval_runtime': 1.1414, 'eval_eval_samples_per_second': 1752.203, 'eval_eval_steps_per_second': 28.035, 'epoch': 237.23}
{'eval_train_loss': 3.6917043644280056e-08, 'eval_train_token_acc': 0.9454955413148883, 'eval_train_seq_acc': 0.0, 'eval_train_move_acc': 1.0, 'eval_train_mod5_acc': 1.0, 'eval_train_mod4_acc': 0.252, 'eval_train_runtime': 0.5655, 'eval_train_samples_per_second': 1768.285, 'eval_train_steps_per_second': 28.293, 'epoch': 237.23}
  Pushed checkpoint step-56000 to ijinyu1113/ft_mr4_70m_seed1_purenum
{'loss': 0.0, 'learning_rate': 3.702531989602354e-06, 'epoch': 238.3}
{'eval_eval_loss': 4.888334501629288e-07, 'eval_eval_token_acc': 0.9439481444000488, 'eval_eval_seq_acc': 0.0, 'eval_eval_move_acc': 1.0, 'eval_eval_mod5_acc': 1.0, 'eval_eval_mod4_acc': 0.261, 'eval_eval_runtime': 1.1397, 'eval_eval_samples_per_second': 1754.918, 'eval_eval_steps_per_second': 28.079, 'epoch': 238.3}
{'eval_train_loss': 2.3969722207084487e-08, 'eval_train_token_acc': 0.9454955413148883, 'eval_train_seq_acc': 0.0, 'eval_train_move_acc': 1.0, 'eval_train_mod5_acc': 1.0, 'eval_train_mod4_acc': 0.252, 'eval_train_runtime': 0.5706, 'eval_train_samples_per_second': 1752.486, 'eval_train_steps_per_second': 28.04, 'epoch': 238.3}
{'loss': 0.0, 'learning_rate': 3.5812587097316712e-06, 'epoch': 239.36}
{'eval_eval_loss': 4.295868620829424e-07, 'eval_eval_token_acc': 0.9439481444000488, 'eval_eval_seq_acc': 0.0, 'eval_eval_move_acc': 1.0, 'eval_eval_mod5_acc': 1.0, 'eval_eval_mod4_acc': 0.261, 'eval_eval_runtime': 1.1219, 'eval_eval_samples_per_second': 1782.611, 'eval_eval_steps_per_second': 28.522, 'epoch': 239.36}
{'eval_train_loss': 1.8978324689555848e-08, 'eval_train_token_acc': 0.9454955413148883, 'eval_train_seq_acc': 0.0, 'eval_train_move_acc': 1.0, 'eval_train_mod5_acc': 1.0, 'eval_train_mod4_acc': 0.252, 'eval_train_runtime': 0.5682, 'eval_train_samples_per_second': 1759.998, 'eval_train_steps_per_second': 28.16, 'epoch': 239.36}
{'loss': 0.0, 'learning_rate': 3.461734991299779e-06, 'epoch': 240.43}
{'eval_eval_loss': 3.8808707358839456e-07, 'eval_eval_token_acc': 0.9439481444000488, 'eval_eval_seq_acc': 0.0, 'eval_eval_move_acc': 1.0, 'eval_eval_mod5_acc': 1.0, 'eval_eval_mod4_acc': 0.261, 'eval_eval_runtime': 1.1514, 'eval_eval_samples_per_second': 1737.025, 'eval_eval_steps_per_second': 27.792, 'epoch': 240.43}
{'eval_train_loss': 1.618993294982829e-08, 'eval_train_token_acc': 0.9454955413148883, 'eval_train_seq_acc': 0.0, 'eval_train_move_acc': 1.0, 'eval_train_mod5_acc': 1.0, 'eval_train_mod4_acc': 0.252, 'eval_train_runtime': 0.576, 'eval_train_samples_per_second': 1735.998, 'eval_train_steps_per_second': 27.776, 'epoch': 240.43}
{'loss': 0.0, 'learning_rate': 3.343979147541352e-06, 'epoch': 241.49}
{'eval_eval_loss': 3.2785507642074663e-07, 'eval_eval_token_acc': 0.9439481444000488, 'eval_eval_seq_acc': 0.0, 'eval_eval_move_acc': 1.0, 'eval_eval_mod5_acc': 1.0, 'eval_eval_mod4_acc': 0.261, 'eval_eval_runtime': 1.1311, 'eval_eval_samples_per_second': 1768.184, 'eval_eval_steps_per_second': 28.291, 'epoch': 241.49}
{'eval_train_loss': 1.435937058147374e-08, 'eval_train_token_acc': 0.9454955413148883, 'eval_train_seq_acc': 0.0, 'eval_train_move_acc': 1.0, 'eval_train_mod5_acc': 1.0, 'eval_train_mod4_acc': 0.252, 'eval_train_runtime': 0.572, 'eval_train_samples_per_second': 1748.373, 'eval_train_steps_per_second': 27.974, 'epoch': 241.49}
  Pushed checkpoint step-57000 to ijinyu1113/ft_mr4_70m_seed1_purenum
{'loss': 0.0, 'learning_rate': 3.2280092208200853e-06, 'epoch': 242.55}
{'eval_eval_loss': 3.2688672035874333e-07, 'eval_eval_token_acc': 0.9439481444000488, 'eval_eval_seq_acc': 0.0, 'eval_eval_move_acc': 1.0, 'eval_eval_mod5_acc': 1.0, 'eval_eval_mod4_acc': 0.261, 'eval_eval_runtime': 1.141, 'eval_eval_samples_per_second': 1752.83, 'eval_eval_steps_per_second': 28.045, 'epoch': 242.55}
{'eval_train_loss': 1.3057488423839914e-08, 'eval_train_token_acc': 0.9454955413148883, 'eval_train_seq_acc': 0.0, 'eval_train_move_acc': 1.0, 'eval_train_mod5_acc': 1.0, 'eval_train_mod4_acc': 0.252, 'eval_train_runtime': 0.558, 'eval_train_samples_per_second': 1792.04, 'eval_train_steps_per_second': 28.673, 'epoch': 242.55}
{'loss': 0.0, 'learning_rate': 3.1138429798643182e-06, 'epoch': 243.62}
{'eval_eval_loss': 2.96876123684342e-07, 'eval_eval_token_acc': 0.9439481444000488, 'eval_eval_seq_acc': 0.0, 'eval_eval_move_acc': 1.0, 'eval_eval_mod5_acc': 1.0, 'eval_eval_mod4_acc': 0.261, 'eval_eval_runtime': 1.1519, 'eval_eval_samples_per_second': 1736.337, 'eval_eval_steps_per_second': 27.781, 'epoch': 243.62}
{'eval_train_loss': 1.1742100625156127e-08, 'eval_train_token_acc': 0.9454955413148883, 'eval_train_seq_acc': 0.0, 'eval_train_move_acc': 1.0, 'eval_train_mod5_acc': 1.0, 'eval_train_mod4_acc': 0.252, 'eval_train_runtime': 0.5724, 'eval_train_samples_per_second': 1747.147, 'eval_train_steps_per_second': 27.954, 'epoch': 243.62}
{'loss': 0.0, 'learning_rate': 3.0014979170444963e-06, 'epoch': 244.68}
{'eval_eval_loss': 2.68458506980096e-07, 'eval_eval_token_acc': 0.9439481444000488, 'eval_eval_seq_acc': 0.0, 'eval_eval_move_acc': 1.0, 'eval_eval_mod5_acc': 1.0, 'eval_eval_mod4_acc': 0.261, 'eval_eval_runtime': 1.1299, 'eval_eval_samples_per_second': 1770.114, 'eval_eval_steps_per_second': 28.322, 'epoch': 244.68}
{'eval_train_loss': 1.0755686119523489e-08, 'eval_train_token_acc': 0.9454955413148883, 'eval_train_seq_acc': 0.0, 'eval_train_move_acc': 1.0, 'eval_train_mod5_acc': 1.0, 'eval_train_mod4_acc': 0.252, 'eval_train_runtime': 0.5715, 'eval_train_samples_per_second': 1749.723, 'eval_train_steps_per_second': 27.996, 'epoch': 244.68}
{'loss': 0.0, 'learning_rate': 2.8909912456930587e-06, 'epoch': 245.74}
{'eval_eval_loss': 2.5969873718167946e-07, 'eval_eval_token_acc': 0.9439481444000488, 'eval_eval_seq_acc': 0.0, 'eval_eval_move_acc': 1.0, 'eval_eval_mod5_acc': 1.0, 'eval_eval_mod4_acc': 0.261, 'eval_eval_runtime': 1.1324, 'eval_eval_samples_per_second': 1766.223, 'eval_eval_steps_per_second': 28.26, 'epoch': 245.74}
{'eval_train_loss': 1.0050816179330013e-08, 'eval_train_token_acc': 0.9454955413148883, 'eval_train_seq_acc': 0.0, 'eval_train_move_acc': 1.0, 'eval_train_mod5_acc': 1.0, 'eval_train_mod4_acc': 0.252, 'eval_train_runtime': 0.5722, 'eval_train_samples_per_second': 1747.724, 'eval_train_steps_per_second': 27.964, 'epoch': 245.74}
  Pushed checkpoint step-58000 to ijinyu1113/ft_mr4_70m_seed1_purenum
{'loss': 0.0, 'learning_rate': 2.7823398974670004e-06, 'epoch': 246.81}
{'eval_eval_loss': 2.439772970319609e-07, 'eval_eval_token_acc': 0.9439481444000488, 'eval_eval_seq_acc': 0.0, 'eval_eval_move_acc': 1.0, 'eval_eval_mod5_acc': 1.0, 'eval_eval_mod4_acc': 0.261, 'eval_eval_runtime': 1.1431, 'eval_eval_samples_per_second': 1749.65, 'eval_eval_steps_per_second': 27.994, 'epoch': 246.81}
{'eval_train_loss': 9.343283480234277e-09, 'eval_train_token_acc': 0.9454955413148883, 'eval_train_seq_acc': 0.0, 'eval_train_move_acc': 1.0, 'eval_train_mod5_acc': 1.0, 'eval_train_mod4_acc': 0.252, 'eval_train_runtime': 0.571, 'eval_train_samples_per_second': 1751.307, 'eval_train_steps_per_second': 28.021, 'epoch': 246.81}
{'loss': 0.0, 'learning_rate': 2.675560519753659e-06, 'epoch': 247.87}
{'eval_eval_loss': 2.2902405305558204e-07, 'eval_eval_token_acc': 0.9439481444000488, 'eval_eval_seq_acc': 0.0, 'eval_eval_move_acc': 1.0, 'eval_eval_mod5_acc': 1.0, 'eval_eval_mod4_acc': 0.261, 'eval_eval_runtime': 1.1228, 'eval_eval_samples_per_second': 1781.265, 'eval_eval_steps_per_second': 28.5, 'epoch': 247.87}
{'eval_train_loss': 8.698771480908363e-09, 'eval_train_token_acc': 0.9454955413148883, 'eval_train_seq_acc': 0.0, 'eval_train_move_acc': 1.0, 'eval_train_mod5_acc': 1.0, 'eval_train_mod4_acc': 0.252, 'eval_train_runtime': 0.5733, 'eval_train_samples_per_second': 1744.232, 'eval_train_steps_per_second': 27.908, 'epoch': 247.87}
{'loss': 0.0, 'learning_rate': 2.5706694731200194e-06, 'epoch': 248.94}
{'eval_eval_loss': 2.0704740677501832e-07, 'eval_eval_token_acc': 0.9439481444000488, 'eval_eval_seq_acc': 0.0, 'eval_eval_move_acc': 1.0, 'eval_eval_mod5_acc': 1.0, 'eval_eval_mod4_acc': 0.261, 'eval_eval_runtime': 1.1438, 'eval_eval_samples_per_second': 1748.508, 'eval_eval_steps_per_second': 27.976, 'epoch': 248.94}
{'eval_train_loss': 8.082110980467405e-09, 'eval_train_token_acc': 0.9454955413148883, 'eval_train_seq_acc': 0.0, 'eval_train_move_acc': 1.0, 'eval_train_mod5_acc': 1.0, 'eval_train_mod4_acc': 0.252, 'eval_train_runtime': 0.5745, 'eval_train_samples_per_second': 1740.766, 'eval_train_steps_per_second': 27.852, 'epoch': 248.94}
{'loss': 0.0, 'learning_rate': 2.467682828805956e-06, 'epoch': 250.0}
{'eval_eval_loss': 1.9596181743963825e-07, 'eval_eval_token_acc': 0.9439481444000488, 'eval_eval_seq_acc': 0.0, 'eval_eval_move_acc': 1.0, 'eval_eval_mod5_acc': 1.0, 'eval_eval_mod4_acc': 0.261, 'eval_eval_runtime': 1.1448, 'eval_eval_samples_per_second': 1746.962, 'eval_eval_steps_per_second': 27.951, 'epoch': 250.0}
{'eval_train_loss': 7.615897246182612e-09, 'eval_train_token_acc': 0.9454955413148883, 'eval_train_seq_acc': 0.0, 'eval_train_move_acc': 1.0, 'eval_train_mod5_acc': 1.0, 'eval_train_mod4_acc': 0.252, 'eval_train_runtime': 0.5767, 'eval_train_samples_per_second': 1734.005, 'eval_train_steps_per_second': 27.744, 'epoch': 250.0}
  Pushed checkpoint step-59000 to ijinyu1113/ft_mr4_70m_seed1_purenum
{'loss': 0.0, 'learning_rate': 2.3666163662618575e-06, 'epoch': 251.06}
{'eval_eval_loss': 1.7855700207292102e-07, 'eval_eval_token_acc': 0.9439481444000488, 'eval_eval_seq_acc': 0.0, 'eval_eval_move_acc': 1.0, 'eval_eval_mod5_acc': 1.0, 'eval_eval_mod4_acc': 0.261, 'eval_eval_runtime': 1.1179, 'eval_eval_samples_per_second': 1789.054, 'eval_eval_steps_per_second': 28.625, 'epoch': 251.06}
{'eval_train_loss': 7.153684311589359e-09, 'eval_train_token_acc': 0.9454955413148883, 'eval_train_seq_acc': 0.0, 'eval_train_move_acc': 1.0, 'eval_train_mod5_acc': 1.0, 'eval_train_mod4_acc': 0.252, 'eval_train_runtime': 0.5745, 'eval_train_samples_per_second': 1740.499, 'eval_train_steps_per_second': 27.848, 'epoch': 251.06}
{'loss': 0.0, 'learning_rate': 2.267485570730894e-06, 'epoch': 252.13}
{'eval_eval_loss': 1.6948000336469704e-07, 'eval_eval_token_acc': 0.9439481444000488, 'eval_eval_seq_acc': 0.0, 'eval_eval_move_acc': 1.0, 'eval_eval_mod5_acc': 1.0, 'eval_eval_mod4_acc': 0.261, 'eval_eval_runtime': 1.1428, 'eval_eval_samples_per_second': 1750.087, 'eval_eval_steps_per_second': 28.001, 'epoch': 252.13}
{'eval_train_loss': 6.750391357002172e-09, 'eval_train_token_acc': 0.9454955413148883, 'eval_train_seq_acc': 0.0, 'eval_train_move_acc': 1.0, 'eval_train_mod5_acc': 1.0, 'eval_train_mod4_acc': 0.252, 'eval_train_runtime': 0.5713, 'eval_train_samples_per_second': 1750.347, 'eval_train_steps_per_second': 28.006, 'epoch': 252.13}
{'loss': 0.0, 'learning_rate': 2.170305630876408e-06, 'epoch': 253.19}
{'eval_eval_loss': 1.5917092355266504e-07, 'eval_eval_token_acc': 0.9439481444000488, 'eval_eval_seq_acc': 0.0, 'eval_eval_move_acc': 1.0, 'eval_eval_mod5_acc': 1.0, 'eval_eval_mod4_acc': 0.261, 'eval_eval_runtime': 1.1371, 'eval_eval_samples_per_second': 1758.787, 'eval_eval_steps_per_second': 28.141, 'epoch': 253.19}
{'eval_train_loss': 6.371386973569315e-09, 'eval_train_token_acc': 0.9454955413148883, 'eval_train_seq_acc': 0.0, 'eval_train_move_acc': 1.0, 'eval_train_mod5_acc': 1.0, 'eval_train_mod4_acc': 0.252, 'eval_train_runtime': 0.5698, 'eval_train_samples_per_second': 1754.955, 'eval_train_steps_per_second': 28.079, 'epoch': 253.19}
{'loss': 0.0, 'learning_rate': 2.0750914364547357e-06, 'epoch': 254.26}
{'eval_eval_loss': 1.4712341567246767e-07, 'eval_eval_token_acc': 0.9439481444000488, 'eval_eval_seq_acc': 0.0, 'eval_eval_move_acc': 1.0, 'eval_eval_mod5_acc': 1.0, 'eval_eval_mod4_acc': 0.261, 'eval_eval_runtime': 1.1456, 'eval_eval_samples_per_second': 1745.86, 'eval_eval_steps_per_second': 27.934, 'epoch': 254.26}
{'eval_train_loss': 6.077307546092925e-09, 'eval_train_token_acc': 0.9454955413148883, 'eval_train_seq_acc': 0.0, 'eval_train_move_acc': 1.0, 'eval_train_mod5_acc': 1.0, 'eval_train_mod4_acc': 0.252, 'eval_train_runtime': 0.5703, 'eval_train_samples_per_second': 1753.595, 'eval_train_steps_per_second': 28.058, 'epoch': 254.26}
  Pushed checkpoint step-60000 to ijinyu1113/ft_mr4_70m_seed1_purenum
{'loss': 0.0, 'learning_rate': 1.9818575760337995e-06, 'epoch': 255.32}
{'eval_eval_loss': 1.3907936136092758e-07, 'eval_eval_token_acc': 0.9439481444000488, 'eval_eval_seq_acc': 0.0, 'eval_eval_move_acc': 1.0, 'eval_eval_mod5_acc': 1.0, 'eval_eval_mod4_acc': 0.261, 'eval_eval_runtime': 1.1163, 'eval_eval_samples_per_second': 1791.71, 'eval_eval_steps_per_second': 28.667, 'epoch': 255.32}
{'eval_train_loss': 5.730973473561107e-09, 'eval_train_token_acc': 0.9454955413148883, 'eval_train_seq_acc': 0.0, 'eval_train_move_acc': 1.0, 'eval_train_mod5_acc': 1.0, 'eval_train_mod4_acc': 0.252, 'eval_train_runtime': 0.5726, 'eval_train_samples_per_second': 1746.451, 'eval_train_steps_per_second': 27.943, 'epoch': 255.32}
{'loss': 0.0, 'learning_rate': 1.8906183347578975e-06, 'epoch': 256.38}
{'eval_eval_loss': 1.286415880485947e-07, 'eval_eval_token_acc': 0.9439481444000488, 'eval_eval_seq_acc': 0.0, 'eval_eval_move_acc': 1.0, 'eval_eval_mod5_acc': 1.0, 'eval_eval_mod4_acc': 0.261, 'eval_eval_runtime': 1.1411, 'eval_eval_samples_per_second': 1752.715, 'eval_eval_steps_per_second': 28.043, 'epoch': 256.38}
{'eval_train_loss': 5.445026651784701e-09, 'eval_train_token_acc': 0.9454955413148883, 'eval_train_seq_acc': 0.0, 'eval_train_move_acc': 1.0, 'eval_train_mod5_acc': 1.0, 'eval_train_mod4_acc': 0.252, 'eval_train_runtime': 0.5746, 'eval_train_samples_per_second': 1740.427, 'eval_train_steps_per_second': 27.847, 'epoch': 256.38}
{'loss': 0.0, 'learning_rate': 1.8013876921589363e-06, 'epoch': 257.45}
{'eval_eval_loss': 1.2053175169057795e-07, 'eval_eval_token_acc': 0.9439481444000488, 'eval_eval_seq_acc': 0.0, 'eval_eval_move_acc': 1.0, 'eval_eval_mod5_acc': 1.0, 'eval_eval_mod4_acc': 0.261, 'eval_eval_runtime': 1.1315, 'eval_eval_samples_per_second': 1767.55, 'eval_eval_steps_per_second': 28.281, 'epoch': 257.45}
{'eval_train_loss': 5.165496030912209e-09, 'eval_train_token_acc': 0.9454955413148883, 'eval_train_seq_acc': 0.0, 'eval_train_move_acc': 1.0, 'eval_train_mod5_acc': 1.0, 'eval_train_mod4_acc': 0.252, 'eval_train_runtime': 0.5742, 'eval_train_samples_per_second': 1741.57, 'eval_train_steps_per_second': 27.865, 'epoch': 257.45}
{'loss': 0.0, 'learning_rate': 1.7141793200145234e-06, 'epoch': 258.51}
{'eval_eval_loss': 1.1449791514905883e-07, 'eval_eval_token_acc': 0.9439481444000488, 'eval_eval_seq_acc': 0.0, 'eval_eval_move_acc': 1.0, 'eval_eval_mod5_acc': 1.0, 'eval_eval_mod4_acc': 0.261, 'eval_eval_runtime': 1.1301, 'eval_eval_samples_per_second': 1769.684, 'eval_eval_steps_per_second': 28.315, 'epoch': 258.51}
{'eval_train_loss': 4.91252372114559e-09, 'eval_train_token_acc': 0.9454955413148883, 'eval_train_seq_acc': 0.0, 'eval_train_move_acc': 1.0, 'eval_train_mod5_acc': 1.0, 'eval_train_mod4_acc': 0.252, 'eval_train_runtime': 0.5753, 'eval_train_samples_per_second': 1738.118, 'eval_train_steps_per_second': 27.81, 'epoch': 258.51}
  Pushed checkpoint step-61000 to ijinyu1113/ft_mr4_70m_seed1_purenum
{'loss': 0.0, 'learning_rate': 1.6290065802531878e-06, 'epoch': 259.57}
{'eval_eval_loss': 1.0637719327633022e-07, 'eval_eval_token_acc': 0.9439481444000488, 'eval_eval_seq_acc': 0.0, 'eval_eval_move_acc': 1.0, 'eval_eval_mod5_acc': 1.0, 'eval_eval_mod4_acc': 0.261, 'eval_eval_runtime': 1.1189, 'eval_eval_samples_per_second': 1787.436, 'eval_eval_steps_per_second': 28.599, 'epoch': 259.57}
{'eval_train_loss': 4.723992308441893e-09, 'eval_train_token_acc': 0.9454955413148883, 'eval_train_seq_acc': 0.0, 'eval_train_move_acc': 1.0, 'eval_train_mod5_acc': 1.0, 'eval_train_mod4_acc': 0.252, 'eval_train_runtime': 0.5616, 'eval_train_samples_per_second': 1780.71, 'eval_train_steps_per_second': 28.491, 'epoch': 259.57}
{'loss': 0.0, 'learning_rate': 1.5458825229070995e-06, 'epoch': 260.64}
{'eval_eval_loss': 9.586100446767887e-08, 'eval_eval_token_acc': 0.9439481444000488, 'eval_eval_seq_acc': 0.0, 'eval_eval_move_acc': 1.0, 'eval_eval_mod5_acc': 1.0, 'eval_eval_mod4_acc': 0.261, 'eval_eval_runtime': 1.1457, 'eval_eval_samples_per_second': 1745.686, 'eval_eval_steps_per_second': 27.931, 'epoch': 260.64}
{'eval_train_loss': 4.5010901672526415e-09, 'eval_train_token_acc': 0.9454955413148883, 'eval_train_seq_acc': 0.0, 'eval_train_move_acc': 1.0, 'eval_train_mod5_acc': 1.0, 'eval_train_mod4_acc': 0.252, 'eval_train_runtime': 0.5752, 'eval_train_samples_per_second': 1738.381, 'eval_train_steps_per_second': 27.814, 'epoch': 260.64}
{'loss': 0.0, 'learning_rate': 1.4648198841125453e-06, 'epoch': 261.7}
{'eval_eval_loss': 8.754898317420157e-08, 'eval_eval_token_acc': 0.9439481444000488, 'eval_eval_seq_acc': 0.0, 'eval_eval_move_acc': 1.0, 'eval_eval_mod5_acc': 1.0, 'eval_eval_mod4_acc': 0.261, 'eval_eval_runtime': 1.121, 'eval_eval_samples_per_second': 1784.167, 'eval_eval_steps_per_second': 28.547, 'epoch': 261.7}
{'eval_train_loss': 4.3329708709904935e-09, 'eval_train_token_acc': 0.9454955413148883, 'eval_train_seq_acc': 0.0, 'eval_train_move_acc': 1.0, 'eval_train_mod5_acc': 1.0, 'eval_train_mod4_acc': 0.252, 'eval_train_runtime': 0.5738, 'eval_train_samples_per_second': 1742.76, 'eval_train_steps_per_second': 27.884, 'epoch': 261.7}
{'loss': 0.0, 'learning_rate': 1.385831084158543e-06, 'epoch': 262.77}
{'eval_eval_loss': 8.35038491686646e-08, 'eval_eval_token_acc': 0.9439481444000488, 'eval_eval_seq_acc': 0.0, 'eval_eval_move_acc': 1.0, 'eval_eval_mod5_acc': 1.0, 'eval_eval_mod4_acc': 0.261, 'eval_eval_runtime': 1.141, 'eval_eval_samples_per_second': 1752.784, 'eval_eval_steps_per_second': 28.045, 'epoch': 262.77}
{'eval_train_loss': 4.225516381239913e-09, 'eval_train_token_acc': 0.9454955413148883, 'eval_train_seq_acc': 0.0, 'eval_train_move_acc': 1.0, 'eval_train_mod5_acc': 1.0, 'eval_train_mod4_acc': 0.252, 'eval_train_runtime': 0.5729, 'eval_train_samples_per_second': 1745.504, 'eval_train_steps_per_second': 27.928, 'epoch': 262.77}
  Pushed checkpoint step-62000 to ijinyu1113/ft_mr4_70m_seed1_purenum
{'loss': 0.0, 'learning_rate': 1.308928225583797e-06, 'epoch': 263.83}
{'eval_eval_loss': 7.970277948743387e-08, 'eval_eval_token_acc': 0.9439481444000488, 'eval_eval_seq_acc': 0.0, 'eval_eval_move_acc': 1.0, 'eval_eval_mod5_acc': 1.0, 'eval_eval_mod4_acc': 0.261, 'eval_eval_runtime': 1.1357, 'eval_eval_samples_per_second': 1761.008, 'eval_eval_steps_per_second': 28.176, 'epoch': 263.83}
{'eval_train_loss': 4.095726868769134e-09, 'eval_train_token_acc': 0.9454955413148883, 'eval_train_seq_acc': 0.0, 'eval_train_move_acc': 1.0, 'eval_train_mod5_acc': 1.0, 'eval_train_mod4_acc': 0.252, 'eval_train_runtime': 0.5704, 'eval_train_samples_per_second': 1753.005, 'eval_train_steps_per_second': 28.048, 'epoch': 263.83}
{'loss': 0.0, 'learning_rate': 1.234123091322389e-06, 'epoch': 264.89}
{'eval_eval_loss': 7.587776451600803e-08, 'eval_eval_token_acc': 0.9439481444000488, 'eval_eval_seq_acc': 0.0, 'eval_eval_move_acc': 1.0, 'eval_eval_mod5_acc': 1.0, 'eval_eval_mod4_acc': 0.261, 'eval_eval_runtime': 1.1277, 'eval_eval_samples_per_second': 1773.465, 'eval_eval_steps_per_second': 28.375, 'epoch': 264.89}
{'eval_train_loss': 3.9457468403725215e-09, 'eval_train_token_acc': 0.9454955413148883, 'eval_train_seq_acc': 0.0, 'eval_train_move_acc': 1.0, 'eval_train_mod5_acc': 1.0, 'eval_train_mod4_acc': 0.252, 'eval_train_runtime': 0.5733, 'eval_train_samples_per_second': 1744.186, 'eval_train_steps_per_second': 27.907, 'epoch': 264.89}
{'loss': 0.0, 'learning_rate': 1.1614271428984087e-06, 'epoch': 265.96}
{'eval_eval_loss': 7.172528171395243e-08, 'eval_eval_token_acc': 0.9439481444000488, 'eval_eval_seq_acc': 0.0, 'eval_eval_move_acc': 1.0, 'eval_eval_mod5_acc': 1.0, 'eval_eval_mod4_acc': 0.261, 'eval_eval_runtime': 1.1259, 'eval_eval_samples_per_second': 1776.392, 'eval_eval_steps_per_second': 28.422, 'epoch': 265.96}
{'eval_train_loss': 3.826250427607647e-09, 'eval_train_token_acc': 0.9454955413148883, 'eval_train_seq_acc': 0.0, 'eval_train_move_acc': 1.0, 'eval_train_mod5_acc': 1.0, 'eval_train_mod4_acc': 0.252, 'eval_train_runtime': 0.5679, 'eval_train_samples_per_second': 1760.773, 'eval_train_steps_per_second': 28.172, 'epoch': 265.96}
{'loss': 0.0, 'learning_rate': 1.0908515186698253e-06, 'epoch': 267.02}
{'eval_eval_loss': 6.826287091143968e-08, 'eval_eval_token_acc': 0.9439481444000488, 'eval_eval_seq_acc': 0.0, 'eval_eval_move_acc': 1.0, 'eval_eval_mod5_acc': 1.0, 'eval_eval_mod4_acc': 0.261, 'eval_eval_runtime': 1.134, 'eval_eval_samples_per_second': 1763.62, 'eval_eval_steps_per_second': 28.218, 'epoch': 267.02}
{'eval_train_loss': 3.7067353630959587e-09, 'eval_train_token_acc': 0.9454955413148883, 'eval_train_seq_acc': 0.0, 'eval_train_move_acc': 1.0, 'eval_train_mod5_acc': 1.0, 'eval_train_mod4_acc': 0.252, 'eval_train_runtime': 0.5749, 'eval_train_samples_per_second': 1739.437, 'eval_train_steps_per_second': 27.831, 'epoch': 267.02}
  Pushed checkpoint step-63000 to ijinyu1113/ft_mr4_70m_seed1_purenum
{'loss': 0.0, 'learning_rate': 1.0224070321219065e-06, 'epoch': 268.09}
{'eval_eval_loss': 6.499027449535788e-08, 'eval_eval_token_acc': 0.9439481444000488, 'eval_eval_seq_acc': 0.0, 'eval_eval_move_acc': 1.0, 'eval_eval_mod5_acc': 1.0, 'eval_eval_mod4_acc': 0.261, 'eval_eval_runtime': 1.1279, 'eval_eval_samples_per_second': 1773.227, 'eval_eval_steps_per_second': 28.372, 'epoch': 268.09}
{'eval_train_loss': 3.607546039674503e-09, 'eval_train_token_acc': 0.9454955413148883, 'eval_train_seq_acc': 0.0, 'eval_train_move_acc': 1.0, 'eval_train_mod5_acc': 1.0, 'eval_train_mod4_acc': 0.252, 'eval_train_runtime': 0.573, 'eval_train_samples_per_second': 1745.153, 'eval_train_steps_per_second': 27.922, 'epoch': 268.09}
{'loss': 0.0, 'learning_rate': 9.56104170210379e-07, 'epoch': 269.15}
{'eval_eval_loss': 6.190064283373431e-08, 'eval_eval_token_acc': 0.9439481444000488, 'eval_eval_seq_acc': 0.0, 'eval_eval_move_acc': 1.0, 'eval_eval_mod5_acc': 1.0, 'eval_eval_mod4_acc': 0.261, 'eval_eval_runtime': 1.1326, 'eval_eval_samples_per_second': 1765.837, 'eval_eval_steps_per_second': 28.253, 'epoch': 269.15}
{'eval_train_loss': 3.520364666442788e-09, 'eval_train_token_acc': 0.9454955413148883, 'eval_train_seq_acc': 0.0, 'eval_train_move_acc': 1.0, 'eval_train_mod5_acc': 1.0, 'eval_train_mod4_acc': 0.252, 'eval_train_runtime': 0.5707, 'eval_train_samples_per_second': 1752.359, 'eval_train_steps_per_second': 28.038, 'epoch': 269.15}
{'loss': 0.0, 'learning_rate': 8.919530917546354e-07, 'epoch': 270.21}
{'eval_eval_loss': 5.964457727714034e-08, 'eval_eval_token_acc': 0.9439481444000488, 'eval_eval_seq_acc': 0.0, 'eval_eval_move_acc': 1.0, 'eval_eval_mod5_acc': 1.0, 'eval_eval_mod4_acc': 0.261, 'eval_eval_runtime': 1.1429, 'eval_eval_samples_per_second': 1749.941, 'eval_eval_steps_per_second': 27.999, 'epoch': 270.21}
{'eval_train_loss': 3.4433695894620087e-09, 'eval_train_token_acc': 0.9454955413148883, 'eval_train_seq_acc': 0.0, 'eval_train_move_acc': 1.0, 'eval_train_mod5_acc': 1.0, 'eval_train_mod4_acc': 0.252, 'eval_train_runtime': 0.5718, 'eval_train_samples_per_second': 1748.716, 'eval_train_steps_per_second': 27.979, 'epoch': 270.21}
{'loss': 0.0, 'learning_rate': 8.299636258812199e-07, 'epoch': 271.28}
{'eval_eval_loss': 5.482701226355857e-08, 'eval_eval_token_acc': 0.9439481444000488, 'eval_eval_seq_acc': 0.0, 'eval_eval_move_acc': 1.0, 'eval_eval_mod5_acc': 1.0, 'eval_eval_mod4_acc': 0.261, 'eval_eval_runtime': 1.1408, 'eval_eval_samples_per_second': 1753.112, 'eval_eval_steps_per_second': 28.05, 'epoch': 271.28}
{'eval_train_loss': 3.3744596006357597e-09, 'eval_train_token_acc': 0.9454955413148883, 'eval_train_seq_acc': 0.0, 'eval_train_move_acc': 1.0, 'eval_train_mod5_acc': 1.0, 'eval_train_mod4_acc': 0.252, 'eval_train_runtime': 0.5723, 'eval_train_samples_per_second': 1747.48, 'eval_train_steps_per_second': 27.96, 'epoch': 271.28}
  Pushed checkpoint step-64000 to ijinyu1113/ft_mr4_70m_seed1_purenum
{'loss': 0.0, 'learning_rate': 7.701452705178236e-07, 'epoch': 272.34}
{'eval_eval_loss': 5.3359471507974376e-08, 'eval_eval_token_acc': 0.9439481444000488, 'eval_eval_seq_acc': 0.0, 'eval_eval_move_acc': 1.0, 'eval_eval_mod5_acc': 1.0, 'eval_eval_mod4_acc': 0.261, 'eval_eval_runtime': 1.1217, 'eval_eval_samples_per_second': 1783.083, 'eval_eval_steps_per_second': 28.529, 'epoch': 272.34}
{'eval_train_loss': 3.3114297970371354e-09, 'eval_train_token_acc': 0.9454955413148883, 'eval_train_seq_acc': 0.0, 'eval_train_move_acc': 1.0, 'eval_train_mod5_acc': 1.0, 'eval_train_mod4_acc': 0.252, 'eval_train_runtime': 0.5709, 'eval_train_samples_per_second': 1751.618, 'eval_train_steps_per_second': 28.026, 'epoch': 272.34}
{'loss': 0.0, 'learning_rate': 7.125071909380315e-07, 'epoch': 273.4}
{'eval_eval_loss': 5.103347788804058e-08, 'eval_eval_token_acc': 0.9439481444000488, 'eval_eval_seq_acc': 0.0, 'eval_eval_move_acc': 1.0, 'eval_eval_mod5_acc': 1.0, 'eval_eval_mod4_acc': 0.261, 'eval_eval_runtime': 1.131, 'eval_eval_samples_per_second': 1768.372, 'eval_eval_steps_per_second': 28.294, 'epoch': 273.4}
{'eval_train_loss': 3.270940185373661e-09, 'eval_train_token_acc': 0.9454955413148883, 'eval_train_seq_acc': 0.0, 'eval_train_move_acc': 1.0, 'eval_train_mod5_acc': 1.0, 'eval_train_mod4_acc': 0.252, 'eval_train_runtime': 0.5667, 'eval_train_samples_per_second': 1764.541, 'eval_train_steps_per_second': 28.233, 'epoch': 273.4}
{'loss': 0.0, 'learning_rate': 6.570582183570212e-07, 'epoch': 274.47}
{'eval_eval_loss': 4.900721961575982e-08, 'eval_eval_token_acc': 0.9439481444000488, 'eval_eval_seq_acc': 0.0, 'eval_eval_move_acc': 1.0, 'eval_eval_mod5_acc': 1.0, 'eval_eval_mod4_acc': 0.261, 'eval_eval_runtime': 1.1343, 'eval_eval_samples_per_second': 1763.221, 'eval_eval_steps_per_second': 28.212, 'epoch': 274.47}
{'eval_train_loss': 3.2425349072440213e-09, 'eval_train_token_acc': 0.9454955413148883, 'eval_train_seq_acc': 0.0, 'eval_train_move_acc': 1.0, 'eval_train_mod5_acc': 1.0, 'eval_train_mod4_acc': 0.252, 'eval_train_runtime': 0.5693, 'eval_train_samples_per_second': 1756.646, 'eval_train_steps_per_second': 28.106, 'epoch': 274.47}
{'loss': 0.0, 'learning_rate': 6.038068485784731e-07, 'epoch': 275.53}
{'eval_eval_loss': 4.744691040059479e-08, 'eval_eval_token_acc': 0.9439481444000488, 'eval_eval_seq_acc': 0.0, 'eval_eval_move_acc': 1.0, 'eval_eval_mod5_acc': 1.0, 'eval_eval_mod4_acc': 0.261, 'eval_eval_runtime': 1.1285, 'eval_eval_samples_per_second': 1772.293, 'eval_eval_steps_per_second': 28.357, 'epoch': 275.53}
{'eval_train_loss': 3.2080169631854005e-09, 'eval_train_token_acc': 0.9454955413148883, 'eval_train_seq_acc': 0.0, 'eval_train_move_acc': 1.0, 'eval_train_mod5_acc': 1.0, 'eval_train_mod4_acc': 0.252, 'eval_train_runtime': 0.5694, 'eval_train_samples_per_second': 1756.271, 'eval_train_steps_per_second': 28.1, 'epoch': 275.53}
  Pushed checkpoint step-65000 to ijinyu1113/ft_mr4_70m_seed1_purenum
{'loss': 0.0, 'learning_rate': 5.527612406928457e-07, 'epoch': 276.6}
{'eval_eval_loss': 4.592576274831117e-08, 'eval_eval_token_acc': 0.9439481444000488, 'eval_eval_seq_acc': 0.0, 'eval_eval_move_acc': 1.0, 'eval_eval_mod5_acc': 1.0, 'eval_eval_mod4_acc': 0.261, 'eval_eval_runtime': 1.1408, 'eval_eval_samples_per_second': 1753.146, 'eval_eval_steps_per_second': 28.05, 'epoch': 276.6}
{'eval_train_loss': 3.1834397340446685e-09, 'eval_train_token_acc': 0.9454955413148883, 'eval_train_seq_acc': 0.0, 'eval_train_move_acc': 1.0, 'eval_train_mod5_acc': 1.0, 'eval_train_mod4_acc': 0.252, 'eval_train_runtime': 0.5693, 'eval_train_samples_per_second': 1756.665, 'eval_train_steps_per_second': 28.107, 'epoch': 276.6}
{'loss': 0.0, 'learning_rate': 5.039292158272595e-07, 'epoch': 277.66}
{'eval_eval_loss': 4.4127062892584945e-08, 'eval_eval_token_acc': 0.9439481444000488, 'eval_eval_seq_acc': 0.0, 'eval_eval_move_acc': 1.0, 'eval_eval_mod5_acc': 1.0, 'eval_eval_mod4_acc': 0.261, 'eval_eval_runtime': 1.138, 'eval_eval_samples_per_second': 1757.474, 'eval_eval_steps_per_second': 28.12, 'epoch': 277.66}
{'eval_train_loss': 3.177132112952563e-09, 'eval_train_token_acc': 0.9454955413148883, 'eval_train_seq_acc': 0.0, 'eval_train_move_acc': 1.0, 'eval_train_mod5_acc': 1.0, 'eval_train_mod4_acc': 0.252, 'eval_train_runtime': 0.563, 'eval_train_samples_per_second': 1776.296, 'eval_train_steps_per_second': 28.421, 'epoch': 277.66}
{'loss': 0.0, 'learning_rate': 4.573182559471523e-07, 'epoch': 278.72}
{'eval_eval_loss': 4.31736140171779e-08, 'eval_eval_token_acc': 0.9439481444000488, 'eval_eval_seq_acc': 0.0, 'eval_eval_move_acc': 1.0, 'eval_eval_mod5_acc': 1.0, 'eval_eval_mod4_acc': 0.261, 'eval_eval_runtime': 1.1466, 'eval_eval_samples_per_second': 1744.288, 'eval_eval_steps_per_second': 27.909, 'epoch': 278.72}
{'eval_train_loss': 3.1689808555057652e-09, 'eval_train_token_acc': 0.9454955413148883, 'eval_train_seq_acc': 0.0, 'eval_train_move_acc': 1.0, 'eval_train_mod5_acc': 1.0, 'eval_train_mod4_acc': 0.252, 'eval_train_runtime': 0.5664, 'eval_train_samples_per_second': 1765.676, 'eval_train_steps_per_second': 28.251, 'epoch': 278.72}
{'loss': 0.0, 'learning_rate': 4.1293550270990745e-07, 'epoch': 279.79}
{'eval_eval_loss': 4.1519758298136367e-08, 'eval_eval_token_acc': 0.9439481444000488, 'eval_eval_seq_acc': 0.0, 'eval_eval_move_acc': 1.0, 'eval_eval_mod5_acc': 1.0, 'eval_eval_mod4_acc': 0.261, 'eval_eval_runtime': 1.1332, 'eval_eval_samples_per_second': 1764.944, 'eval_eval_steps_per_second': 28.239, 'epoch': 279.79}
{'eval_train_loss': 3.1487326079826516e-09, 'eval_train_token_acc': 0.9454955413148883, 'eval_train_seq_acc': 0.0, 'eval_train_move_acc': 1.0, 'eval_train_mod5_acc': 1.0, 'eval_train_mod4_acc': 0.252, 'eval_train_runtime': 0.5682, 'eval_train_samples_per_second': 1759.828, 'eval_train_steps_per_second': 28.157, 'epoch': 279.79}
  Pushed checkpoint step-66000 to ijinyu1113/ft_mr4_70m_seed1_purenum
{'loss': 0.0, 'learning_rate': 3.707877563706158e-07, 'epoch': 280.85}
{'eval_eval_loss': 4.013813637016028e-08, 'eval_eval_token_acc': 0.9439481444000488, 'eval_eval_seq_acc': 0.0, 'eval_eval_move_acc': 1.0, 'eval_eval_mod5_acc': 1.0, 'eval_eval_mod4_acc': 0.261, 'eval_eval_runtime': 1.1195, 'eval_eval_samples_per_second': 1786.543, 'eval_eval_steps_per_second': 28.585, 'epoch': 280.85}
{'eval_train_loss': 3.150555816233691e-09, 'eval_train_token_acc': 0.9454955413148883, 'eval_train_seq_acc': 0.0, 'eval_train_move_acc': 1.0, 'eval_train_mod5_acc': 1.0, 'eval_train_mod4_acc': 0.252, 'eval_train_runtime': 0.5597, 'eval_train_samples_per_second': 1786.63, 'eval_train_steps_per_second': 28.586, 'epoch': 280.85}
{'loss': 0.0, 'learning_rate': 3.308814747401567e-07, 'epoch': 281.91}
{'eval_eval_loss': 3.944693105495389e-08, 'eval_eval_token_acc': 0.9439481444000488, 'eval_eval_seq_acc': 0.0, 'eval_eval_move_acc': 1.0, 'eval_eval_mod5_acc': 1.0, 'eval_eval_mod4_acc': 0.261, 'eval_eval_runtime': 1.1431, 'eval_eval_samples_per_second': 1749.688, 'eval_eval_steps_per_second': 27.995, 'epoch': 281.91}
{'eval_train_loss': 3.1624878271685475e-09, 'eval_train_token_acc': 0.9454955413148883, 'eval_train_seq_acc': 0.0, 'eval_train_move_acc': 1.0, 'eval_train_mod5_acc': 1.0, 'eval_train_mod4_acc': 0.252, 'eval_train_runtime': 0.5757, 'eval_train_samples_per_second': 1736.941, 'eval_train_steps_per_second': 27.791, 'epoch': 281.91}
{'loss': 0.0, 'learning_rate': 2.9322277219574145e-07, 'epoch': 282.98}
{'eval_eval_loss': 3.8577482541768404e-08, 'eval_eval_token_acc': 0.9439481444000488, 'eval_eval_seq_acc': 0.0, 'eval_eval_move_acc': 1.0, 'eval_eval_mod5_acc': 1.0, 'eval_eval_mod4_acc': 0.261, 'eval_eval_runtime': 1.1291, 'eval_eval_samples_per_second': 1771.322, 'eval_eval_steps_per_second': 28.341, 'epoch': 282.98}
{'eval_train_loss': 3.1704290304190863e-09, 'eval_train_token_acc': 0.9454955413148883, 'eval_train_seq_acc': 0.0, 'eval_train_move_acc': 1.0, 'eval_train_mod5_acc': 1.0, 'eval_train_mod4_acc': 0.252, 'eval_train_runtime': 0.5724, 'eval_train_samples_per_second': 1746.945, 'eval_train_steps_per_second': 27.951, 'epoch': 282.98}
{'loss': 0.0, 'learning_rate': 2.578174187440707e-07, 'epoch': 284.04}
{'eval_eval_loss': 3.788284885786197e-08, 'eval_eval_token_acc': 0.9439481444000488, 'eval_eval_seq_acc': 0.0, 'eval_eval_move_acc': 1.0, 'eval_eval_mod5_acc': 1.0, 'eval_eval_mod4_acc': 0.261, 'eval_eval_runtime': 1.1182, 'eval_eval_samples_per_second': 1788.616, 'eval_eval_steps_per_second': 28.618, 'epoch': 284.04}
{'eval_train_loss': 3.172257123651434e-09, 'eval_train_token_acc': 0.9454955413148883, 'eval_train_seq_acc': 0.0, 'eval_train_move_acc': 1.0, 'eval_train_mod5_acc': 1.0, 'eval_train_mod4_acc': 0.252, 'eval_train_runtime': 0.563, 'eval_train_samples_per_second': 1776.258, 'eval_train_steps_per_second': 28.42, 'epoch': 284.04}
  Pushed checkpoint step-67000 to ijinyu1113/ft_mr4_70m_seed1_purenum
{'loss': 0.0, 'learning_rate': 2.2467083913728036e-07, 'epoch': 285.11}
{'eval_eval_loss': 3.699386397215676e-08, 'eval_eval_token_acc': 0.9439481444000488, 'eval_eval_seq_acc': 0.0, 'eval_eval_move_acc': 1.0, 'eval_eval_mod5_acc': 1.0, 'eval_eval_mod4_acc': 0.261, 'eval_eval_runtime': 1.141, 'eval_eval_samples_per_second': 1752.777, 'eval_eval_steps_per_second': 28.044, 'epoch': 285.11}
{'eval_train_loss': 3.1702267477839996e-09, 'eval_train_token_acc': 0.9454955413148883, 'eval_train_seq_acc': 0.0, 'eval_train_move_acc': 1.0, 'eval_train_mod5_acc': 1.0, 'eval_train_mod4_acc': 0.252, 'eval_train_runtime': 0.5707, 'eval_train_samples_per_second': 1752.339, 'eval_train_steps_per_second': 28.037, 'epoch': 285.11}
{'loss': 0.0, 'learning_rate': 1.9378811204174617e-07, 'epoch': 286.17}
{'eval_eval_loss': 3.646250945621432e-08, 'eval_eval_token_acc': 0.9439481444000488, 'eval_eval_seq_acc': 0.0, 'eval_eval_move_acc': 1.0, 'eval_eval_mod5_acc': 1.0, 'eval_eval_mod4_acc': 0.261, 'eval_eval_runtime': 1.147, 'eval_eval_samples_per_second': 1743.632, 'eval_eval_steps_per_second': 27.898, 'epoch': 286.17}
{'eval_train_loss': 3.184341901274479e-09, 'eval_train_token_acc': 0.9454955413148883, 'eval_train_seq_acc': 0.0, 'eval_train_move_acc': 1.0, 'eval_train_mod5_acc': 1.0, 'eval_train_mod4_acc': 0.252, 'eval_train_runtime': 0.576, 'eval_train_samples_per_second': 1736.141, 'eval_train_steps_per_second': 27.778, 'epoch': 286.17}
{'loss': 0.0, 'learning_rate': 1.6517396925995797e-07, 'epoch': 287.23}
{'eval_eval_loss': 3.5691737565457515e-08, 'eval_eval_token_acc': 0.9439481444000488, 'eval_eval_seq_acc': 0.0, 'eval_eval_move_acc': 1.0, 'eval_eval_mod5_acc': 1.0, 'eval_eval_mod4_acc': 0.261, 'eval_eval_runtime': 1.1361, 'eval_eval_samples_per_second': 1760.388, 'eval_eval_steps_per_second': 28.166, 'epoch': 287.23}
{'eval_train_loss': 3.178257879099533e-09, 'eval_train_token_acc': 0.9454955413148883, 'eval_train_seq_acc': 0.0, 'eval_train_move_acc': 1.0, 'eval_train_mod5_acc': 1.0, 'eval_train_mod4_acc': 0.252, 'eval_train_runtime': 0.5713, 'eval_train_samples_per_second': 1750.403, 'eval_train_steps_per_second': 28.006, 'epoch': 287.23}
{'loss': 0.0, 'learning_rate': 1.3883279500551295e-07, 'epoch': 288.3}
{'eval_eval_loss': 3.504518275576629e-08, 'eval_eval_token_acc': 0.9439481444000488, 'eval_eval_seq_acc': 0.0, 'eval_eval_move_acc': 1.0, 'eval_eval_mod5_acc': 1.0, 'eval_eval_mod4_acc': 0.261, 'eval_eval_runtime': 1.1346, 'eval_eval_samples_per_second': 1762.811, 'eval_eval_steps_per_second': 28.205, 'epoch': 288.3}
{'eval_train_loss': 3.192436537347021e-09, 'eval_train_token_acc': 0.9454955413148883, 'eval_train_seq_acc': 0.0, 'eval_train_move_acc': 1.0, 'eval_train_mod5_acc': 1.0, 'eval_train_mod4_acc': 0.252, 'eval_train_runtime': 0.5739, 'eval_train_samples_per_second': 1742.567, 'eval_train_steps_per_second': 27.881, 'epoch': 288.3}
  Pushed checkpoint step-68000 to ijinyu1113/ft_mr4_70m_seed1_purenum
{'loss': 0.0, 'learning_rate': 1.1476862523137122e-07, 'epoch': 289.36}
{'eval_eval_loss': 3.4766316048262524e-08, 'eval_eval_token_acc': 0.9439481444000488, 'eval_eval_seq_acc': 0.0, 'eval_eval_move_acc': 1.0, 'eval_eval_mod5_acc': 1.0, 'eval_eval_mod4_acc': 0.261, 'eval_eval_runtime': 1.1157, 'eval_eval_samples_per_second': 1792.573, 'eval_eval_steps_per_second': 28.681, 'epoch': 289.36}
{'eval_train_loss': 3.200608444942077e-09, 'eval_train_token_acc': 0.9454955413148883, 'eval_train_seq_acc': 0.0, 'eval_train_move_acc': 1.0, 'eval_train_mod5_acc': 1.0, 'eval_train_mod4_acc': 0.252, 'eval_train_runtime': 0.5689, 'eval_train_samples_per_second': 1757.84, 'eval_train_steps_per_second': 28.125, 'epoch': 289.36}
{'loss': 0.0, 'learning_rate': 9.298514701147898e-08, 'epoch': 290.43}
{'eval_eval_loss': 3.473454768254669e-08, 'eval_eval_token_acc': 0.9439481444000488, 'eval_eval_seq_acc': 0.0, 'eval_eval_move_acc': 1.0, 'eval_eval_mod5_acc': 1.0, 'eval_eval_mod4_acc': 0.261, 'eval_eval_runtime': 1.1286, 'eval_eval_samples_per_second': 1772.069, 'eval_eval_steps_per_second': 28.353, 'epoch': 290.43}
{'eval_train_loss': 3.2167239982783258e-09, 'eval_train_token_acc': 0.9454955413148883, 'eval_train_seq_acc': 0.0, 'eval_train_move_acc': 1.0, 'eval_train_mod5_acc': 1.0, 'eval_train_mod4_acc': 0.252, 'eval_train_runtime': 0.5654, 'eval_train_samples_per_second': 1768.523, 'eval_train_steps_per_second': 28.296, 'epoch': 290.43}
{'loss': 0.0, 'learning_rate': 7.348569797583527e-08, 'epoch': 291.49}
{'eval_eval_loss': 3.459916086967496e-08, 'eval_eval_token_acc': 0.9439481444000488, 'eval_eval_seq_acc': 0.0, 'eval_eval_move_acc': 1.0, 'eval_eval_mod5_acc': 1.0, 'eval_eval_mod4_acc': 0.261, 'eval_eval_runtime': 1.139, 'eval_eval_samples_per_second': 1755.972, 'eval_eval_steps_per_second': 28.096, 'epoch': 291.49}
{'eval_train_loss': 3.2186797671585055e-09, 'eval_train_token_acc': 0.9454955413148883, 'eval_train_seq_acc': 0.0, 'eval_train_move_acc': 1.0, 'eval_train_mod5_acc': 1.0, 'eval_train_mod4_acc': 0.252, 'eval_train_runtime': 0.57, 'eval_train_samples_per_second': 1754.37, 'eval_train_steps_per_second': 28.07, 'epoch': 291.49}
{'loss': 0.0, 'learning_rate': 5.627326579911107e-08, 'epoch': 292.55}
{'eval_eval_loss': 3.4474393117989166e-08, 'eval_eval_token_acc': 0.9439481444000488, 'eval_eval_seq_acc': 0.0, 'eval_eval_move_acc': 1.0, 'eval_eval_mod5_acc': 1.0, 'eval_eval_mod4_acc': 0.261, 'eval_eval_runtime': 1.1341, 'eval_eval_samples_per_second': 1763.515, 'eval_eval_steps_per_second': 28.216, 'epoch': 292.55}
{'eval_train_loss': 3.216628963187418e-09, 'eval_train_token_acc': 0.9454955413148883, 'eval_train_seq_acc': 0.0, 'eval_train_move_acc': 1.0, 'eval_train_mod5_acc': 1.0, 'eval_train_mod4_acc': 0.252, 'eval_train_runtime': 0.5691, 'eval_train_samples_per_second': 1757.074, 'eval_train_steps_per_second': 28.113, 'epoch': 292.55}
  Pushed checkpoint step-69000 to ijinyu1113/ft_mr4_70m_seed1_purenum
{'loss': 0.0, 'learning_rate': 4.135048774287553e-08, 'epoch': 293.62}
{'eval_eval_loss': 3.4435295503953967e-08, 'eval_eval_token_acc': 0.9439481444000488, 'eval_eval_seq_acc': 0.0, 'eval_eval_move_acc': 1.0, 'eval_eval_mod5_acc': 1.0, 'eval_eval_mod4_acc': 0.261, 'eval_eval_runtime': 1.1208, 'eval_eval_samples_per_second': 1784.364, 'eval_eval_steps_per_second': 28.55, 'epoch': 293.62}
{'eval_train_loss': 3.2207081446244956e-09, 'eval_train_token_acc': 0.9454955413148883, 'eval_train_seq_acc': 0.0, 'eval_train_move_acc': 1.0, 'eval_train_mod5_acc': 1.0, 'eval_train_mod4_acc': 0.252, 'eval_train_runtime': 0.5719, 'eval_train_samples_per_second': 1748.663, 'eval_train_steps_per_second': 27.979, 'epoch': 293.62}
{'loss': 0.0, 'learning_rate': 2.8719650251529116e-08, 'epoch': 294.68}
{'eval_eval_loss': 3.441926210712154e-08, 'eval_eval_token_acc': 0.9439481444000488, 'eval_eval_seq_acc': 0.0, 'eval_eval_move_acc': 1.0, 'eval_eval_mod5_acc': 1.0, 'eval_eval_mod4_acc': 0.261, 'eval_eval_runtime': 1.1345, 'eval_eval_samples_per_second': 1762.937, 'eval_eval_steps_per_second': 28.207, 'epoch': 294.68}
{'eval_train_loss': 3.22475290914781e-09, 'eval_train_token_acc': 0.9454955413148883, 'eval_train_seq_acc': 0.0, 'eval_train_move_acc': 1.0, 'eval_train_mod5_acc': 1.0, 'eval_train_mod4_acc': 0.252, 'eval_train_runtime': 0.5784, 'eval_train_samples_per_second': 1728.767, 'eval_train_steps_per_second': 27.66, 'epoch': 294.68}
{'loss': 0.0, 'learning_rate': 1.8382688601967234e-08, 'epoch': 295.74}
{'eval_eval_loss': 3.4343095478561736e-08, 'eval_eval_token_acc': 0.9439481444000488, 'eval_eval_seq_acc': 0.0, 'eval_eval_move_acc': 1.0, 'eval_eval_mod5_acc': 1.0, 'eval_eval_mod4_acc': 0.261, 'eval_eval_runtime': 1.1482, 'eval_eval_samples_per_second': 1741.872, 'eval_eval_steps_per_second': 27.87, 'epoch': 295.74}
{'eval_train_loss': 3.2287978957157293e-09, 'eval_train_token_acc': 0.9454955413148883, 'eval_train_seq_acc': 0.0, 'eval_train_move_acc': 1.0, 'eval_train_mod5_acc': 1.0, 'eval_train_mod4_acc': 0.252, 'eval_train_runtime': 0.5727, 'eval_train_samples_per_second': 1746.217, 'eval_train_steps_per_second': 27.939, 'epoch': 295.74}
{'loss': 0.0, 'learning_rate': 1.03411866070674e-08, 'epoch': 296.81}
{'eval_eval_loss': 3.4340931875931346e-08, 'eval_eval_token_acc': 0.9439481444000488, 'eval_eval_seq_acc': 0.0, 'eval_eval_move_acc': 1.0, 'eval_eval_mod5_acc': 1.0, 'eval_eval_mod4_acc': 0.261, 'eval_eval_runtime': 1.1382, 'eval_eval_samples_per_second': 1757.103, 'eval_eval_steps_per_second': 28.114, 'epoch': 296.81}
{'eval_train_loss': 3.2287978957157293e-09, 'eval_train_token_acc': 0.9454955413148883, 'eval_train_seq_acc': 0.0, 'eval_train_move_acc': 1.0, 'eval_train_mod5_acc': 1.0, 'eval_train_mod4_acc': 0.252, 'eval_train_runtime': 0.5744, 'eval_train_samples_per_second': 1740.877, 'eval_train_steps_per_second': 27.854, 'epoch': 296.81}
  Pushed checkpoint step-70000 to ijinyu1113/ft_mr4_70m_seed1_purenum
{'loss': 0.0, 'learning_rate': 4.596376373016686e-09, 'epoch': 297.87}
{'eval_eval_loss': 3.433250839179891e-08, 'eval_eval_token_acc': 0.9439481444000488, 'eval_eval_seq_acc': 0.0, 'eval_eval_move_acc': 1.0, 'eval_eval_mod5_acc': 1.0, 'eval_eval_mod4_acc': 0.261, 'eval_eval_runtime': 1.1389, 'eval_eval_samples_per_second': 1756.136, 'eval_eval_steps_per_second': 28.098, 'epoch': 297.87}
{'eval_train_loss': 3.2328431043282535e-09, 'eval_train_token_acc': 0.9454955413148883, 'eval_train_seq_acc': 0.0, 'eval_train_move_acc': 1.0, 'eval_train_mod5_acc': 1.0, 'eval_train_mod4_acc': 0.252, 'eval_train_runtime': 0.5877, 'eval_train_samples_per_second': 1701.534, 'eval_train_steps_per_second': 27.225, 'epoch': 297.87}
{'loss': 0.0, 'learning_rate': 1.149138110534409e-09, 'epoch': 298.94}
{'eval_eval_loss': 3.433777706618457e-08, 'eval_eval_token_acc': 0.9439481444000488, 'eval_eval_seq_acc': 0.0, 'eval_eval_move_acc': 1.0, 'eval_eval_mod5_acc': 1.0, 'eval_eval_mod4_acc': 0.261, 'eval_eval_runtime': 1.1251, 'eval_eval_samples_per_second': 1777.604, 'eval_eval_steps_per_second': 28.442, 'epoch': 298.94}
{'eval_train_loss': 3.2328431043282535e-09, 'eval_train_token_acc': 0.9454955413148883, 'eval_train_seq_acc': 0.0, 'eval_train_move_acc': 1.0, 'eval_train_mod5_acc': 1.0, 'eval_train_mod4_acc': 0.252, 'eval_train_runtime': 0.564, 'eval_train_samples_per_second': 1773.011, 'eval_train_steps_per_second': 28.368, 'epoch': 298.94}
{'loss': 0.0, 'learning_rate': 0.0, 'epoch': 300.0}
{'eval_eval_loss': 3.433040518530106e-08, 'eval_eval_token_acc': 0.9439481444000488, 'eval_eval_seq_acc': 0.0, 'eval_eval_move_acc': 1.0, 'eval_eval_mod5_acc': 1.0, 'eval_eval_mod4_acc': 0.261, 'eval_eval_runtime': 1.1513, 'eval_eval_samples_per_second': 1737.219, 'eval_eval_steps_per_second': 27.796, 'epoch': 300.0}
{'eval_train_loss': 3.2328431043282535e-09, 'eval_train_token_acc': 0.9454955413148883, 'eval_train_seq_acc': 0.0, 'eval_train_move_acc': 1.0, 'eval_train_mod5_acc': 1.0, 'eval_train_mod4_acc': 0.252, 'eval_train_runtime': 0.5722, 'eval_train_samples_per_second': 1747.675, 'eval_train_steps_per_second': 27.963, 'epoch': 300.0}
{'train_runtime': 6472.5092, 'train_samples_per_second': 695.248, 'train_steps_per_second': 10.892, 'train_loss': 2.287855742187465, 'epoch': 300.0}
  Pushed checkpoint step-70500 to ijinyu1113/ft_mr4_70m_seed1_purenum
Final eval: {'eval_loss': 3.433040518530106e-08, 'eval_token_acc': 0.9439481444000488, 'eval_seq_acc': 0.0, 'eval_move_acc': 1.0, 'eval_mod5_acc': 1.0, 'eval_mod4_acc': 0.261, 'eval_runtime': 1.1324, 'eval_samples_per_second': 1766.189, 'eval_steps_per_second': 28.259, 'epoch': 300.0}
Final train: {'train_loss': 3.2328431043282535e-09, 'train_token_acc': 0.9454955413148883, 'train_seq_acc': 0.0, 'train_move_acc': 1.0, 'train_mod5_acc': 1.0, 'train_mod4_acc': 0.252, 'train_runtime': 0.5792, 'train_samples_per_second': 1726.511, 'train_steps_per_second': 27.624, 'epoch': 300.0}
