=== array task 8: mr=7 seed=1 size=70m lr=3e-5 eval=250 save=1000 ===
Config: max_remove=7, seed=1, model=70m (EleutherAI/pythia-70m-deduped), lr=3e-05
HF_REPO=ijinyu1113/ft_mr7_70m_seed1_purenum
TRAIN_FILE=../data/purenums/7_train.jsonl
EVAL_FILE=../data/purenums/7_eval.jsonl
METRICS_JSONL=new_result/purenum_metrics/mr7_70m_seed1.jsonl
Using base checkpoint: step143000
train: 15000 examples, eval: 2000 examples
train_acc subset: 1000 examples
train size=15000, steps/epoch=235, epochs=300 → ~70500 total steps
{'loss': 648.568, 'learning_rate': 1.0638297872340427e-06, 'epoch': 1.06}
{'eval_eval_loss': 0.07928711920976639, 'eval_eval_token_acc': 0.9463163317877383, 'eval_eval_seq_acc': 0.0, 'eval_eval_move_acc': 0.123, 'eval_eval_mod8_acc': 0.123, 'eval_eval_mod4_acc': 0.2315, 'eval_eval_runtime': 1.1319, 'eval_eval_samples_per_second': 1766.962, 'eval_eval_steps_per_second': 28.271, 'epoch': 1.06}
{'eval_train_loss': 0.08041956275701523, 'eval_train_token_acc': 0.9465873353166171, 'eval_train_seq_acc': 0.0, 'eval_train_move_acc': 0.126, 'eval_train_mod8_acc': 0.126, 'eval_train_mod4_acc': 0.213, 'eval_train_runtime': 0.5489, 'eval_train_samples_per_second': 1821.88, 'eval_train_steps_per_second': 29.15, 'epoch': 1.06}
{'loss': 0.0378, 'learning_rate': 2.1276595744680853e-06, 'epoch': 2.13}
{'eval_eval_loss': 0.03619040176272392, 'eval_eval_token_acc': 0.9463678516228748, 'eval_eval_seq_acc': 0.0, 'eval_eval_move_acc': 0.123, 'eval_eval_mod8_acc': 0.123, 'eval_eval_mod4_acc': 0.243, 'eval_eval_runtime': 1.1007, 'eval_eval_samples_per_second': 1816.959, 'eval_eval_steps_per_second': 29.071, 'epoch': 2.13}
{'eval_train_loss': 0.035875219851732254, 'eval_train_token_acc': 0.9466893327666809, 'eval_train_seq_acc': 0.0, 'eval_train_move_acc': 0.131, 'eval_train_mod8_acc': 0.131, 'eval_train_mod4_acc': 0.252, 'eval_train_runtime': 0.5486, 'eval_train_samples_per_second': 1822.686, 'eval_train_steps_per_second': 29.163, 'epoch': 2.13}
{'loss': 0.0356, 'learning_rate': 3.1914893617021277e-06, 'epoch': 3.19}
{'eval_eval_loss': 0.03610601648688316, 'eval_eval_token_acc': 0.9463678516228748, 'eval_eval_seq_acc': 0.0, 'eval_eval_move_acc': 0.121, 'eval_eval_mod8_acc': 0.12118177265898848, 'eval_eval_mod4_acc': 0.24636955433149724, 'eval_eval_runtime': 1.1035, 'eval_eval_samples_per_second': 1812.364, 'eval_eval_steps_per_second': 28.998, 'epoch': 3.19}
{'eval_train_loss': 0.03578072413802147, 'eval_train_token_acc': 0.9466893327666809, 'eval_train_seq_acc': 0.0, 'eval_train_move_acc': 0.124, 'eval_train_mod8_acc': 0.12449799196787148, 'eval_train_mod4_acc': 0.2520080321285141, 'eval_train_runtime': 0.5502, 'eval_train_samples_per_second': 1817.415, 'eval_train_steps_per_second': 29.079, 'epoch': 3.19}
  Pushed checkpoint step-1000 to ijinyu1113/ft_mr7_70m_seed1_purenum
{'loss': 0.0356, 'learning_rate': 4.255319148936171e-06, 'epoch': 4.26}
{'eval_eval_loss': 0.035921234637498856, 'eval_eval_token_acc': 0.9463678516228748, 'eval_eval_seq_acc': 0.0, 'eval_eval_move_acc': 0.1275, 'eval_eval_mod8_acc': 0.1275, 'eval_eval_mod4_acc': 0.2485, 'eval_eval_runtime': 1.1042, 'eval_eval_samples_per_second': 1811.299, 'eval_eval_steps_per_second': 28.981, 'epoch': 4.26}
{'eval_train_loss': 0.035515159368515015, 'eval_train_token_acc': 0.9466893327666809, 'eval_train_seq_acc': 0.0, 'eval_train_move_acc': 0.123, 'eval_train_mod8_acc': 0.123, 'eval_train_mod4_acc': 0.226, 'eval_train_runtime': 0.5508, 'eval_train_samples_per_second': 1815.386, 'eval_train_steps_per_second': 29.046, 'epoch': 4.26}
{'loss': 0.0355, 'learning_rate': 5.319148936170213e-06, 'epoch': 5.32}
{'eval_eval_loss': 0.03583498299121857, 'eval_eval_token_acc': 0.9463678516228748, 'eval_eval_seq_acc': 0.0, 'eval_eval_move_acc': 0.1195, 'eval_eval_mod8_acc': 0.1195, 'eval_eval_mod4_acc': 0.2395, 'eval_eval_runtime': 1.1037, 'eval_eval_samples_per_second': 1812.027, 'eval_eval_steps_per_second': 28.992, 'epoch': 5.32}
{'eval_train_loss': 0.03545057028532028, 'eval_train_token_acc': 0.9466893327666809, 'eval_train_seq_acc': 0.0, 'eval_train_move_acc': 0.13, 'eval_train_mod8_acc': 0.13, 'eval_train_mod4_acc': 0.261, 'eval_train_runtime': 0.5499, 'eval_train_samples_per_second': 1818.489, 'eval_train_steps_per_second': 29.096, 'epoch': 5.32}
{'loss': 0.0405, 'learning_rate': 6.3829787234042555e-06, 'epoch': 6.38}
{'eval_eval_loss': 0.03589387610554695, 'eval_eval_token_acc': 0.9463678516228748, 'eval_eval_seq_acc': 0.0, 'eval_eval_move_acc': 0.118, 'eval_eval_mod8_acc': 0.11823647294589178, 'eval_eval_mod4_acc': 0.23847695390781562, 'eval_eval_runtime': 1.1073, 'eval_eval_samples_per_second': 1806.257, 'eval_eval_steps_per_second': 28.9, 'epoch': 6.38}
{'eval_train_loss': 0.03546759858727455, 'eval_train_token_acc': 0.9466893327666809, 'eval_train_seq_acc': 0.0, 'eval_train_move_acc': 0.128, 'eval_train_mod8_acc': 0.1285140562248996, 'eval_train_mod4_acc': 0.2600401606425703, 'eval_train_runtime': 0.5511, 'eval_train_samples_per_second': 1814.565, 'eval_train_steps_per_second': 29.033, 'epoch': 6.38}
{'loss': 0.0355, 'learning_rate': 7.446808510638298e-06, 'epoch': 7.45}
{'eval_eval_loss': 0.036123815923929214, 'eval_eval_token_acc': 0.9463678516228748, 'eval_eval_seq_acc': 0.0, 'eval_eval_move_acc': 0.1285, 'eval_eval_mod8_acc': 0.1285, 'eval_eval_mod4_acc': 0.252, 'eval_eval_runtime': 1.1075, 'eval_eval_samples_per_second': 1805.894, 'eval_eval_steps_per_second': 28.894, 'epoch': 7.45}
{'eval_train_loss': 0.0356859490275383, 'eval_train_token_acc': 0.9466893327666809, 'eval_train_seq_acc': 0.0, 'eval_train_move_acc': 0.116, 'eval_train_mod8_acc': 0.116, 'eval_train_mod4_acc': 0.234, 'eval_train_runtime': 0.5539, 'eval_train_samples_per_second': 1805.229, 'eval_train_steps_per_second': 28.884, 'epoch': 7.45}
  Pushed checkpoint step-2000 to ijinyu1113/ft_mr7_70m_seed1_purenum
{'loss': 0.0484, 'learning_rate': 8.510638297872341e-06, 'epoch': 8.51}
{'eval_eval_loss': 0.03603244200348854, 'eval_eval_token_acc': 0.9463678516228748, 'eval_eval_seq_acc': 0.0, 'eval_eval_move_acc': 0.1255, 'eval_eval_mod8_acc': 0.5112016293279023, 'eval_eval_mod4_acc': 0.5641547861507128, 'eval_eval_runtime': 1.1055, 'eval_eval_samples_per_second': 1809.14, 'eval_eval_steps_per_second': 28.946, 'epoch': 8.51}
{'eval_train_loss': 0.03554888814687729, 'eval_train_token_acc': 0.9466893327666809, 'eval_train_seq_acc': 0.0, 'eval_train_move_acc': 0.139, 'eval_train_mod8_acc': 0.5604838709677419, 'eval_train_mod4_acc': 0.6330645161290323, 'eval_train_runtime': 0.5526, 'eval_train_samples_per_second': 1809.567, 'eval_train_steps_per_second': 28.953, 'epoch': 8.51}
{'loss': 0.0355, 'learning_rate': 9.574468085106385e-06, 'epoch': 9.57}
{'eval_eval_loss': 0.0359949953854084, 'eval_eval_token_acc': 0.9463678516228748, 'eval_eval_seq_acc': 0.0, 'eval_eval_move_acc': 0.128, 'eval_eval_mod8_acc': 0.128, 'eval_eval_mod4_acc': 0.259, 'eval_eval_runtime': 1.1055, 'eval_eval_samples_per_second': 1809.073, 'eval_eval_steps_per_second': 28.945, 'epoch': 9.57}
{'eval_train_loss': 0.03561506047844887, 'eval_train_token_acc': 0.9466893327666809, 'eval_train_seq_acc': 0.0, 'eval_train_move_acc': 0.123, 'eval_train_mod8_acc': 0.123, 'eval_train_mod4_acc': 0.25, 'eval_train_runtime': 0.5526, 'eval_train_samples_per_second': 1809.629, 'eval_train_steps_per_second': 28.954, 'epoch': 9.57}
{'loss': 0.0355, 'learning_rate': 1.0638297872340426e-05, 'epoch': 10.64}
{'eval_eval_loss': 0.03607177734375, 'eval_eval_token_acc': 0.9463678516228748, 'eval_eval_seq_acc': 0.0, 'eval_eval_move_acc': 0.1225, 'eval_eval_mod8_acc': 0.9607843137254902, 'eval_eval_mod4_acc': 0.9686274509803922, 'eval_eval_runtime': 1.106, 'eval_eval_samples_per_second': 1808.375, 'eval_eval_steps_per_second': 28.934, 'epoch': 10.64}
{'eval_train_loss': 0.0356101468205452, 'eval_train_token_acc': 0.9466893327666809, 'eval_train_seq_acc': 0.0, 'eval_train_move_acc': 0.137, 'eval_train_mod8_acc': 0.9448275862068966, 'eval_train_mod4_acc': 0.9517241379310345, 'eval_train_runtime': 0.5527, 'eval_train_samples_per_second': 1809.354, 'eval_train_steps_per_second': 28.95, 'epoch': 10.64}
{'loss': 0.0355, 'learning_rate': 1.170212765957447e-05, 'epoch': 11.7}
{'eval_eval_loss': 0.035822685807943344, 'eval_eval_token_acc': 0.9463678516228748, 'eval_eval_seq_acc': 0.0, 'eval_eval_move_acc': 0.1435, 'eval_eval_mod8_acc': 0.1435, 'eval_eval_mod4_acc': 0.1965, 'eval_eval_runtime': 1.1044, 'eval_eval_samples_per_second': 1810.864, 'eval_eval_steps_per_second': 28.974, 'epoch': 11.7}
{'eval_train_loss': 0.03547205030918121, 'eval_train_token_acc': 0.9466893327666809, 'eval_train_seq_acc': 0.0, 'eval_train_move_acc': 0.126, 'eval_train_mod8_acc': 0.126, 'eval_train_mod4_acc': 0.168, 'eval_train_runtime': 0.5514, 'eval_train_samples_per_second': 1813.713, 'eval_train_steps_per_second': 29.019, 'epoch': 11.7}
  Pushed checkpoint step-3000 to ijinyu1113/ft_mr7_70m_seed1_purenum
{'loss': 0.0427, 'learning_rate': 1.2765957446808511e-05, 'epoch': 12.77}
{'eval_eval_loss': 0.03625589609146118, 'eval_eval_token_acc': 0.9463678516228748, 'eval_eval_seq_acc': 0.0, 'eval_eval_move_acc': 0.1275, 'eval_eval_mod8_acc': 0.1275, 'eval_eval_mod4_acc': 0.247, 'eval_eval_runtime': 1.1042, 'eval_eval_samples_per_second': 1811.202, 'eval_eval_steps_per_second': 28.979, 'epoch': 12.77}
{'eval_train_loss': 0.03586860001087189, 'eval_train_token_acc': 0.9466893327666809, 'eval_train_seq_acc': 0.0, 'eval_train_move_acc': 0.117, 'eval_train_mod8_acc': 0.117, 'eval_train_mod4_acc': 0.231, 'eval_train_runtime': 0.55, 'eval_train_samples_per_second': 1818.319, 'eval_train_steps_per_second': 29.093, 'epoch': 12.77}
{'loss': 0.0357, 'learning_rate': 1.3829787234042554e-05, 'epoch': 13.83}
{'eval_eval_loss': 0.03593205288052559, 'eval_eval_token_acc': 0.9463678516228748, 'eval_eval_seq_acc': 0.0, 'eval_eval_move_acc': 0.124, 'eval_eval_mod8_acc': 0.37920489296636084, 'eval_eval_mod4_acc': 0.45871559633027525, 'eval_eval_runtime': 1.1084, 'eval_eval_samples_per_second': 1804.376, 'eval_eval_steps_per_second': 28.87, 'epoch': 13.83}
{'eval_train_loss': 0.03523983061313629, 'eval_train_token_acc': 0.9466893327666809, 'eval_train_seq_acc': 0.0, 'eval_train_move_acc': 0.146, 'eval_train_mod8_acc': 0.38726790450928383, 'eval_train_mod4_acc': 0.4854111405835544, 'eval_train_runtime': 0.5525, 'eval_train_samples_per_second': 1810.074, 'eval_train_steps_per_second': 28.961, 'epoch': 13.83}
{'loss': 0.0354, 'learning_rate': 1.4893617021276596e-05, 'epoch': 14.89}
{'eval_eval_loss': 0.03603793680667877, 'eval_eval_token_acc': 0.9463678516228748, 'eval_eval_seq_acc': 0.0, 'eval_eval_move_acc': 0.125, 'eval_eval_mod8_acc': 0.499001996007984, 'eval_eval_mod4_acc': 0.5868263473053892, 'eval_eval_runtime': 1.0995, 'eval_eval_samples_per_second': 1818.968, 'eval_eval_steps_per_second': 29.103, 'epoch': 14.89}
{'eval_train_loss': 0.03522516041994095, 'eval_train_token_acc': 0.9466893327666809, 'eval_train_seq_acc': 0.0, 'eval_train_move_acc': 0.148, 'eval_train_mod8_acc': 0.5229681978798587, 'eval_train_mod4_acc': 0.5830388692579506, 'eval_train_runtime': 0.5511, 'eval_train_samples_per_second': 1814.498, 'eval_train_steps_per_second': 29.032, 'epoch': 14.89}
{'loss': 0.0354, 'learning_rate': 1.5957446808510637e-05, 'epoch': 15.96}
{'eval_eval_loss': 0.03640540689229965, 'eval_eval_token_acc': 0.9463678516228748, 'eval_eval_seq_acc': 0.0, 'eval_eval_move_acc': 0.122, 'eval_eval_mod8_acc': 0.12242849974912193, 'eval_eval_mod4_acc': 0.25288509784244856, 'eval_eval_runtime': 1.1049, 'eval_eval_samples_per_second': 1810.13, 'eval_eval_steps_per_second': 28.962, 'epoch': 15.96}
{'eval_train_loss': 0.0355706587433815, 'eval_train_token_acc': 0.9466893327666809, 'eval_train_seq_acc': 0.0, 'eval_train_move_acc': 0.152, 'eval_train_mod8_acc': 0.1527638190954774, 'eval_train_mod4_acc': 0.25829145728643216, 'eval_train_runtime': 0.5534, 'eval_train_samples_per_second': 1806.886, 'eval_train_steps_per_second': 28.91, 'epoch': 15.96}
  Pushed checkpoint step-4000 to ijinyu1113/ft_mr7_70m_seed1_purenum
{'loss': 0.0354, 'learning_rate': 1.7021276595744682e-05, 'epoch': 17.02}
{'eval_eval_loss': 0.036691583693027496, 'eval_eval_token_acc': 0.9463678516228748, 'eval_eval_seq_acc': 0.0, 'eval_eval_move_acc': 0.122, 'eval_eval_mod8_acc': 0.122, 'eval_eval_mod4_acc': 0.252, 'eval_eval_runtime': 1.1044, 'eval_eval_samples_per_second': 1810.888, 'eval_eval_steps_per_second': 28.974, 'epoch': 17.02}
{'eval_train_loss': 0.03582224249839783, 'eval_train_token_acc': 0.9466893327666809, 'eval_train_seq_acc': 0.0, 'eval_train_move_acc': 0.151, 'eval_train_mod8_acc': 0.151, 'eval_train_mod4_acc': 0.256, 'eval_train_runtime': 0.5505, 'eval_train_samples_per_second': 1816.502, 'eval_train_steps_per_second': 29.064, 'epoch': 17.02}
{'loss': 0.0352, 'learning_rate': 1.8085106382978724e-05, 'epoch': 18.09}
{'eval_eval_loss': 0.03652791678905487, 'eval_eval_token_acc': 0.9463678516228748, 'eval_eval_seq_acc': 0.0, 'eval_eval_move_acc': 0.1195, 'eval_eval_mod8_acc': 0.17231434751261715, 'eval_eval_mod4_acc': 0.29343907714491707, 'eval_eval_runtime': 1.1005, 'eval_eval_samples_per_second': 1817.313, 'eval_eval_steps_per_second': 29.077, 'epoch': 18.09}
{'eval_train_loss': 0.03480525314807892, 'eval_train_token_acc': 0.9466893327666809, 'eval_train_seq_acc': 0.0, 'eval_train_move_acc': 0.187, 'eval_train_mod8_acc': 0.26227208976157085, 'eval_train_mod4_acc': 0.36044880785413747, 'eval_train_runtime': 0.5515, 'eval_train_samples_per_second': 1813.22, 'eval_train_steps_per_second': 29.012, 'epoch': 18.09}
{'loss': 0.0355, 'learning_rate': 1.914893617021277e-05, 'epoch': 19.15}
{'eval_eval_loss': 0.03643541783094406, 'eval_eval_token_acc': 0.9463678516228748, 'eval_eval_seq_acc': 0.0, 'eval_eval_move_acc': 0.119, 'eval_eval_mod8_acc': 0.3078913324708926, 'eval_eval_mod4_acc': 0.4230271668822768, 'eval_eval_runtime': 1.1046, 'eval_eval_samples_per_second': 1810.611, 'eval_eval_steps_per_second': 28.97, 'epoch': 19.15}
{'eval_train_loss': 0.03504480794072151, 'eval_train_token_acc': 0.9466893327666809, 'eval_train_seq_acc': 0.0, 'eval_train_move_acc': 0.168, 'eval_train_mod8_acc': 0.3870967741935484, 'eval_train_mod4_acc': 0.4815668202764977, 'eval_train_runtime': 0.5523, 'eval_train_samples_per_second': 1810.734, 'eval_train_steps_per_second': 28.972, 'epoch': 19.15}
{'loss': 0.0353, 'learning_rate': 2.0212765957446807e-05, 'epoch': 20.21}
{'eval_eval_loss': 0.037136856466531754, 'eval_eval_token_acc': 0.9463678516228748, 'eval_eval_seq_acc': 0.0, 'eval_eval_move_acc': 0.12, 'eval_eval_mod8_acc': 0.13179571663920922, 'eval_eval_mod4_acc': 0.2487644151565074, 'eval_eval_runtime': 1.1054, 'eval_eval_samples_per_second': 1809.294, 'eval_eval_steps_per_second': 28.949, 'epoch': 20.21}
{'eval_train_loss': 0.03509916365146637, 'eval_train_token_acc': 0.9466893327666809, 'eval_train_seq_acc': 0.0, 'eval_train_move_acc': 0.153, 'eval_train_mod8_acc': 0.1668484187568157, 'eval_train_mod4_acc': 0.2955288985823337, 'eval_train_runtime': 0.5522, 'eval_train_samples_per_second': 1811.008, 'eval_train_steps_per_second': 28.976, 'epoch': 20.21}
  Pushed checkpoint step-5000 to ijinyu1113/ft_mr7_70m_seed1_purenum
{'loss': 0.0351, 'learning_rate': 2.1276595744680852e-05, 'epoch': 21.28}
{'eval_eval_loss': 0.0374719575047493, 'eval_eval_token_acc': 0.9463678516228748, 'eval_eval_seq_acc': 0.0, 'eval_eval_move_acc': 0.13, 'eval_eval_mod8_acc': 0.14016172506738545, 'eval_eval_mod4_acc': 0.2695417789757412, 'eval_eval_runtime': 1.1023, 'eval_eval_samples_per_second': 1814.398, 'eval_eval_steps_per_second': 29.03, 'epoch': 21.28}
{'eval_train_loss': 0.0355214923620224, 'eval_train_token_acc': 0.9466893327666809, 'eval_train_seq_acc': 0.0, 'eval_train_move_acc': 0.18, 'eval_train_mod8_acc': 0.19313304721030042, 'eval_train_mod4_acc': 0.30150214592274677, 'eval_train_runtime': 0.5503, 'eval_train_samples_per_second': 1817.121, 'eval_train_steps_per_second': 29.074, 'epoch': 21.28}
{'loss': 0.0351, 'learning_rate': 2.2340425531914894e-05, 'epoch': 22.34}
{'eval_eval_loss': 0.03720298036932945, 'eval_eval_token_acc': 0.9463678516228748, 'eval_eval_seq_acc': 0.0, 'eval_eval_move_acc': 0.1295, 'eval_eval_mod8_acc': 0.2634791454730417, 'eval_eval_mod4_acc': 0.37029501525940994, 'eval_eval_runtime': 1.102, 'eval_eval_samples_per_second': 1814.858, 'eval_eval_steps_per_second': 29.038, 'epoch': 22.34}
{'eval_train_loss': 0.03473833203315735, 'eval_train_token_acc': 0.9466893327666809, 'eval_train_seq_acc': 0.0, 'eval_train_move_acc': 0.166, 'eval_train_mod8_acc': 0.33535353535353535, 'eval_train_mod4_acc': 0.4, 'eval_train_runtime': 0.5509, 'eval_train_samples_per_second': 1815.164, 'eval_train_steps_per_second': 29.043, 'epoch': 22.34}
{'loss': 0.0352, 'learning_rate': 2.340425531914894e-05, 'epoch': 23.4}
{'eval_eval_loss': 0.036594949662685394, 'eval_eval_token_acc': 0.9463678516228748, 'eval_eval_seq_acc': 0.0, 'eval_eval_move_acc': 0.126, 'eval_eval_mod8_acc': 0.13298153034300791, 'eval_eval_mod4_acc': 0.23799472295514512, 'eval_eval_runtime': 1.1041, 'eval_eval_samples_per_second': 1811.452, 'eval_eval_steps_per_second': 28.983, 'epoch': 23.4}
{'eval_train_loss': 0.03455468639731407, 'eval_train_token_acc': 0.9466893327666809, 'eval_train_seq_acc': 0.0, 'eval_train_move_acc': 0.164, 'eval_train_mod8_acc': 0.16907216494845362, 'eval_train_mod4_acc': 0.2690721649484536, 'eval_train_runtime': 0.5529, 'eval_train_samples_per_second': 1808.652, 'eval_train_steps_per_second': 28.938, 'epoch': 23.4}
{'loss': 0.0723, 'learning_rate': 2.4468085106382977e-05, 'epoch': 24.47}
{'eval_eval_loss': 0.03679708018898964, 'eval_eval_token_acc': 0.9463678516228748, 'eval_eval_seq_acc': 0.0, 'eval_eval_move_acc': 0.1265, 'eval_eval_mod8_acc': 0.1328781512605042, 'eval_eval_mod4_acc': 0.2552521008403361, 'eval_eval_runtime': 1.104, 'eval_eval_samples_per_second': 1811.594, 'eval_eval_steps_per_second': 28.986, 'epoch': 24.47}
{'eval_train_loss': 0.034844134002923965, 'eval_train_token_acc': 0.9466893327666809, 'eval_train_seq_acc': 0.0, 'eval_train_move_acc': 0.179, 'eval_train_mod8_acc': 0.1880252100840336, 'eval_train_mod4_acc': 0.29096638655462187, 'eval_train_runtime': 0.551, 'eval_train_samples_per_second': 1814.843, 'eval_train_steps_per_second': 29.037, 'epoch': 24.47}
  Pushed checkpoint step-6000 to ijinyu1113/ft_mr7_70m_seed1_purenum
{'loss': 0.0351, 'learning_rate': 2.5531914893617022e-05, 'epoch': 25.53}
{'eval_eval_loss': 0.03731426224112511, 'eval_eval_token_acc': 0.9463678516228748, 'eval_eval_seq_acc': 0.0, 'eval_eval_move_acc': 0.1225, 'eval_eval_mod8_acc': 0.13214670981661272, 'eval_eval_mod4_acc': 0.2588996763754045, 'eval_eval_runtime': 1.1045, 'eval_eval_samples_per_second': 1810.83, 'eval_eval_steps_per_second': 28.973, 'epoch': 25.53}
{'eval_train_loss': 0.03495638445019722, 'eval_train_token_acc': 0.9466893327666809, 'eval_train_seq_acc': 0.0, 'eval_train_move_acc': 0.185, 'eval_train_mod8_acc': 0.19453207150368035, 'eval_train_mod4_acc': 0.3007360672975815, 'eval_train_runtime': 0.5501, 'eval_train_samples_per_second': 1817.848, 'eval_train_steps_per_second': 29.086, 'epoch': 25.53}
{'loss': 0.0351, 'learning_rate': 2.6595744680851064e-05, 'epoch': 26.6}
{'eval_eval_loss': 0.03713128715753555, 'eval_eval_token_acc': 0.9463678516228748, 'eval_eval_seq_acc': 0.0, 'eval_eval_move_acc': 0.1255, 'eval_eval_mod8_acc': 0.1332271762208068, 'eval_eval_mod4_acc': 0.24150743099787686, 'eval_eval_runtime': 1.1059, 'eval_eval_samples_per_second': 1808.474, 'eval_eval_steps_per_second': 28.936, 'epoch': 26.6}
{'eval_train_loss': 0.034877341240644455, 'eval_train_token_acc': 0.9466893327666809, 'eval_train_seq_acc': 0.0, 'eval_train_move_acc': 0.164, 'eval_train_mod8_acc': 0.17391304347826086, 'eval_train_mod4_acc': 0.264050901378579, 'eval_train_runtime': 0.5537, 'eval_train_samples_per_second': 1806.161, 'eval_train_steps_per_second': 28.899, 'epoch': 26.6}
{'loss': 0.0349, 'learning_rate': 2.765957446808511e-05, 'epoch': 27.66}
{'eval_eval_loss': 0.03762362524867058, 'eval_eval_token_acc': 0.9463678516228748, 'eval_eval_seq_acc': 0.0, 'eval_eval_move_acc': 0.122, 'eval_eval_mod8_acc': 0.13555555555555557, 'eval_eval_mod4_acc': 0.26166666666666666, 'eval_eval_runtime': 1.1074, 'eval_eval_samples_per_second': 1806.079, 'eval_eval_steps_per_second': 28.897, 'epoch': 27.66}
{'eval_train_loss': 0.034894853830337524, 'eval_train_token_acc': 0.9466893327666809, 'eval_train_seq_acc': 0.0, 'eval_train_move_acc': 0.188, 'eval_train_mod8_acc': 0.20842572062084258, 'eval_train_mod4_acc': 0.31929046563192903, 'eval_train_runtime': 0.5525, 'eval_train_samples_per_second': 1809.794, 'eval_train_steps_per_second': 28.957, 'epoch': 27.66}
{'loss': 0.035, 'learning_rate': 2.872340425531915e-05, 'epoch': 28.72}
{'eval_eval_loss': 0.037420086562633514, 'eval_eval_token_acc': 0.9463678516228748, 'eval_eval_seq_acc': 0.0, 'eval_eval_move_acc': 0.119, 'eval_eval_mod8_acc': 0.2662192393736018, 'eval_eval_mod4_acc': 0.348993288590604, 'eval_eval_runtime': 1.1014, 'eval_eval_samples_per_second': 1815.899, 'eval_eval_steps_per_second': 29.054, 'epoch': 28.72}
{'eval_train_loss': 0.03479430079460144, 'eval_train_token_acc': 0.9466893327666809, 'eval_train_seq_acc': 0.0, 'eval_train_move_acc': 0.174, 'eval_train_mod8_acc': 0.3717948717948718, 'eval_train_mod4_acc': 0.4230769230769231, 'eval_train_runtime': 0.5523, 'eval_train_samples_per_second': 1810.515, 'eval_train_steps_per_second': 28.968, 'epoch': 28.72}
  Pushed checkpoint step-7000 to ijinyu1113/ft_mr7_70m_seed1_purenum
{'loss': 0.0349, 'learning_rate': 2.9787234042553192e-05, 'epoch': 29.79}
{'eval_eval_loss': 0.03704199194908142, 'eval_eval_token_acc': 0.9463678516228748, 'eval_eval_seq_acc': 0.0, 'eval_eval_move_acc': 0.1195, 'eval_eval_mod8_acc': 0.11991971901655796, 'eval_eval_mod4_acc': 0.24234821876567988, 'eval_eval_runtime': 1.1032, 'eval_eval_samples_per_second': 1812.977, 'eval_eval_steps_per_second': 29.008, 'epoch': 29.79}
{'eval_train_loss': 0.034609559923410416, 'eval_train_token_acc': 0.9466893327666809, 'eval_train_seq_acc': 0.0, 'eval_train_move_acc': 0.174, 'eval_train_mod8_acc': 0.1746987951807229, 'eval_train_mod4_acc': 0.2761044176706827, 'eval_train_runtime': 0.5498, 'eval_train_samples_per_second': 1818.858, 'eval_train_steps_per_second': 29.102, 'epoch': 29.79}
{'loss': 0.0349, 'learning_rate': 2.9999264548228676e-05, 'epoch': 30.85}
{'eval_eval_loss': 0.037851087749004364, 'eval_eval_token_acc': 0.9463678516228748, 'eval_eval_seq_acc': 0.0, 'eval_eval_move_acc': 0.1235, 'eval_eval_mod8_acc': 0.1235, 'eval_eval_mod4_acc': 0.1995, 'eval_eval_runtime': 1.1037, 'eval_eval_samples_per_second': 1812.069, 'eval_eval_steps_per_second': 28.993, 'epoch': 30.85}
{'eval_train_loss': 0.0352766215801239, 'eval_train_token_acc': 0.9466893327666809, 'eval_train_seq_acc': 0.0, 'eval_train_move_acc': 0.175, 'eval_train_mod8_acc': 0.175, 'eval_train_mod4_acc': 0.242, 'eval_train_runtime': 0.5524, 'eval_train_samples_per_second': 1810.4, 'eval_train_steps_per_second': 28.966, 'epoch': 30.85}
{'loss': 0.035, 'learning_rate': 2.9996276899008885e-05, 'epoch': 31.91}
{'eval_eval_loss': 0.03726181387901306, 'eval_eval_token_acc': 0.9463678516228748, 'eval_eval_seq_acc': 0.0, 'eval_eval_move_acc': 0.121, 'eval_eval_mod8_acc': 0.16198125836680052, 'eval_eval_mod4_acc': 0.2603748326639893, 'eval_eval_runtime': 1.1036, 'eval_eval_samples_per_second': 1812.214, 'eval_eval_steps_per_second': 28.995, 'epoch': 31.91}
{'eval_train_loss': 0.03479341045022011, 'eval_train_token_acc': 0.9466893327666809, 'eval_train_seq_acc': 0.0, 'eval_train_move_acc': 0.182, 'eval_train_mod8_acc': 0.23667100130039012, 'eval_train_mod4_acc': 0.33029908972691807, 'eval_train_runtime': 0.5509, 'eval_train_samples_per_second': 1815.16, 'eval_train_steps_per_second': 29.043, 'epoch': 31.91}
{'loss': 0.0349, 'learning_rate': 2.9990991544015662e-05, 'epoch': 32.98}
{'eval_eval_loss': 0.037348613142967224, 'eval_eval_token_acc': 0.9463678516228748, 'eval_eval_seq_acc': 0.0, 'eval_eval_move_acc': 0.1265, 'eval_eval_mod8_acc': 0.17532917532917533, 'eval_eval_mod4_acc': 0.2986832986832987, 'eval_eval_runtime': 1.1033, 'eval_eval_samples_per_second': 1812.729, 'eval_eval_steps_per_second': 29.004, 'epoch': 32.98}
{'eval_train_loss': 0.03469226881861687, 'eval_train_token_acc': 0.9466893327666809, 'eval_train_seq_acc': 0.0, 'eval_train_move_acc': 0.189, 'eval_train_mod8_acc': 0.25925925925925924, 'eval_train_mod4_acc': 0.35253772290809327, 'eval_train_runtime': 0.5514, 'eval_train_samples_per_second': 1813.636, 'eval_train_steps_per_second': 29.018, 'epoch': 32.98}
  Pushed checkpoint step-8000 to ijinyu1113/ft_mr7_70m_seed1_purenum
{'loss': 0.0348, 'learning_rate': 2.9983409293062717e-05, 'epoch': 34.04}
{'eval_eval_loss': 0.03685304895043373, 'eval_eval_token_acc': 0.9463678516228748, 'eval_eval_seq_acc': 0.0, 'eval_eval_move_acc': 0.1215, 'eval_eval_mod8_acc': 0.12442396313364056, 'eval_eval_mod4_acc': 0.2119815668202765, 'eval_eval_runtime': 1.102, 'eval_eval_samples_per_second': 1814.937, 'eval_eval_steps_per_second': 29.039, 'epoch': 34.04}
{'eval_train_loss': 0.03423580154776573, 'eval_train_token_acc': 0.9466893327666809, 'eval_train_seq_acc': 0.0, 'eval_train_move_acc': 0.184, 'eval_train_mod8_acc': 0.18871794871794872, 'eval_train_mod4_acc': 0.26256410256410256, 'eval_train_runtime': 0.5512, 'eval_train_samples_per_second': 1814.097, 'eval_train_steps_per_second': 29.026, 'epoch': 34.04}
{'loss': 0.0348, 'learning_rate': 2.9973531307890522e-05, 'epoch': 35.11}
{'eval_eval_loss': 0.037401799112558365, 'eval_eval_token_acc': 0.9463678516228748, 'eval_eval_seq_acc': 0.0, 'eval_eval_move_acc': 0.109, 'eval_eval_mod8_acc': 0.11522198731501057, 'eval_eval_mod4_acc': 0.1992600422832981, 'eval_eval_runtime': 1.1053, 'eval_eval_samples_per_second': 1809.434, 'eval_eval_steps_per_second': 28.951, 'epoch': 35.11}
{'eval_train_loss': 0.034417372196912766, 'eval_train_token_acc': 0.9466893327666809, 'eval_train_seq_acc': 0.0, 'eval_train_move_acc': 0.202, 'eval_train_mod8_acc': 0.2112970711297071, 'eval_train_mod4_acc': 0.28661087866108786, 'eval_train_runtime': 0.5522, 'eval_train_samples_per_second': 1810.889, 'eval_train_steps_per_second': 28.974, 'epoch': 35.11}
{'loss': 0.0347, 'learning_rate': 2.9961359101988298e-05, 'epoch': 36.17}
{'eval_eval_loss': 0.0384666882455349, 'eval_eval_token_acc': 0.9463678516228748, 'eval_eval_seq_acc': 0.0, 'eval_eval_move_acc': 0.1275, 'eval_eval_mod8_acc': 0.12846347607052896, 'eval_eval_mod4_acc': 0.2075566750629723, 'eval_eval_runtime': 1.1037, 'eval_eval_samples_per_second': 1812.081, 'eval_eval_steps_per_second': 28.993, 'epoch': 36.17}
{'eval_train_loss': 0.035176217555999756, 'eval_train_token_acc': 0.9466893327666809, 'eval_train_seq_acc': 0.0, 'eval_train_move_acc': 0.164, 'eval_train_mod8_acc': 0.16482412060301507, 'eval_train_mod4_acc': 0.23316582914572864, 'eval_train_runtime': 0.5517, 'eval_train_samples_per_second': 1812.497, 'eval_train_steps_per_second': 29.0, 'epoch': 36.17}
{'loss': 0.0348, 'learning_rate': 2.9946894540362144e-05, 'epoch': 37.23}
{'eval_eval_loss': 0.038006577640771866, 'eval_eval_token_acc': 0.9463678516228748, 'eval_eval_seq_acc': 0.0, 'eval_eval_move_acc': 0.1195, 'eval_eval_mod8_acc': 0.15059861373660996, 'eval_eval_mod4_acc': 0.27284183994959044, 'eval_eval_runtime': 1.106, 'eval_eval_samples_per_second': 1808.329, 'eval_eval_steps_per_second': 28.933, 'epoch': 37.23}
{'eval_train_loss': 0.03449157625436783, 'eval_train_token_acc': 0.9466893327666809, 'eval_train_seq_acc': 0.0, 'eval_train_move_acc': 0.197, 'eval_train_mod8_acc': 0.24411400247831475, 'eval_train_mod4_acc': 0.35192069392812886, 'eval_train_runtime': 0.552, 'eval_train_samples_per_second': 1811.477, 'eval_train_steps_per_second': 28.984, 'epoch': 37.23}
  Pushed checkpoint step-9000 to ijinyu1113/ft_mr7_70m_seed1_purenum
{'loss': 0.0347, 'learning_rate': 2.9930139839249263e-05, 'epoch': 38.3}
{'eval_eval_loss': 0.03754040598869324, 'eval_eval_token_acc': 0.9463678516228748, 'eval_eval_seq_acc': 0.0, 'eval_eval_move_acc': 0.1285, 'eval_eval_mod8_acc': 0.16163522012578616, 'eval_eval_mod4_acc': 0.26037735849056604, 'eval_eval_runtime': 1.106, 'eval_eval_samples_per_second': 1808.341, 'eval_eval_steps_per_second': 28.933, 'epoch': 38.3}
{'eval_train_loss': 0.03435513377189636, 'eval_train_token_acc': 0.9466893327666809, 'eval_train_seq_acc': 0.0, 'eval_train_move_acc': 0.186, 'eval_train_mod8_acc': 0.23544303797468355, 'eval_train_mod4_acc': 0.30253164556962026, 'eval_train_runtime': 0.5522, 'eval_train_samples_per_second': 1811.068, 'eval_train_steps_per_second': 28.977, 'epoch': 38.3}
{'loss': 0.0348, 'learning_rate': 2.9911097565778392e-05, 'epoch': 39.36}
{'eval_eval_loss': 0.03818407282233238, 'eval_eval_token_acc': 0.9463678516228748, 'eval_eval_seq_acc': 0.0, 'eval_eval_move_acc': 0.128, 'eval_eval_mod8_acc': 0.1669928245270711, 'eval_eval_mod4_acc': 0.27723418134377037, 'eval_eval_runtime': 1.1045, 'eval_eval_samples_per_second': 1810.805, 'eval_eval_steps_per_second': 28.973, 'epoch': 39.36}
{'eval_train_loss': 0.03506234660744667, 'eval_train_token_acc': 0.9466893327666809, 'eval_train_seq_acc': 0.0, 'eval_train_move_acc': 0.173, 'eval_train_mod8_acc': 0.2255541069100391, 'eval_train_mod4_acc': 0.32333767926988266, 'eval_train_runtime': 0.5516, 'eval_train_samples_per_second': 1813.022, 'eval_train_steps_per_second': 29.008, 'epoch': 39.36}
{'loss': 0.0346, 'learning_rate': 2.98897706375765e-05, 'epoch': 40.43}
{'eval_eval_loss': 0.037373922765254974, 'eval_eval_token_acc': 0.9463678516228748, 'eval_eval_seq_acc': 0.0, 'eval_eval_move_acc': 0.119, 'eval_eval_mod8_acc': 0.15025252525252525, 'eval_eval_mod4_acc': 0.2316919191919192, 'eval_eval_runtime': 1.1044, 'eval_eval_samples_per_second': 1810.93, 'eval_eval_steps_per_second': 28.975, 'epoch': 40.43}
{'eval_train_loss': 0.03423510491847992, 'eval_train_token_acc': 0.9466893327666809, 'eval_train_seq_acc': 0.0, 'eval_train_move_acc': 0.199, 'eval_train_mod8_acc': 0.24937343358395989, 'eval_train_mod4_acc': 0.32706766917293234, 'eval_train_runtime': 0.5524, 'eval_train_samples_per_second': 1810.119, 'eval_train_steps_per_second': 28.962, 'epoch': 40.43}
{'loss': 0.0347, 'learning_rate': 2.9866162322321703e-05, 'epoch': 41.49}
{'eval_eval_loss': 0.0375138558447361, 'eval_eval_token_acc': 0.9463678516228748, 'eval_eval_seq_acc': 0.0, 'eval_eval_move_acc': 0.123, 'eval_eval_mod8_acc': 0.15336658354114713, 'eval_eval_mod4_acc': 0.2805486284289277, 'eval_eval_runtime': 1.1025, 'eval_eval_samples_per_second': 1814.017, 'eval_eval_steps_per_second': 29.024, 'epoch': 41.49}
{'eval_train_loss': 0.03416278585791588, 'eval_train_token_acc': 0.9466893327666809, 'eval_train_seq_acc': 0.0, 'eval_train_move_acc': 0.192, 'eval_train_mod8_acc': 0.23645320197044334, 'eval_train_mod4_acc': 0.33374384236453203, 'eval_train_runtime': 0.5513, 'eval_train_samples_per_second': 1813.828, 'eval_train_steps_per_second': 29.021, 'epoch': 41.49}
  Pushed checkpoint step-10000 to ijinyu1113/ft_mr7_70m_seed1_purenum
{'loss': 0.0345, 'learning_rate': 2.9840276237242647e-05, 'epoch': 42.55}
{'eval_eval_loss': 0.03767329454421997, 'eval_eval_token_acc': 0.9463678516228748, 'eval_eval_seq_acc': 0.0, 'eval_eval_move_acc': 0.1315, 'eval_eval_mod8_acc': 0.1511494252873563, 'eval_eval_mod4_acc': 0.26264367816091955, 'eval_eval_runtime': 1.1037, 'eval_eval_samples_per_second': 1812.08, 'eval_eval_steps_per_second': 28.993, 'epoch': 42.55}
{'eval_train_loss': 0.034545235335826874, 'eval_train_token_acc': 0.9466893327666809, 'eval_train_seq_acc': 0.0, 'eval_train_move_acc': 0.194, 'eval_train_mod8_acc': 0.22120866590649943, 'eval_train_mod4_acc': 0.314709236031927, 'eval_train_runtime': 0.5513, 'eval_train_samples_per_second': 1813.884, 'eval_train_steps_per_second': 29.022, 'epoch': 42.55}
{'loss': 0.0346, 'learning_rate': 2.981211634856424e-05, 'epoch': 43.62}
{'eval_eval_loss': 0.0381583645939827, 'eval_eval_token_acc': 0.9463678516228748, 'eval_eval_seq_acc': 0.0, 'eval_eval_move_acc': 0.1215, 'eval_eval_mod8_acc': 0.1702873160476524, 'eval_eval_mod4_acc': 0.2985283812193413, 'eval_eval_runtime': 1.1045, 'eval_eval_samples_per_second': 1810.841, 'eval_eval_steps_per_second': 28.973, 'epoch': 43.62}
{'eval_train_loss': 0.034796424210071564, 'eval_train_token_acc': 0.9466893327666809, 'eval_train_seq_acc': 0.0, 'eval_train_move_acc': 0.2, 'eval_train_mod8_acc': 0.2684563758389262, 'eval_train_mod4_acc': 0.3516778523489933, 'eval_train_runtime': 0.5537, 'eval_train_samples_per_second': 1805.9, 'eval_train_steps_per_second': 28.894, 'epoch': 43.62}
{'loss': 0.0345, 'learning_rate': 2.9781686970899998e-05, 'epoch': 44.68}
{'eval_eval_loss': 0.037710465490818024, 'eval_eval_token_acc': 0.9463678516228748, 'eval_eval_seq_acc': 0.0, 'eval_eval_move_acc': 0.1275, 'eval_eval_mod8_acc': 0.14325842696629212, 'eval_eval_mod4_acc': 0.22865168539325842, 'eval_eval_runtime': 1.1081, 'eval_eval_samples_per_second': 1804.896, 'eval_eval_steps_per_second': 28.878, 'epoch': 44.68}
{'eval_train_loss': 0.034313999116420746, 'eval_train_token_acc': 0.9466893327666809, 'eval_train_seq_acc': 0.0, 'eval_train_move_acc': 0.187, 'eval_train_mod8_acc': 0.20594713656387664, 'eval_train_mod4_acc': 0.27312775330396477, 'eval_train_runtime': 0.555, 'eval_train_samples_per_second': 1801.86, 'eval_train_steps_per_second': 28.83, 'epoch': 44.68}
{'loss': 0.0345, 'learning_rate': 2.9748992766590924e-05, 'epoch': 45.74}
{'eval_eval_loss': 0.03729051351547241, 'eval_eval_token_acc': 0.9463678516228748, 'eval_eval_seq_acc': 0.0, 'eval_eval_move_acc': 0.122, 'eval_eval_mod8_acc': 0.13224932249322494, 'eval_eval_mod4_acc': 0.22818428184281841, 'eval_eval_runtime': 1.1077, 'eval_eval_samples_per_second': 1805.569, 'eval_eval_steps_per_second': 28.889, 'epoch': 45.74}
{'eval_train_loss': 0.03375425934791565, 'eval_train_token_acc': 0.9466893327666809, 'eval_train_seq_acc': 0.0, 'eval_train_move_acc': 0.19, 'eval_train_mod8_acc': 0.20452099031216361, 'eval_train_mod4_acc': 0.2831001076426265, 'eval_train_runtime': 0.555, 'eval_train_samples_per_second': 1801.934, 'eval_train_steps_per_second': 28.831, 'epoch': 45.74}
  Pushed checkpoint step-11000 to ijinyu1113/ft_mr7_70m_seed1_purenum
{'loss': 0.0344, 'learning_rate': 2.971403874499117e-05, 'epoch': 46.81}
{'eval_eval_loss': 0.03795061632990837, 'eval_eval_token_acc': 0.9463678516228748, 'eval_eval_seq_acc': 0.0, 'eval_eval_move_acc': 0.125, 'eval_eval_mod8_acc': 0.13095861707700368, 'eval_eval_mod4_acc': 0.25248821372446306, 'eval_eval_runtime': 1.1015, 'eval_eval_samples_per_second': 1815.67, 'eval_eval_steps_per_second': 29.051, 'epoch': 46.81}
{'eval_train_loss': 0.03399147093296051, 'eval_train_token_acc': 0.9466893327666809, 'eval_train_seq_acc': 0.0, 'eval_train_move_acc': 0.202, 'eval_train_mod8_acc': 0.20997920997921, 'eval_train_mod4_acc': 0.30457380457380456, 'eval_train_runtime': 0.5519, 'eval_train_samples_per_second': 1811.763, 'eval_train_steps_per_second': 28.988, 'epoch': 46.81}
{'loss': 0.0343, 'learning_rate': 2.967683026170052e-05, 'epoch': 47.87}
{'eval_eval_loss': 0.03855694830417633, 'eval_eval_token_acc': 0.9463678516228748, 'eval_eval_seq_acc': 0.0, 'eval_eval_move_acc': 0.127, 'eval_eval_mod8_acc': 0.14309859154929577, 'eval_eval_mod4_acc': 0.24056338028169014, 'eval_eval_runtime': 1.1044, 'eval_eval_samples_per_second': 1810.871, 'eval_eval_steps_per_second': 28.974, 'epoch': 47.87}
{'eval_train_loss': 0.033848803490400314, 'eval_train_token_acc': 0.9466893327666809, 'eval_train_seq_acc': 0.0, 'eval_train_move_acc': 0.209, 'eval_train_mod8_acc': 0.23222222222222222, 'eval_train_mod4_acc': 0.30666666666666664, 'eval_train_runtime': 0.5532, 'eval_train_samples_per_second': 1807.766, 'eval_train_steps_per_second': 28.924, 'epoch': 47.87}
{'loss': 0.035, 'learning_rate': 2.963737301774379e-05, 'epoch': 48.94}
{'eval_eval_loss': 0.03882250934839249, 'eval_eval_token_acc': 0.9463678516228748, 'eval_eval_seq_acc': 0.0, 'eval_eval_move_acc': 0.1285, 'eval_eval_mod8_acc': 0.16224747474747475, 'eval_eval_mod4_acc': 0.24684343434343434, 'eval_eval_runtime': 1.1036, 'eval_eval_samples_per_second': 1812.333, 'eval_eval_steps_per_second': 28.997, 'epoch': 48.94}
{'eval_train_loss': 0.03546946868300438, 'eval_train_token_acc': 0.9466893327666809, 'eval_train_seq_acc': 0.0, 'eval_train_move_acc': 0.206, 'eval_train_mod8_acc': 0.25307125307125306, 'eval_train_mod4_acc': 0.32063882063882065, 'eval_train_runtime': 0.5527, 'eval_train_samples_per_second': 1809.372, 'eval_train_steps_per_second': 28.95, 'epoch': 48.94}
{'loss': 0.0343, 'learning_rate': 2.959567305869736e-05, 'epoch': 50.0}
{'eval_eval_loss': 0.03742256760597229, 'eval_eval_token_acc': 0.9463678516228748, 'eval_eval_seq_acc': 0.0, 'eval_eval_move_acc': 0.1265, 'eval_eval_mod8_acc': 0.15014836795252226, 'eval_eval_mod4_acc': 0.26706231454005935, 'eval_eval_runtime': 1.1084, 'eval_eval_samples_per_second': 1804.326, 'eval_eval_steps_per_second': 28.869, 'epoch': 50.0}
{'eval_train_loss': 0.03344070538878441, 'eval_train_token_acc': 0.9466893327666809, 'eval_train_seq_acc': 0.0, 'eval_train_move_acc': 0.215, 'eval_train_mod8_acc': 0.24913093858632676, 'eval_train_mod4_acc': 0.3325608342989571, 'eval_train_runtime': 0.5529, 'eval_train_samples_per_second': 1808.715, 'eval_train_steps_per_second': 28.939, 'epoch': 50.0}
  Pushed checkpoint step-12000 to ijinyu1113/ft_mr7_70m_seed1_purenum
{'loss': 0.0341, 'learning_rate': 2.955173677376284e-05, 'epoch': 51.06}
{'eval_eval_loss': 0.03887024149298668, 'eval_eval_token_acc': 0.9463678516228748, 'eval_eval_seq_acc': 0.0, 'eval_eval_move_acc': 0.128, 'eval_eval_mod8_acc': 0.130879345603272, 'eval_eval_mod4_acc': 0.22085889570552147, 'eval_eval_runtime': 1.1002, 'eval_eval_samples_per_second': 1817.916, 'eval_eval_steps_per_second': 29.087, 'epoch': 51.06}
{'eval_train_loss': 0.03383093327283859, 'eval_train_token_acc': 0.9466893327666809, 'eval_train_seq_acc': 0.0, 'eval_train_move_acc': 0.212, 'eval_train_mod8_acc': 0.21544715447154472, 'eval_train_mod4_acc': 0.29776422764227645, 'eval_train_runtime': 0.5502, 'eval_train_samples_per_second': 1817.519, 'eval_train_steps_per_second': 29.08, 'epoch': 51.06}
{'loss': 0.034, 'learning_rate': 2.9505570894788162e-05, 'epoch': 52.13}
{'eval_eval_loss': 0.03923017904162407, 'eval_eval_token_acc': 0.9463678516228748, 'eval_eval_seq_acc': 0.0, 'eval_eval_move_acc': 0.1185, 'eval_eval_mod8_acc': 0.12128966223132037, 'eval_eval_mod4_acc': 0.20266120777891505, 'eval_eval_runtime': 1.1003, 'eval_eval_samples_per_second': 1817.676, 'eval_eval_steps_per_second': 29.083, 'epoch': 52.13}
{'eval_train_loss': 0.03353416547179222, 'eval_train_token_acc': 0.9466893327666809, 'eval_train_seq_acc': 0.0, 'eval_train_move_acc': 0.208, 'eval_train_mod8_acc': 0.21224489795918366, 'eval_train_mod4_acc': 0.2602040816326531, 'eval_train_runtime': 0.5522, 'eval_train_samples_per_second': 1810.974, 'eval_train_steps_per_second': 28.976, 'epoch': 52.13}
{'loss': 0.034, 'learning_rate': 2.9457182495236116e-05, 'epoch': 53.19}
{'eval_eval_loss': 0.03982007876038551, 'eval_eval_token_acc': 0.9463678516228748, 'eval_eval_seq_acc': 0.0, 'eval_eval_move_acc': 0.1195, 'eval_eval_mod8_acc': 0.14965560425798372, 'eval_eval_mod4_acc': 0.2798998121477771, 'eval_eval_runtime': 1.0996, 'eval_eval_samples_per_second': 1818.901, 'eval_eval_steps_per_second': 29.102, 'epoch': 53.19}
{'eval_train_loss': 0.03399297222495079, 'eval_train_token_acc': 0.9466893327666809, 'eval_train_seq_acc': 0.0, 'eval_train_move_acc': 0.198, 'eval_train_mod8_acc': 0.2438423645320197, 'eval_train_mod4_acc': 0.35591133004926107, 'eval_train_runtime': 0.553, 'eval_train_samples_per_second': 1808.36, 'eval_train_steps_per_second': 28.934, 'epoch': 53.19}
{'loss': 0.0336, 'learning_rate': 2.9406578989100573e-05, 'epoch': 54.26}
{'eval_eval_loss': 0.04042744264006615, 'eval_eval_token_acc': 0.9463678516228748, 'eval_eval_seq_acc': 0.0, 'eval_eval_move_acc': 0.1285, 'eval_eval_mod8_acc': 0.14167585446527012, 'eval_eval_mod4_acc': 0.2695700110253583, 'eval_eval_runtime': 1.1049, 'eval_eval_samples_per_second': 1810.041, 'eval_eval_steps_per_second': 28.961, 'epoch': 54.26}
{'eval_train_loss': 0.03344814479351044, 'eval_train_token_acc': 0.9466893327666809, 'eval_train_seq_acc': 0.0, 'eval_train_move_acc': 0.215, 'eval_train_mod8_acc': 0.23369565217391305, 'eval_train_mod4_acc': 0.33369565217391306, 'eval_train_runtime': 0.5517, 'eval_train_samples_per_second': 1812.562, 'eval_train_steps_per_second': 29.001, 'epoch': 54.26}
  Pushed checkpoint step-13000 to ijinyu1113/ft_mr7_70m_seed1_purenum
{'loss': 0.0335, 'learning_rate': 2.9353768129770526e-05, 'epoch': 55.32}
{'eval_eval_loss': 0.039489198476076126, 'eval_eval_token_acc': 0.9463678516228748, 'eval_eval_seq_acc': 0.0, 'eval_eval_move_acc': 0.125, 'eval_eval_mod8_acc': 0.12966804979253113, 'eval_eval_mod4_acc': 0.25363070539419086, 'eval_eval_runtime': 1.1019, 'eval_eval_samples_per_second': 1814.97, 'eval_eval_steps_per_second': 29.04, 'epoch': 55.32}
{'eval_train_loss': 0.03330831974744797, 'eval_train_token_acc': 0.9466893327666809, 'eval_train_seq_acc': 0.0, 'eval_train_move_acc': 0.213, 'eval_train_mod8_acc': 0.21958762886597938, 'eval_train_mod4_acc': 0.31030927835051547, 'eval_train_runtime': 0.5507, 'eval_train_samples_per_second': 1815.824, 'eval_train_steps_per_second': 29.053, 'epoch': 55.32}
{'loss': 0.0332, 'learning_rate': 2.929875800884212e-05, 'epoch': 56.38}
{'eval_eval_loss': 0.040821969509124756, 'eval_eval_token_acc': 0.9463678516228748, 'eval_eval_seq_acc': 0.0, 'eval_eval_move_acc': 0.1165, 'eval_eval_mod8_acc': 0.1542025148908008, 'eval_eval_mod4_acc': 0.256783587028458, 'eval_eval_runtime': 1.1015, 'eval_eval_samples_per_second': 1815.729, 'eval_eval_steps_per_second': 29.052, 'epoch': 56.38}
{'eval_train_loss': 0.032507337629795074, 'eval_train_token_acc': 0.9466893327666809, 'eval_train_seq_acc': 0.0, 'eval_train_move_acc': 0.249, 'eval_train_mod8_acc': 0.31679389312977096, 'eval_train_mod4_acc': 0.4033078880407125, 'eval_train_runtime': 0.5507, 'eval_train_samples_per_second': 1815.819, 'eval_train_steps_per_second': 29.053, 'epoch': 56.38}
{'loss': 0.033, 'learning_rate': 2.9241557054878875e-05, 'epoch': 57.45}
{'eval_eval_loss': 0.03956884145736694, 'eval_eval_token_acc': 0.9463678516228748, 'eval_eval_seq_acc': 0.0, 'eval_eval_move_acc': 0.121, 'eval_eval_mod8_acc': 0.13496932515337423, 'eval_eval_mod4_acc': 0.2598996095928611, 'eval_eval_runtime': 1.106, 'eval_eval_samples_per_second': 1808.258, 'eval_eval_steps_per_second': 28.932, 'epoch': 57.45}
{'eval_train_loss': 0.03210894763469696, 'eval_train_token_acc': 0.9466893327666809, 'eval_train_seq_acc': 0.0, 'eval_train_move_acc': 0.275, 'eval_train_mod8_acc': 0.2960172228202368, 'eval_train_mod4_acc': 0.3789020452099031, 'eval_train_runtime': 0.5522, 'eval_train_samples_per_second': 1810.781, 'eval_train_steps_per_second': 28.973, 'epoch': 57.45}
{'loss': 0.0327, 'learning_rate': 2.9182174032120284e-05, 'epoch': 58.51}
{'eval_eval_loss': 0.04015861451625824, 'eval_eval_token_acc': 0.9463678516228748, 'eval_eval_seq_acc': 0.0, 'eval_eval_move_acc': 0.12, 'eval_eval_mod8_acc': 0.15267175572519084, 'eval_eval_mod4_acc': 0.2652671755725191, 'eval_eval_runtime': 1.1065, 'eval_eval_samples_per_second': 1807.57, 'eval_eval_steps_per_second': 28.921, 'epoch': 58.51}
{'eval_train_loss': 0.03238997980952263, 'eval_train_token_acc': 0.9466893327666809, 'eval_train_seq_acc': 0.0, 'eval_train_move_acc': 0.241, 'eval_train_mod8_acc': 0.2964329643296433, 'eval_train_mod4_acc': 0.3886838868388684, 'eval_train_runtime': 0.5551, 'eval_train_samples_per_second': 1801.588, 'eval_train_steps_per_second': 28.825, 'epoch': 58.51}
  Pushed checkpoint step-14000 to ijinyu1113/ft_mr7_70m_seed1_purenum
{'loss': 0.0321, 'learning_rate': 2.9120618039138956e-05, 'epoch': 59.57}
{'eval_eval_loss': 0.04022270813584328, 'eval_eval_token_acc': 0.9463678516228748, 'eval_eval_seq_acc': 0.0, 'eval_eval_move_acc': 0.121, 'eval_eval_mod8_acc': 0.12968917470525188, 'eval_eval_mod4_acc': 0.2427652733118971, 'eval_eval_runtime': 1.1002, 'eval_eval_samples_per_second': 1817.778, 'eval_eval_steps_per_second': 29.084, 'epoch': 59.57}
{'eval_train_loss': 0.030482390895485878, 'eval_train_token_acc': 0.9466893327666809, 'eval_train_seq_acc': 0.0, 'eval_train_move_acc': 0.304, 'eval_train_mod8_acc': 0.3216931216931217, 'eval_train_mod4_acc': 0.4052910052910053, 'eval_train_runtime': 0.5495, 'eval_train_samples_per_second': 1819.917, 'eval_train_steps_per_second': 29.119, 'epoch': 59.57}
{'loss': 0.0311, 'learning_rate': 2.9056898507446553e-05, 'epoch': 60.64}
{'eval_eval_loss': 0.04041542857885361, 'eval_eval_token_acc': 0.9463678516228748, 'eval_eval_seq_acc': 0.0, 'eval_eval_move_acc': 0.149, 'eval_eval_mod8_acc': 0.16204458945078848, 'eval_eval_mod4_acc': 0.24578575312669929, 'eval_eval_runtime': 1.1047, 'eval_eval_samples_per_second': 1810.393, 'eval_eval_steps_per_second': 28.966, 'epoch': 60.64}
{'eval_train_loss': 0.028656162321567535, 'eval_train_token_acc': 0.9466893327666809, 'eval_train_seq_acc': 0.0, 'eval_train_move_acc': 0.349, 'eval_train_mod8_acc': 0.3681434599156118, 'eval_train_mod4_acc': 0.43354430379746833, 'eval_train_runtime': 0.5519, 'eval_train_samples_per_second': 1811.837, 'eval_train_steps_per_second': 28.989, 'epoch': 60.64}
{'loss': 0.0288, 'learning_rate': 2.8991025200048707e-05, 'epoch': 61.7}
{'eval_eval_loss': 0.03623471409082413, 'eval_eval_token_acc': 0.9463678516228748, 'eval_eval_seq_acc': 0.0, 'eval_eval_move_acc': 0.2035, 'eval_eval_mod8_acc': 0.21823056300268096, 'eval_eval_mod4_acc': 0.2616621983914209, 'eval_eval_runtime': 1.108, 'eval_eval_samples_per_second': 1805.11, 'eval_eval_steps_per_second': 28.882, 'epoch': 61.7}
{'eval_train_loss': 0.02650657296180725, 'eval_train_token_acc': 0.9466893327666809, 'eval_train_seq_acc': 0.0, 'eval_train_move_acc': 0.414, 'eval_train_mod8_acc': 0.4353312302839117, 'eval_train_mod4_acc': 0.4616193480546793, 'eval_train_runtime': 0.5528, 'eval_train_samples_per_second': 1808.925, 'eval_train_steps_per_second': 28.943, 'epoch': 61.7}
{'loss': 0.0226, 'learning_rate': 2.892300820994915e-05, 'epoch': 62.77}
{'eval_eval_loss': 0.02484629862010479, 'eval_eval_token_acc': 0.9463678516228748, 'eval_eval_seq_acc': 0.0, 'eval_eval_move_acc': 0.427, 'eval_eval_mod8_acc': 0.4778959149412423, 'eval_eval_mod4_acc': 0.4890878567431449, 'eval_eval_runtime': 1.1057, 'eval_eval_samples_per_second': 1808.812, 'eval_eval_steps_per_second': 28.941, 'epoch': 62.77}
{'eval_train_loss': 0.016366565600037575, 'eval_train_token_acc': 0.9466893327666809, 'eval_train_seq_acc': 0.0, 'eval_train_move_acc': 0.609, 'eval_train_mod8_acc': 0.6506410256410257, 'eval_train_mod4_acc': 0.657051282051282, 'eval_train_runtime': 0.5523, 'eval_train_samples_per_second': 1810.678, 'eval_train_steps_per_second': 28.971, 'epoch': 62.77}
  Pushed checkpoint step-15000 to ijinyu1113/ft_mr7_70m_seed1_purenum
{'loss': 0.012, 'learning_rate': 2.8852857958603282e-05, 'epoch': 63.83}
{'eval_eval_loss': 0.012226059101521969, 'eval_eval_token_acc': 0.9463678516228748, 'eval_eval_seq_acc': 0.0, 'eval_eval_move_acc': 0.706, 'eval_eval_mod8_acc': 0.7384937238493724, 'eval_eval_mod4_acc': 0.7395397489539749, 'eval_eval_runtime': 1.1045, 'eval_eval_samples_per_second': 1810.836, 'eval_eval_steps_per_second': 28.973, 'epoch': 63.83}
{'eval_train_loss': 0.008072699420154095, 'eval_train_token_acc': 0.9466893327666809, 'eval_train_seq_acc': 0.0, 'eval_train_move_acc': 0.818, 'eval_train_mod8_acc': 0.8372569089048106, 'eval_train_mod4_acc': 0.8382804503582395, 'eval_train_runtime': 0.5502, 'eval_train_samples_per_second': 1817.576, 'eval_train_steps_per_second': 29.081, 'epoch': 63.83}
{'loss': 0.0061, 'learning_rate': 2.878058519432141e-05, 'epoch': 64.89}
{'eval_eval_loss': 0.004657220561057329, 'eval_eval_token_acc': 0.9463678516228748, 'eval_eval_seq_acc': 0.0, 'eval_eval_move_acc': 0.8995, 'eval_eval_mod8_acc': 0.920675537359263, 'eval_eval_mod4_acc': 0.920675537359263, 'eval_eval_runtime': 1.102, 'eval_eval_samples_per_second': 1814.804, 'eval_eval_steps_per_second': 29.037, 'epoch': 64.89}
{'eval_train_loss': 0.002848389558494091, 'eval_train_token_acc': 0.9466893327666809, 'eval_train_seq_acc': 0.0, 'eval_train_move_acc': 0.945, 'eval_train_mod8_acc': 0.9623217922606925, 'eval_train_mod4_acc': 0.9623217922606925, 'eval_train_runtime': 0.5533, 'eval_train_samples_per_second': 1807.328, 'eval_train_steps_per_second': 28.917, 'epoch': 64.89}
{'loss': 0.0033, 'learning_rate': 2.87062009906219e-05, 'epoch': 65.96}
{'eval_eval_loss': 0.0034698713570833206, 'eval_eval_token_acc': 0.9463678516228748, 'eval_eval_seq_acc': 0.0, 'eval_eval_move_acc': 0.921, 'eval_eval_mod8_acc': 0.9383596535914417, 'eval_eval_mod4_acc': 0.9383596535914417, 'eval_eval_runtime': 1.1064, 'eval_eval_samples_per_second': 1807.614, 'eval_eval_steps_per_second': 28.922, 'epoch': 65.96}
{'eval_train_loss': 0.0022117234766483307, 'eval_train_token_acc': 0.9466893327666809, 'eval_train_seq_acc': 0.0, 'eval_train_move_acc': 0.957, 'eval_train_mod8_acc': 0.9686234817813765, 'eval_train_mod4_acc': 0.9686234817813765, 'eval_train_runtime': 0.5519, 'eval_train_samples_per_second': 1811.96, 'eval_train_steps_per_second': 28.991, 'epoch': 65.96}
{'loss': 0.0023, 'learning_rate': 2.862971674453453e-05, 'epoch': 67.02}
{'eval_eval_loss': 0.0023767934180796146, 'eval_eval_token_acc': 0.9463678516228748, 'eval_eval_seq_acc': 0.0, 'eval_eval_move_acc': 0.947, 'eval_eval_mod8_acc': 0.9575328614762386, 'eval_eval_mod4_acc': 0.9575328614762386, 'eval_eval_runtime': 1.1035, 'eval_eval_samples_per_second': 1812.346, 'eval_eval_steps_per_second': 28.998, 'epoch': 67.02}
{'eval_train_loss': 0.0012716312194243073, 'eval_train_token_acc': 0.9466893327666809, 'eval_train_seq_acc': 0.0, 'eval_train_move_acc': 0.973, 'eval_train_mod8_acc': 0.9759277833500501, 'eval_train_mod4_acc': 0.9759277833500501, 'eval_train_runtime': 0.5509, 'eval_train_samples_per_second': 1815.19, 'eval_train_steps_per_second': 29.043, 'epoch': 67.02}
  Pushed checkpoint step-16000 to ijinyu1113/ft_mr7_70m_seed1_purenum
{'loss': 0.0018, 'learning_rate': 2.8551144174854237e-05, 'epoch': 68.09}
{'eval_eval_loss': 0.003353425767272711, 'eval_eval_token_acc': 0.9463678516228748, 'eval_eval_seq_acc': 0.0, 'eval_eval_move_acc': 0.9145, 'eval_eval_mod8_acc': 0.9223398890569844, 'eval_eval_mod4_acc': 0.9223398890569844, 'eval_eval_runtime': 1.1016, 'eval_eval_samples_per_second': 1815.507, 'eval_eval_steps_per_second': 29.048, 'epoch': 68.09}
{'eval_train_loss': 0.0019757954869419336, 'eval_train_token_acc': 0.9466893327666809, 'eval_train_seq_acc': 0.0, 'eval_train_move_acc': 0.951, 'eval_train_mod8_acc': 0.9538615847542627, 'eval_train_mod4_acc': 0.9538615847542627, 'eval_train_runtime': 0.5495, 'eval_train_samples_per_second': 1819.79, 'eval_train_steps_per_second': 29.117, 'epoch': 68.09}
{'loss': 0.0016, 'learning_rate': 2.8470495320345588e-05, 'epoch': 69.15}
{'eval_eval_loss': 0.0009585201623849571, 'eval_eval_token_acc': 0.9463678516228748, 'eval_eval_seq_acc': 0.0, 'eval_eval_move_acc': 0.9815, 'eval_eval_mod8_acc': 0.9834669338677354, 'eval_eval_mod4_acc': 0.9834669338677354, 'eval_eval_runtime': 1.1063, 'eval_eval_samples_per_second': 1807.844, 'eval_eval_steps_per_second': 28.925, 'epoch': 69.15}
{'eval_train_loss': 0.0004244418232701719, 'eval_train_token_acc': 0.9466893327666809, 'eval_train_seq_acc': 0.0, 'eval_train_move_acc': 0.992, 'eval_train_mod8_acc': 0.992, 'eval_train_mod4_acc': 0.992, 'eval_train_runtime': 0.5522, 'eval_train_samples_per_second': 1810.813, 'eval_train_steps_per_second': 28.973, 'epoch': 69.15}
{'loss': 0.0009, 'learning_rate': 2.838778253789822e-05, 'epoch': 70.21}
{'eval_eval_loss': 0.002318380866199732, 'eval_eval_token_acc': 0.9463678516228748, 'eval_eval_seq_acc': 0.0, 'eval_eval_move_acc': 0.951, 'eval_eval_mod8_acc': 0.965482233502538, 'eval_eval_mod4_acc': 0.965482233502538, 'eval_eval_runtime': 1.1075, 'eval_eval_samples_per_second': 1805.922, 'eval_eval_steps_per_second': 28.895, 'epoch': 70.21}
{'eval_train_loss': 0.00106923864223063, 'eval_train_token_acc': 0.9466893327666809, 'eval_train_seq_acc': 0.0, 'eval_train_move_acc': 0.974, 'eval_train_mod8_acc': 0.9779116465863453, 'eval_train_mod4_acc': 0.9779116465863453, 'eval_train_runtime': 0.5521, 'eval_train_samples_per_second': 1811.157, 'eval_train_steps_per_second': 28.979, 'epoch': 70.21}
{'loss': 0.0011, 'learning_rate': 2.830301850063354e-05, 'epoch': 71.28}
{'eval_eval_loss': 0.0008745047962293029, 'eval_eval_token_acc': 0.9463678516228748, 'eval_eval_seq_acc': 0.0, 'eval_eval_move_acc': 0.985, 'eval_eval_mod8_acc': 0.985985985985986, 'eval_eval_mod4_acc': 0.985985985985986, 'eval_eval_runtime': 1.1059, 'eval_eval_samples_per_second': 1808.479, 'eval_eval_steps_per_second': 28.936, 'epoch': 71.28}
{'eval_train_loss': 0.0003666456905193627, 'eval_train_token_acc': 0.9466893327666809, 'eval_train_seq_acc': 0.0, 'eval_train_move_acc': 0.994, 'eval_train_mod8_acc': 0.994, 'eval_train_mod4_acc': 0.994, 'eval_train_runtime': 0.5538, 'eval_train_samples_per_second': 1805.675, 'eval_train_steps_per_second': 28.891, 'epoch': 71.28}
  Pushed checkpoint step-17000 to ijinyu1113/ft_mr7_70m_seed1_purenum
{'loss': 0.0013, 'learning_rate': 2.8216216195962963e-05, 'epoch': 72.34}
{'eval_eval_loss': 0.0011462041875347495, 'eval_eval_token_acc': 0.9463678516228748, 'eval_eval_seq_acc': 0.0, 'eval_eval_move_acc': 0.974, 'eval_eval_mod8_acc': 0.9764411027568922, 'eval_eval_mod4_acc': 0.9764411027568922, 'eval_eval_runtime': 1.1027, 'eval_eval_samples_per_second': 1813.79, 'eval_eval_steps_per_second': 29.021, 'epoch': 72.34}
{'eval_train_loss': 0.0006433313828893006, 'eval_train_token_acc': 0.9466893327666809, 'eval_train_seq_acc': 0.0, 'eval_train_move_acc': 0.987, 'eval_train_mod8_acc': 0.987987987987988, 'eval_train_mod4_acc': 0.987987987987988, 'eval_train_runtime': 0.5507, 'eval_train_samples_per_second': 1816.02, 'eval_train_steps_per_second': 29.056, 'epoch': 72.34}
{'loss': 0.0008, 'learning_rate': 2.812738892359801e-05, 'epoch': 73.4}
{'eval_eval_loss': 0.0030711221043020487, 'eval_eval_token_acc': 0.9463678516228748, 'eval_eval_seq_acc': 0.0, 'eval_eval_move_acc': 0.9355, 'eval_eval_mod8_acc': 0.9454269833249116, 'eval_eval_mod4_acc': 0.9454269833249116, 'eval_eval_runtime': 1.1077, 'eval_eval_samples_per_second': 1805.469, 'eval_eval_steps_per_second': 28.888, 'epoch': 73.4}
{'eval_train_loss': 0.0017768425168469548, 'eval_train_token_acc': 0.9466893327666809, 'eval_train_seq_acc': 0.0, 'eval_train_move_acc': 0.959, 'eval_train_mod8_acc': 0.9618856569709128, 'eval_train_mod4_acc': 0.9618856569709128, 'eval_train_runtime': 0.5533, 'eval_train_samples_per_second': 1807.478, 'eval_train_steps_per_second': 28.92, 'epoch': 73.4}
{'loss': 0.0013, 'learning_rate': 2.8036550293512534e-05, 'epoch': 74.47}
{'eval_eval_loss': 0.0010026529198512435, 'eval_eval_token_acc': 0.9463678516228748, 'eval_eval_seq_acc': 0.0, 'eval_eval_move_acc': 0.9785, 'eval_eval_mod8_acc': 0.9794794794794794, 'eval_eval_mod4_acc': 0.9794794794794794, 'eval_eval_runtime': 1.1048, 'eval_eval_samples_per_second': 1810.249, 'eval_eval_steps_per_second': 28.964, 'epoch': 74.47}
{'eval_train_loss': 0.0002892460615839809, 'eval_train_token_acc': 0.9466893327666809, 'eval_train_seq_acc': 0.0, 'eval_train_move_acc': 0.998, 'eval_train_mod8_acc': 0.998, 'eval_train_mod4_acc': 0.998, 'eval_train_runtime': 0.5513, 'eval_train_samples_per_second': 1814.035, 'eval_train_steps_per_second': 29.025, 'epoch': 74.47}
{'loss': 0.0005, 'learning_rate': 2.7943714223857438e-05, 'epoch': 75.53}
{'eval_eval_loss': 0.0004747105995193124, 'eval_eval_token_acc': 0.9463678516228748, 'eval_eval_seq_acc': 0.0, 'eval_eval_move_acc': 0.99, 'eval_eval_mod8_acc': 0.9919839679358717, 'eval_eval_mod4_acc': 0.9919839679358717, 'eval_eval_runtime': 1.1042, 'eval_eval_samples_per_second': 1811.222, 'eval_eval_steps_per_second': 28.98, 'epoch': 75.53}
{'eval_train_loss': 0.00022669920872431248, 'eval_train_token_acc': 0.9466893327666809, 'eval_train_seq_acc': 0.0, 'eval_train_move_acc': 0.996, 'eval_train_mod8_acc': 0.996996996996997, 'eval_train_mod4_acc': 0.996996996996997, 'eval_train_runtime': 0.5514, 'eval_train_samples_per_second': 1813.603, 'eval_train_steps_per_second': 29.018, 'epoch': 75.53}
  Pushed checkpoint step-18000 to ijinyu1113/ft_mr7_70m_seed1_purenum
{'loss': 0.0008, 'learning_rate': 2.7848894938828134e-05, 'epoch': 76.6}
{'eval_eval_loss': 0.0028363449964672327, 'eval_eval_token_acc': 0.9463678516228748, 'eval_eval_seq_acc': 0.0, 'eval_eval_move_acc': 0.9485, 'eval_eval_mod8_acc': 0.9556675062972292, 'eval_eval_mod4_acc': 0.9556675062972292, 'eval_eval_runtime': 1.1036, 'eval_eval_samples_per_second': 1812.306, 'eval_eval_steps_per_second': 28.997, 'epoch': 76.6}
{'eval_train_loss': 0.001615865738131106, 'eval_train_token_acc': 0.9466893327666809, 'eval_train_seq_acc': 0.0, 'eval_train_move_acc': 0.966, 'eval_train_mod8_acc': 0.966, 'eval_train_mod4_acc': 0.966, 'eval_train_runtime': 0.5512, 'eval_train_samples_per_second': 1814.12, 'eval_train_steps_per_second': 29.026, 'epoch': 76.6}
{'loss': 0.0011, 'learning_rate': 2.7752106966485177e-05, 'epoch': 77.66}
{'eval_eval_loss': 0.0007633945206180215, 'eval_eval_token_acc': 0.9463678516228748, 'eval_eval_seq_acc': 0.0, 'eval_eval_move_acc': 0.988, 'eval_eval_mod8_acc': 0.9894842263395093, 'eval_eval_mod4_acc': 0.9894842263395093, 'eval_eval_runtime': 1.1047, 'eval_eval_samples_per_second': 1810.469, 'eval_eval_steps_per_second': 28.968, 'epoch': 77.66}
{'eval_train_loss': 0.00021678692428395152, 'eval_train_token_acc': 0.9466893327666809, 'eval_train_seq_acc': 0.0, 'eval_train_move_acc': 0.997, 'eval_train_mod8_acc': 0.997, 'eval_train_mod4_acc': 0.997, 'eval_train_runtime': 0.5529, 'eval_train_samples_per_second': 1808.638, 'eval_train_steps_per_second': 28.938, 'epoch': 77.66}
{'loss': 0.0011, 'learning_rate': 2.7653365136528246e-05, 'epoch': 78.72}
{'eval_eval_loss': 0.001539949094876647, 'eval_eval_token_acc': 0.9463678516228748, 'eval_eval_seq_acc': 0.0, 'eval_eval_move_acc': 0.9685, 'eval_eval_mod8_acc': 0.9743460764587525, 'eval_eval_mod4_acc': 0.9743460764587525, 'eval_eval_runtime': 1.1072, 'eval_eval_samples_per_second': 1806.338, 'eval_eval_steps_per_second': 28.901, 'epoch': 78.72}
{'eval_train_loss': 0.0007523255771957338, 'eval_train_token_acc': 0.9466893327666809, 'eval_train_seq_acc': 0.0, 'eval_train_move_acc': 0.986, 'eval_train_mod8_acc': 0.9889669007021064, 'eval_train_mod4_acc': 0.9889669007021064, 'eval_train_runtime': 0.5536, 'eval_train_samples_per_second': 1806.326, 'eval_train_steps_per_second': 28.901, 'epoch': 78.72}
{'loss': 0.0004, 'learning_rate': 2.7552684578024e-05, 'epoch': 79.79}
{'eval_eval_loss': 0.000279150961432606, 'eval_eval_token_acc': 0.9463678516228748, 'eval_eval_seq_acc': 0.0, 'eval_eval_move_acc': 0.9945, 'eval_eval_mod8_acc': 0.9945, 'eval_eval_mod4_acc': 0.9945, 'eval_eval_runtime': 1.1074, 'eval_eval_samples_per_second': 1805.978, 'eval_eval_steps_per_second': 28.896, 'epoch': 79.79}
{'eval_train_loss': 3.690825178637169e-05, 'eval_train_token_acc': 0.9466893327666809, 'eval_train_seq_acc': 0.0, 'eval_train_move_acc': 1.0, 'eval_train_mod8_acc': 1.0, 'eval_train_mod4_acc': 1.0, 'eval_train_runtime': 0.5546, 'eval_train_samples_per_second': 1803.076, 'eval_train_steps_per_second': 28.849, 'epoch': 79.79}
  Pushed checkpoint step-19000 to ijinyu1113/ft_mr7_70m_seed1_purenum
{'loss': 0.0004, 'learning_rate': 2.7450080717087995e-05, 'epoch': 80.85}
{'eval_eval_loss': 0.00046276647481136024, 'eval_eval_token_acc': 0.9463678516228748, 'eval_eval_seq_acc': 0.0, 'eval_eval_move_acc': 0.9905, 'eval_eval_mod8_acc': 0.9924849699398798, 'eval_eval_mod4_acc': 0.9924849699398798, 'eval_eval_runtime': 1.1076, 'eval_eval_samples_per_second': 1805.745, 'eval_eval_steps_per_second': 28.892, 'epoch': 80.85}
{'eval_train_loss': 0.00021760496019851416, 'eval_train_token_acc': 0.9466893327666809, 'eval_train_seq_acc': 0.0, 'eval_train_move_acc': 0.995, 'eval_train_mod8_acc': 0.995995995995996, 'eval_train_mod4_acc': 0.995995995995996, 'eval_train_runtime': 0.5516, 'eval_train_samples_per_second': 1812.801, 'eval_train_steps_per_second': 29.005, 'epoch': 80.85}
{'loss': 0.0005, 'learning_rate': 2.7345569274521162e-05, 'epoch': 81.91}
{'eval_eval_loss': 0.001986012328416109, 'eval_eval_token_acc': 0.9463678516228748, 'eval_eval_seq_acc': 0.0, 'eval_eval_move_acc': 0.952, 'eval_eval_mod8_acc': 0.9553437029603613, 'eval_eval_mod4_acc': 0.9553437029603613, 'eval_eval_runtime': 1.107, 'eval_eval_samples_per_second': 1806.68, 'eval_eval_steps_per_second': 28.907, 'epoch': 81.91}
{'eval_train_loss': 0.0015477907145395875, 'eval_train_token_acc': 0.9466893327666809, 'eval_train_seq_acc': 0.0, 'eval_train_move_acc': 0.964, 'eval_train_mod8_acc': 0.966900702106319, 'eval_train_mod4_acc': 0.966900702106319, 'eval_train_runtime': 0.5518, 'eval_train_samples_per_second': 1812.156, 'eval_train_steps_per_second': 28.994, 'epoch': 81.91}
{'loss': 0.0015, 'learning_rate': 2.7239166263401055e-05, 'epoch': 82.98}
{'eval_eval_loss': 0.0027095561381429434, 'eval_eval_token_acc': 0.9463678516228748, 'eval_eval_seq_acc': 0.0, 'eval_eval_move_acc': 0.9405, 'eval_eval_mod8_acc': 0.9409704852426213, 'eval_eval_mod4_acc': 0.9409704852426213, 'eval_eval_runtime': 1.1048, 'eval_eval_samples_per_second': 1810.332, 'eval_eval_steps_per_second': 28.965, 'epoch': 82.98}
{'eval_train_loss': 0.001808269415050745, 'eval_train_token_acc': 0.9466893327666809, 'eval_train_seq_acc': 0.0, 'eval_train_move_acc': 0.956, 'eval_train_mod8_acc': 0.956, 'eval_train_mod4_acc': 0.956, 'eval_train_runtime': 0.5517, 'eval_train_samples_per_second': 1812.602, 'eval_train_steps_per_second': 29.002, 'epoch': 82.98}
{'loss': 0.0008, 'learning_rate': 2.7130887986628354e-05, 'epoch': 84.04}
{'eval_eval_loss': 0.00031880088499747217, 'eval_eval_token_acc': 0.9463678516228748, 'eval_eval_seq_acc': 0.0, 'eval_eval_move_acc': 0.997, 'eval_eval_mod8_acc': 0.997, 'eval_eval_mod4_acc': 0.997, 'eval_eval_runtime': 1.1041, 'eval_eval_samples_per_second': 1811.505, 'eval_eval_steps_per_second': 28.984, 'epoch': 84.04}
{'eval_train_loss': 7.88307806942612e-05, 'eval_train_token_acc': 0.9466893327666809, 'eval_train_seq_acc': 0.0, 'eval_train_move_acc': 0.999, 'eval_train_mod8_acc': 0.999, 'eval_train_mod4_acc': 0.999, 'eval_train_runtime': 0.5534, 'eval_train_samples_per_second': 1807.006, 'eval_train_steps_per_second': 28.912, 'epoch': 84.04}
  Pushed checkpoint step-20000 to ijinyu1113/ft_mr7_70m_seed1_purenum
{'loss': 0.0001, 'learning_rate': 2.7020751034428975e-05, 'epoch': 85.11}
{'eval_eval_loss': 0.00015246162365656346, 'eval_eval_token_acc': 0.9463678516228748, 'eval_eval_seq_acc': 0.0, 'eval_eval_move_acc': 0.9975, 'eval_eval_mod8_acc': 0.9984984984984985, 'eval_eval_mod4_acc': 0.9984984984984985, 'eval_eval_runtime': 1.1036, 'eval_eval_samples_per_second': 1812.317, 'eval_eval_steps_per_second': 28.997, 'epoch': 85.11}
{'eval_train_loss': 8.257640001829714e-05, 'eval_train_token_acc': 0.9466893327666809, 'eval_train_seq_acc': 0.0, 'eval_train_move_acc': 0.996, 'eval_train_mod8_acc': 0.996, 'eval_train_mod4_acc': 0.996, 'eval_train_runtime': 0.5509, 'eval_train_samples_per_second': 1815.082, 'eval_train_steps_per_second': 29.041, 'epoch': 85.11}
{'loss': 0.0006, 'learning_rate': 2.690877228181215e-05, 'epoch': 86.17}
{'eval_eval_loss': 0.0034406622871756554, 'eval_eval_token_acc': 0.9463678516228748, 'eval_eval_seq_acc': 0.0, 'eval_eval_move_acc': 0.934, 'eval_eval_mod8_acc': 0.9429581019687027, 'eval_eval_mod4_acc': 0.9429581019687027, 'eval_eval_runtime': 1.1086, 'eval_eval_samples_per_second': 1804.097, 'eval_eval_steps_per_second': 28.866, 'epoch': 86.17}
{'eval_train_loss': 0.0019420910393819213, 'eval_train_token_acc': 0.9466893327666809, 'eval_train_seq_acc': 0.0, 'eval_train_move_acc': 0.964, 'eval_train_mod8_acc': 0.9688442211055276, 'eval_train_mod4_acc': 0.9688442211055276, 'eval_train_runtime': 0.5534, 'eval_train_samples_per_second': 1807.052, 'eval_train_steps_per_second': 28.913, 'epoch': 86.17}
{'loss': 0.0015, 'learning_rate': 2.6794968885984824e-05, 'epoch': 87.23}
{'eval_eval_loss': 0.0019437861628830433, 'eval_eval_token_acc': 0.9463678516228748, 'eval_eval_seq_acc': 0.0, 'eval_eval_move_acc': 0.9595, 'eval_eval_mod8_acc': 0.9696816574027286, 'eval_eval_mod4_acc': 0.9696816574027286, 'eval_eval_runtime': 1.1059, 'eval_eval_samples_per_second': 1808.56, 'eval_eval_steps_per_second': 28.937, 'epoch': 87.23}
{'eval_train_loss': 0.001119658350944519, 'eval_train_token_acc': 0.9466893327666809, 'eval_train_seq_acc': 0.0, 'eval_train_move_acc': 0.974, 'eval_train_mod8_acc': 0.9779116465863453, 'eval_train_mod4_acc': 0.9779116465863453, 'eval_train_runtime': 0.5535, 'eval_train_samples_per_second': 1806.81, 'eval_train_steps_per_second': 28.909, 'epoch': 87.23}
{'loss': 0.0002, 'learning_rate': 2.6679358283722907e-05, 'epoch': 88.3}
{'eval_eval_loss': 0.00011466154683148488, 'eval_eval_token_acc': 0.9463678516228748, 'eval_eval_seq_acc': 0.0, 'eval_eval_move_acc': 0.9975, 'eval_eval_mod8_acc': 0.9975, 'eval_eval_mod4_acc': 0.9975, 'eval_eval_runtime': 1.1083, 'eval_eval_samples_per_second': 1804.575, 'eval_eval_steps_per_second': 28.873, 'epoch': 88.3}
{'eval_train_loss': 3.1109437259146944e-05, 'eval_train_token_acc': 0.9466893327666809, 'eval_train_seq_acc': 0.0, 'eval_train_move_acc': 1.0, 'eval_train_mod8_acc': 1.0, 'eval_train_mod4_acc': 1.0, 'eval_train_runtime': 0.5546, 'eval_train_samples_per_second': 1803.062, 'eval_train_steps_per_second': 28.849, 'epoch': 88.3}
  Pushed checkpoint step-21000 to ijinyu1113/ft_mr7_70m_seed1_purenum
{'loss': 0.0002, 'learning_rate': 2.6561958188699604e-05, 'epoch': 89.36}
{'eval_eval_loss': 0.0015245776157826185, 'eval_eval_token_acc': 0.9463678516228748, 'eval_eval_seq_acc': 0.0, 'eval_eval_move_acc': 0.974, 'eval_eval_mod8_acc': 0.9774209734069242, 'eval_eval_mod4_acc': 0.9774209734069242, 'eval_eval_runtime': 1.1045, 'eval_eval_samples_per_second': 1810.728, 'eval_eval_steps_per_second': 28.972, 'epoch': 89.36}
{'eval_train_loss': 0.0011290463153272867, 'eval_train_token_acc': 0.9466893327666809, 'eval_train_seq_acc': 0.0, 'eval_train_move_acc': 0.981, 'eval_train_mod8_acc': 0.9819819819819819, 'eval_train_mod4_acc': 0.9819819819819819, 'eval_train_runtime': 0.5526, 'eval_train_samples_per_second': 1809.577, 'eval_train_steps_per_second': 28.953, 'epoch': 89.36}
{'loss': 0.001, 'learning_rate': 2.644278658877136e-05, 'epoch': 90.43}
{'eval_eval_loss': 0.0006294181803241372, 'eval_eval_token_acc': 0.9463678516228748, 'eval_eval_seq_acc': 0.0, 'eval_eval_move_acc': 0.99, 'eval_eval_mod8_acc': 0.9919839679358717, 'eval_eval_mod4_acc': 0.9919839679358717, 'eval_eval_runtime': 1.1085, 'eval_eval_samples_per_second': 1804.206, 'eval_eval_steps_per_second': 28.867, 'epoch': 90.43}
{'eval_train_loss': 0.00045615987619385123, 'eval_train_token_acc': 0.9466893327666809, 'eval_train_seq_acc': 0.0, 'eval_train_move_acc': 0.994, 'eval_train_mod8_acc': 0.994994994994995, 'eval_train_mod4_acc': 0.994994994994995, 'eval_train_runtime': 0.5544, 'eval_train_samples_per_second': 1803.716, 'eval_train_steps_per_second': 28.859, 'epoch': 90.43}
{'loss': 0.0009, 'learning_rate': 2.63218617432218e-05, 'epoch': 91.49}
{'eval_eval_loss': 0.00036862786510027945, 'eval_eval_token_acc': 0.9463678516228748, 'eval_eval_seq_acc': 0.0, 'eval_eval_move_acc': 0.9945, 'eval_eval_mod8_acc': 0.9954954954954955, 'eval_eval_mod4_acc': 0.9954954954954955, 'eval_eval_runtime': 1.1088, 'eval_eval_samples_per_second': 1803.772, 'eval_eval_steps_per_second': 28.86, 'epoch': 91.49}
{'eval_train_loss': 8.674793934915215e-05, 'eval_train_token_acc': 0.9466893327666809, 'eval_train_seq_acc': 0.0, 'eval_train_move_acc': 0.998, 'eval_train_mod8_acc': 0.998, 'eval_train_mod4_acc': 0.998, 'eval_train_runtime': 0.5539, 'eval_train_samples_per_second': 1805.461, 'eval_train_steps_per_second': 28.887, 'epoch': 91.49}
{'loss': 0.0001, 'learning_rate': 2.6199202179964063e-05, 'epoch': 92.55}
{'eval_eval_loss': 0.0006509212544187903, 'eval_eval_token_acc': 0.9463678516228748, 'eval_eval_seq_acc': 0.0, 'eval_eval_move_acc': 0.9875, 'eval_eval_mod8_acc': 0.9919638372677047, 'eval_eval_mod4_acc': 0.9919638372677047, 'eval_eval_runtime': 1.1034, 'eval_eval_samples_per_second': 1812.577, 'eval_eval_steps_per_second': 29.001, 'epoch': 92.55}
{'eval_train_loss': 0.00017844045942183584, 'eval_train_token_acc': 0.9466893327666809, 'eval_train_seq_acc': 0.0, 'eval_train_move_acc': 0.997, 'eval_train_mod8_acc': 0.997997997997998, 'eval_train_mod4_acc': 0.997997997997998, 'eval_train_runtime': 0.5525, 'eval_train_samples_per_second': 1810.065, 'eval_train_steps_per_second': 28.961, 'epoch': 92.55}
  Pushed checkpoint step-22000 to ijinyu1113/ft_mr7_70m_seed1_purenum
{'loss': 0.0007, 'learning_rate': 2.6074826692701983e-05, 'epoch': 93.62}
{'eval_eval_loss': 0.001451239106245339, 'eval_eval_token_acc': 0.9463678516228748, 'eval_eval_seq_acc': 0.0, 'eval_eval_move_acc': 0.971, 'eval_eval_mod8_acc': 0.9734335839598998, 'eval_eval_mod4_acc': 0.9734335839598998, 'eval_eval_runtime': 1.1052, 'eval_eval_samples_per_second': 1809.678, 'eval_eval_steps_per_second': 28.955, 'epoch': 93.62}
{'eval_train_loss': 0.0015794570790603757, 'eval_train_token_acc': 0.9466893327666809, 'eval_train_seq_acc': 0.0, 'eval_train_move_acc': 0.967, 'eval_train_mod8_acc': 0.968937875751503, 'eval_train_mod4_acc': 0.968937875751503, 'eval_train_runtime': 0.5528, 'eval_train_samples_per_second': 1809.059, 'eval_train_steps_per_second': 28.945, 'epoch': 93.62}
{'loss': 0.0006, 'learning_rate': 2.594875433805055e-05, 'epoch': 94.68}
{'eval_eval_loss': 0.00014050363097339869, 'eval_eval_token_acc': 0.9463678516228748, 'eval_eval_seq_acc': 0.0, 'eval_eval_move_acc': 0.998, 'eval_eval_mod8_acc': 0.998, 'eval_eval_mod4_acc': 0.998, 'eval_eval_runtime': 1.1027, 'eval_eval_samples_per_second': 1813.712, 'eval_eval_steps_per_second': 29.019, 'epoch': 94.68}
{'eval_train_loss': 0.00011628447828115895, 'eval_train_token_acc': 0.9466893327666809, 'eval_train_seq_acc': 0.0, 'eval_train_move_acc': 0.997, 'eval_train_mod8_acc': 0.997, 'eval_train_mod4_acc': 0.997, 'eval_train_runtime': 0.5521, 'eval_train_samples_per_second': 1811.251, 'eval_train_steps_per_second': 28.98, 'epoch': 94.68}
{'loss': 0.0, 'learning_rate': 2.5821004432616087e-05, 'epoch': 95.74}
{'eval_eval_loss': 0.00015468421042896807, 'eval_eval_token_acc': 0.9463678516228748, 'eval_eval_seq_acc': 0.0, 'eval_eval_move_acc': 0.998, 'eval_eval_mod8_acc': 0.998, 'eval_eval_mod4_acc': 0.998, 'eval_eval_runtime': 1.1052, 'eval_eval_samples_per_second': 1809.707, 'eval_eval_steps_per_second': 28.955, 'epoch': 95.74}
{'eval_train_loss': 9.063297511602286e-06, 'eval_train_token_acc': 0.9466893327666809, 'eval_train_seq_acc': 0.0, 'eval_train_move_acc': 1.0, 'eval_train_mod8_acc': 1.0, 'eval_train_mod4_acc': 1.0, 'eval_train_runtime': 0.5532, 'eval_train_samples_per_second': 1807.721, 'eval_train_steps_per_second': 28.924, 'epoch': 95.74}
{'loss': 0.0, 'learning_rate': 2.5691596550036588e-05, 'epoch': 96.81}
{'eval_eval_loss': 0.00011521153646754101, 'eval_eval_token_acc': 0.9463678516228748, 'eval_eval_seq_acc': 0.0, 'eval_eval_move_acc': 0.9985, 'eval_eval_mod8_acc': 0.9985, 'eval_eval_mod4_acc': 0.9985, 'eval_eval_runtime': 1.1062, 'eval_eval_samples_per_second': 1807.986, 'eval_eval_steps_per_second': 28.928, 'epoch': 96.81}
{'eval_train_loss': 6.108286925154971e-06, 'eval_train_token_acc': 0.9466893327666809, 'eval_train_seq_acc': 0.0, 'eval_train_move_acc': 1.0, 'eval_train_mod8_acc': 1.0, 'eval_train_mod4_acc': 1.0, 'eval_train_runtime': 0.5526, 'eval_train_samples_per_second': 1809.526, 'eval_train_steps_per_second': 28.952, 'epoch': 96.81}
  Pushed checkpoint step-23000 to ijinyu1113/ft_mr7_70m_seed1_purenum
{'loss': 0.0, 'learning_rate': 2.5560550517982677e-05, 'epoch': 97.87}
{'eval_eval_loss': 0.00021025195019319654, 'eval_eval_token_acc': 0.9463678516228748, 'eval_eval_seq_acc': 0.0, 'eval_eval_move_acc': 0.9965, 'eval_eval_mod8_acc': 0.9969984992496248, 'eval_eval_mod4_acc': 0.9969984992496248, 'eval_eval_runtime': 1.1061, 'eval_eval_samples_per_second': 1808.097, 'eval_eval_steps_per_second': 28.93, 'epoch': 97.87}
{'eval_train_loss': 5.573695671046153e-05, 'eval_train_token_acc': 0.9466893327666809, 'eval_train_seq_acc': 0.0, 'eval_train_move_acc': 0.999, 'eval_train_mod8_acc': 0.999, 'eval_train_mod4_acc': 0.999, 'eval_train_runtime': 0.553, 'eval_train_samples_per_second': 1808.434, 'eval_train_steps_per_second': 28.935, 'epoch': 97.87}
{'loss': 0.0015, 'learning_rate': 2.5427886415119635e-05, 'epoch': 98.94}
{'eval_eval_loss': 0.001233999035321176, 'eval_eval_token_acc': 0.9463678516228748, 'eval_eval_seq_acc': 0.0, 'eval_eval_move_acc': 0.975, 'eval_eval_mod8_acc': 0.9794073329984933, 'eval_eval_mod4_acc': 0.9794073329984933, 'eval_eval_runtime': 1.106, 'eval_eval_samples_per_second': 1808.338, 'eval_eval_steps_per_second': 28.933, 'epoch': 98.94}
{'eval_train_loss': 0.0008784517413005233, 'eval_train_token_acc': 0.9466893327666809, 'eval_train_seq_acc': 0.0, 'eval_train_move_acc': 0.983, 'eval_train_mod8_acc': 0.9869477911646586, 'eval_train_mod4_acc': 0.9869477911646586, 'eval_train_runtime': 0.5531, 'eval_train_samples_per_second': 1807.875, 'eval_train_steps_per_second': 28.926, 'epoch': 98.94}
{'loss': 0.0005, 'learning_rate': 2.5293624568031008e-05, 'epoch': 100.0}
{'eval_eval_loss': 0.0008934405050240457, 'eval_eval_token_acc': 0.9463678516228748, 'eval_eval_seq_acc': 0.0, 'eval_eval_move_acc': 0.9805, 'eval_eval_mod8_acc': 0.9829573934837093, 'eval_eval_mod4_acc': 0.9829573934837093, 'eval_eval_runtime': 1.1073, 'eval_eval_samples_per_second': 1806.276, 'eval_eval_steps_per_second': 28.9, 'epoch': 100.0}
{'eval_train_loss': 0.0004727371851913631, 'eval_train_token_acc': 0.9466893327666809, 'eval_train_seq_acc': 0.0, 'eval_train_move_acc': 0.992, 'eval_train_mod8_acc': 0.9949849548645938, 'eval_train_mod4_acc': 0.9949849548645938, 'eval_train_runtime': 0.5544, 'eval_train_samples_per_second': 1803.895, 'eval_train_steps_per_second': 28.862, 'epoch': 100.0}
{'loss': 0.0002, 'learning_rate': 2.515778554810415e-05, 'epoch': 101.06}
{'eval_eval_loss': 0.0014882601099088788, 'eval_eval_token_acc': 0.9463678516228748, 'eval_eval_seq_acc': 0.0, 'eval_eval_move_acc': 0.976, 'eval_eval_mod8_acc': 0.9784461152882206, 'eval_eval_mod4_acc': 0.9784461152882206, 'eval_eval_runtime': 1.1066, 'eval_eval_samples_per_second': 1807.349, 'eval_eval_steps_per_second': 28.918, 'epoch': 101.06}
{'eval_train_loss': 0.0008684404892846942, 'eval_train_token_acc': 0.9466893327666809, 'eval_train_seq_acc': 0.0, 'eval_train_move_acc': 0.985, 'eval_train_mod8_acc': 0.9889558232931727, 'eval_train_mod4_acc': 0.9889558232931727, 'eval_train_runtime': 0.5535, 'eval_train_samples_per_second': 1806.674, 'eval_train_steps_per_second': 28.907, 'epoch': 101.06}
  Pushed checkpoint step-24000 to ijinyu1113/ft_mr7_70m_seed1_purenum
{'loss': 0.0013, 'learning_rate': 2.5020390168378374e-05, 'epoch': 102.13}
{'eval_eval_loss': 0.00044163555139675736, 'eval_eval_token_acc': 0.9463678516228748, 'eval_eval_seq_acc': 0.0, 'eval_eval_move_acc': 0.989, 'eval_eval_mod8_acc': 0.9914786967418546, 'eval_eval_mod4_acc': 0.9914786967418546, 'eval_eval_runtime': 1.1132, 'eval_eval_samples_per_second': 1796.619, 'eval_eval_steps_per_second': 28.746, 'epoch': 102.13}
{'eval_train_loss': 0.00012335795327089727, 'eval_train_token_acc': 0.9466893327666809, 'eval_train_seq_acc': 0.0, 'eval_train_move_acc': 0.998, 'eval_train_mod8_acc': 0.998, 'eval_train_mod4_acc': 0.998, 'eval_train_runtime': 0.5567, 'eval_train_samples_per_second': 1796.267, 'eval_train_steps_per_second': 28.74, 'epoch': 102.13}
{'loss': 0.0001, 'learning_rate': 2.4881459480355942e-05, 'epoch': 103.19}
{'eval_eval_loss': 0.00011071190237998962, 'eval_eval_token_acc': 0.9463678516228748, 'eval_eval_seq_acc': 0.0, 'eval_eval_move_acc': 0.9975, 'eval_eval_mod8_acc': 0.9979989994997499, 'eval_eval_mod4_acc': 0.9979989994997499, 'eval_eval_runtime': 1.1074, 'eval_eval_samples_per_second': 1806.025, 'eval_eval_steps_per_second': 28.896, 'epoch': 103.19}
{'eval_train_loss': 1.366991000395501e-05, 'eval_train_token_acc': 0.9466893327666809, 'eval_train_seq_acc': 0.0, 'eval_train_move_acc': 1.0, 'eval_train_mod8_acc': 1.0, 'eval_train_mod4_acc': 1.0, 'eval_train_runtime': 0.5525, 'eval_train_samples_per_second': 1809.829, 'eval_train_steps_per_second': 28.957, 'epoch': 103.19}
{'loss': 0.0001, 'learning_rate': 2.4741014770776632e-05, 'epoch': 104.26}
{'eval_eval_loss': 0.0003942611219827086, 'eval_eval_token_acc': 0.9463678516228748, 'eval_eval_seq_acc': 0.0, 'eval_eval_move_acc': 0.9915, 'eval_eval_mod8_acc': 0.9919959979989995, 'eval_eval_mod4_acc': 0.9919959979989995, 'eval_eval_runtime': 1.1066, 'eval_eval_samples_per_second': 1807.316, 'eval_eval_steps_per_second': 28.917, 'epoch': 104.26}
{'eval_train_loss': 8.000104571692646e-05, 'eval_train_token_acc': 0.9466893327666809, 'eval_train_seq_acc': 0.0, 'eval_train_move_acc': 0.999, 'eval_train_mod8_acc': 0.999, 'eval_train_mod4_acc': 0.999, 'eval_train_runtime': 0.5543, 'eval_train_samples_per_second': 1804.113, 'eval_train_steps_per_second': 28.866, 'epoch': 104.26}
{'loss': 0.0002, 'learning_rate': 2.4599077558356208e-05, 'epoch': 105.32}
{'eval_eval_loss': 0.0076549057848751545, 'eval_eval_token_acc': 0.9463678516228748, 'eval_eval_seq_acc': 0.0, 'eval_eval_move_acc': 0.9, 'eval_eval_mod8_acc': 0.907258064516129, 'eval_eval_mod4_acc': 0.907258064516129, 'eval_eval_runtime': 1.1208, 'eval_eval_samples_per_second': 1784.483, 'eval_eval_steps_per_second': 28.552, 'epoch': 105.32}
{'eval_train_loss': 0.007393766660243273, 'eval_train_token_acc': 0.9466893327666809, 'eval_train_seq_acc': 0.0, 'eval_train_move_acc': 0.906, 'eval_train_mod8_acc': 0.9133064516129032, 'eval_train_mod4_acc': 0.9133064516129032, 'eval_train_runtime': 0.5609, 'eval_train_samples_per_second': 1782.723, 'eval_train_steps_per_second': 28.524, 'epoch': 105.32}
  Pushed checkpoint step-25000 to ijinyu1113/ft_mr7_70m_seed1_purenum
{'loss': 0.0017, 'learning_rate': 2.445566959048934e-05, 'epoch': 106.38}
{'eval_eval_loss': 0.00023294669517781585, 'eval_eval_token_acc': 0.9463678516228748, 'eval_eval_seq_acc': 0.0, 'eval_eval_move_acc': 0.9965, 'eval_eval_mod8_acc': 0.9969984992496248, 'eval_eval_mod4_acc': 0.9969984992496248, 'eval_eval_runtime': 1.1045, 'eval_eval_samples_per_second': 1810.763, 'eval_eval_steps_per_second': 28.972, 'epoch': 106.38}
{'eval_train_loss': 4.1426465031690896e-05, 'eval_train_token_acc': 0.9466893327666809, 'eval_train_seq_acc': 0.0, 'eval_train_move_acc': 1.0, 'eval_train_mod8_acc': 1.0, 'eval_train_mod4_acc': 1.0, 'eval_train_runtime': 0.5519, 'eval_train_samples_per_second': 1811.895, 'eval_train_steps_per_second': 28.99, 'epoch': 106.38}
{'loss': 0.0, 'learning_rate': 2.4310812839917536e-05, 'epoch': 107.45}
{'eval_eval_loss': 0.00022155999613460153, 'eval_eval_token_acc': 0.9463678516228748, 'eval_eval_seq_acc': 0.0, 'eval_eval_move_acc': 0.995, 'eval_eval_mod8_acc': 0.995, 'eval_eval_mod4_acc': 0.995, 'eval_eval_runtime': 1.1076, 'eval_eval_samples_per_second': 1805.661, 'eval_eval_steps_per_second': 28.891, 'epoch': 107.45}
{'eval_train_loss': 0.00013559720537159592, 'eval_train_token_acc': 0.9466893327666809, 'eval_train_seq_acc': 0.0, 'eval_train_move_acc': 0.996, 'eval_train_mod8_acc': 0.996, 'eval_train_mod4_acc': 0.996, 'eval_train_runtime': 0.5537, 'eval_train_samples_per_second': 1805.99, 'eval_train_steps_per_second': 28.896, 'epoch': 107.45}
{'loss': 0.0, 'learning_rate': 2.416452950136248e-05, 'epoch': 108.51}
{'eval_eval_loss': 8.237629663199186e-05, 'eval_eval_token_acc': 0.9463678516228748, 'eval_eval_seq_acc': 0.0, 'eval_eval_move_acc': 0.998, 'eval_eval_mod8_acc': 0.998, 'eval_eval_mod4_acc': 0.998, 'eval_eval_runtime': 1.1056, 'eval_eval_samples_per_second': 1809.033, 'eval_eval_steps_per_second': 28.945, 'epoch': 108.51}
{'eval_train_loss': 5.356044766813284e-06, 'eval_train_token_acc': 0.9466893327666809, 'eval_train_seq_acc': 0.0, 'eval_train_move_acc': 1.0, 'eval_train_mod8_acc': 1.0, 'eval_train_mod4_acc': 1.0, 'eval_train_runtime': 0.5529, 'eval_train_samples_per_second': 1808.583, 'eval_train_steps_per_second': 28.937, 'epoch': 108.51}
{'loss': 0.0, 'learning_rate': 2.401684198812541e-05, 'epoch': 109.57}
{'eval_eval_loss': 7.918560731923208e-05, 'eval_eval_token_acc': 0.9463678516228748, 'eval_eval_seq_acc': 0.0, 'eval_eval_move_acc': 0.9985, 'eval_eval_mod8_acc': 0.9985, 'eval_eval_mod4_acc': 0.9985, 'eval_eval_runtime': 1.1043, 'eval_eval_samples_per_second': 1811.149, 'eval_eval_steps_per_second': 28.978, 'epoch': 109.57}
{'eval_train_loss': 4.872800673183519e-06, 'eval_train_token_acc': 0.9466893327666809, 'eval_train_seq_acc': 0.0, 'eval_train_move_acc': 1.0, 'eval_train_mod8_acc': 1.0, 'eval_train_mod4_acc': 1.0, 'eval_train_runtime': 0.5535, 'eval_train_samples_per_second': 1806.743, 'eval_train_steps_per_second': 28.908, 'epoch': 109.57}
  Pushed checkpoint step-26000 to ijinyu1113/ft_mr7_70m_seed1_purenum
{'loss': 0.0, 'learning_rate': 2.386777292865297e-05, 'epoch': 110.64}
{'eval_eval_loss': 7.575307972729206e-05, 'eval_eval_token_acc': 0.9463678516228748, 'eval_eval_seq_acc': 0.0, 'eval_eval_move_acc': 0.9985, 'eval_eval_mod8_acc': 0.9985, 'eval_eval_mod4_acc': 0.9985, 'eval_eval_runtime': 1.1027, 'eval_eval_samples_per_second': 1813.794, 'eval_eval_steps_per_second': 29.021, 'epoch': 110.64}
{'eval_train_loss': 4.4077505663153715e-06, 'eval_train_token_acc': 0.9466893327666809, 'eval_train_seq_acc': 0.0, 'eval_train_move_acc': 1.0, 'eval_train_mod8_acc': 1.0, 'eval_train_mod4_acc': 1.0, 'eval_train_runtime': 0.55, 'eval_train_samples_per_second': 1818.065, 'eval_train_steps_per_second': 29.089, 'epoch': 110.64}
{'loss': 0.0, 'learning_rate': 2.371734516307015e-05, 'epoch': 111.7}
{'eval_eval_loss': 8.148481720127165e-05, 'eval_eval_token_acc': 0.9463678516228748, 'eval_eval_seq_acc': 0.0, 'eval_eval_move_acc': 0.9985, 'eval_eval_mod8_acc': 0.9985, 'eval_eval_mod4_acc': 0.9985, 'eval_eval_runtime': 1.1057, 'eval_eval_samples_per_second': 1808.832, 'eval_eval_steps_per_second': 28.941, 'epoch': 111.7}
{'eval_train_loss': 4.2265233787475154e-05, 'eval_train_token_acc': 0.9466893327666809, 'eval_train_seq_acc': 0.0, 'eval_train_move_acc': 0.999, 'eval_train_mod8_acc': 0.999, 'eval_train_mod4_acc': 0.999, 'eval_train_runtime': 0.5527, 'eval_train_samples_per_second': 1809.237, 'eval_train_steps_per_second': 28.948, 'epoch': 111.7}
{'loss': 0.0, 'learning_rate': 2.3565581739680718e-05, 'epoch': 112.77}
{'eval_eval_loss': 7.397288572974503e-05, 'eval_eval_token_acc': 0.9463678516228748, 'eval_eval_seq_acc': 0.0, 'eval_eval_move_acc': 0.9985, 'eval_eval_mod8_acc': 0.9985, 'eval_eval_mod4_acc': 0.9985, 'eval_eval_runtime': 1.1053, 'eval_eval_samples_per_second': 1809.388, 'eval_eval_steps_per_second': 28.95, 'epoch': 112.77}
{'eval_train_loss': 2.3519774003943894e-06, 'eval_train_token_acc': 0.9466893327666809, 'eval_train_seq_acc': 0.0, 'eval_train_move_acc': 1.0, 'eval_train_mod8_acc': 1.0, 'eval_train_mod4_acc': 1.0, 'eval_train_runtime': 0.5525, 'eval_train_samples_per_second': 1810.029, 'eval_train_steps_per_second': 28.96, 'epoch': 112.77}
{'loss': 0.0, 'learning_rate': 2.3412505911435827e-05, 'epoch': 113.83}
{'eval_eval_loss': 7.716881373198703e-05, 'eval_eval_token_acc': 0.9463678516228748, 'eval_eval_seq_acc': 0.0, 'eval_eval_move_acc': 0.998, 'eval_eval_mod8_acc': 0.998, 'eval_eval_mod4_acc': 0.998, 'eval_eval_runtime': 1.1026, 'eval_eval_samples_per_second': 1813.893, 'eval_eval_steps_per_second': 29.022, 'epoch': 113.83}
{'eval_train_loss': 1.7733973436406814e-06, 'eval_train_token_acc': 0.9466893327666809, 'eval_train_seq_acc': 0.0, 'eval_train_move_acc': 1.0, 'eval_train_mod8_acc': 1.0, 'eval_train_mod4_acc': 1.0, 'eval_train_runtime': 0.5518, 'eval_train_samples_per_second': 1812.337, 'eval_train_steps_per_second': 28.997, 'epoch': 113.83}
  Pushed checkpoint step-27000 to ijinyu1113/ft_mr7_70m_seed1_purenum
{'loss': 0.0, 'learning_rate': 2.3258141132371215e-05, 'epoch': 114.89}
{'eval_eval_loss': 7.664656732231379e-05, 'eval_eval_token_acc': 0.9463678516228748, 'eval_eval_seq_acc': 0.0, 'eval_eval_move_acc': 0.9985, 'eval_eval_mod8_acc': 0.9985, 'eval_eval_mod4_acc': 0.9985, 'eval_eval_runtime': 1.1047, 'eval_eval_samples_per_second': 1810.393, 'eval_eval_steps_per_second': 28.966, 'epoch': 114.89}
{'eval_train_loss': 2.336626039323164e-06, 'eval_train_token_acc': 0.9466893327666809, 'eval_train_seq_acc': 0.0, 'eval_train_move_acc': 1.0, 'eval_train_mod8_acc': 1.0, 'eval_train_mod4_acc': 1.0, 'eval_train_runtime': 0.5521, 'eval_train_samples_per_second': 1811.272, 'eval_train_steps_per_second': 28.98, 'epoch': 114.89}
{'loss': 0.0, 'learning_rate': 2.3102511054013615e-05, 'epoch': 115.96}
{'eval_eval_loss': 7.329379150178283e-05, 'eval_eval_token_acc': 0.9463678516228748, 'eval_eval_seq_acc': 0.0, 'eval_eval_move_acc': 0.9985, 'eval_eval_mod8_acc': 0.9985, 'eval_eval_mod4_acc': 0.9985, 'eval_eval_runtime': 1.1101, 'eval_eval_samples_per_second': 1801.624, 'eval_eval_steps_per_second': 28.826, 'epoch': 115.96}
{'eval_train_loss': 2.052547415587469e-06, 'eval_train_token_acc': 0.9466893327666809, 'eval_train_seq_acc': 0.0, 'eval_train_move_acc': 1.0, 'eval_train_mod8_acc': 1.0, 'eval_train_mod4_acc': 1.0, 'eval_train_runtime': 0.5539, 'eval_train_samples_per_second': 1805.355, 'eval_train_steps_per_second': 28.886, 'epoch': 115.96}
{'loss': 0.0, 'learning_rate': 2.2945639521756923e-05, 'epoch': 117.02}
{'eval_eval_loss': 6.850828503957018e-05, 'eval_eval_token_acc': 0.9463678516228748, 'eval_eval_seq_acc': 0.0, 'eval_eval_move_acc': 0.9985, 'eval_eval_mod8_acc': 0.9985, 'eval_eval_mod4_acc': 0.9985, 'eval_eval_runtime': 1.1061, 'eval_eval_samples_per_second': 1808.172, 'eval_eval_steps_per_second': 28.931, 'epoch': 117.02}
{'eval_train_loss': 1.6437440990557661e-06, 'eval_train_token_acc': 0.9466893327666809, 'eval_train_seq_acc': 0.0, 'eval_train_move_acc': 1.0, 'eval_train_mod8_acc': 1.0, 'eval_train_mod4_acc': 1.0, 'eval_train_runtime': 0.5535, 'eval_train_samples_per_second': 1806.537, 'eval_train_steps_per_second': 28.905, 'epoch': 117.02}
{'loss': 0.0, 'learning_rate': 2.278755057120863e-05, 'epoch': 118.09}
{'eval_eval_loss': 6.803288124501705e-05, 'eval_eval_token_acc': 0.9463678516228748, 'eval_eval_seq_acc': 0.0, 'eval_eval_move_acc': 0.9985, 'eval_eval_mod8_acc': 0.9985, 'eval_eval_mod4_acc': 0.9985, 'eval_eval_runtime': 1.1034, 'eval_eval_samples_per_second': 1812.648, 'eval_eval_steps_per_second': 29.002, 'epoch': 118.09}
{'eval_train_loss': 1.8170480871049222e-06, 'eval_train_token_acc': 0.9466893327666809, 'eval_train_seq_acc': 0.0, 'eval_train_move_acc': 1.0, 'eval_train_mod8_acc': 1.0, 'eval_train_mod4_acc': 1.0, 'eval_train_runtime': 0.5535, 'eval_train_samples_per_second': 1806.643, 'eval_train_steps_per_second': 28.906, 'epoch': 118.09}
  Pushed checkpoint step-28000 to ijinyu1113/ft_mr7_70m_seed1_purenum
{'loss': 0.0, 'learning_rate': 2.2628268424507127e-05, 'epoch': 119.15}
{'eval_eval_loss': 6.820983253419399e-05, 'eval_eval_token_acc': 0.9463678516228748, 'eval_eval_seq_acc': 0.0, 'eval_eval_move_acc': 0.9985, 'eval_eval_mod8_acc': 0.9985, 'eval_eval_mod4_acc': 0.9985, 'eval_eval_runtime': 1.0999, 'eval_eval_samples_per_second': 1818.29, 'eval_eval_steps_per_second': 29.093, 'epoch': 119.15}
{'eval_train_loss': 1.2418184951457079e-06, 'eval_train_token_acc': 0.9466893327666809, 'eval_train_seq_acc': 0.0, 'eval_train_move_acc': 1.0, 'eval_train_mod8_acc': 1.0, 'eval_train_mod4_acc': 1.0, 'eval_train_runtime': 0.5507, 'eval_train_samples_per_second': 1815.911, 'eval_train_steps_per_second': 29.055, 'epoch': 119.15}
{'loss': 0.0, 'learning_rate': 2.2467817486610425e-05, 'epoch': 120.21}
{'eval_eval_loss': 6.65401021251455e-05, 'eval_eval_token_acc': 0.9463678516228748, 'eval_eval_seq_acc': 0.0, 'eval_eval_move_acc': 0.9985, 'eval_eval_mod8_acc': 0.9985, 'eval_eval_mod4_acc': 0.9985, 'eval_eval_runtime': 1.1058, 'eval_eval_samples_per_second': 1808.576, 'eval_eval_steps_per_second': 28.937, 'epoch': 120.21}
{'eval_train_loss': 1.097278754969011e-06, 'eval_train_token_acc': 0.9466893327666809, 'eval_train_seq_acc': 0.0, 'eval_train_move_acc': 1.0, 'eval_train_mod8_acc': 1.0, 'eval_train_mod4_acc': 1.0, 'eval_train_runtime': 0.554, 'eval_train_samples_per_second': 1804.934, 'eval_train_steps_per_second': 28.879, 'epoch': 120.21}
{'loss': 0.0, 'learning_rate': 2.2306222341556868e-05, 'epoch': 121.28}
{'eval_eval_loss': 6.664815009571612e-05, 'eval_eval_token_acc': 0.9463678516228748, 'eval_eval_seq_acc': 0.0, 'eval_eval_move_acc': 0.9985, 'eval_eval_mod8_acc': 0.9985, 'eval_eval_mod4_acc': 0.9985, 'eval_eval_runtime': 1.1067, 'eval_eval_samples_per_second': 1807.147, 'eval_eval_steps_per_second': 28.914, 'epoch': 121.28}
{'eval_train_loss': 1.053052301358548e-06, 'eval_train_token_acc': 0.9466893327666809, 'eval_train_seq_acc': 0.0, 'eval_train_move_acc': 1.0, 'eval_train_mod8_acc': 1.0, 'eval_train_mod4_acc': 1.0, 'eval_train_runtime': 0.5535, 'eval_train_samples_per_second': 1806.711, 'eval_train_steps_per_second': 28.907, 'epoch': 121.28}
{'loss': 0.0, 'learning_rate': 2.214350774869842e-05, 'epoch': 122.34}
{'eval_eval_loss': 6.300778477452695e-05, 'eval_eval_token_acc': 0.9463678516228748, 'eval_eval_seq_acc': 0.0, 'eval_eval_move_acc': 0.9985, 'eval_eval_mod8_acc': 0.9985, 'eval_eval_mod4_acc': 0.9985, 'eval_eval_runtime': 1.1052, 'eval_eval_samples_per_second': 1809.628, 'eval_eval_steps_per_second': 28.954, 'epoch': 122.34}
{'eval_train_loss': 1.0885032679652795e-06, 'eval_train_token_acc': 0.9466893327666809, 'eval_train_seq_acc': 0.0, 'eval_train_move_acc': 1.0, 'eval_train_mod8_acc': 1.0, 'eval_train_mod4_acc': 1.0, 'eval_train_runtime': 0.5517, 'eval_train_samples_per_second': 1812.732, 'eval_train_steps_per_second': 29.004, 'epoch': 122.34}
  Pushed checkpoint step-29000 to ijinyu1113/ft_mr7_70m_seed1_purenum
{'loss': 0.0, 'learning_rate': 2.197969863890705e-05, 'epoch': 123.4}
{'eval_eval_loss': 6.195132300490513e-05, 'eval_eval_token_acc': 0.9463678516228748, 'eval_eval_seq_acc': 0.0, 'eval_eval_move_acc': 0.999, 'eval_eval_mod8_acc': 0.999, 'eval_eval_mod4_acc': 0.999, 'eval_eval_runtime': 1.1043, 'eval_eval_samples_per_second': 1811.095, 'eval_eval_steps_per_second': 28.978, 'epoch': 123.4}
{'eval_train_loss': 7.015995038273104e-07, 'eval_train_token_acc': 0.9466893327666809, 'eval_train_seq_acc': 0.0, 'eval_train_move_acc': 1.0, 'eval_train_mod8_acc': 1.0, 'eval_train_mod4_acc': 1.0, 'eval_train_runtime': 0.5514, 'eval_train_samples_per_second': 1813.504, 'eval_train_steps_per_second': 29.016, 'epoch': 123.4}
{'loss': 0.0, 'learning_rate': 2.1814820110754875e-05, 'epoch': 124.47}
{'eval_eval_loss': 6.630097777815536e-05, 'eval_eval_token_acc': 0.9463678516228748, 'eval_eval_seq_acc': 0.0, 'eval_eval_move_acc': 0.998, 'eval_eval_mod8_acc': 0.998, 'eval_eval_mod4_acc': 0.998, 'eval_eval_runtime': 1.1053, 'eval_eval_samples_per_second': 1809.467, 'eval_eval_steps_per_second': 28.951, 'epoch': 124.47}
{'eval_train_loss': 6.338405569294991e-07, 'eval_train_token_acc': 0.9466893327666809, 'eval_train_seq_acc': 0.0, 'eval_train_move_acc': 1.0, 'eval_train_mod8_acc': 1.0, 'eval_train_mod4_acc': 1.0, 'eval_train_runtime': 0.5524, 'eval_train_samples_per_second': 1810.13, 'eval_train_steps_per_second': 28.962, 'epoch': 124.47}
{'loss': 0.0, 'learning_rate': 2.1648897426668606e-05, 'epoch': 125.53}
{'eval_eval_loss': 6.100436075939797e-05, 'eval_eval_token_acc': 0.9463678516228748, 'eval_eval_seq_acc': 0.0, 'eval_eval_move_acc': 0.9985, 'eval_eval_mod8_acc': 0.9985, 'eval_eval_mod4_acc': 0.9985, 'eval_eval_runtime': 1.1064, 'eval_eval_samples_per_second': 1807.687, 'eval_eval_steps_per_second': 28.923, 'epoch': 125.53}
{'eval_train_loss': 5.774418241344392e-07, 'eval_train_token_acc': 0.9466893327666809, 'eval_train_seq_acc': 0.0, 'eval_train_move_acc': 1.0, 'eval_train_mod8_acc': 1.0, 'eval_train_mod4_acc': 1.0, 'eval_train_runtime': 0.5526, 'eval_train_samples_per_second': 1809.565, 'eval_train_steps_per_second': 28.953, 'epoch': 125.53}
{'loss': 0.0, 'learning_rate': 2.148195600905887e-05, 'epoch': 126.6}
{'eval_eval_loss': 6.258067878661677e-05, 'eval_eval_token_acc': 0.9463678516228748, 'eval_eval_seq_acc': 0.0, 'eval_eval_move_acc': 0.999, 'eval_eval_mod8_acc': 0.999, 'eval_eval_mod4_acc': 0.999, 'eval_eval_runtime': 1.1058, 'eval_eval_samples_per_second': 1808.591, 'eval_eval_steps_per_second': 28.937, 'epoch': 126.6}
{'eval_train_loss': 5.128362090545124e-07, 'eval_train_token_acc': 0.9466893327666809, 'eval_train_seq_acc': 0.0, 'eval_train_move_acc': 1.0, 'eval_train_mod8_acc': 1.0, 'eval_train_mod4_acc': 1.0, 'eval_train_runtime': 0.551, 'eval_train_samples_per_second': 1814.917, 'eval_train_steps_per_second': 29.039, 'epoch': 126.6}
  Pushed checkpoint step-30000 to ijinyu1113/ft_mr7_70m_seed1_purenum
{'loss': 0.0, 'learning_rate': 2.1314021436425026e-05, 'epoch': 127.66}
{'eval_eval_loss': 5.962969589745626e-05, 'eval_eval_token_acc': 0.9463678516228748, 'eval_eval_seq_acc': 0.0, 'eval_eval_move_acc': 0.999, 'eval_eval_mod8_acc': 0.999, 'eval_eval_mod4_acc': 0.999, 'eval_eval_runtime': 1.1029, 'eval_eval_samples_per_second': 1813.321, 'eval_eval_steps_per_second': 29.013, 'epoch': 127.66}
{'eval_train_loss': 6.016923634888371e-07, 'eval_train_token_acc': 0.9466893327666809, 'eval_train_seq_acc': 0.0, 'eval_train_move_acc': 1.0, 'eval_train_mod8_acc': 1.0, 'eval_train_mod4_acc': 1.0, 'eval_train_runtime': 0.552, 'eval_train_samples_per_second': 1811.672, 'eval_train_steps_per_second': 28.987, 'epoch': 127.66}
{'loss': 0.0, 'learning_rate': 2.1145119439436072e-05, 'epoch': 128.72}
{'eval_eval_loss': 6.149184628156945e-05, 'eval_eval_token_acc': 0.9463678516228748, 'eval_eval_seq_acc': 0.0, 'eval_eval_move_acc': 0.999, 'eval_eval_mod8_acc': 0.999, 'eval_eval_mod4_acc': 0.999, 'eval_eval_runtime': 1.1046, 'eval_eval_samples_per_second': 1810.537, 'eval_eval_steps_per_second': 28.969, 'epoch': 128.72}
{'eval_train_loss': 4.1505151671117346e-07, 'eval_train_token_acc': 0.9466893327666809, 'eval_train_seq_acc': 0.0, 'eval_train_move_acc': 1.0, 'eval_train_mod8_acc': 1.0, 'eval_train_mod4_acc': 1.0, 'eval_train_runtime': 0.5525, 'eval_train_samples_per_second': 1810.045, 'eval_train_steps_per_second': 28.961, 'epoch': 128.72}
{'loss': 0.0, 'learning_rate': 2.097527589698823e-05, 'epoch': 129.79}
{'eval_eval_loss': 5.690474063158035e-05, 'eval_eval_token_acc': 0.9463678516228748, 'eval_eval_seq_acc': 0.0, 'eval_eval_move_acc': 0.999, 'eval_eval_mod8_acc': 0.999, 'eval_eval_mod4_acc': 0.999, 'eval_eval_runtime': 1.1058, 'eval_eval_samples_per_second': 1808.698, 'eval_eval_steps_per_second': 28.939, 'epoch': 129.79}
{'eval_train_loss': 4.551830556920322e-07, 'eval_train_token_acc': 0.9466893327666809, 'eval_train_seq_acc': 0.0, 'eval_train_move_acc': 1.0, 'eval_train_mod8_acc': 1.0, 'eval_train_mod4_acc': 1.0, 'eval_train_runtime': 0.5531, 'eval_train_samples_per_second': 1807.94, 'eval_train_steps_per_second': 28.927, 'epoch': 129.79}
{'loss': 0.0, 'learning_rate': 2.080451683223983e-05, 'epoch': 130.85}
{'eval_eval_loss': 6.351068441290408e-05, 'eval_eval_token_acc': 0.9463678516228748, 'eval_eval_seq_acc': 0.0, 'eval_eval_move_acc': 0.9985, 'eval_eval_mod8_acc': 0.9985, 'eval_eval_mod4_acc': 0.9985, 'eval_eval_runtime': 1.1055, 'eval_eval_samples_per_second': 1809.133, 'eval_eval_steps_per_second': 28.946, 'epoch': 130.85}
{'eval_train_loss': 4.1456121380178956e-07, 'eval_train_token_acc': 0.9466893327666809, 'eval_train_seq_acc': 0.0, 'eval_train_move_acc': 1.0, 'eval_train_mod8_acc': 1.0, 'eval_train_mod4_acc': 1.0, 'eval_train_runtime': 0.5537, 'eval_train_samples_per_second': 1805.902, 'eval_train_steps_per_second': 28.894, 'epoch': 130.85}
  Pushed checkpoint step-31000 to ijinyu1113/ft_mr7_70m_seed1_purenum
{'loss': 0.0, 'learning_rate': 2.063286840862408e-05, 'epoch': 131.91}
{'eval_eval_loss': 5.545547537622042e-05, 'eval_eval_token_acc': 0.9463678516228748, 'eval_eval_seq_acc': 0.0, 'eval_eval_move_acc': 0.999, 'eval_eval_mod8_acc': 0.999, 'eval_eval_mod4_acc': 0.999, 'eval_eval_runtime': 1.1065, 'eval_eval_samples_per_second': 1807.541, 'eval_eval_steps_per_second': 28.921, 'epoch': 131.91}
{'eval_train_loss': 3.5180585200578207e-07, 'eval_train_token_acc': 0.9466893327666809, 'eval_train_seq_acc': 0.0, 'eval_train_move_acc': 1.0, 'eval_train_mod8_acc': 1.0, 'eval_train_mod4_acc': 1.0, 'eval_train_runtime': 0.5541, 'eval_train_samples_per_second': 1804.602, 'eval_train_steps_per_second': 28.874, 'epoch': 131.91}
{'loss': 0.0, 'learning_rate': 2.0460356925840325e-05, 'epoch': 132.98}
{'eval_eval_loss': 5.726220479118638e-05, 'eval_eval_token_acc': 0.9463678516228748, 'eval_eval_seq_acc': 0.0, 'eval_eval_move_acc': 0.999, 'eval_eval_mod8_acc': 0.999, 'eval_eval_mod4_acc': 0.999, 'eval_eval_runtime': 1.1085, 'eval_eval_samples_per_second': 1804.219, 'eval_eval_steps_per_second': 28.868, 'epoch': 132.98}
{'eval_train_loss': 2.9373202892202244e-07, 'eval_train_token_acc': 0.9466893327666809, 'eval_train_seq_acc': 0.0, 'eval_train_move_acc': 1.0, 'eval_train_mod8_acc': 1.0, 'eval_train_mod4_acc': 1.0, 'eval_train_runtime': 0.5548, 'eval_train_samples_per_second': 1802.519, 'eval_train_steps_per_second': 28.84, 'epoch': 132.98}
{'loss': 0.0, 'learning_rate': 2.0287008815824495e-05, 'epoch': 134.04}
{'eval_eval_loss': 5.672371480613947e-05, 'eval_eval_token_acc': 0.9463678516228748, 'eval_eval_seq_acc': 0.0, 'eval_eval_move_acc': 0.999, 'eval_eval_mod8_acc': 0.999, 'eval_eval_mod4_acc': 0.999, 'eval_eval_runtime': 1.1047, 'eval_eval_samples_per_second': 1810.47, 'eval_eval_steps_per_second': 28.968, 'epoch': 134.04}
{'eval_train_loss': 2.518717963084782e-07, 'eval_train_token_acc': 0.9466893327666809, 'eval_train_seq_acc': 0.0, 'eval_train_move_acc': 1.0, 'eval_train_mod8_acc': 1.0, 'eval_train_mod4_acc': 1.0, 'eval_train_runtime': 0.5524, 'eval_train_samples_per_second': 1810.366, 'eval_train_steps_per_second': 28.966, 'epoch': 134.04}
{'loss': 0.0, 'learning_rate': 2.0112850638699195e-05, 'epoch': 135.11}
{'eval_eval_loss': 5.379441427066922e-05, 'eval_eval_token_acc': 0.9463678516228748, 'eval_eval_seq_acc': 0.0, 'eval_eval_move_acc': 0.999, 'eval_eval_mod8_acc': 0.999, 'eval_eval_mod4_acc': 0.999, 'eval_eval_runtime': 1.1049, 'eval_eval_samples_per_second': 1810.154, 'eval_eval_steps_per_second': 28.962, 'epoch': 135.11}
{'eval_train_loss': 2.3497591428167652e-07, 'eval_train_token_acc': 0.9466893327666809, 'eval_train_seq_acc': 0.0, 'eval_train_move_acc': 1.0, 'eval_train_mod8_acc': 1.0, 'eval_train_mod4_acc': 1.0, 'eval_train_runtime': 0.5515, 'eval_train_samples_per_second': 1813.187, 'eval_train_steps_per_second': 29.011, 'epoch': 135.11}
  Pushed checkpoint step-32000 to ijinyu1113/ft_mr7_70m_seed1_purenum
{'loss': 0.0, 'learning_rate': 1.9937909078704247e-05, 'epoch': 136.17}
{'eval_eval_loss': 5.2613646403187886e-05, 'eval_eval_token_acc': 0.9463678516228748, 'eval_eval_seq_acc': 0.0, 'eval_eval_move_acc': 0.999, 'eval_eval_mod8_acc': 0.999, 'eval_eval_mod4_acc': 0.999, 'eval_eval_runtime': 1.1056, 'eval_eval_samples_per_second': 1808.932, 'eval_eval_steps_per_second': 28.943, 'epoch': 136.17}
{'eval_train_loss': 2.3282719041617383e-07, 'eval_train_token_acc': 0.9466893327666809, 'eval_train_seq_acc': 0.0, 'eval_train_move_acc': 1.0, 'eval_train_mod8_acc': 1.0, 'eval_train_mod4_acc': 1.0, 'eval_train_runtime': 0.5516, 'eval_train_samples_per_second': 1812.866, 'eval_train_steps_per_second': 29.006, 'epoch': 136.17}
{'loss': 0.0, 'learning_rate': 1.976221094010814e-05, 'epoch': 137.23}
{'eval_eval_loss': 5.1712962886085734e-05, 'eval_eval_token_acc': 0.9463678516228748, 'eval_eval_seq_acc': 0.0, 'eval_eval_move_acc': 0.999, 'eval_eval_mod8_acc': 0.999, 'eval_eval_mod4_acc': 0.999, 'eval_eval_runtime': 1.1087, 'eval_eval_samples_per_second': 1803.896, 'eval_eval_steps_per_second': 28.862, 'epoch': 137.23}
{'eval_train_loss': 1.8800831469434343e-07, 'eval_train_token_acc': 0.9466893327666809, 'eval_train_seq_acc': 0.0, 'eval_train_move_acc': 1.0, 'eval_train_mod8_acc': 1.0, 'eval_train_mod4_acc': 1.0, 'eval_train_runtime': 0.554, 'eval_train_samples_per_second': 1805.179, 'eval_train_steps_per_second': 28.883, 'epoch': 137.23}
{'loss': 0.0, 'learning_rate': 1.958578314310114e-05, 'epoch': 138.3}
{'eval_eval_loss': 5.0265181926079094e-05, 'eval_eval_token_acc': 0.9463678516228748, 'eval_eval_seq_acc': 0.0, 'eval_eval_move_acc': 0.999, 'eval_eval_mod8_acc': 0.999, 'eval_eval_mod4_acc': 0.999, 'eval_eval_runtime': 1.1048, 'eval_eval_samples_per_second': 1810.212, 'eval_eval_steps_per_second': 28.963, 'epoch': 138.3}
{'eval_train_loss': 1.8545736679698166e-07, 'eval_train_token_acc': 0.9466893327666809, 'eval_train_seq_acc': 0.0, 'eval_train_move_acc': 1.0, 'eval_train_mod8_acc': 1.0, 'eval_train_mod4_acc': 1.0, 'eval_train_runtime': 0.5532, 'eval_train_samples_per_second': 1807.569, 'eval_train_steps_per_second': 28.921, 'epoch': 138.3}
{'loss': 0.0, 'learning_rate': 1.9408652719670622e-05, 'epoch': 139.36}
{'eval_eval_loss': 5.422469257609919e-05, 'eval_eval_token_acc': 0.9463678516228748, 'eval_eval_seq_acc': 0.0, 'eval_eval_move_acc': 0.999, 'eval_eval_mod8_acc': 0.999, 'eval_eval_mod4_acc': 0.999, 'eval_eval_runtime': 1.107, 'eval_eval_samples_per_second': 1806.655, 'eval_eval_steps_per_second': 28.906, 'epoch': 139.36}
{'eval_train_loss': 1.601958103947254e-07, 'eval_train_token_acc': 0.9466893327666809, 'eval_train_seq_acc': 0.0, 'eval_train_move_acc': 1.0, 'eval_train_mod8_acc': 1.0, 'eval_train_mod4_acc': 1.0, 'eval_train_runtime': 0.5545, 'eval_train_samples_per_second': 1803.507, 'eval_train_steps_per_second': 28.856, 'epoch': 139.36}
  Pushed checkpoint step-33000 to ijinyu1113/ft_mr7_70m_seed1_purenum
{'loss': 0.0, 'learning_rate': 1.923084680945927e-05, 'epoch': 140.43}
{'eval_eval_loss': 5.227333167567849e-05, 'eval_eval_token_acc': 0.9463678516228748, 'eval_eval_seq_acc': 0.0, 'eval_eval_move_acc': 0.999, 'eval_eval_mod8_acc': 0.999, 'eval_eval_mod4_acc': 0.999, 'eval_eval_runtime': 1.1068, 'eval_eval_samples_per_second': 1806.992, 'eval_eval_steps_per_second': 28.912, 'epoch': 140.43}
{'eval_train_loss': 1.3491123240783054e-07, 'eval_train_token_acc': 0.9466893327666809, 'eval_train_seq_acc': 0.0, 'eval_train_move_acc': 1.0, 'eval_train_mod8_acc': 1.0, 'eval_train_mod4_acc': 1.0, 'eval_train_runtime': 0.551, 'eval_train_samples_per_second': 1814.856, 'eval_train_steps_per_second': 29.038, 'epoch': 140.43}
{'loss': 0.0032, 'learning_rate': 1.905239265560677e-05, 'epoch': 141.49}
{'eval_eval_loss': 0.0012554601998999715, 'eval_eval_token_acc': 0.9463678516228748, 'eval_eval_seq_acc': 0.0, 'eval_eval_move_acc': 0.9755, 'eval_eval_mod8_acc': 0.9779448621553885, 'eval_eval_mod4_acc': 0.9779448621553885, 'eval_eval_runtime': 1.1064, 'eval_eval_samples_per_second': 1807.607, 'eval_eval_steps_per_second': 28.922, 'epoch': 141.49}
{'eval_train_loss': 0.0005510313785634935, 'eval_train_token_acc': 0.9466893327666809, 'eval_train_seq_acc': 0.0, 'eval_train_move_acc': 0.994, 'eval_train_mod8_acc': 0.994, 'eval_train_mod4_acc': 0.994, 'eval_train_runtime': 0.5538, 'eval_train_samples_per_second': 1805.767, 'eval_train_steps_per_second': 28.892, 'epoch': 141.49}
{'loss': 0.0005, 'learning_rate': 1.887331760057568e-05, 'epoch': 142.55}
{'eval_eval_loss': 0.00019117569900117815, 'eval_eval_token_acc': 0.9463678516228748, 'eval_eval_seq_acc': 0.0, 'eval_eval_move_acc': 0.996, 'eval_eval_mod8_acc': 0.996, 'eval_eval_mod4_acc': 0.996, 'eval_eval_runtime': 1.1048, 'eval_eval_samples_per_second': 1810.209, 'eval_eval_steps_per_second': 28.963, 'epoch': 142.55}
{'eval_train_loss': 4.5251494157128036e-05, 'eval_train_token_acc': 0.9466893327666809, 'eval_train_seq_acc': 0.0, 'eval_train_move_acc': 1.0, 'eval_train_mod8_acc': 1.0, 'eval_train_mod4_acc': 1.0, 'eval_train_runtime': 0.5521, 'eval_train_samples_per_second': 1811.15, 'eval_train_steps_per_second': 28.978, 'epoch': 142.55}
{'loss': 0.0001, 'learning_rate': 1.869364908196206e-05, 'epoch': 143.62}
{'eval_eval_loss': 0.00020839185162913054, 'eval_eval_token_acc': 0.9463678516228748, 'eval_eval_seq_acc': 0.0, 'eval_eval_move_acc': 0.997, 'eval_eval_mod8_acc': 0.9974987493746873, 'eval_eval_mod4_acc': 0.9974987493746873, 'eval_eval_runtime': 1.1047, 'eval_eval_samples_per_second': 1810.402, 'eval_eval_steps_per_second': 28.966, 'epoch': 143.62}
{'eval_train_loss': 4.395076757646166e-05, 'eval_train_token_acc': 0.9466893327666809, 'eval_train_seq_acc': 0.0, 'eval_train_move_acc': 0.999, 'eval_train_mod8_acc': 0.999, 'eval_train_mod4_acc': 0.999, 'eval_train_runtime': 0.5528, 'eval_train_samples_per_second': 1809.093, 'eval_train_steps_per_second': 28.945, 'epoch': 143.62}
  Pushed checkpoint step-34000 to ijinyu1113/ft_mr7_70m_seed1_purenum
{'loss': 0.0001, 'learning_rate': 1.85134146282915e-05, 'epoch': 144.68}
{'eval_eval_loss': 0.00015466139302589, 'eval_eval_token_acc': 0.9463678516228748, 'eval_eval_seq_acc': 0.0, 'eval_eval_move_acc': 0.997, 'eval_eval_mod8_acc': 0.997, 'eval_eval_mod4_acc': 0.997, 'eval_eval_runtime': 1.1057, 'eval_eval_samples_per_second': 1808.831, 'eval_eval_steps_per_second': 28.941, 'epoch': 144.68}
{'eval_train_loss': 2.425083403068129e-05, 'eval_train_token_acc': 0.9466893327666809, 'eval_train_seq_acc': 0.0, 'eval_train_move_acc': 1.0, 'eval_train_mod8_acc': 1.0, 'eval_train_mod4_acc': 1.0, 'eval_train_runtime': 0.553, 'eval_train_samples_per_second': 1808.402, 'eval_train_steps_per_second': 28.934, 'epoch': 144.68}
{'loss': 0.0002, 'learning_rate': 1.8332641854801276e-05, 'epoch': 145.74}
{'eval_eval_loss': 9.710720041766763e-05, 'eval_eval_token_acc': 0.9463678516228748, 'eval_eval_seq_acc': 0.0, 'eval_eval_move_acc': 0.998, 'eval_eval_mod8_acc': 0.998, 'eval_eval_mod4_acc': 0.998, 'eval_eval_runtime': 1.1111, 'eval_eval_samples_per_second': 1799.983, 'eval_eval_steps_per_second': 28.8, 'epoch': 145.74}
{'eval_train_loss': 1.855052323662676e-05, 'eval_train_token_acc': 0.9466893327666809, 'eval_train_seq_acc': 0.0, 'eval_train_move_acc': 1.0, 'eval_train_mod8_acc': 1.0, 'eval_train_mod4_acc': 1.0, 'eval_train_runtime': 0.5537, 'eval_train_samples_per_second': 1806.159, 'eval_train_steps_per_second': 28.899, 'epoch': 145.74}
{'loss': 0.0008, 'learning_rate': 1.8151358459209167e-05, 'epoch': 146.81}
{'eval_eval_loss': 0.0005697001470252872, 'eval_eval_token_acc': 0.9463678516228748, 'eval_eval_seq_acc': 0.0, 'eval_eval_move_acc': 0.9875, 'eval_eval_mod8_acc': 0.9889834752128193, 'eval_eval_mod4_acc': 0.9889834752128193, 'eval_eval_runtime': 1.1022, 'eval_eval_samples_per_second': 1814.544, 'eval_eval_steps_per_second': 29.033, 'epoch': 146.81}
{'eval_train_loss': 0.00030615716241300106, 'eval_train_token_acc': 0.9466893327666809, 'eval_train_seq_acc': 0.0, 'eval_train_move_acc': 0.994, 'eval_train_mod8_acc': 0.9959919839679359, 'eval_train_mod4_acc': 0.9959919839679359, 'eval_train_runtime': 0.5527, 'eval_train_samples_per_second': 1809.241, 'eval_train_steps_per_second': 28.948, 'epoch': 146.81}
{'loss': 0.0001, 'learning_rate': 1.7969592217469675e-05, 'epoch': 147.87}
{'eval_eval_loss': 5.9898316976614296e-05, 'eval_eval_token_acc': 0.9463678516228748, 'eval_eval_seq_acc': 0.0, 'eval_eval_move_acc': 0.9985, 'eval_eval_mod8_acc': 0.9989994997498749, 'eval_eval_mod4_acc': 0.9989994997498749, 'eval_eval_runtime': 1.1048, 'eval_eval_samples_per_second': 1810.351, 'eval_eval_steps_per_second': 28.966, 'epoch': 147.87}
{'eval_train_loss': 1.076876105798874e-05, 'eval_train_token_acc': 0.9466893327666809, 'eval_train_seq_acc': 0.0, 'eval_train_move_acc': 1.0, 'eval_train_mod8_acc': 1.0, 'eval_train_mod4_acc': 1.0, 'eval_train_runtime': 0.5534, 'eval_train_samples_per_second': 1806.994, 'eval_train_steps_per_second': 28.912, 'epoch': 147.87}
  Pushed checkpoint step-35000 to ijinyu1113/ft_mr7_70m_seed1_purenum
{'loss': 0.0, 'learning_rate': 1.7787370979518197e-05, 'epoch': 148.94}
{'eval_eval_loss': 7.24095298210159e-05, 'eval_eval_token_acc': 0.9463678516228748, 'eval_eval_seq_acc': 0.0, 'eval_eval_move_acc': 0.9985, 'eval_eval_mod8_acc': 0.9985, 'eval_eval_mod4_acc': 0.9985, 'eval_eval_runtime': 1.1071, 'eval_eval_samples_per_second': 1806.532, 'eval_eval_steps_per_second': 28.905, 'epoch': 148.94}
{'eval_train_loss': 3.71983264813025e-06, 'eval_train_token_acc': 0.9466893327666809, 'eval_train_seq_acc': 0.0, 'eval_train_move_acc': 1.0, 'eval_train_mod8_acc': 1.0, 'eval_train_mod4_acc': 1.0, 'eval_train_runtime': 0.5522, 'eval_train_samples_per_second': 1811.079, 'eval_train_steps_per_second': 28.977, 'epoch': 148.94}
{'loss': 0.0, 'learning_rate': 1.760472266500396e-05, 'epoch': 150.0}
{'eval_eval_loss': 3.739173189387657e-05, 'eval_eval_token_acc': 0.9463678516228748, 'eval_eval_seq_acc': 0.0, 'eval_eval_move_acc': 0.999, 'eval_eval_mod8_acc': 0.9994997498749375, 'eval_eval_mod4_acc': 0.9994997498749375, 'eval_eval_runtime': 1.107, 'eval_eval_samples_per_second': 1806.718, 'eval_eval_steps_per_second': 28.907, 'epoch': 150.0}
{'eval_train_loss': 2.0892578049824806e-06, 'eval_train_token_acc': 0.9466893327666809, 'eval_train_seq_acc': 0.0, 'eval_train_move_acc': 1.0, 'eval_train_mod8_acc': 1.0, 'eval_train_mod4_acc': 1.0, 'eval_train_runtime': 0.5549, 'eval_train_samples_per_second': 1802.068, 'eval_train_steps_per_second': 28.833, 'epoch': 150.0}
{'loss': 0.0, 'learning_rate': 1.742167525901215e-05, 'epoch': 151.06}
{'eval_eval_loss': 0.00011821852967841551, 'eval_eval_token_acc': 0.9463678516228748, 'eval_eval_seq_acc': 0.0, 'eval_eval_move_acc': 0.998, 'eval_eval_mod8_acc': 0.9984992496248124, 'eval_eval_mod4_acc': 0.9984992496248124, 'eval_eval_runtime': 1.1035, 'eval_eval_samples_per_second': 1812.388, 'eval_eval_steps_per_second': 28.998, 'epoch': 151.06}
{'eval_train_loss': 8.17741674836725e-05, 'eval_train_token_acc': 0.9466893327666809, 'eval_train_seq_acc': 0.0, 'eval_train_move_acc': 0.997, 'eval_train_mod8_acc': 0.997, 'eval_train_mod4_acc': 0.997, 'eval_train_runtime': 0.5544, 'eval_train_samples_per_second': 1803.788, 'eval_train_steps_per_second': 28.861, 'epoch': 151.06}
{'loss': 0.0, 'learning_rate': 1.723825680777615e-05, 'epoch': 152.13}
{'eval_eval_loss': 6.041364758857526e-05, 'eval_eval_token_acc': 0.9463678516228748, 'eval_eval_seq_acc': 0.0, 'eval_eval_move_acc': 0.9985, 'eval_eval_mod8_acc': 0.9989994997498749, 'eval_eval_mod4_acc': 0.9989994997498749, 'eval_eval_runtime': 1.1015, 'eval_eval_samples_per_second': 1815.631, 'eval_eval_steps_per_second': 29.05, 'epoch': 152.13}
{'eval_train_loss': 1.5409111711051082e-06, 'eval_train_token_acc': 0.9466893327666809, 'eval_train_seq_acc': 0.0, 'eval_train_move_acc': 1.0, 'eval_train_mod8_acc': 1.0, 'eval_train_mod4_acc': 1.0, 'eval_train_runtime': 0.5507, 'eval_train_samples_per_second': 1815.837, 'eval_train_steps_per_second': 29.053, 'epoch': 152.13}
  Pushed checkpoint step-36000 to ijinyu1113/ft_mr7_70m_seed1_purenum
{'loss': 0.0, 'learning_rate': 1.705449541438028e-05, 'epoch': 153.19}
{'eval_eval_loss': 3.93719419662375e-05, 'eval_eval_token_acc': 0.9463678516228748, 'eval_eval_seq_acc': 0.0, 'eval_eval_move_acc': 0.9985, 'eval_eval_mod8_acc': 0.9989994997498749, 'eval_eval_mod4_acc': 0.9989994997498749, 'eval_eval_runtime': 1.104, 'eval_eval_samples_per_second': 1811.578, 'eval_eval_steps_per_second': 28.985, 'epoch': 153.19}
{'eval_train_loss': 1.903618453980016e-06, 'eval_train_token_acc': 0.9466893327666809, 'eval_train_seq_acc': 0.0, 'eval_train_move_acc': 1.0, 'eval_train_mod8_acc': 1.0, 'eval_train_mod4_acc': 1.0, 'eval_train_runtime': 0.5516, 'eval_train_samples_per_second': 1812.772, 'eval_train_steps_per_second': 29.004, 'epoch': 153.19}
{'loss': 0.0, 'learning_rate': 1.6870419234453938e-05, 'epoch': 154.26}
{'eval_eval_loss': 3.9651200495427474e-05, 'eval_eval_token_acc': 0.9463678516228748, 'eval_eval_seq_acc': 0.0, 'eval_eval_move_acc': 0.9985, 'eval_eval_mod8_acc': 0.9989994997498749, 'eval_eval_mod4_acc': 0.9989994997498749, 'eval_eval_runtime': 1.1015, 'eval_eval_samples_per_second': 1815.705, 'eval_eval_steps_per_second': 29.051, 'epoch': 154.26}
{'eval_train_loss': 1.515426220066729e-06, 'eval_train_token_acc': 0.9466893327666809, 'eval_train_seq_acc': 0.0, 'eval_train_move_acc': 1.0, 'eval_train_mod8_acc': 1.0, 'eval_train_mod4_acc': 1.0, 'eval_train_runtime': 0.5508, 'eval_train_samples_per_second': 1815.705, 'eval_train_steps_per_second': 29.051, 'epoch': 154.26}
{'loss': 0.0, 'learning_rate': 1.6686056471857595e-05, 'epoch': 155.32}
{'eval_eval_loss': 3.686482159537263e-05, 'eval_eval_token_acc': 0.9463678516228748, 'eval_eval_seq_acc': 0.0, 'eval_eval_move_acc': 0.9985, 'eval_eval_mod8_acc': 0.9989994997498749, 'eval_eval_mod4_acc': 0.9989994997498749, 'eval_eval_runtime': 1.1042, 'eval_eval_samples_per_second': 1811.32, 'eval_eval_steps_per_second': 28.981, 'epoch': 155.32}
{'eval_train_loss': 1.1422339412092697e-06, 'eval_train_token_acc': 0.9466893327666809, 'eval_train_seq_acc': 0.0, 'eval_train_move_acc': 1.0, 'eval_train_mod8_acc': 1.0, 'eval_train_mod4_acc': 1.0, 'eval_train_runtime': 0.5506, 'eval_train_samples_per_second': 1816.203, 'eval_train_steps_per_second': 29.059, 'epoch': 155.32}
{'loss': 0.0, 'learning_rate': 1.6501435374361478e-05, 'epoch': 156.38}
{'eval_eval_loss': 3.8631125789834186e-05, 'eval_eval_token_acc': 0.9463678516228748, 'eval_eval_seq_acc': 0.0, 'eval_eval_move_acc': 0.9985, 'eval_eval_mod8_acc': 0.9989994997498749, 'eval_eval_mod4_acc': 0.9989994997498749, 'eval_eval_runtime': 1.1011, 'eval_eval_samples_per_second': 1816.433, 'eval_eval_steps_per_second': 29.063, 'epoch': 156.38}
{'eval_train_loss': 1.0010605819843477e-06, 'eval_train_token_acc': 0.9466893327666809, 'eval_train_seq_acc': 0.0, 'eval_train_move_acc': 1.0, 'eval_train_mod8_acc': 1.0, 'eval_train_mod4_acc': 1.0, 'eval_train_runtime': 0.5518, 'eval_train_samples_per_second': 1812.382, 'eval_train_steps_per_second': 28.998, 'epoch': 156.38}
  Pushed checkpoint step-37000 to ijinyu1113/ft_mr7_70m_seed1_purenum
{'loss': 0.0, 'learning_rate': 1.6316584229317465e-05, 'epoch': 157.45}
{'eval_eval_loss': 3.07374975818675e-05, 'eval_eval_token_acc': 0.9463678516228748, 'eval_eval_seq_acc': 0.0, 'eval_eval_move_acc': 0.999, 'eval_eval_mod8_acc': 0.999, 'eval_eval_mod4_acc': 0.999, 'eval_eval_runtime': 1.106, 'eval_eval_samples_per_second': 1808.265, 'eval_eval_steps_per_second': 28.932, 'epoch': 157.45}
{'eval_train_loss': 9.673617569205817e-07, 'eval_train_token_acc': 0.9466893327666809, 'eval_train_seq_acc': 0.0, 'eval_train_move_acc': 1.0, 'eval_train_mod8_acc': 1.0, 'eval_train_mod4_acc': 1.0, 'eval_train_runtime': 0.553, 'eval_train_samples_per_second': 1808.234, 'eval_train_steps_per_second': 28.932, 'epoch': 157.45}
{'loss': 0.0, 'learning_rate': 1.613153135932497e-05, 'epoch': 158.51}
{'eval_eval_loss': 3.1733998184790835e-05, 'eval_eval_token_acc': 0.9463678516228748, 'eval_eval_seq_acc': 0.0, 'eval_eval_move_acc': 0.999, 'eval_eval_mod8_acc': 0.999, 'eval_eval_mod4_acc': 0.999, 'eval_eval_runtime': 1.1057, 'eval_eval_samples_per_second': 1808.811, 'eval_eval_steps_per_second': 28.941, 'epoch': 158.51}
{'eval_train_loss': 8.503874937559885e-07, 'eval_train_token_acc': 0.9466893327666809, 'eval_train_seq_acc': 0.0, 'eval_train_move_acc': 1.0, 'eval_train_mod8_acc': 1.0, 'eval_train_mod4_acc': 1.0, 'eval_train_runtime': 0.5549, 'eval_train_samples_per_second': 1802.133, 'eval_train_steps_per_second': 28.834, 'epoch': 158.51}
{'loss': 0.0, 'learning_rate': 1.594630511789137e-05, 'epoch': 159.57}
{'eval_eval_loss': 3.0921550205675885e-05, 'eval_eval_token_acc': 0.9463678516228748, 'eval_eval_seq_acc': 0.0, 'eval_eval_move_acc': 0.9985, 'eval_eval_mod8_acc': 0.9989994997498749, 'eval_eval_mod4_acc': 0.9989994997498749, 'eval_eval_runtime': 1.1047, 'eval_eval_samples_per_second': 1810.519, 'eval_eval_steps_per_second': 28.968, 'epoch': 159.57}
{'eval_train_loss': 8.13004078281665e-07, 'eval_train_token_acc': 0.9466893327666809, 'eval_train_seq_acc': 0.0, 'eval_train_move_acc': 1.0, 'eval_train_mod8_acc': 1.0, 'eval_train_mod4_acc': 1.0, 'eval_train_runtime': 0.5528, 'eval_train_samples_per_second': 1809.073, 'eval_train_steps_per_second': 28.945, 'epoch': 159.57}
{'loss': 0.0, 'learning_rate': 1.576093388508776e-05, 'epoch': 160.64}
{'eval_eval_loss': 3.0288934794953093e-05, 'eval_eval_token_acc': 0.9463678516228748, 'eval_eval_seq_acc': 0.0, 'eval_eval_move_acc': 0.9985, 'eval_eval_mod8_acc': 0.9989994997498749, 'eval_eval_mod4_acc': 0.9989994997498749, 'eval_eval_runtime': 1.1061, 'eval_eval_samples_per_second': 1808.194, 'eval_eval_steps_per_second': 28.931, 'epoch': 160.64}
{'eval_train_loss': 7.222766384984425e-07, 'eval_train_token_acc': 0.9466893327666809, 'eval_train_seq_acc': 0.0, 'eval_train_move_acc': 1.0, 'eval_train_mod8_acc': 1.0, 'eval_train_mod4_acc': 1.0, 'eval_train_runtime': 0.553, 'eval_train_samples_per_second': 1808.426, 'eval_train_steps_per_second': 28.935, 'epoch': 160.64}
  Pushed checkpoint step-38000 to ijinyu1113/ft_mr7_70m_seed1_purenum
{'loss': 0.0, 'learning_rate': 1.5575446063200546e-05, 'epoch': 161.7}
{'eval_eval_loss': 2.5772262233658694e-05, 'eval_eval_token_acc': 0.9463678516228748, 'eval_eval_seq_acc': 0.0, 'eval_eval_move_acc': 0.9995, 'eval_eval_mod8_acc': 0.9995, 'eval_eval_mod4_acc': 0.9995, 'eval_eval_runtime': 1.1038, 'eval_eval_samples_per_second': 1811.897, 'eval_eval_steps_per_second': 28.99, 'epoch': 161.7}
{'eval_train_loss': 7.041359708637174e-07, 'eval_train_token_acc': 0.9466893327666809, 'eval_train_seq_acc': 0.0, 'eval_train_move_acc': 1.0, 'eval_train_mod8_acc': 1.0, 'eval_train_mod4_acc': 1.0, 'eval_train_runtime': 0.5504, 'eval_train_samples_per_second': 1816.712, 'eval_train_steps_per_second': 29.067, 'epoch': 161.7}
{'loss': 0.0, 'learning_rate': 1.5389870072379766e-05, 'epoch': 162.77}
{'eval_eval_loss': 2.4864182705641724e-05, 'eval_eval_token_acc': 0.9463678516228748, 'eval_eval_seq_acc': 0.0, 'eval_eval_move_acc': 0.999, 'eval_eval_mod8_acc': 0.9994997498749375, 'eval_eval_mod4_acc': 0.9994997498749375, 'eval_eval_runtime': 1.1083, 'eval_eval_samples_per_second': 1804.543, 'eval_eval_steps_per_second': 28.873, 'epoch': 162.77}
{'eval_train_loss': 8.36819253891008e-07, 'eval_train_token_acc': 0.9466893327666809, 'eval_train_seq_acc': 0.0, 'eval_train_move_acc': 1.0, 'eval_train_mod8_acc': 1.0, 'eval_train_mod4_acc': 1.0, 'eval_train_runtime': 0.5528, 'eval_train_samples_per_second': 1808.895, 'eval_train_steps_per_second': 28.942, 'epoch': 162.77}
{'loss': 0.0, 'learning_rate': 1.5204234346284535e-05, 'epoch': 163.83}
{'eval_eval_loss': 2.7608286472968757e-05, 'eval_eval_token_acc': 0.9463678516228748, 'eval_eval_seq_acc': 0.0, 'eval_eval_move_acc': 0.9985, 'eval_eval_mod8_acc': 0.9989994997498749, 'eval_eval_mod4_acc': 0.9989994997498749, 'eval_eval_runtime': 1.1083, 'eval_eval_samples_per_second': 1804.613, 'eval_eval_steps_per_second': 28.874, 'epoch': 163.83}
{'eval_train_loss': 5.353930419005337e-07, 'eval_train_token_acc': 0.9466893327666809, 'eval_train_seq_acc': 0.0, 'eval_train_move_acc': 1.0, 'eval_train_mod8_acc': 1.0, 'eval_train_mod4_acc': 1.0, 'eval_train_runtime': 0.5548, 'eval_train_samples_per_second': 1802.409, 'eval_train_steps_per_second': 28.839, 'epoch': 163.83}
{'loss': 0.0, 'learning_rate': 1.501856732772654e-05, 'epoch': 164.89}
{'eval_eval_loss': 2.4876146198948845e-05, 'eval_eval_token_acc': 0.9463678516228748, 'eval_eval_seq_acc': 0.0, 'eval_eval_move_acc': 0.999, 'eval_eval_mod8_acc': 0.9994997498749375, 'eval_eval_mod4_acc': 0.9994997498749375, 'eval_eval_runtime': 1.1081, 'eval_eval_samples_per_second': 1804.828, 'eval_eval_steps_per_second': 28.877, 'epoch': 164.89}
{'eval_train_loss': 5.53613688225596e-07, 'eval_train_token_acc': 0.9466893327666809, 'eval_train_seq_acc': 0.0, 'eval_train_move_acc': 1.0, 'eval_train_mod8_acc': 1.0, 'eval_train_mod4_acc': 1.0, 'eval_train_runtime': 0.5543, 'eval_train_samples_per_second': 1804.0, 'eval_train_steps_per_second': 28.864, 'epoch': 164.89}
  Pushed checkpoint step-39000 to ijinyu1113/ft_mr7_70m_seed1_purenum
{'loss': 0.0, 'learning_rate': 1.4832897464312018e-05, 'epoch': 165.96}
{'eval_eval_loss': 2.2569951397599652e-05, 'eval_eval_token_acc': 0.9463678516228748, 'eval_eval_seq_acc': 0.0, 'eval_eval_move_acc': 0.999, 'eval_eval_mod8_acc': 0.9994997498749375, 'eval_eval_mod4_acc': 0.9994997498749375, 'eval_eval_runtime': 1.1083, 'eval_eval_samples_per_second': 1804.508, 'eval_eval_steps_per_second': 28.872, 'epoch': 165.96}
{'eval_train_loss': 4.943780140820309e-07, 'eval_train_token_acc': 0.9466893327666809, 'eval_train_seq_acc': 0.0, 'eval_train_move_acc': 1.0, 'eval_train_mod8_acc': 1.0, 'eval_train_mod4_acc': 1.0, 'eval_train_runtime': 0.5544, 'eval_train_samples_per_second': 1803.692, 'eval_train_steps_per_second': 28.859, 'epoch': 165.96}
{'loss': 0.0, 'learning_rate': 1.4647253204083116e-05, 'epoch': 167.02}
{'eval_eval_loss': 2.4264369130833074e-05, 'eval_eval_token_acc': 0.9463678516228748, 'eval_eval_seq_acc': 0.0, 'eval_eval_move_acc': 0.999, 'eval_eval_mod8_acc': 0.9994997498749375, 'eval_eval_mod4_acc': 0.9994997498749375, 'eval_eval_runtime': 1.1074, 'eval_eval_samples_per_second': 1806.077, 'eval_eval_steps_per_second': 28.897, 'epoch': 167.02}
{'eval_train_loss': 4.162777997862577e-07, 'eval_train_token_acc': 0.9466893327666809, 'eval_train_seq_acc': 0.0, 'eval_train_move_acc': 1.0, 'eval_train_mod8_acc': 1.0, 'eval_train_mod4_acc': 1.0, 'eval_train_runtime': 0.5541, 'eval_train_samples_per_second': 1804.706, 'eval_train_steps_per_second': 28.875, 'epoch': 167.02}
{'loss': 0.0, 'learning_rate': 1.446166299115909e-05, 'epoch': 168.09}
{'eval_eval_loss': 2.0543955542962067e-05, 'eval_eval_token_acc': 0.9463678516228748, 'eval_eval_seq_acc': 0.0, 'eval_eval_move_acc': 1.0, 'eval_eval_mod8_acc': 1.0, 'eval_eval_mod4_acc': 1.0, 'eval_eval_runtime': 1.1115, 'eval_eval_samples_per_second': 1799.34, 'eval_eval_steps_per_second': 28.789, 'epoch': 168.09}
{'eval_train_loss': 3.84262818897696e-07, 'eval_train_token_acc': 0.9466893327666809, 'eval_train_seq_acc': 0.0, 'eval_train_move_acc': 1.0, 'eval_train_mod8_acc': 1.0, 'eval_train_mod4_acc': 1.0, 'eval_train_runtime': 0.5533, 'eval_train_samples_per_second': 1807.432, 'eval_train_steps_per_second': 28.919, 'epoch': 168.09}
{'loss': 0.0, 'learning_rate': 1.427615526137815e-05, 'epoch': 169.15}
{'eval_eval_loss': 2.081769343931228e-05, 'eval_eval_token_acc': 0.9463678516228748, 'eval_eval_seq_acc': 0.0, 'eval_eval_move_acc': 0.999, 'eval_eval_mod8_acc': 0.9994997498749375, 'eval_eval_mod4_acc': 0.9994997498749375, 'eval_eval_runtime': 1.1087, 'eval_eval_samples_per_second': 1803.893, 'eval_eval_steps_per_second': 28.862, 'epoch': 169.15}
{'eval_train_loss': 3.9020989106575144e-07, 'eval_train_token_acc': 0.9466893327666809, 'eval_train_seq_acc': 0.0, 'eval_train_move_acc': 1.0, 'eval_train_mod8_acc': 1.0, 'eval_train_mod4_acc': 1.0, 'eval_train_runtime': 0.5545, 'eval_train_samples_per_second': 1803.523, 'eval_train_steps_per_second': 28.856, 'epoch': 169.15}
  Pushed checkpoint step-40000 to ijinyu1113/ft_mr7_70m_seed1_purenum
{'loss': 0.0, 'learning_rate': 1.4090758437940578e-05, 'epoch': 170.21}
{'eval_eval_loss': 2.0390092686284333e-05, 'eval_eval_token_acc': 0.9463678516228748, 'eval_eval_seq_acc': 0.0, 'eval_eval_move_acc': 0.9995, 'eval_eval_mod8_acc': 1.0, 'eval_eval_mod4_acc': 1.0, 'eval_eval_runtime': 1.108, 'eval_eval_samples_per_second': 1805.127, 'eval_eval_steps_per_second': 28.882, 'epoch': 170.21}
{'eval_train_loss': 3.67123448086204e-07, 'eval_train_token_acc': 0.9466893327666809, 'eval_train_seq_acc': 0.0, 'eval_train_move_acc': 1.0, 'eval_train_mod8_acc': 1.0, 'eval_train_mod4_acc': 1.0, 'eval_train_runtime': 0.5555, 'eval_train_samples_per_second': 1800.298, 'eval_train_steps_per_second': 28.805, 'epoch': 170.21}
{'loss': 0.0, 'learning_rate': 1.390550092705376e-05, 'epoch': 171.28}
{'eval_eval_loss': 1.899375820357818e-05, 'eval_eval_token_acc': 0.9463678516228748, 'eval_eval_seq_acc': 0.0, 'eval_eval_move_acc': 0.9995, 'eval_eval_mod8_acc': 0.9995, 'eval_eval_mod4_acc': 0.9995, 'eval_eval_runtime': 1.1126, 'eval_eval_samples_per_second': 1797.564, 'eval_eval_steps_per_second': 28.761, 'epoch': 171.28}
{'eval_train_loss': 2.9726953698627767e-07, 'eval_train_token_acc': 0.9466893327666809, 'eval_train_seq_acc': 0.0, 'eval_train_move_acc': 1.0, 'eval_train_mod8_acc': 1.0, 'eval_train_mod4_acc': 1.0, 'eval_train_runtime': 0.5553, 'eval_train_samples_per_second': 1800.833, 'eval_train_steps_per_second': 28.813, 'epoch': 171.28}
{'loss': 0.0, 'learning_rate': 1.372041111357983e-05, 'epoch': 172.34}
{'eval_eval_loss': 1.935265026986599e-05, 'eval_eval_token_acc': 0.9463678516228748, 'eval_eval_seq_acc': 0.0, 'eval_eval_move_acc': 1.0, 'eval_eval_mod8_acc': 1.0, 'eval_eval_mod4_acc': 1.0, 'eval_eval_runtime': 1.1075, 'eval_eval_samples_per_second': 1805.94, 'eval_eval_steps_per_second': 28.895, 'epoch': 172.34}
{'eval_train_loss': 2.666880902779667e-07, 'eval_train_token_acc': 0.9466893327666809, 'eval_train_seq_acc': 0.0, 'eval_train_move_acc': 1.0, 'eval_train_mod8_acc': 1.0, 'eval_train_mod4_acc': 1.0, 'eval_train_runtime': 0.5539, 'eval_train_samples_per_second': 1805.295, 'eval_train_steps_per_second': 28.885, 'epoch': 172.34}
{'loss': 0.0, 'learning_rate': 1.3535517356686595e-05, 'epoch': 173.4}
{'eval_eval_loss': 1.7924774510902353e-05, 'eval_eval_token_acc': 0.9463678516228748, 'eval_eval_seq_acc': 0.0, 'eval_eval_move_acc': 0.9995, 'eval_eval_mod8_acc': 1.0, 'eval_eval_mod4_acc': 1.0, 'eval_eval_runtime': 1.1111, 'eval_eval_samples_per_second': 1799.97, 'eval_eval_steps_per_second': 28.8, 'epoch': 173.4}
{'eval_train_loss': 5.086029659651103e-07, 'eval_train_token_acc': 0.9466893327666809, 'eval_train_seq_acc': 0.0, 'eval_train_move_acc': 1.0, 'eval_train_mod8_acc': 1.0, 'eval_train_mod4_acc': 1.0, 'eval_train_runtime': 0.5564, 'eval_train_samples_per_second': 1797.135, 'eval_train_steps_per_second': 28.754, 'epoch': 173.4}
  Pushed checkpoint step-41000 to ijinyu1113/ft_mr7_70m_seed1_purenum
{'loss': 0.0, 'learning_rate': 1.335084798550238e-05, 'epoch': 174.47}
{'eval_eval_loss': 1.5975978385540657e-05, 'eval_eval_token_acc': 0.9463678516228748, 'eval_eval_seq_acc': 0.0, 'eval_eval_move_acc': 1.0, 'eval_eval_mod8_acc': 1.0, 'eval_eval_mod4_acc': 1.0, 'eval_eval_runtime': 1.1065, 'eval_eval_samples_per_second': 1807.434, 'eval_eval_steps_per_second': 28.919, 'epoch': 174.47}
{'eval_train_loss': 2.285735405394007e-07, 'eval_train_token_acc': 0.9466893327666809, 'eval_train_seq_acc': 0.0, 'eval_train_move_acc': 1.0, 'eval_train_mod8_acc': 1.0, 'eval_train_mod4_acc': 1.0, 'eval_train_runtime': 0.5531, 'eval_train_samples_per_second': 1808.151, 'eval_train_steps_per_second': 28.93, 'epoch': 174.47}
{'loss': 0.0, 'learning_rate': 1.3166431294775487e-05, 'epoch': 175.53}
{'eval_eval_loss': 1.6448337191832252e-05, 'eval_eval_token_acc': 0.9463678516228748, 'eval_eval_seq_acc': 0.0, 'eval_eval_move_acc': 0.9995, 'eval_eval_mod8_acc': 1.0, 'eval_eval_mod4_acc': 1.0, 'eval_eval_runtime': 1.1107, 'eval_eval_samples_per_second': 1800.723, 'eval_eval_steps_per_second': 28.812, 'epoch': 175.53}
{'eval_train_loss': 2.586560867712251e-07, 'eval_train_token_acc': 0.9466893327666809, 'eval_train_seq_acc': 0.0, 'eval_train_move_acc': 1.0, 'eval_train_mod8_acc': 1.0, 'eval_train_mod4_acc': 1.0, 'eval_train_runtime': 0.5552, 'eval_train_samples_per_second': 1801.049, 'eval_train_steps_per_second': 28.817, 'epoch': 175.53}
{'loss': 0.0, 'learning_rate': 1.2982295540538918e-05, 'epoch': 176.6}
{'eval_eval_loss': 1.7193708117702045e-05, 'eval_eval_token_acc': 0.9463678516228748, 'eval_eval_seq_acc': 0.0, 'eval_eval_move_acc': 0.9995, 'eval_eval_mod8_acc': 1.0, 'eval_eval_mod4_acc': 1.0, 'eval_eval_runtime': 1.1086, 'eval_eval_samples_per_second': 1804.054, 'eval_eval_steps_per_second': 28.865, 'epoch': 176.6}
{'eval_train_loss': 1.9821879959636135e-07, 'eval_train_token_acc': 0.9466893327666809, 'eval_train_seq_acc': 0.0, 'eval_train_move_acc': 1.0, 'eval_train_mod8_acc': 1.0, 'eval_train_mod4_acc': 1.0, 'eval_train_runtime': 0.5546, 'eval_train_samples_per_second': 1803.144, 'eval_train_steps_per_second': 28.85, 'epoch': 176.6}
{'loss': 0.0, 'learning_rate': 1.279846893578104e-05, 'epoch': 177.66}
{'eval_eval_loss': 1.3105121979606338e-05, 'eval_eval_token_acc': 0.9463678516228748, 'eval_eval_seq_acc': 0.0, 'eval_eval_move_acc': 1.0, 'eval_eval_mod8_acc': 1.0, 'eval_eval_mod4_acc': 1.0, 'eval_eval_runtime': 1.1106, 'eval_eval_samples_per_second': 1800.848, 'eval_eval_steps_per_second': 28.814, 'epoch': 177.66}
{'eval_train_loss': 1.8292115555595956e-07, 'eval_train_token_acc': 0.9466893327666809, 'eval_train_seq_acc': 0.0, 'eval_train_move_acc': 1.0, 'eval_train_mod8_acc': 1.0, 'eval_train_mod4_acc': 1.0, 'eval_train_runtime': 0.5557, 'eval_train_samples_per_second': 1799.376, 'eval_train_steps_per_second': 28.79, 'epoch': 177.66}
  Pushed checkpoint step-42000 to ijinyu1113/ft_mr7_70m_seed1_purenum
{'loss': 0.0, 'learning_rate': 1.2614979646122818e-05, 'epoch': 178.72}
{'eval_eval_loss': 1.4448017282120418e-05, 'eval_eval_token_acc': 0.9463678516228748, 'eval_eval_seq_acc': 0.0, 'eval_eval_move_acc': 0.9995, 'eval_eval_mod8_acc': 1.0, 'eval_eval_mod4_acc': 1.0, 'eval_eval_runtime': 1.1081, 'eval_eval_samples_per_second': 1804.948, 'eval_eval_steps_per_second': 28.879, 'epoch': 178.72}
{'eval_train_loss': 1.7294890142238728e-07, 'eval_train_token_acc': 0.9466893327666809, 'eval_train_seq_acc': 0.0, 'eval_train_move_acc': 1.0, 'eval_train_mod8_acc': 1.0, 'eval_train_mod4_acc': 1.0, 'eval_train_runtime': 0.5544, 'eval_train_samples_per_second': 1803.857, 'eval_train_steps_per_second': 28.862, 'epoch': 178.72}
{'loss': 0.0, 'learning_rate': 1.2431855785502335e-05, 'epoch': 179.79}
{'eval_eval_loss': 1.3748373021371663e-05, 'eval_eval_token_acc': 0.9463678516228748, 'eval_eval_seq_acc': 0.0, 'eval_eval_move_acc': 1.0, 'eval_eval_mod8_acc': 1.0, 'eval_eval_mod4_acc': 1.0, 'eval_eval_runtime': 1.1067, 'eval_eval_samples_per_second': 1807.238, 'eval_eval_steps_per_second': 28.916, 'epoch': 179.79}
{'eval_train_loss': 1.4863550745758403e-07, 'eval_train_token_acc': 0.9466893327666809, 'eval_train_seq_acc': 0.0, 'eval_train_move_acc': 1.0, 'eval_train_mod8_acc': 1.0, 'eval_train_mod4_acc': 1.0, 'eval_train_runtime': 0.554, 'eval_train_samples_per_second': 1805.071, 'eval_train_steps_per_second': 28.881, 'epoch': 179.79}
{'loss': 0.0, 'learning_rate': 1.2249125411867217e-05, 'epoch': 180.85}
{'eval_eval_loss': 1.4573312910215463e-05, 'eval_eval_token_acc': 0.9463678516228748, 'eval_eval_seq_acc': 0.0, 'eval_eval_move_acc': 0.9995, 'eval_eval_mod8_acc': 1.0, 'eval_eval_mod4_acc': 1.0, 'eval_eval_runtime': 1.1074, 'eval_eval_samples_per_second': 1806.013, 'eval_eval_steps_per_second': 28.896, 'epoch': 180.85}
{'eval_train_loss': 1.3100090257012198e-07, 'eval_train_token_acc': 0.9466893327666809, 'eval_train_seq_acc': 0.0, 'eval_train_move_acc': 1.0, 'eval_train_mod8_acc': 1.0, 'eval_train_mod4_acc': 1.0, 'eval_train_runtime': 0.5534, 'eval_train_samples_per_second': 1806.876, 'eval_train_steps_per_second': 28.91, 'epoch': 180.85}
{'loss': 0.0, 'learning_rate': 1.2066816522875634e-05, 'epoch': 181.91}
{'eval_eval_loss': 1.4991097486927174e-05, 'eval_eval_token_acc': 0.9463678516228748, 'eval_eval_seq_acc': 0.0, 'eval_eval_move_acc': 0.9995, 'eval_eval_mod8_acc': 1.0, 'eval_eval_mod4_acc': 1.0, 'eval_eval_runtime': 1.1063, 'eval_eval_samples_per_second': 1807.785, 'eval_eval_steps_per_second': 28.925, 'epoch': 181.91}
{'eval_train_loss': 1.2815705474622519e-07, 'eval_train_token_acc': 0.9466893327666809, 'eval_train_seq_acc': 0.0, 'eval_train_move_acc': 1.0, 'eval_train_mod8_acc': 1.0, 'eval_train_mod4_acc': 1.0, 'eval_train_runtime': 0.5542, 'eval_train_samples_per_second': 1804.488, 'eval_train_steps_per_second': 28.872, 'epoch': 181.91}
  Pushed checkpoint step-43000 to ijinyu1113/ft_mr7_70m_seed1_purenum
{'loss': 0.0, 'learning_rate': 1.1884957051606551e-05, 'epoch': 182.98}
{'eval_eval_loss': 1.1033743248844985e-05, 'eval_eval_token_acc': 0.9463678516228748, 'eval_eval_seq_acc': 0.0, 'eval_eval_move_acc': 1.0, 'eval_eval_mod8_acc': 1.0, 'eval_eval_mod4_acc': 1.0, 'eval_eval_runtime': 1.109, 'eval_eval_samples_per_second': 1803.463, 'eval_eval_steps_per_second': 28.855, 'epoch': 182.98}
{'eval_train_loss': 1.2975657170954946e-07, 'eval_train_token_acc': 0.9466893327666809, 'eval_train_seq_acc': 0.0, 'eval_train_move_acc': 1.0, 'eval_train_mod8_acc': 1.0, 'eval_train_mod4_acc': 1.0, 'eval_train_runtime': 0.5518, 'eval_train_samples_per_second': 1812.255, 'eval_train_steps_per_second': 28.996, 'epoch': 182.98}
{'loss': 0.0, 'learning_rate': 1.1703574862279862e-05, 'epoch': 184.04}
{'eval_eval_loss': 1.3392273103818297e-05, 'eval_eval_token_acc': 0.9463678516228748, 'eval_eval_seq_acc': 0.0, 'eval_eval_move_acc': 0.9995, 'eval_eval_mod8_acc': 1.0, 'eval_eval_mod4_acc': 1.0, 'eval_eval_runtime': 1.1035, 'eval_eval_samples_per_second': 1812.459, 'eval_eval_steps_per_second': 28.999, 'epoch': 184.04}
{'eval_train_loss': 1.1446882552945681e-07, 'eval_train_token_acc': 0.9466893327666809, 'eval_train_seq_acc': 0.0, 'eval_train_move_acc': 1.0, 'eval_train_mod8_acc': 1.0, 'eval_train_mod4_acc': 1.0, 'eval_train_runtime': 0.5522, 'eval_train_samples_per_second': 1811.003, 'eval_train_steps_per_second': 28.976, 'epoch': 184.04}
{'loss': 0.0, 'learning_rate': 1.1522697745987076e-05, 'epoch': 185.11}
{'eval_eval_loss': 1.3002705600229092e-05, 'eval_eval_token_acc': 0.9463678516228748, 'eval_eval_seq_acc': 0.0, 'eval_eval_move_acc': 0.9995, 'eval_eval_mod8_acc': 1.0, 'eval_eval_mod4_acc': 1.0, 'eval_eval_runtime': 1.1067, 'eval_eval_samples_per_second': 1807.115, 'eval_eval_steps_per_second': 28.914, 'epoch': 185.11}
{'eval_train_loss': 9.452860183500889e-08, 'eval_train_token_acc': 0.9466893327666809, 'eval_train_seq_acc': 0.0, 'eval_train_move_acc': 1.0, 'eval_train_mod8_acc': 1.0, 'eval_train_mod4_acc': 1.0, 'eval_train_runtime': 0.5533, 'eval_train_samples_per_second': 1807.312, 'eval_train_steps_per_second': 28.917, 'epoch': 185.11}
{'loss': 0.0, 'learning_rate': 1.1342353416433218e-05, 'epoch': 186.17}
{'eval_eval_loss': 1.3358702744881157e-05, 'eval_eval_token_acc': 0.9463678516228748, 'eval_eval_seq_acc': 0.0, 'eval_eval_move_acc': 0.9995, 'eval_eval_mod8_acc': 1.0, 'eval_eval_mod4_acc': 1.0, 'eval_eval_runtime': 1.1052, 'eval_eval_samples_per_second': 1809.67, 'eval_eval_steps_per_second': 28.955, 'epoch': 186.17}
{'eval_train_loss': 9.285454893870337e-08, 'eval_train_token_acc': 0.9466893327666809, 'eval_train_seq_acc': 0.0, 'eval_train_move_acc': 1.0, 'eval_train_mod8_acc': 1.0, 'eval_train_mod4_acc': 1.0, 'eval_train_runtime': 0.5511, 'eval_train_samples_per_second': 1814.427, 'eval_train_steps_per_second': 29.031, 'epoch': 186.17}
  Pushed checkpoint step-44000 to ijinyu1113/ft_mr7_70m_seed1_purenum
{'loss': 0.0, 'learning_rate': 1.1162569505690563e-05, 'epoch': 187.23}
{'eval_eval_loss': 9.954277629731223e-06, 'eval_eval_token_acc': 0.9463678516228748, 'eval_eval_seq_acc': 0.0, 'eval_eval_move_acc': 1.0, 'eval_eval_mod8_acc': 1.0, 'eval_eval_mod4_acc': 1.0, 'eval_eval_runtime': 1.1089, 'eval_eval_samples_per_second': 1803.638, 'eval_eval_steps_per_second': 28.858, 'epoch': 187.23}
{'eval_train_loss': 8.090588465847759e-08, 'eval_train_token_acc': 0.9466893327666809, 'eval_train_seq_acc': 0.0, 'eval_train_move_acc': 1.0, 'eval_train_mod8_acc': 1.0, 'eval_train_mod4_acc': 1.0, 'eval_train_runtime': 0.5529, 'eval_train_samples_per_second': 1808.592, 'eval_train_steps_per_second': 28.937, 'epoch': 187.23}
{'loss': 0.0, 'learning_rate': 1.0983373559964911e-05, 'epoch': 188.3}
{'eval_eval_loss': 1.3154741282050963e-05, 'eval_eval_token_acc': 0.9463678516228748, 'eval_eval_seq_acc': 0.0, 'eval_eval_move_acc': 0.9995, 'eval_eval_mod8_acc': 1.0, 'eval_eval_mod4_acc': 1.0, 'eval_eval_runtime': 1.1092, 'eval_eval_samples_per_second': 1803.081, 'eval_eval_steps_per_second': 28.849, 'epoch': 188.3}
{'eval_train_loss': 7.474891106085124e-08, 'eval_train_token_acc': 0.9466893327666809, 'eval_train_seq_acc': 0.0, 'eval_train_move_acc': 1.0, 'eval_train_mod8_acc': 1.0, 'eval_train_mod4_acc': 1.0, 'eval_train_runtime': 0.5541, 'eval_train_samples_per_second': 1804.573, 'eval_train_steps_per_second': 28.873, 'epoch': 188.3}
{'loss': 0.0, 'learning_rate': 1.0804793035374997e-05, 'epoch': 189.36}
{'eval_eval_loss': 1.0576339263934642e-05, 'eval_eval_token_acc': 0.9463678516228748, 'eval_eval_seq_acc': 0.0, 'eval_eval_move_acc': 1.0, 'eval_eval_mod8_acc': 1.0, 'eval_eval_mod4_acc': 1.0, 'eval_eval_runtime': 1.1077, 'eval_eval_samples_per_second': 1805.527, 'eval_eval_steps_per_second': 28.888, 'epoch': 189.36}
{'eval_train_loss': 6.621064585488057e-08, 'eval_train_token_acc': 0.9466893327666809, 'eval_train_seq_acc': 0.0, 'eval_train_move_acc': 1.0, 'eval_train_mod8_acc': 1.0, 'eval_train_mod4_acc': 1.0, 'eval_train_runtime': 0.5542, 'eval_train_samples_per_second': 1804.363, 'eval_train_steps_per_second': 28.87, 'epoch': 189.36}
{'loss': 0.0, 'learning_rate': 1.06268552937457e-05, 'epoch': 190.43}
{'eval_eval_loss': 1.1765943781938404e-05, 'eval_eval_token_acc': 0.9463678516228748, 'eval_eval_seq_acc': 0.0, 'eval_eval_move_acc': 0.9995, 'eval_eval_mod8_acc': 1.0, 'eval_eval_mod4_acc': 1.0, 'eval_eval_runtime': 1.1067, 'eval_eval_samples_per_second': 1807.11, 'eval_eval_steps_per_second': 28.914, 'epoch': 190.43}
{'eval_train_loss': 6.556955867154102e-08, 'eval_train_token_acc': 0.9466893327666809, 'eval_train_seq_acc': 0.0, 'eval_train_move_acc': 1.0, 'eval_train_mod8_acc': 1.0, 'eval_train_mod4_acc': 1.0, 'eval_train_runtime': 0.5549, 'eval_train_samples_per_second': 1802.001, 'eval_train_steps_per_second': 28.832, 'epoch': 190.43}
  Pushed checkpoint step-45000 to ijinyu1113/ft_mr7_70m_seed1_purenum
{'loss': 0.0, 'learning_rate': 1.0449587598415714e-05, 'epoch': 191.49}
{'eval_eval_loss': 1.0990782357112039e-05, 'eval_eval_token_acc': 0.9463678516228748, 'eval_eval_seq_acc': 0.0, 'eval_eval_move_acc': 0.9995, 'eval_eval_mod8_acc': 1.0, 'eval_eval_mod4_acc': 1.0, 'eval_eval_runtime': 1.1057, 'eval_eval_samples_per_second': 1808.79, 'eval_eval_steps_per_second': 28.941, 'epoch': 191.49}
{'eval_train_loss': 6.125630847009234e-08, 'eval_train_token_acc': 0.9466893327666809, 'eval_train_seq_acc': 0.0, 'eval_train_move_acc': 1.0, 'eval_train_mod8_acc': 1.0, 'eval_train_mod4_acc': 1.0, 'eval_train_runtime': 0.5527, 'eval_train_samples_per_second': 1809.176, 'eval_train_steps_per_second': 28.947, 'epoch': 191.49}
{'loss': 0.0, 'learning_rate': 1.0273017110060303e-05, 'epoch': 192.55}
{'eval_eval_loss': 1.1009798981831409e-05, 'eval_eval_token_acc': 0.9463678516228748, 'eval_eval_seq_acc': 0.0, 'eval_eval_move_acc': 0.9995, 'eval_eval_mod8_acc': 1.0, 'eval_eval_mod4_acc': 1.0, 'eval_eval_runtime': 1.1104, 'eval_eval_samples_per_second': 1801.214, 'eval_eval_steps_per_second': 28.819, 'epoch': 192.55}
{'eval_train_loss': 5.4613281008641934e-08, 'eval_train_token_acc': 0.9466893327666809, 'eval_train_seq_acc': 0.0, 'eval_train_move_acc': 1.0, 'eval_train_mod8_acc': 1.0, 'eval_train_mod4_acc': 1.0, 'eval_train_runtime': 0.554, 'eval_train_samples_per_second': 1804.912, 'eval_train_steps_per_second': 28.879, 'epoch': 192.55}
{'loss': 0.0, 'learning_rate': 1.0097170882529782e-05, 'epoch': 193.62}
{'eval_eval_loss': 1.5122794138733298e-05, 'eval_eval_token_acc': 0.9463678516228748, 'eval_eval_seq_acc': 0.0, 'eval_eval_move_acc': 0.9995, 'eval_eval_mod8_acc': 1.0, 'eval_eval_mod4_acc': 1.0, 'eval_eval_runtime': 1.1098, 'eval_eval_samples_per_second': 1802.056, 'eval_eval_steps_per_second': 28.833, 'epoch': 193.62}
{'eval_train_loss': 5.1738076933816046e-08, 'eval_train_token_acc': 0.9466893327666809, 'eval_train_seq_acc': 0.0, 'eval_train_move_acc': 1.0, 'eval_train_mod8_acc': 1.0, 'eval_train_mod4_acc': 1.0, 'eval_train_runtime': 0.5543, 'eval_train_samples_per_second': 1804.23, 'eval_train_steps_per_second': 28.868, 'epoch': 193.62}
{'loss': 0.0, 'learning_rate': 9.922075858704368e-06, 'epoch': 194.68}
{'eval_eval_loss': 1.3961107470095158e-05, 'eval_eval_token_acc': 0.9463678516228748, 'eval_eval_seq_acc': 0.0, 'eval_eval_move_acc': 0.9995, 'eval_eval_mod8_acc': 1.0, 'eval_eval_mod4_acc': 1.0, 'eval_eval_runtime': 1.1099, 'eval_eval_samples_per_second': 1801.949, 'eval_eval_steps_per_second': 28.831, 'epoch': 194.68}
{'eval_train_loss': 4.588450863707294e-08, 'eval_train_token_acc': 0.9466893327666809, 'eval_train_seq_acc': 0.0, 'eval_train_move_acc': 1.0, 'eval_train_mod8_acc': 1.0, 'eval_train_mod4_acc': 1.0, 'eval_train_runtime': 0.5546, 'eval_train_samples_per_second': 1803.117, 'eval_train_steps_per_second': 28.85, 'epoch': 194.68}
  Pushed checkpoint step-46000 to ijinyu1113/ft_mr7_70m_seed1_purenum
{'loss': 0.0, 'learning_rate': 9.747758866366046e-06, 'epoch': 195.74}
{'eval_eval_loss': 1.247398631676333e-05, 'eval_eval_token_acc': 0.9463678516228748, 'eval_eval_seq_acc': 0.0, 'eval_eval_move_acc': 0.9995, 'eval_eval_mod8_acc': 1.0, 'eval_eval_mod4_acc': 1.0, 'eval_eval_runtime': 1.1063, 'eval_eval_samples_per_second': 1807.786, 'eval_eval_steps_per_second': 28.925, 'epoch': 195.74}
{'eval_train_loss': 4.107544171461086e-08, 'eval_train_token_acc': 0.9466893327666809, 'eval_train_seq_acc': 0.0, 'eval_train_move_acc': 1.0, 'eval_train_mod8_acc': 1.0, 'eval_train_mod4_acc': 1.0, 'eval_train_runtime': 0.553, 'eval_train_samples_per_second': 1808.191, 'eval_train_steps_per_second': 28.931, 'epoch': 195.74}
{'loss': 0.0, 'learning_rate': 9.574246614088038e-06, 'epoch': 196.81}
{'eval_eval_loss': 1.3750052858085837e-05, 'eval_eval_token_acc': 0.9463678516228748, 'eval_eval_seq_acc': 0.0, 'eval_eval_move_acc': 0.9995, 'eval_eval_mod8_acc': 1.0, 'eval_eval_mod4_acc': 1.0, 'eval_eval_runtime': 1.1096, 'eval_eval_samples_per_second': 1802.423, 'eval_eval_steps_per_second': 28.839, 'epoch': 196.81}
{'eval_train_loss': 4.281404031303282e-08, 'eval_train_token_acc': 0.9466893327666809, 'eval_train_seq_acc': 0.0, 'eval_train_move_acc': 1.0, 'eval_train_mod8_acc': 1.0, 'eval_train_mod4_acc': 1.0, 'eval_train_runtime': 0.5525, 'eval_train_samples_per_second': 1810.05, 'eval_train_steps_per_second': 28.961, 'epoch': 196.81}
{'loss': 0.0004, 'learning_rate': 9.401565687142579e-06, 'epoch': 197.87}
{'eval_eval_loss': 0.0012806160375475883, 'eval_eval_token_acc': 0.9463678516228748, 'eval_eval_seq_acc': 0.0, 'eval_eval_move_acc': 0.9725, 'eval_eval_mod8_acc': 0.9739609414121182, 'eval_eval_mod4_acc': 0.9739609414121182, 'eval_eval_runtime': 1.1051, 'eval_eval_samples_per_second': 1809.82, 'eval_eval_steps_per_second': 28.957, 'epoch': 197.87}
{'eval_train_loss': 0.0009240462095476687, 'eval_train_token_acc': 0.9466893327666809, 'eval_train_seq_acc': 0.0, 'eval_train_move_acc': 0.986, 'eval_train_mod8_acc': 0.986, 'eval_train_mod4_acc': 0.986, 'eval_train_runtime': 0.5533, 'eval_train_samples_per_second': 1807.413, 'eval_train_steps_per_second': 28.919, 'epoch': 197.87}
{'loss': 0.0002, 'learning_rate': 9.229742543427552e-06, 'epoch': 198.94}
{'eval_eval_loss': 0.00010489715350558981, 'eval_eval_token_acc': 0.9463678516228748, 'eval_eval_seq_acc': 0.0, 'eval_eval_move_acc': 0.9975, 'eval_eval_mod8_acc': 0.9984984984984985, 'eval_eval_mod4_acc': 0.9984984984984985, 'eval_eval_runtime': 1.1051, 'eval_eval_samples_per_second': 1809.813, 'eval_eval_steps_per_second': 28.957, 'epoch': 198.94}
{'eval_train_loss': 4.495389475778211e-06, 'eval_train_token_acc': 0.9466893327666809, 'eval_train_seq_acc': 0.0, 'eval_train_move_acc': 1.0, 'eval_train_mod8_acc': 1.0, 'eval_train_mod4_acc': 1.0, 'eval_train_runtime': 0.5533, 'eval_train_samples_per_second': 1807.218, 'eval_train_steps_per_second': 28.915, 'epoch': 198.94}
  Pushed checkpoint step-47000 to ijinyu1113/ft_mr7_70m_seed1_purenum
{'loss': 0.0, 'learning_rate': 9.058803509412647e-06, 'epoch': 200.0}
{'eval_eval_loss': 8.734942821320146e-05, 'eval_eval_token_acc': 0.9463678516228748, 'eval_eval_seq_acc': 0.0, 'eval_eval_move_acc': 0.9985, 'eval_eval_mod8_acc': 0.9994994994994995, 'eval_eval_mod4_acc': 0.9994994994994995, 'eval_eval_runtime': 1.1089, 'eval_eval_samples_per_second': 1803.573, 'eval_eval_steps_per_second': 28.857, 'epoch': 200.0}
{'eval_train_loss': 9.22871276998194e-06, 'eval_train_token_acc': 0.9466893327666809, 'eval_train_seq_acc': 0.0, 'eval_train_move_acc': 1.0, 'eval_train_mod8_acc': 1.0, 'eval_train_mod4_acc': 1.0, 'eval_train_runtime': 0.5519, 'eval_train_samples_per_second': 1812.071, 'eval_train_steps_per_second': 28.993, 'epoch': 200.0}
{'loss': 0.0, 'learning_rate': 8.888774776105679e-06, 'epoch': 201.06}
{'eval_eval_loss': 3.9324040699284524e-05, 'eval_eval_token_acc': 0.9463678516228748, 'eval_eval_seq_acc': 0.0, 'eval_eval_move_acc': 0.999, 'eval_eval_mod8_acc': 0.9994997498749375, 'eval_eval_mod4_acc': 0.9994997498749375, 'eval_eval_runtime': 1.1051, 'eval_eval_samples_per_second': 1809.804, 'eval_eval_steps_per_second': 28.957, 'epoch': 201.06}
{'eval_train_loss': 7.172087066464883e-07, 'eval_train_token_acc': 0.9466893327666809, 'eval_train_seq_acc': 0.0, 'eval_train_move_acc': 1.0, 'eval_train_mod8_acc': 1.0, 'eval_train_mod4_acc': 1.0, 'eval_train_runtime': 0.5533, 'eval_train_samples_per_second': 1807.459, 'eval_train_steps_per_second': 28.919, 'epoch': 201.06}
{'loss': 0.0, 'learning_rate': 8.719682395039619e-06, 'epoch': 202.13}
{'eval_eval_loss': 3.40794722433202e-05, 'eval_eval_token_acc': 0.9463678516228748, 'eval_eval_seq_acc': 0.0, 'eval_eval_move_acc': 0.999, 'eval_eval_mod8_acc': 0.9994997498749375, 'eval_eval_mod4_acc': 0.9994997498749375, 'eval_eval_runtime': 1.1085, 'eval_eval_samples_per_second': 1804.231, 'eval_eval_steps_per_second': 28.868, 'epoch': 202.13}
{'eval_train_loss': 6.337573381642869e-07, 'eval_train_token_acc': 0.9466893327666809, 'eval_train_seq_acc': 0.0, 'eval_train_move_acc': 1.0, 'eval_train_mod8_acc': 1.0, 'eval_train_mod4_acc': 1.0, 'eval_train_runtime': 0.5535, 'eval_train_samples_per_second': 1806.54, 'eval_train_steps_per_second': 28.905, 'epoch': 202.13}
{'loss': 0.0, 'learning_rate': 8.551552274281049e-06, 'epoch': 203.19}
{'eval_eval_loss': 3.173518052790314e-05, 'eval_eval_token_acc': 0.9463678516228748, 'eval_eval_seq_acc': 0.0, 'eval_eval_move_acc': 0.999, 'eval_eval_mod8_acc': 0.9994997498749375, 'eval_eval_mod4_acc': 0.9994997498749375, 'eval_eval_runtime': 1.1083, 'eval_eval_samples_per_second': 1804.486, 'eval_eval_steps_per_second': 28.872, 'epoch': 203.19}
{'eval_train_loss': 5.566850518334832e-07, 'eval_train_token_acc': 0.9466893327666809, 'eval_train_seq_acc': 0.0, 'eval_train_move_acc': 1.0, 'eval_train_mod8_acc': 1.0, 'eval_train_mod4_acc': 1.0, 'eval_train_runtime': 0.5543, 'eval_train_samples_per_second': 1804.041, 'eval_train_steps_per_second': 28.865, 'epoch': 203.19}
  Pushed checkpoint step-48000 to ijinyu1113/ft_mr7_70m_seed1_purenum
{'loss': 0.0, 'learning_rate': 8.384410174460525e-06, 'epoch': 204.26}
{'eval_eval_loss': 3.021795055246912e-05, 'eval_eval_token_acc': 0.9463678516228748, 'eval_eval_seq_acc': 0.0, 'eval_eval_move_acc': 0.999, 'eval_eval_mod8_acc': 0.9994997498749375, 'eval_eval_mod4_acc': 0.9994997498749375, 'eval_eval_runtime': 1.1056, 'eval_eval_samples_per_second': 1809.041, 'eval_eval_steps_per_second': 28.945, 'epoch': 204.26}
{'eval_train_loss': 5.052161782259645e-07, 'eval_train_token_acc': 0.9466893327666809, 'eval_train_seq_acc': 0.0, 'eval_train_move_acc': 1.0, 'eval_train_mod8_acc': 1.0, 'eval_train_mod4_acc': 1.0, 'eval_train_runtime': 0.5528, 'eval_train_samples_per_second': 1808.998, 'eval_train_steps_per_second': 28.944, 'epoch': 204.26}
{'loss': 0.0, 'learning_rate': 8.218281704825633e-06, 'epoch': 205.32}
{'eval_eval_loss': 2.7764399419538677e-05, 'eval_eval_token_acc': 0.9463678516228748, 'eval_eval_seq_acc': 0.0, 'eval_eval_move_acc': 0.999, 'eval_eval_mod8_acc': 0.9994997498749375, 'eval_eval_mod4_acc': 0.9994997498749375, 'eval_eval_runtime': 1.106, 'eval_eval_samples_per_second': 1808.386, 'eval_eval_steps_per_second': 28.934, 'epoch': 205.32}
{'eval_train_loss': 4.63255219074199e-07, 'eval_train_token_acc': 0.9466893327666809, 'eval_train_seq_acc': 0.0, 'eval_train_move_acc': 1.0, 'eval_train_mod8_acc': 1.0, 'eval_train_mod4_acc': 1.0, 'eval_train_runtime': 0.5527, 'eval_train_samples_per_second': 1809.229, 'eval_train_steps_per_second': 28.948, 'epoch': 205.32}
{'loss': 0.0, 'learning_rate': 8.05319231931712e-06, 'epoch': 206.38}
{'eval_eval_loss': 2.614795448607765e-05, 'eval_eval_token_acc': 0.9463678516228748, 'eval_eval_seq_acc': 0.0, 'eval_eval_move_acc': 0.999, 'eval_eval_mod8_acc': 0.9994997498749375, 'eval_eval_mod4_acc': 0.9994997498749375, 'eval_eval_runtime': 1.105, 'eval_eval_samples_per_second': 1809.943, 'eval_eval_steps_per_second': 28.959, 'epoch': 206.38}
{'eval_train_loss': 4.271079774298414e-07, 'eval_train_token_acc': 0.9466893327666809, 'eval_train_seq_acc': 0.0, 'eval_train_move_acc': 1.0, 'eval_train_mod8_acc': 1.0, 'eval_train_mod4_acc': 1.0, 'eval_train_runtime': 0.5525, 'eval_train_samples_per_second': 1809.826, 'eval_train_steps_per_second': 28.957, 'epoch': 206.38}
{'loss': 0.0, 'learning_rate': 7.889167312668936e-06, 'epoch': 207.45}
{'eval_eval_loss': 2.560484062996693e-05, 'eval_eval_token_acc': 0.9463678516228748, 'eval_eval_seq_acc': 0.0, 'eval_eval_move_acc': 0.999, 'eval_eval_mod8_acc': 0.9994997498749375, 'eval_eval_mod4_acc': 0.9994997498749375, 'eval_eval_runtime': 1.1067, 'eval_eval_samples_per_second': 1807.217, 'eval_eval_steps_per_second': 28.915, 'epoch': 207.45}
{'eval_train_loss': 3.9272759977393434e-07, 'eval_train_token_acc': 0.9466893327666809, 'eval_train_seq_acc': 0.0, 'eval_train_move_acc': 1.0, 'eval_train_mod8_acc': 1.0, 'eval_train_mod4_acc': 1.0, 'eval_train_runtime': 0.5535, 'eval_train_samples_per_second': 1806.602, 'eval_train_steps_per_second': 28.906, 'epoch': 207.45}
  Pushed checkpoint step-49000 to ijinyu1113/ft_mr7_70m_seed1_purenum
{'loss': 0.0, 'learning_rate': 7.726231816532574e-06, 'epoch': 208.51}
{'eval_eval_loss': 2.4204297005780973e-05, 'eval_eval_token_acc': 0.9463678516228748, 'eval_eval_seq_acc': 0.0, 'eval_eval_move_acc': 0.999, 'eval_eval_mod8_acc': 0.9994997498749375, 'eval_eval_mod4_acc': 0.9994997498749375, 'eval_eval_runtime': 1.1045, 'eval_eval_samples_per_second': 1810.841, 'eval_eval_steps_per_second': 28.973, 'epoch': 208.51}
{'eval_train_loss': 3.5708316659111006e-07, 'eval_train_token_acc': 0.9466893327666809, 'eval_train_seq_acc': 0.0, 'eval_train_move_acc': 1.0, 'eval_train_mod8_acc': 1.0, 'eval_train_mod4_acc': 1.0, 'eval_train_runtime': 0.5547, 'eval_train_samples_per_second': 1802.639, 'eval_train_steps_per_second': 28.842, 'epoch': 208.51}
{'loss': 0.0, 'learning_rate': 7.5644107956264455e-06, 'epoch': 209.57}
{'eval_eval_loss': 2.1950490918243304e-05, 'eval_eval_token_acc': 0.9463678516228748, 'eval_eval_seq_acc': 0.0, 'eval_eval_move_acc': 0.999, 'eval_eval_mod8_acc': 0.9994997498749375, 'eval_eval_mod4_acc': 0.9994997498749375, 'eval_eval_runtime': 1.1092, 'eval_eval_samples_per_second': 1803.03, 'eval_eval_steps_per_second': 28.848, 'epoch': 209.57}
{'eval_train_loss': 3.3454725212322955e-07, 'eval_train_token_acc': 0.9466893327666809, 'eval_train_seq_acc': 0.0, 'eval_train_move_acc': 1.0, 'eval_train_mod8_acc': 1.0, 'eval_train_mod4_acc': 1.0, 'eval_train_runtime': 0.5543, 'eval_train_samples_per_second': 1804.045, 'eval_train_steps_per_second': 28.865, 'epoch': 209.57}
{'loss': 0.0, 'learning_rate': 7.40372904391086e-06, 'epoch': 210.64}
{'eval_eval_loss': 2.187472455261741e-05, 'eval_eval_token_acc': 0.9463678516228748, 'eval_eval_seq_acc': 0.0, 'eval_eval_move_acc': 0.999, 'eval_eval_mod8_acc': 0.9994997498749375, 'eval_eval_mod4_acc': 0.9994997498749375, 'eval_eval_runtime': 1.1103, 'eval_eval_samples_per_second': 1801.234, 'eval_eval_steps_per_second': 28.82, 'epoch': 210.64}
{'eval_train_loss': 3.082328419168334e-07, 'eval_train_token_acc': 0.9466893327666809, 'eval_train_seq_acc': 0.0, 'eval_train_move_acc': 1.0, 'eval_train_mod8_acc': 1.0, 'eval_train_mod4_acc': 1.0, 'eval_train_runtime': 0.555, 'eval_train_samples_per_second': 1801.692, 'eval_train_steps_per_second': 28.827, 'epoch': 210.64}
{'loss': 0.0, 'learning_rate': 7.244211180789079e-06, 'epoch': 211.7}
{'eval_eval_loss': 2.083828985632863e-05, 'eval_eval_token_acc': 0.9463678516228748, 'eval_eval_seq_acc': 0.0, 'eval_eval_move_acc': 0.999, 'eval_eval_mod8_acc': 0.9994997498749375, 'eval_eval_mod4_acc': 0.9994997498749375, 'eval_eval_runtime': 1.1073, 'eval_eval_samples_per_second': 1806.22, 'eval_eval_steps_per_second': 28.9, 'epoch': 211.7}
{'eval_train_loss': 2.850066493920167e-07, 'eval_train_token_acc': 0.9466893327666809, 'eval_train_seq_acc': 0.0, 'eval_train_move_acc': 1.0, 'eval_train_mod8_acc': 1.0, 'eval_train_mod4_acc': 1.0, 'eval_train_runtime': 0.5532, 'eval_train_samples_per_second': 1807.622, 'eval_train_steps_per_second': 28.922, 'epoch': 211.7}
  Pushed checkpoint step-50000 to ijinyu1113/ft_mr7_70m_seed1_purenum
{'loss': 0.0, 'learning_rate': 7.085881647335225e-06, 'epoch': 212.77}
{'eval_eval_loss': 1.951357626239769e-05, 'eval_eval_token_acc': 0.9463678516228748, 'eval_eval_seq_acc': 0.0, 'eval_eval_move_acc': 0.999, 'eval_eval_mod8_acc': 0.9994997498749375, 'eval_eval_mod4_acc': 0.9994997498749375, 'eval_eval_runtime': 1.1099, 'eval_eval_samples_per_second': 1802.006, 'eval_eval_steps_per_second': 28.832, 'epoch': 212.77}
{'eval_train_loss': 2.6621160031936597e-07, 'eval_train_token_acc': 0.9466893327666809, 'eval_train_seq_acc': 0.0, 'eval_train_move_acc': 1.0, 'eval_train_mod8_acc': 1.0, 'eval_train_mod4_acc': 1.0, 'eval_train_runtime': 0.5542, 'eval_train_samples_per_second': 1804.299, 'eval_train_steps_per_second': 28.869, 'epoch': 212.77}
{'loss': 0.0, 'learning_rate': 6.928764702549411e-06, 'epoch': 213.83}
{'eval_eval_loss': 1.900304778246209e-05, 'eval_eval_token_acc': 0.9463678516228748, 'eval_eval_seq_acc': 0.0, 'eval_eval_move_acc': 0.999, 'eval_eval_mod8_acc': 0.9994997498749375, 'eval_eval_mod4_acc': 0.9994997498749375, 'eval_eval_runtime': 1.1076, 'eval_eval_samples_per_second': 1805.756, 'eval_eval_steps_per_second': 28.892, 'epoch': 213.83}
{'eval_train_loss': 2.497867228612449e-07, 'eval_train_token_acc': 0.9466893327666809, 'eval_train_seq_acc': 0.0, 'eval_train_move_acc': 1.0, 'eval_train_mod8_acc': 1.0, 'eval_train_mod4_acc': 1.0, 'eval_train_runtime': 0.5537, 'eval_train_samples_per_second': 1805.937, 'eval_train_steps_per_second': 28.895, 'epoch': 213.83}
{'loss': 0.0, 'learning_rate': 6.772884419640854e-06, 'epoch': 214.89}
{'eval_eval_loss': 1.9018068996956572e-05, 'eval_eval_token_acc': 0.9463678516228748, 'eval_eval_seq_acc': 0.0, 'eval_eval_move_acc': 0.9995, 'eval_eval_mod8_acc': 1.0, 'eval_eval_mod4_acc': 1.0, 'eval_eval_runtime': 1.1102, 'eval_eval_samples_per_second': 1801.441, 'eval_eval_steps_per_second': 28.823, 'epoch': 214.89}
{'eval_train_loss': 2.3230158774367737e-07, 'eval_train_token_acc': 0.9466893327666809, 'eval_train_seq_acc': 0.0, 'eval_train_move_acc': 1.0, 'eval_train_mod8_acc': 1.0, 'eval_train_mod4_acc': 1.0, 'eval_train_runtime': 0.5552, 'eval_train_samples_per_second': 1801.069, 'eval_train_steps_per_second': 28.817, 'epoch': 214.89}
{'loss': 0.0, 'learning_rate': 6.618264682339377e-06, 'epoch': 215.96}
{'eval_eval_loss': 1.8580116375233047e-05, 'eval_eval_token_acc': 0.9463678516228748, 'eval_eval_seq_acc': 0.0, 'eval_eval_move_acc': 0.9995, 'eval_eval_mod8_acc': 1.0, 'eval_eval_mod4_acc': 1.0, 'eval_eval_runtime': 1.1085, 'eval_eval_samples_per_second': 1804.218, 'eval_eval_steps_per_second': 28.867, 'epoch': 215.96}
{'eval_train_loss': 2.1763040081168583e-07, 'eval_train_token_acc': 0.9466893327666809, 'eval_train_seq_acc': 0.0, 'eval_train_move_acc': 1.0, 'eval_train_mod8_acc': 1.0, 'eval_train_mod4_acc': 1.0, 'eval_train_runtime': 0.5551, 'eval_train_samples_per_second': 1801.326, 'eval_train_steps_per_second': 28.821, 'epoch': 215.96}
  Pushed checkpoint step-51000 to ijinyu1113/ft_mr7_70m_seed1_purenum
{'loss': 0.0, 'learning_rate': 6.464929181236033e-06, 'epoch': 217.02}
{'eval_eval_loss': 1.8118547814083286e-05, 'eval_eval_token_acc': 0.9463678516228748, 'eval_eval_seq_acc': 0.0, 'eval_eval_move_acc': 0.9995, 'eval_eval_mod8_acc': 1.0, 'eval_eval_mod4_acc': 1.0, 'eval_eval_runtime': 1.1126, 'eval_eval_samples_per_second': 1797.571, 'eval_eval_steps_per_second': 28.761, 'epoch': 217.02}
{'eval_train_loss': 2.0453039439871645e-07, 'eval_train_token_acc': 0.9466893327666809, 'eval_train_seq_acc': 0.0, 'eval_train_move_acc': 1.0, 'eval_train_mod8_acc': 1.0, 'eval_train_mod4_acc': 1.0, 'eval_train_runtime': 0.5545, 'eval_train_samples_per_second': 1803.587, 'eval_train_steps_per_second': 28.857, 'epoch': 217.02}
{'loss': 0.0, 'learning_rate': 6.312901410153208e-06, 'epoch': 218.09}
{'eval_eval_loss': 1.7371257854392752e-05, 'eval_eval_token_acc': 0.9463678516228748, 'eval_eval_seq_acc': 0.0, 'eval_eval_move_acc': 0.9995, 'eval_eval_mod8_acc': 1.0, 'eval_eval_mod4_acc': 1.0, 'eval_eval_runtime': 1.1111, 'eval_eval_samples_per_second': 1799.992, 'eval_eval_steps_per_second': 28.8, 'epoch': 218.09}
{'eval_train_loss': 1.907444584503537e-07, 'eval_train_token_acc': 0.9466893327666809, 'eval_train_seq_acc': 0.0, 'eval_train_move_acc': 1.0, 'eval_train_mod8_acc': 1.0, 'eval_train_mod4_acc': 1.0, 'eval_train_runtime': 0.5554, 'eval_train_samples_per_second': 1800.403, 'eval_train_steps_per_second': 28.806, 'epoch': 218.09}
{'loss': 0.0, 'learning_rate': 6.162204662544992e-06, 'epoch': 219.15}
{'eval_eval_loss': 1.675824933045078e-05, 'eval_eval_token_acc': 0.9463678516228748, 'eval_eval_seq_acc': 0.0, 'eval_eval_move_acc': 0.9995, 'eval_eval_mod8_acc': 1.0, 'eval_eval_mod4_acc': 1.0, 'eval_eval_runtime': 1.1098, 'eval_eval_samples_per_second': 1802.091, 'eval_eval_steps_per_second': 28.833, 'epoch': 219.15}
{'eval_train_loss': 1.806626102052178e-07, 'eval_train_token_acc': 0.9466893327666809, 'eval_train_seq_acc': 0.0, 'eval_train_move_acc': 1.0, 'eval_train_mod8_acc': 1.0, 'eval_train_mod4_acc': 1.0, 'eval_train_runtime': 0.5556, 'eval_train_samples_per_second': 1800.005, 'eval_train_steps_per_second': 28.8, 'epoch': 219.15}
{'loss': 0.0, 'learning_rate': 6.0128620279281635e-06, 'epoch': 220.21}
{'eval_eval_loss': 1.687895019131247e-05, 'eval_eval_token_acc': 0.9463678516228748, 'eval_eval_seq_acc': 0.0, 'eval_eval_move_acc': 0.9995, 'eval_eval_mod8_acc': 1.0, 'eval_eval_mod4_acc': 1.0, 'eval_eval_runtime': 1.1103, 'eval_eval_samples_per_second': 1801.38, 'eval_eval_steps_per_second': 28.822, 'epoch': 220.21}
{'eval_train_loss': 1.7277180575092643e-07, 'eval_train_token_acc': 0.9466893327666809, 'eval_train_seq_acc': 0.0, 'eval_train_move_acc': 1.0, 'eval_train_mod8_acc': 1.0, 'eval_train_mod4_acc': 1.0, 'eval_train_runtime': 0.5555, 'eval_train_samples_per_second': 1800.321, 'eval_train_steps_per_second': 28.805, 'epoch': 220.21}
  Pushed checkpoint step-52000 to ijinyu1113/ft_mr7_70m_seed1_purenum
{'loss': 0.0, 'learning_rate': 5.864896388344442e-06, 'epoch': 221.28}
{'eval_eval_loss': 1.6374904589611106e-05, 'eval_eval_token_acc': 0.9463678516228748, 'eval_eval_seq_acc': 0.0, 'eval_eval_move_acc': 1.0, 'eval_eval_mod8_acc': 1.0, 'eval_eval_mod4_acc': 1.0, 'eval_eval_runtime': 1.1046, 'eval_eval_samples_per_second': 1810.635, 'eval_eval_steps_per_second': 28.97, 'epoch': 221.28}
{'eval_train_loss': 1.57836353764651e-07, 'eval_train_token_acc': 0.9466893327666809, 'eval_train_seq_acc': 0.0, 'eval_train_move_acc': 1.0, 'eval_train_mod8_acc': 1.0, 'eval_train_mod4_acc': 1.0, 'eval_train_runtime': 0.5549, 'eval_train_samples_per_second': 1802.106, 'eval_train_steps_per_second': 28.834, 'epoch': 221.28}
{'loss': 0.0, 'learning_rate': 5.71833041485457e-06, 'epoch': 222.34}
{'eval_eval_loss': 1.6559766663704067e-05, 'eval_eval_token_acc': 0.9463678516228748, 'eval_eval_seq_acc': 0.0, 'eval_eval_move_acc': 0.9995, 'eval_eval_mod8_acc': 1.0, 'eval_eval_mod4_acc': 1.0, 'eval_eval_runtime': 1.1089, 'eval_eval_samples_per_second': 1803.532, 'eval_eval_steps_per_second': 28.857, 'epoch': 222.34}
{'eval_train_loss': 1.5059197266964475e-07, 'eval_train_token_acc': 0.9466893327666809, 'eval_train_seq_acc': 0.0, 'eval_train_move_acc': 1.0, 'eval_train_mod8_acc': 1.0, 'eval_train_mod4_acc': 1.0, 'eval_train_runtime': 0.5542, 'eval_train_samples_per_second': 1804.497, 'eval_train_steps_per_second': 28.872, 'epoch': 222.34}
{'loss': 0.0, 'learning_rate': 5.573186564064649e-06, 'epoch': 223.4}
{'eval_eval_loss': 1.536505988042336e-05, 'eval_eval_token_acc': 0.9463678516228748, 'eval_eval_seq_acc': 0.0, 'eval_eval_move_acc': 0.9995, 'eval_eval_mod8_acc': 0.9995, 'eval_eval_mod4_acc': 0.9995, 'eval_eval_runtime': 1.1087, 'eval_eval_samples_per_second': 1803.97, 'eval_eval_steps_per_second': 28.864, 'epoch': 223.4}
{'eval_train_loss': 1.4059504849228688e-07, 'eval_train_token_acc': 0.9466893327666809, 'eval_train_seq_acc': 0.0, 'eval_train_move_acc': 1.0, 'eval_train_mod8_acc': 1.0, 'eval_train_mod4_acc': 1.0, 'eval_train_runtime': 0.5547, 'eval_train_samples_per_second': 1802.91, 'eval_train_steps_per_second': 28.847, 'epoch': 223.4}
{'loss': 0.0, 'learning_rate': 5.429487074685418e-06, 'epoch': 224.47}
{'eval_eval_loss': 1.539792174298782e-05, 'eval_eval_token_acc': 0.9463678516228748, 'eval_eval_seq_acc': 0.0, 'eval_eval_move_acc': 1.0, 'eval_eval_mod8_acc': 1.0, 'eval_eval_mod4_acc': 1.0, 'eval_eval_runtime': 1.1075, 'eval_eval_samples_per_second': 1805.833, 'eval_eval_steps_per_second': 28.893, 'epoch': 224.47}
{'eval_train_loss': 1.3281385236041388e-07, 'eval_train_token_acc': 0.9466893327666809, 'eval_train_seq_acc': 0.0, 'eval_train_move_acc': 1.0, 'eval_train_mod8_acc': 1.0, 'eval_train_mod4_acc': 1.0, 'eval_train_runtime': 0.5535, 'eval_train_samples_per_second': 1806.797, 'eval_train_steps_per_second': 28.909, 'epoch': 224.47}
  Pushed checkpoint step-53000 to ijinyu1113/ft_mr7_70m_seed1_purenum
{'loss': 0.0, 'learning_rate': 5.287253964124826e-06, 'epoch': 225.53}
{'eval_eval_loss': 1.4563288459612522e-05, 'eval_eval_token_acc': 0.9463678516228748, 'eval_eval_seq_acc': 0.0, 'eval_eval_move_acc': 1.0, 'eval_eval_mod8_acc': 1.0, 'eval_eval_mod4_acc': 1.0, 'eval_eval_runtime': 1.1161, 'eval_eval_samples_per_second': 1791.907, 'eval_eval_steps_per_second': 28.671, 'epoch': 225.53}
{'eval_train_loss': 1.2528822423973907e-07, 'eval_train_token_acc': 0.9466893327666809, 'eval_train_seq_acc': 0.0, 'eval_train_move_acc': 1.0, 'eval_train_mod8_acc': 1.0, 'eval_train_mod4_acc': 1.0, 'eval_train_runtime': 0.5575, 'eval_train_samples_per_second': 1793.613, 'eval_train_steps_per_second': 28.698, 'epoch': 225.53}
{'loss': 0.0, 'learning_rate': 5.1465090251146084e-06, 'epoch': 226.6}
{'eval_eval_loss': 1.4698933227919042e-05, 'eval_eval_token_acc': 0.9463678516228748, 'eval_eval_seq_acc': 0.0, 'eval_eval_move_acc': 1.0, 'eval_eval_mod8_acc': 1.0, 'eval_eval_mod4_acc': 1.0, 'eval_eval_runtime': 1.1106, 'eval_eval_samples_per_second': 1800.842, 'eval_eval_steps_per_second': 28.813, 'epoch': 226.6}
{'eval_train_loss': 1.1808170796712147e-07, 'eval_train_token_acc': 0.9466893327666809, 'eval_train_seq_acc': 0.0, 'eval_train_move_acc': 1.0, 'eval_train_mod8_acc': 1.0, 'eval_train_mod4_acc': 1.0, 'eval_train_runtime': 0.555, 'eval_train_samples_per_second': 1801.669, 'eval_train_steps_per_second': 28.827, 'epoch': 226.6}
{'loss': 0.0, 'learning_rate': 5.007273822371196e-06, 'epoch': 227.66}
{'eval_eval_loss': 1.411761695635505e-05, 'eval_eval_token_acc': 0.9463678516228748, 'eval_eval_seq_acc': 0.0, 'eval_eval_move_acc': 1.0, 'eval_eval_mod8_acc': 1.0, 'eval_eval_mod4_acc': 1.0, 'eval_eval_runtime': 1.1083, 'eval_eval_samples_per_second': 1804.64, 'eval_eval_steps_per_second': 28.874, 'epoch': 227.66}
{'eval_train_loss': 1.1066938299109097e-07, 'eval_train_token_acc': 0.9466893327666809, 'eval_train_seq_acc': 0.0, 'eval_train_move_acc': 1.0, 'eval_train_mod8_acc': 1.0, 'eval_train_mod4_acc': 1.0, 'eval_train_runtime': 0.5546, 'eval_train_samples_per_second': 1803.096, 'eval_train_steps_per_second': 28.85, 'epoch': 227.66}
{'loss': 0.0, 'learning_rate': 4.869569689291626e-06, 'epoch': 228.72}
{'eval_eval_loss': 1.3539078281610273e-05, 'eval_eval_token_acc': 0.9463678516228748, 'eval_eval_seq_acc': 0.0, 'eval_eval_move_acc': 1.0, 'eval_eval_mod8_acc': 1.0, 'eval_eval_mod4_acc': 1.0, 'eval_eval_runtime': 1.1092, 'eval_eval_samples_per_second': 1803.031, 'eval_eval_steps_per_second': 28.848, 'epoch': 228.72}
{'eval_train_loss': 1.0620328083632558e-07, 'eval_train_token_acc': 0.9466893327666809, 'eval_train_seq_acc': 0.0, 'eval_train_move_acc': 1.0, 'eval_train_mod8_acc': 1.0, 'eval_train_mod4_acc': 1.0, 'eval_train_runtime': 0.5545, 'eval_train_samples_per_second': 1803.37, 'eval_train_steps_per_second': 28.854, 'epoch': 228.72}
  Pushed checkpoint step-54000 to ijinyu1113/ft_mr7_70m_seed1_purenum
{'loss': 0.0, 'learning_rate': 4.733417724684879e-06, 'epoch': 229.79}
{'eval_eval_loss': 1.3782705536868889e-05, 'eval_eval_token_acc': 0.9463678516228748, 'eval_eval_seq_acc': 0.0, 'eval_eval_move_acc': 1.0, 'eval_eval_mod8_acc': 1.0, 'eval_eval_mod4_acc': 1.0, 'eval_eval_runtime': 1.1106, 'eval_eval_samples_per_second': 1800.763, 'eval_eval_steps_per_second': 28.812, 'epoch': 229.79}
{'eval_train_loss': 1.0140193751340121e-07, 'eval_train_token_acc': 0.9466893327666809, 'eval_train_seq_acc': 0.0, 'eval_train_move_acc': 1.0, 'eval_train_mod8_acc': 1.0, 'eval_train_mod4_acc': 1.0, 'eval_train_runtime': 0.5544, 'eval_train_samples_per_second': 1803.906, 'eval_train_steps_per_second': 28.863, 'epoch': 229.79}
{'loss': 0.0, 'learning_rate': 4.598838789539128e-06, 'epoch': 230.85}
{'eval_eval_loss': 1.3735888387600426e-05, 'eval_eval_token_acc': 0.9463678516228748, 'eval_eval_seq_acc': 0.0, 'eval_eval_move_acc': 1.0, 'eval_eval_mod8_acc': 1.0, 'eval_eval_mod4_acc': 1.0, 'eval_eval_runtime': 1.1117, 'eval_eval_samples_per_second': 1799.115, 'eval_eval_steps_per_second': 28.786, 'epoch': 230.85}
{'eval_train_loss': 9.746882767558418e-08, 'eval_train_token_acc': 0.9466893327666809, 'eval_train_seq_acc': 0.0, 'eval_train_move_acc': 1.0, 'eval_train_mod8_acc': 1.0, 'eval_train_mod4_acc': 1.0, 'eval_train_runtime': 0.5548, 'eval_train_samples_per_second': 1802.586, 'eval_train_steps_per_second': 28.841, 'epoch': 230.85}
{'loss': 0.0, 'learning_rate': 4.46585350382548e-06, 'epoch': 231.91}
{'eval_eval_loss': 1.2858394256909378e-05, 'eval_eval_token_acc': 0.9463678516228748, 'eval_eval_seq_acc': 0.0, 'eval_eval_move_acc': 1.0, 'eval_eval_mod8_acc': 1.0, 'eval_eval_mod4_acc': 1.0, 'eval_eval_runtime': 1.1124, 'eval_eval_samples_per_second': 1797.891, 'eval_eval_steps_per_second': 28.766, 'epoch': 231.91}
{'eval_train_loss': 8.906172155320746e-08, 'eval_train_token_acc': 0.9466893327666809, 'eval_train_seq_acc': 0.0, 'eval_train_move_acc': 1.0, 'eval_train_mod8_acc': 1.0, 'eval_train_mod4_acc': 1.0, 'eval_train_runtime': 0.556, 'eval_train_samples_per_second': 1798.418, 'eval_train_steps_per_second': 28.775, 'epoch': 231.91}
{'loss': 0.0, 'learning_rate': 4.334482243338589e-06, 'epoch': 232.98}
{'eval_eval_loss': 1.3214934369898401e-05, 'eval_eval_token_acc': 0.9463678516228748, 'eval_eval_seq_acc': 0.0, 'eval_eval_move_acc': 1.0, 'eval_eval_mod8_acc': 1.0, 'eval_eval_mod4_acc': 1.0, 'eval_eval_runtime': 1.1078, 'eval_eval_samples_per_second': 1805.441, 'eval_eval_steps_per_second': 28.887, 'epoch': 232.98}
{'eval_train_loss': 8.676137497332093e-08, 'eval_train_token_acc': 0.9466893327666809, 'eval_train_seq_acc': 0.0, 'eval_train_move_acc': 1.0, 'eval_train_mod8_acc': 1.0, 'eval_train_mod4_acc': 1.0, 'eval_train_runtime': 0.5549, 'eval_train_samples_per_second': 1802.199, 'eval_train_steps_per_second': 28.835, 'epoch': 232.98}
  Pushed checkpoint step-55000 to ijinyu1113/ft_mr7_70m_seed1_purenum
{'loss': 0.0, 'learning_rate': 4.204745136574737e-06, 'epoch': 234.04}
{'eval_eval_loss': 1.2046639312757179e-05, 'eval_eval_token_acc': 0.9463678516228748, 'eval_eval_seq_acc': 0.0, 'eval_eval_move_acc': 1.0, 'eval_eval_mod8_acc': 1.0, 'eval_eval_mod4_acc': 1.0, 'eval_eval_runtime': 1.1121, 'eval_eval_samples_per_second': 1798.465, 'eval_eval_steps_per_second': 28.775, 'epoch': 234.04}
{'eval_train_loss': 8.023135933399317e-08, 'eval_train_token_acc': 0.9466893327666809, 'eval_train_seq_acc': 0.0, 'eval_train_move_acc': 1.0, 'eval_train_mod8_acc': 1.0, 'eval_train_mod4_acc': 1.0, 'eval_train_runtime': 0.5541, 'eval_train_samples_per_second': 1804.832, 'eval_train_steps_per_second': 28.877, 'epoch': 234.04}
{'loss': 0.0, 'learning_rate': 4.076662061647747e-06, 'epoch': 235.11}
{'eval_eval_loss': 1.152666300185956e-05, 'eval_eval_token_acc': 0.9463678516228748, 'eval_eval_seq_acc': 0.0, 'eval_eval_move_acc': 1.0, 'eval_eval_mod8_acc': 1.0, 'eval_eval_mod4_acc': 1.0, 'eval_eval_runtime': 1.1117, 'eval_eval_samples_per_second': 1798.973, 'eval_eval_steps_per_second': 28.784, 'epoch': 235.11}
{'eval_train_loss': 7.636377574726794e-08, 'eval_train_token_acc': 0.9466893327666809, 'eval_train_seq_acc': 0.0, 'eval_train_move_acc': 1.0, 'eval_train_mod8_acc': 1.0, 'eval_train_mod4_acc': 1.0, 'eval_train_runtime': 0.5568, 'eval_train_samples_per_second': 1796.106, 'eval_train_steps_per_second': 28.738, 'epoch': 235.11}
{'loss': 0.0, 'learning_rate': 3.950252643243317e-06, 'epoch': 236.17}
{'eval_eval_loss': 1.1238961633353028e-05, 'eval_eval_token_acc': 0.9463678516228748, 'eval_eval_seq_acc': 0.0, 'eval_eval_move_acc': 1.0, 'eval_eval_mod8_acc': 1.0, 'eval_eval_mod4_acc': 1.0, 'eval_eval_runtime': 1.1086, 'eval_eval_samples_per_second': 1804.147, 'eval_eval_steps_per_second': 28.866, 'epoch': 236.17}
{'eval_train_loss': 7.084424424874669e-08, 'eval_train_token_acc': 0.9466893327666809, 'eval_train_seq_acc': 0.0, 'eval_train_move_acc': 1.0, 'eval_train_mod8_acc': 1.0, 'eval_train_mod4_acc': 1.0, 'eval_train_runtime': 0.5546, 'eval_train_samples_per_second': 1803.035, 'eval_train_steps_per_second': 28.849, 'epoch': 236.17}
{'loss': 0.0, 'learning_rate': 3.825536249612147e-06, 'epoch': 237.23}
{'eval_eval_loss': 1.1596082003961783e-05, 'eval_eval_token_acc': 0.9463678516228748, 'eval_eval_seq_acc': 0.0, 'eval_eval_move_acc': 1.0, 'eval_eval_mod8_acc': 1.0, 'eval_eval_mod4_acc': 1.0, 'eval_eval_runtime': 1.1108, 'eval_eval_samples_per_second': 1800.433, 'eval_eval_steps_per_second': 28.807, 'epoch': 237.23}
{'eval_train_loss': 6.671063346175288e-08, 'eval_train_token_acc': 0.9466893327666809, 'eval_train_seq_acc': 0.0, 'eval_train_move_acc': 1.0, 'eval_train_mod8_acc': 1.0, 'eval_train_mod4_acc': 1.0, 'eval_train_runtime': 0.5546, 'eval_train_samples_per_second': 1803.141, 'eval_train_steps_per_second': 28.85, 'epoch': 237.23}
  Pushed checkpoint step-56000 to ijinyu1113/ft_mr7_70m_seed1_purenum
{'loss': 0.0, 'learning_rate': 3.702531989602354e-06, 'epoch': 238.3}
{'eval_eval_loss': 1.1753724720620085e-05, 'eval_eval_token_acc': 0.9463678516228748, 'eval_eval_seq_acc': 0.0, 'eval_eval_move_acc': 1.0, 'eval_eval_mod8_acc': 1.0, 'eval_eval_mod4_acc': 1.0, 'eval_eval_runtime': 1.1077, 'eval_eval_samples_per_second': 1805.528, 'eval_eval_steps_per_second': 28.888, 'epoch': 238.3}
{'eval_train_loss': 6.495351101420965e-08, 'eval_train_token_acc': 0.9466893327666809, 'eval_train_seq_acc': 0.0, 'eval_train_move_acc': 1.0, 'eval_train_mod8_acc': 1.0, 'eval_train_mod4_acc': 1.0, 'eval_train_runtime': 0.5544, 'eval_train_samples_per_second': 1803.818, 'eval_train_steps_per_second': 28.861, 'epoch': 238.3}
{'loss': 0.0, 'learning_rate': 3.5812587097316712e-06, 'epoch': 239.36}
{'eval_eval_loss': 1.1443391485954635e-05, 'eval_eval_token_acc': 0.9463678516228748, 'eval_eval_seq_acc': 0.0, 'eval_eval_move_acc': 1.0, 'eval_eval_mod8_acc': 1.0, 'eval_eval_mod4_acc': 1.0, 'eval_eval_runtime': 1.1102, 'eval_eval_samples_per_second': 1801.451, 'eval_eval_steps_per_second': 28.823, 'epoch': 239.36}
{'eval_train_loss': 5.986419182590907e-08, 'eval_train_token_acc': 0.9466893327666809, 'eval_train_seq_acc': 0.0, 'eval_train_move_acc': 1.0, 'eval_train_mod8_acc': 1.0, 'eval_train_mod4_acc': 1.0, 'eval_train_runtime': 0.5569, 'eval_train_samples_per_second': 1795.504, 'eval_train_steps_per_second': 28.728, 'epoch': 239.36}
{'loss': 0.0, 'learning_rate': 3.461734991299779e-06, 'epoch': 240.43}
{'eval_eval_loss': 1.1483706657600123e-05, 'eval_eval_token_acc': 0.9463678516228748, 'eval_eval_seq_acc': 0.0, 'eval_eval_move_acc': 1.0, 'eval_eval_mod8_acc': 1.0, 'eval_eval_mod4_acc': 1.0, 'eval_eval_runtime': 1.1087, 'eval_eval_samples_per_second': 1803.951, 'eval_eval_steps_per_second': 28.863, 'epoch': 240.43}
{'eval_train_loss': 5.75159226912092e-08, 'eval_train_token_acc': 0.9466893327666809, 'eval_train_seq_acc': 0.0, 'eval_train_move_acc': 1.0, 'eval_train_mod8_acc': 1.0, 'eval_train_mod4_acc': 1.0, 'eval_train_runtime': 0.5551, 'eval_train_samples_per_second': 1801.555, 'eval_train_steps_per_second': 28.825, 'epoch': 240.43}
{'loss': 0.0, 'learning_rate': 3.343979147541352e-06, 'epoch': 241.49}
{'eval_eval_loss': 1.1258543963776901e-05, 'eval_eval_token_acc': 0.9463678516228748, 'eval_eval_seq_acc': 0.0, 'eval_eval_move_acc': 1.0, 'eval_eval_mod8_acc': 1.0, 'eval_eval_mod4_acc': 1.0, 'eval_eval_runtime': 1.1084, 'eval_eval_samples_per_second': 1804.377, 'eval_eval_steps_per_second': 28.87, 'epoch': 241.49}
{'eval_train_loss': 5.6388600455647975e-08, 'eval_train_token_acc': 0.9466893327666809, 'eval_train_seq_acc': 0.0, 'eval_train_move_acc': 1.0, 'eval_train_mod8_acc': 1.0, 'eval_train_mod4_acc': 1.0, 'eval_train_runtime': 0.5563, 'eval_train_samples_per_second': 1797.705, 'eval_train_steps_per_second': 28.763, 'epoch': 241.49}
  Pushed checkpoint step-57000 to ijinyu1113/ft_mr7_70m_seed1_purenum
{'loss': 0.0, 'learning_rate': 3.2280092208200853e-06, 'epoch': 242.55}
{'eval_eval_loss': 9.913147550832946e-06, 'eval_eval_token_acc': 0.9463678516228748, 'eval_eval_seq_acc': 0.0, 'eval_eval_move_acc': 1.0, 'eval_eval_mod8_acc': 1.0, 'eval_eval_mod4_acc': 1.0, 'eval_eval_runtime': 1.1095, 'eval_eval_samples_per_second': 1802.553, 'eval_eval_steps_per_second': 28.841, 'epoch': 242.55}
{'eval_train_loss': 5.0413049734743254e-08, 'eval_train_token_acc': 0.9466893327666809, 'eval_train_seq_acc': 0.0, 'eval_train_move_acc': 1.0, 'eval_train_mod8_acc': 1.0, 'eval_train_mod4_acc': 1.0, 'eval_train_runtime': 0.5535, 'eval_train_samples_per_second': 1806.723, 'eval_train_steps_per_second': 28.908, 'epoch': 242.55}
{'loss': 0.0, 'learning_rate': 3.1138429798643182e-06, 'epoch': 243.62}
{'eval_eval_loss': 9.59817862167256e-06, 'eval_eval_token_acc': 0.9463678516228748, 'eval_eval_seq_acc': 0.0, 'eval_eval_move_acc': 1.0, 'eval_eval_mod8_acc': 1.0, 'eval_eval_mod4_acc': 1.0, 'eval_eval_runtime': 1.1074, 'eval_eval_samples_per_second': 1806.019, 'eval_eval_steps_per_second': 28.896, 'epoch': 243.62}
{'eval_train_loss': 4.9939181678837485e-08, 'eval_train_token_acc': 0.9466893327666809, 'eval_train_seq_acc': 0.0, 'eval_train_move_acc': 1.0, 'eval_train_mod8_acc': 1.0, 'eval_train_mod4_acc': 1.0, 'eval_train_runtime': 0.5538, 'eval_train_samples_per_second': 1805.73, 'eval_train_steps_per_second': 28.892, 'epoch': 243.62}
{'loss': 0.0, 'learning_rate': 3.0014979170444963e-06, 'epoch': 244.68}
{'eval_eval_loss': 9.62047306529712e-06, 'eval_eval_token_acc': 0.9463678516228748, 'eval_eval_seq_acc': 0.0, 'eval_eval_move_acc': 1.0, 'eval_eval_mod8_acc': 1.0, 'eval_eval_mod4_acc': 1.0, 'eval_eval_runtime': 1.1095, 'eval_eval_samples_per_second': 1802.648, 'eval_eval_steps_per_second': 28.842, 'epoch': 244.68}
{'eval_train_loss': 4.56922961689088e-08, 'eval_train_token_acc': 0.9466893327666809, 'eval_train_seq_acc': 0.0, 'eval_train_move_acc': 1.0, 'eval_train_mod8_acc': 1.0, 'eval_train_mod4_acc': 1.0, 'eval_train_runtime': 0.5547, 'eval_train_samples_per_second': 1802.786, 'eval_train_steps_per_second': 28.845, 'epoch': 244.68}
{'loss': 0.0, 'learning_rate': 2.8909912456930587e-06, 'epoch': 245.74}
{'eval_eval_loss': 1.0170996574743185e-05, 'eval_eval_token_acc': 0.9463678516228748, 'eval_eval_seq_acc': 0.0, 'eval_eval_move_acc': 1.0, 'eval_eval_mod8_acc': 1.0, 'eval_eval_mod4_acc': 1.0, 'eval_eval_runtime': 1.1107, 'eval_eval_samples_per_second': 1800.662, 'eval_eval_steps_per_second': 28.811, 'epoch': 245.74}
{'eval_train_loss': 4.4469416593528877e-08, 'eval_train_token_acc': 0.9466893327666809, 'eval_train_seq_acc': 0.0, 'eval_train_move_acc': 1.0, 'eval_train_mod8_acc': 1.0, 'eval_train_mod4_acc': 1.0, 'eval_train_runtime': 0.5557, 'eval_train_samples_per_second': 1799.645, 'eval_train_steps_per_second': 28.794, 'epoch': 245.74}
  Pushed checkpoint step-58000 to ijinyu1113/ft_mr7_70m_seed1_purenum
{'loss': 0.0, 'learning_rate': 2.7823398974670004e-06, 'epoch': 246.81}
{'eval_eval_loss': 9.16228600544855e-06, 'eval_eval_token_acc': 0.9463678516228748, 'eval_eval_seq_acc': 0.0, 'eval_eval_move_acc': 1.0, 'eval_eval_mod8_acc': 1.0, 'eval_eval_mod4_acc': 1.0, 'eval_eval_runtime': 1.1084, 'eval_eval_samples_per_second': 1804.465, 'eval_eval_steps_per_second': 28.871, 'epoch': 246.81}
{'eval_train_loss': 4.168862943743079e-08, 'eval_train_token_acc': 0.9466893327666809, 'eval_train_seq_acc': 0.0, 'eval_train_move_acc': 1.0, 'eval_train_mod8_acc': 1.0, 'eval_train_mod4_acc': 1.0, 'eval_train_runtime': 0.5541, 'eval_train_samples_per_second': 1804.825, 'eval_train_steps_per_second': 28.877, 'epoch': 246.81}
{'loss': 0.0, 'learning_rate': 2.675560519753659e-06, 'epoch': 247.87}
{'eval_eval_loss': 8.742656973481644e-06, 'eval_eval_token_acc': 0.9463678516228748, 'eval_eval_seq_acc': 0.0, 'eval_eval_move_acc': 1.0, 'eval_eval_mod8_acc': 1.0, 'eval_eval_mod4_acc': 1.0, 'eval_eval_runtime': 1.1088, 'eval_eval_samples_per_second': 1803.802, 'eval_eval_steps_per_second': 28.861, 'epoch': 247.87}
{'eval_train_loss': 3.946086835071583e-08, 'eval_train_token_acc': 0.9466893327666809, 'eval_train_seq_acc': 0.0, 'eval_train_move_acc': 1.0, 'eval_train_mod8_acc': 1.0, 'eval_train_mod4_acc': 1.0, 'eval_train_runtime': 0.5534, 'eval_train_samples_per_second': 1807.164, 'eval_train_steps_per_second': 28.915, 'epoch': 247.87}
{'loss': 0.0, 'learning_rate': 2.5706694731200194e-06, 'epoch': 248.94}
{'eval_eval_loss': 9.289138688473031e-06, 'eval_eval_token_acc': 0.9463678516228748, 'eval_eval_seq_acc': 0.0, 'eval_eval_move_acc': 1.0, 'eval_eval_mod8_acc': 1.0, 'eval_eval_mod4_acc': 1.0, 'eval_eval_runtime': 1.111, 'eval_eval_samples_per_second': 1800.233, 'eval_eval_steps_per_second': 28.804, 'epoch': 248.94}
{'eval_train_loss': 3.833470429981389e-08, 'eval_train_token_acc': 0.9466893327666809, 'eval_train_seq_acc': 0.0, 'eval_train_move_acc': 1.0, 'eval_train_mod8_acc': 1.0, 'eval_train_mod4_acc': 1.0, 'eval_train_runtime': 0.5543, 'eval_train_samples_per_second': 1804.128, 'eval_train_steps_per_second': 28.866, 'epoch': 248.94}
{'loss': 0.0, 'learning_rate': 2.467682828805956e-06, 'epoch': 250.0}
{'eval_eval_loss': 8.986384273157455e-06, 'eval_eval_token_acc': 0.9463678516228748, 'eval_eval_seq_acc': 0.0, 'eval_eval_move_acc': 1.0, 'eval_eval_mod8_acc': 1.0, 'eval_eval_mod4_acc': 1.0, 'eval_eval_runtime': 1.1116, 'eval_eval_samples_per_second': 1799.27, 'eval_eval_steps_per_second': 28.788, 'epoch': 250.0}
{'eval_train_loss': 3.730758990627692e-08, 'eval_train_token_acc': 0.9466893327666809, 'eval_train_seq_acc': 0.0, 'eval_train_move_acc': 1.0, 'eval_train_mod8_acc': 1.0, 'eval_train_mod4_acc': 1.0, 'eval_train_runtime': 0.5554, 'eval_train_samples_per_second': 1800.36, 'eval_train_steps_per_second': 28.806, 'epoch': 250.0}
  Pushed checkpoint step-59000 to ijinyu1113/ft_mr7_70m_seed1_purenum
{'loss': 0.0, 'learning_rate': 2.3666163662618575e-06, 'epoch': 251.06}
{'eval_eval_loss': 9.068467079487164e-06, 'eval_eval_token_acc': 0.9463678516228748, 'eval_eval_seq_acc': 0.0, 'eval_eval_move_acc': 1.0, 'eval_eval_mod8_acc': 1.0, 'eval_eval_mod4_acc': 1.0, 'eval_eval_runtime': 1.1073, 'eval_eval_samples_per_second': 1806.238, 'eval_eval_steps_per_second': 28.9, 'epoch': 251.06}
{'eval_train_loss': 3.519651414762848e-08, 'eval_train_token_acc': 0.9466893327666809, 'eval_train_seq_acc': 0.0, 'eval_train_move_acc': 1.0, 'eval_train_mod8_acc': 1.0, 'eval_train_mod4_acc': 1.0, 'eval_train_runtime': 0.5526, 'eval_train_samples_per_second': 1809.467, 'eval_train_steps_per_second': 28.951, 'epoch': 251.06}
{'loss': 0.0, 'learning_rate': 2.267485570730894e-06, 'epoch': 252.13}
{'eval_eval_loss': 9.279143341700546e-06, 'eval_eval_token_acc': 0.9463678516228748, 'eval_eval_seq_acc': 0.0, 'eval_eval_move_acc': 1.0, 'eval_eval_mod8_acc': 1.0, 'eval_eval_mod4_acc': 1.0, 'eval_eval_runtime': 1.1111, 'eval_eval_samples_per_second': 1799.959, 'eval_eval_steps_per_second': 28.799, 'epoch': 252.13}
{'eval_train_loss': 3.444545271236166e-08, 'eval_train_token_acc': 0.9466893327666809, 'eval_train_seq_acc': 0.0, 'eval_train_move_acc': 1.0, 'eval_train_mod8_acc': 1.0, 'eval_train_mod4_acc': 1.0, 'eval_train_runtime': 0.5552, 'eval_train_samples_per_second': 1801.074, 'eval_train_steps_per_second': 28.817, 'epoch': 252.13}
{'loss': 0.0, 'learning_rate': 2.170305630876408e-06, 'epoch': 253.19}
{'eval_eval_loss': 8.191983397409786e-06, 'eval_eval_token_acc': 0.9463678516228748, 'eval_eval_seq_acc': 0.0, 'eval_eval_move_acc': 1.0, 'eval_eval_mod8_acc': 1.0, 'eval_eval_mod4_acc': 1.0, 'eval_eval_runtime': 1.1094, 'eval_eval_samples_per_second': 1802.85, 'eval_eval_steps_per_second': 28.846, 'epoch': 253.19}
{'eval_train_loss': 3.264888448484271e-08, 'eval_train_token_acc': 0.9466893327666809, 'eval_train_seq_acc': 0.0, 'eval_train_move_acc': 1.0, 'eval_train_mod8_acc': 1.0, 'eval_train_mod4_acc': 1.0, 'eval_train_runtime': 0.5535, 'eval_train_samples_per_second': 1806.641, 'eval_train_steps_per_second': 28.906, 'epoch': 253.19}
{'loss': 0.0, 'learning_rate': 2.0750914364547357e-06, 'epoch': 254.26}
{'eval_eval_loss': 9.297837095800787e-06, 'eval_eval_token_acc': 0.9463678516228748, 'eval_eval_seq_acc': 0.0, 'eval_eval_move_acc': 1.0, 'eval_eval_mod8_acc': 1.0, 'eval_eval_mod4_acc': 1.0, 'eval_eval_runtime': 1.1088, 'eval_eval_samples_per_second': 1803.761, 'eval_eval_steps_per_second': 28.86, 'epoch': 254.26}
{'eval_train_loss': 3.196998221710601e-08, 'eval_train_token_acc': 0.9466893327666809, 'eval_train_seq_acc': 0.0, 'eval_train_move_acc': 1.0, 'eval_train_mod8_acc': 1.0, 'eval_train_mod4_acc': 1.0, 'eval_train_runtime': 0.5549, 'eval_train_samples_per_second': 1802.218, 'eval_train_steps_per_second': 28.835, 'epoch': 254.26}
  Pushed checkpoint step-60000 to ijinyu1113/ft_mr7_70m_seed1_purenum
{'loss': 0.0, 'learning_rate': 1.9818575760337995e-06, 'epoch': 255.32}
{'eval_eval_loss': 8.459485798084643e-06, 'eval_eval_token_acc': 0.9463678516228748, 'eval_eval_seq_acc': 0.0, 'eval_eval_move_acc': 1.0, 'eval_eval_mod8_acc': 1.0, 'eval_eval_mod4_acc': 1.0, 'eval_eval_runtime': 1.1133, 'eval_eval_samples_per_second': 1796.392, 'eval_eval_steps_per_second': 28.742, 'epoch': 255.32}
{'eval_train_loss': 3.000518233875482e-08, 'eval_train_token_acc': 0.9466893327666809, 'eval_train_seq_acc': 0.0, 'eval_train_move_acc': 1.0, 'eval_train_mod8_acc': 1.0, 'eval_train_mod4_acc': 1.0, 'eval_train_runtime': 0.5562, 'eval_train_samples_per_second': 1798.036, 'eval_train_steps_per_second': 28.769, 'epoch': 255.32}
{'loss': 0.0, 'learning_rate': 1.8906183347578975e-06, 'epoch': 256.38}
{'eval_eval_loss': 8.583996532252058e-06, 'eval_eval_token_acc': 0.9463678516228748, 'eval_eval_seq_acc': 0.0, 'eval_eval_move_acc': 1.0, 'eval_eval_mod8_acc': 1.0, 'eval_eval_mod4_acc': 1.0, 'eval_eval_runtime': 1.1136, 'eval_eval_samples_per_second': 1795.95, 'eval_eval_steps_per_second': 28.735, 'epoch': 256.38}
{'eval_train_loss': 2.9444132465528128e-08, 'eval_train_token_acc': 0.9466893327666809, 'eval_train_seq_acc': 0.0, 'eval_train_move_acc': 1.0, 'eval_train_mod8_acc': 1.0, 'eval_train_mod4_acc': 1.0, 'eval_train_runtime': 0.5569, 'eval_train_samples_per_second': 1795.601, 'eval_train_steps_per_second': 28.73, 'epoch': 256.38}
{'loss': 0.0, 'learning_rate': 1.8013876921589363e-06, 'epoch': 257.45}
{'eval_eval_loss': 7.603530775668332e-06, 'eval_eval_token_acc': 0.9463678516228748, 'eval_eval_seq_acc': 0.0, 'eval_eval_move_acc': 1.0, 'eval_eval_mod8_acc': 1.0, 'eval_eval_mod4_acc': 1.0, 'eval_eval_runtime': 1.1166, 'eval_eval_samples_per_second': 1791.195, 'eval_eval_steps_per_second': 28.659, 'epoch': 257.45}
{'eval_train_loss': 2.8420380715488136e-08, 'eval_train_token_acc': 0.9466893327666809, 'eval_train_seq_acc': 0.0, 'eval_train_move_acc': 1.0, 'eval_train_mod8_acc': 1.0, 'eval_train_mod4_acc': 1.0, 'eval_train_runtime': 0.5581, 'eval_train_samples_per_second': 1791.686, 'eval_train_steps_per_second': 28.667, 'epoch': 257.45}
{'loss': 0.0, 'learning_rate': 1.7141793200145234e-06, 'epoch': 258.51}
{'eval_eval_loss': 7.6056489888287615e-06, 'eval_eval_token_acc': 0.9463678516228748, 'eval_eval_seq_acc': 0.0, 'eval_eval_move_acc': 1.0, 'eval_eval_mod8_acc': 1.0, 'eval_eval_mod4_acc': 1.0, 'eval_eval_runtime': 1.1099, 'eval_eval_samples_per_second': 1801.886, 'eval_eval_steps_per_second': 28.83, 'epoch': 258.51}
{'eval_train_loss': 2.6343260017824832e-08, 'eval_train_token_acc': 0.9466893327666809, 'eval_train_seq_acc': 0.0, 'eval_train_move_acc': 1.0, 'eval_train_mod8_acc': 1.0, 'eval_train_mod4_acc': 1.0, 'eval_train_runtime': 0.5551, 'eval_train_samples_per_second': 1801.446, 'eval_train_steps_per_second': 28.823, 'epoch': 258.51}
  Pushed checkpoint step-61000 to ijinyu1113/ft_mr7_70m_seed1_purenum
{'loss': 0.0, 'learning_rate': 1.6290065802531878e-06, 'epoch': 259.57}
{'eval_eval_loss': 7.397393346764147e-06, 'eval_eval_token_acc': 0.9463678516228748, 'eval_eval_seq_acc': 0.0, 'eval_eval_move_acc': 1.0, 'eval_eval_mod8_acc': 1.0, 'eval_eval_mod4_acc': 1.0, 'eval_eval_runtime': 1.1143, 'eval_eval_samples_per_second': 1794.783, 'eval_eval_steps_per_second': 28.717, 'epoch': 259.57}
{'eval_train_loss': 2.601361259735313e-08, 'eval_train_token_acc': 0.9466893327666809, 'eval_train_seq_acc': 0.0, 'eval_train_move_acc': 1.0, 'eval_train_mod8_acc': 1.0, 'eval_train_mod4_acc': 1.0, 'eval_train_runtime': 0.5543, 'eval_train_samples_per_second': 1803.959, 'eval_train_steps_per_second': 28.863, 'epoch': 259.57}
{'loss': 0.0, 'learning_rate': 1.5458825229070995e-06, 'epoch': 260.64}
{'eval_eval_loss': 8.205460289900657e-06, 'eval_eval_token_acc': 0.9463678516228748, 'eval_eval_seq_acc': 0.0, 'eval_eval_move_acc': 1.0, 'eval_eval_mod8_acc': 1.0, 'eval_eval_mod4_acc': 1.0, 'eval_eval_runtime': 1.1106, 'eval_eval_samples_per_second': 1800.751, 'eval_eval_steps_per_second': 28.812, 'epoch': 260.64}
{'eval_train_loss': 2.5428423811035827e-08, 'eval_train_token_acc': 0.9466893327666809, 'eval_train_seq_acc': 0.0, 'eval_train_move_acc': 1.0, 'eval_train_mod8_acc': 1.0, 'eval_train_mod4_acc': 1.0, 'eval_train_runtime': 0.5558, 'eval_train_samples_per_second': 1799.097, 'eval_train_steps_per_second': 28.786, 'epoch': 260.64}
{'loss': 0.0, 'learning_rate': 1.4648198841125453e-06, 'epoch': 261.7}
{'eval_eval_loss': 7.196439582912717e-06, 'eval_eval_token_acc': 0.9463678516228748, 'eval_eval_seq_acc': 0.0, 'eval_eval_move_acc': 1.0, 'eval_eval_mod8_acc': 1.0, 'eval_eval_mod4_acc': 1.0, 'eval_eval_runtime': 1.1141, 'eval_eval_samples_per_second': 1795.232, 'eval_eval_steps_per_second': 28.724, 'epoch': 261.7}
{'eval_train_loss': 2.4600039338906754e-08, 'eval_train_token_acc': 0.9466893327666809, 'eval_train_seq_acc': 0.0, 'eval_train_move_acc': 1.0, 'eval_train_mod8_acc': 1.0, 'eval_train_mod4_acc': 1.0, 'eval_train_runtime': 0.5573, 'eval_train_samples_per_second': 1794.394, 'eval_train_steps_per_second': 28.71, 'epoch': 261.7}
{'loss': 0.0, 'learning_rate': 1.385831084158543e-06, 'epoch': 262.77}
{'eval_eval_loss': 7.99729059508536e-06, 'eval_eval_token_acc': 0.9463678516228748, 'eval_eval_seq_acc': 0.0, 'eval_eval_move_acc': 1.0, 'eval_eval_mod8_acc': 1.0, 'eval_eval_mod4_acc': 1.0, 'eval_eval_runtime': 1.1095, 'eval_eval_samples_per_second': 1802.679, 'eval_eval_steps_per_second': 28.843, 'epoch': 262.77}
{'eval_train_loss': 2.4652109686940094e-08, 'eval_train_token_acc': 0.9466893327666809, 'eval_train_seq_acc': 0.0, 'eval_train_move_acc': 1.0, 'eval_train_mod8_acc': 1.0, 'eval_train_mod4_acc': 1.0, 'eval_train_runtime': 0.5553, 'eval_train_samples_per_second': 1800.88, 'eval_train_steps_per_second': 28.814, 'epoch': 262.77}
  Pushed checkpoint step-62000 to ijinyu1113/ft_mr7_70m_seed1_purenum
{'loss': 0.0, 'learning_rate': 1.308928225583797e-06, 'epoch': 263.83}
{'eval_eval_loss': 7.430032837874023e-06, 'eval_eval_token_acc': 0.9463678516228748, 'eval_eval_seq_acc': 0.0, 'eval_eval_move_acc': 1.0, 'eval_eval_mod8_acc': 1.0, 'eval_eval_mod4_acc': 1.0, 'eval_eval_runtime': 1.1093, 'eval_eval_samples_per_second': 1802.936, 'eval_eval_steps_per_second': 28.847, 'epoch': 263.83}
{'eval_train_loss': 2.308788538130102e-08, 'eval_train_token_acc': 0.9466893327666809, 'eval_train_seq_acc': 0.0, 'eval_train_move_acc': 1.0, 'eval_train_mod8_acc': 1.0, 'eval_train_mod4_acc': 1.0, 'eval_train_runtime': 0.5523, 'eval_train_samples_per_second': 1810.714, 'eval_train_steps_per_second': 28.971, 'epoch': 263.83}
{'loss': 0.0, 'learning_rate': 1.234123091322389e-06, 'epoch': 264.89}
{'eval_eval_loss': 7.417810593324248e-06, 'eval_eval_token_acc': 0.9463678516228748, 'eval_eval_seq_acc': 0.0, 'eval_eval_move_acc': 1.0, 'eval_eval_mod8_acc': 1.0, 'eval_eval_mod4_acc': 1.0, 'eval_eval_runtime': 1.1151, 'eval_eval_samples_per_second': 1793.564, 'eval_eval_steps_per_second': 28.697, 'epoch': 264.89}
{'eval_train_loss': 2.2551388312308518e-08, 'eval_train_token_acc': 0.9466893327666809, 'eval_train_seq_acc': 0.0, 'eval_train_move_acc': 1.0, 'eval_train_mod8_acc': 1.0, 'eval_train_mod4_acc': 1.0, 'eval_train_runtime': 0.5555, 'eval_train_samples_per_second': 1800.062, 'eval_train_steps_per_second': 28.801, 'epoch': 264.89}
{'loss': 0.0, 'learning_rate': 1.1614271428984087e-06, 'epoch': 265.96}
{'eval_eval_loss': 7.225124136311933e-06, 'eval_eval_token_acc': 0.9463678516228748, 'eval_eval_seq_acc': 0.0, 'eval_eval_move_acc': 1.0, 'eval_eval_mod8_acc': 1.0, 'eval_eval_mod4_acc': 1.0, 'eval_eval_runtime': 1.1086, 'eval_eval_samples_per_second': 1804.098, 'eval_eval_steps_per_second': 28.866, 'epoch': 265.96}
{'eval_train_loss': 2.217277561555875e-08, 'eval_train_token_acc': 0.9466893327666809, 'eval_train_seq_acc': 0.0, 'eval_train_move_acc': 1.0, 'eval_train_mod8_acc': 1.0, 'eval_train_mod4_acc': 1.0, 'eval_train_runtime': 0.5541, 'eval_train_samples_per_second': 1804.807, 'eval_train_steps_per_second': 28.877, 'epoch': 265.96}
{'loss': 0.0, 'learning_rate': 1.0908515186698253e-06, 'epoch': 267.02}
{'eval_eval_loss': 6.909358035045443e-06, 'eval_eval_token_acc': 0.9463678516228748, 'eval_eval_seq_acc': 0.0, 'eval_eval_move_acc': 1.0, 'eval_eval_mod8_acc': 1.0, 'eval_eval_mod4_acc': 1.0, 'eval_eval_runtime': 1.1092, 'eval_eval_samples_per_second': 1803.181, 'eval_eval_steps_per_second': 28.851, 'epoch': 267.02}
{'eval_train_loss': 2.1699190000390445e-08, 'eval_train_token_acc': 0.9466893327666809, 'eval_train_seq_acc': 0.0, 'eval_train_move_acc': 1.0, 'eval_train_mod8_acc': 1.0, 'eval_train_mod4_acc': 1.0, 'eval_train_runtime': 0.5534, 'eval_train_samples_per_second': 1806.994, 'eval_train_steps_per_second': 28.912, 'epoch': 267.02}
  Pushed checkpoint step-63000 to ijinyu1113/ft_mr7_70m_seed1_purenum
{'loss': 0.0, 'learning_rate': 1.0224070321219065e-06, 'epoch': 268.09}
{'eval_eval_loss': 6.918658073118422e-06, 'eval_eval_token_acc': 0.9463678516228748, 'eval_eval_seq_acc': 0.0, 'eval_eval_move_acc': 1.0, 'eval_eval_mod8_acc': 1.0, 'eval_eval_mod4_acc': 1.0, 'eval_eval_runtime': 1.1103, 'eval_eval_samples_per_second': 1801.346, 'eval_eval_steps_per_second': 28.822, 'epoch': 268.09}
{'eval_train_loss': 2.097311480042663e-08, 'eval_train_token_acc': 0.9466893327666809, 'eval_train_seq_acc': 0.0, 'eval_train_move_acc': 1.0, 'eval_train_mod8_acc': 1.0, 'eval_train_mod4_acc': 1.0, 'eval_train_runtime': 0.5538, 'eval_train_samples_per_second': 1805.737, 'eval_train_steps_per_second': 28.892, 'epoch': 268.09}
{'loss': 0.0, 'learning_rate': 9.56104170210379e-07, 'epoch': 269.15}
{'eval_eval_loss': 6.605760063393973e-06, 'eval_eval_token_acc': 0.9463678516228748, 'eval_eval_seq_acc': 0.0, 'eval_eval_move_acc': 1.0, 'eval_eval_mod8_acc': 1.0, 'eval_eval_mod4_acc': 1.0, 'eval_eval_runtime': 1.1099, 'eval_eval_samples_per_second': 1801.931, 'eval_eval_steps_per_second': 28.831, 'epoch': 269.15}
{'eval_train_loss': 2.0319454563377803e-08, 'eval_train_token_acc': 0.9466893327666809, 'eval_train_seq_acc': 0.0, 'eval_train_move_acc': 1.0, 'eval_train_mod8_acc': 1.0, 'eval_train_mod4_acc': 1.0, 'eval_train_runtime': 0.5544, 'eval_train_samples_per_second': 1803.724, 'eval_train_steps_per_second': 28.86, 'epoch': 269.15}
{'loss': 0.0, 'learning_rate': 8.919530917546354e-07, 'epoch': 270.21}
{'eval_eval_loss': 6.147507519926876e-06, 'eval_eval_token_acc': 0.9463678516228748, 'eval_eval_seq_acc': 0.0, 'eval_eval_move_acc': 1.0, 'eval_eval_mod8_acc': 1.0, 'eval_eval_mod4_acc': 1.0, 'eval_eval_runtime': 1.1102, 'eval_eval_samples_per_second': 1801.524, 'eval_eval_steps_per_second': 28.824, 'epoch': 270.21}
{'eval_train_loss': 1.9924646821323222e-08, 'eval_train_token_acc': 0.9466893327666809, 'eval_train_seq_acc': 0.0, 'eval_train_move_acc': 1.0, 'eval_train_mod8_acc': 1.0, 'eval_train_mod4_acc': 1.0, 'eval_train_runtime': 0.5542, 'eval_train_samples_per_second': 1804.521, 'eval_train_steps_per_second': 28.872, 'epoch': 270.21}
{'loss': 0.0, 'learning_rate': 8.299636258812199e-07, 'epoch': 271.28}
{'eval_eval_loss': 7.4587978815543465e-06, 'eval_eval_token_acc': 0.9463678516228748, 'eval_eval_seq_acc': 0.0, 'eval_eval_move_acc': 1.0, 'eval_eval_mod8_acc': 1.0, 'eval_eval_mod4_acc': 1.0, 'eval_eval_runtime': 1.1079, 'eval_eval_samples_per_second': 1805.161, 'eval_eval_steps_per_second': 28.883, 'epoch': 271.28}
{'eval_train_loss': 1.9714546439786318e-08, 'eval_train_token_acc': 0.9466893327666809, 'eval_train_seq_acc': 0.0, 'eval_train_move_acc': 1.0, 'eval_train_mod8_acc': 1.0, 'eval_train_mod4_acc': 1.0, 'eval_train_runtime': 0.5558, 'eval_train_samples_per_second': 1799.171, 'eval_train_steps_per_second': 28.787, 'epoch': 271.28}
  Pushed checkpoint step-64000 to ijinyu1113/ft_mr7_70m_seed1_purenum
{'loss': 0.0, 'learning_rate': 7.701452705178236e-07, 'epoch': 272.34}
{'eval_eval_loss': 6.448731255659368e-06, 'eval_eval_token_acc': 0.9463678516228748, 'eval_eval_seq_acc': 0.0, 'eval_eval_move_acc': 1.0, 'eval_eval_mod8_acc': 1.0, 'eval_eval_mod4_acc': 1.0, 'eval_eval_runtime': 1.1126, 'eval_eval_samples_per_second': 1797.583, 'eval_eval_steps_per_second': 28.761, 'epoch': 272.34}
{'eval_train_loss': 1.906859381506365e-08, 'eval_train_token_acc': 0.9466893327666809, 'eval_train_seq_acc': 0.0, 'eval_train_move_acc': 1.0, 'eval_train_mod8_acc': 1.0, 'eval_train_mod4_acc': 1.0, 'eval_train_runtime': 0.5554, 'eval_train_samples_per_second': 1800.481, 'eval_train_steps_per_second': 28.808, 'epoch': 272.34}
{'loss': 0.0, 'learning_rate': 7.125071909380315e-07, 'epoch': 273.4}
{'eval_eval_loss': 6.742955065419665e-06, 'eval_eval_token_acc': 0.9463678516228748, 'eval_eval_seq_acc': 0.0, 'eval_eval_move_acc': 1.0, 'eval_eval_mod8_acc': 1.0, 'eval_eval_mod4_acc': 1.0, 'eval_eval_runtime': 1.111, 'eval_eval_samples_per_second': 1800.148, 'eval_eval_steps_per_second': 28.802, 'epoch': 273.4}
{'eval_train_loss': 1.87210815738581e-08, 'eval_train_token_acc': 0.9466893327666809, 'eval_train_seq_acc': 0.0, 'eval_train_move_acc': 1.0, 'eval_train_mod8_acc': 1.0, 'eval_train_mod4_acc': 1.0, 'eval_train_runtime': 0.555, 'eval_train_samples_per_second': 1801.784, 'eval_train_steps_per_second': 28.829, 'epoch': 273.4}
{'loss': 0.0, 'learning_rate': 6.570582183570212e-07, 'epoch': 274.47}
{'eval_eval_loss': 6.689485417155083e-06, 'eval_eval_token_acc': 0.9463678516228748, 'eval_eval_seq_acc': 0.0, 'eval_eval_move_acc': 1.0, 'eval_eval_mod8_acc': 1.0, 'eval_eval_mod4_acc': 1.0, 'eval_eval_runtime': 1.1119, 'eval_eval_samples_per_second': 1798.648, 'eval_eval_steps_per_second': 28.778, 'epoch': 274.47}
{'eval_train_loss': 1.8284225689058076e-08, 'eval_train_token_acc': 0.9466893327666809, 'eval_train_seq_acc': 0.0, 'eval_train_move_acc': 1.0, 'eval_train_mod8_acc': 1.0, 'eval_train_mod4_acc': 1.0, 'eval_train_runtime': 0.5548, 'eval_train_samples_per_second': 1802.366, 'eval_train_steps_per_second': 28.838, 'epoch': 274.47}
{'loss': 0.0, 'learning_rate': 6.038068485784731e-07, 'epoch': 275.53}
{'eval_eval_loss': 6.258724170038477e-06, 'eval_eval_token_acc': 0.9463678516228748, 'eval_eval_seq_acc': 0.0, 'eval_eval_move_acc': 1.0, 'eval_eval_mod8_acc': 1.0, 'eval_eval_mod4_acc': 1.0, 'eval_eval_runtime': 1.1113, 'eval_eval_samples_per_second': 1799.77, 'eval_eval_steps_per_second': 28.796, 'epoch': 275.53}
{'eval_train_loss': 1.78870287470545e-08, 'eval_train_token_acc': 0.9466893327666809, 'eval_train_seq_acc': 0.0, 'eval_train_move_acc': 1.0, 'eval_train_mod8_acc': 1.0, 'eval_train_mod4_acc': 1.0, 'eval_train_runtime': 0.5559, 'eval_train_samples_per_second': 1798.917, 'eval_train_steps_per_second': 28.783, 'epoch': 275.53}
  Pushed checkpoint step-65000 to ijinyu1113/ft_mr7_70m_seed1_purenum
{'loss': 0.0, 'learning_rate': 5.527612406928457e-07, 'epoch': 276.6}
{'eval_eval_loss': 5.845233772561187e-06, 'eval_eval_token_acc': 0.9463678516228748, 'eval_eval_seq_acc': 0.0, 'eval_eval_move_acc': 1.0, 'eval_eval_mod8_acc': 1.0, 'eval_eval_mod4_acc': 1.0, 'eval_eval_runtime': 1.1115, 'eval_eval_samples_per_second': 1799.311, 'eval_eval_steps_per_second': 28.789, 'epoch': 276.6}
{'eval_train_loss': 1.748484912411641e-08, 'eval_train_token_acc': 0.9466893327666809, 'eval_train_seq_acc': 0.0, 'eval_train_move_acc': 1.0, 'eval_train_mod8_acc': 1.0, 'eval_train_mod4_acc': 1.0, 'eval_train_runtime': 0.555, 'eval_train_samples_per_second': 1801.755, 'eval_train_steps_per_second': 28.828, 'epoch': 276.6}
{'loss': 0.0, 'learning_rate': 5.039292158272595e-07, 'epoch': 277.66}
{'eval_eval_loss': 6.695967385894619e-06, 'eval_eval_token_acc': 0.9463678516228748, 'eval_eval_seq_acc': 0.0, 'eval_eval_move_acc': 1.0, 'eval_eval_mod8_acc': 1.0, 'eval_eval_mod4_acc': 1.0, 'eval_eval_runtime': 1.1119, 'eval_eval_samples_per_second': 1798.724, 'eval_eval_steps_per_second': 28.78, 'epoch': 277.66}
{'eval_train_loss': 1.7327263179822694e-08, 'eval_train_token_acc': 0.9466893327666809, 'eval_train_seq_acc': 0.0, 'eval_train_move_acc': 1.0, 'eval_train_mod8_acc': 1.0, 'eval_train_mod4_acc': 1.0, 'eval_train_runtime': 0.5555, 'eval_train_samples_per_second': 1800.259, 'eval_train_steps_per_second': 28.804, 'epoch': 277.66}
{'loss': 0.0, 'learning_rate': 4.573182559471523e-07, 'epoch': 278.72}
{'eval_eval_loss': 5.951374987489544e-06, 'eval_eval_token_acc': 0.9463678516228748, 'eval_eval_seq_acc': 0.0, 'eval_eval_move_acc': 1.0, 'eval_eval_mod8_acc': 1.0, 'eval_eval_mod4_acc': 1.0, 'eval_eval_runtime': 1.1113, 'eval_eval_samples_per_second': 1799.664, 'eval_eval_steps_per_second': 28.795, 'epoch': 278.72}
{'eval_train_loss': 1.7103729987866245e-08, 'eval_train_token_acc': 0.9466893327666809, 'eval_train_seq_acc': 0.0, 'eval_train_move_acc': 1.0, 'eval_train_mod8_acc': 1.0, 'eval_train_mod4_acc': 1.0, 'eval_train_runtime': 0.5535, 'eval_train_samples_per_second': 1806.799, 'eval_train_steps_per_second': 28.909, 'epoch': 278.72}
{'loss': 0.0, 'learning_rate': 4.1293550270990745e-07, 'epoch': 279.79}
{'eval_eval_loss': 6.461022621806478e-06, 'eval_eval_token_acc': 0.9463678516228748, 'eval_eval_seq_acc': 0.0, 'eval_eval_move_acc': 1.0, 'eval_eval_mod8_acc': 1.0, 'eval_eval_mod4_acc': 1.0, 'eval_eval_runtime': 1.1089, 'eval_eval_samples_per_second': 1803.554, 'eval_eval_steps_per_second': 28.857, 'epoch': 279.79}
{'eval_train_loss': 1.660399284730829e-08, 'eval_train_token_acc': 0.9466893327666809, 'eval_train_seq_acc': 0.0, 'eval_train_move_acc': 1.0, 'eval_train_mod8_acc': 1.0, 'eval_train_mod4_acc': 1.0, 'eval_train_runtime': 0.5535, 'eval_train_samples_per_second': 1806.621, 'eval_train_steps_per_second': 28.906, 'epoch': 279.79}
  Pushed checkpoint step-66000 to ijinyu1113/ft_mr7_70m_seed1_purenum
{'loss': 0.0, 'learning_rate': 3.707877563706158e-07, 'epoch': 280.85}
{'eval_eval_loss': 6.451063200074714e-06, 'eval_eval_token_acc': 0.9463678516228748, 'eval_eval_seq_acc': 0.0, 'eval_eval_move_acc': 1.0, 'eval_eval_mod8_acc': 1.0, 'eval_eval_mod4_acc': 1.0, 'eval_eval_runtime': 1.1107, 'eval_eval_samples_per_second': 1800.689, 'eval_eval_steps_per_second': 28.811, 'epoch': 280.85}
{'eval_train_loss': 1.638162494543849e-08, 'eval_train_token_acc': 0.9466893327666809, 'eval_train_seq_acc': 0.0, 'eval_train_move_acc': 1.0, 'eval_train_mod8_acc': 1.0, 'eval_train_mod4_acc': 1.0, 'eval_train_runtime': 0.5537, 'eval_train_samples_per_second': 1805.942, 'eval_train_steps_per_second': 28.895, 'epoch': 280.85}
{'loss': 0.0, 'learning_rate': 3.308814747401567e-07, 'epoch': 281.91}
{'eval_eval_loss': 6.28318548479001e-06, 'eval_eval_token_acc': 0.9463678516228748, 'eval_eval_seq_acc': 0.0, 'eval_eval_move_acc': 1.0, 'eval_eval_mod8_acc': 1.0, 'eval_eval_mod4_acc': 1.0, 'eval_eval_runtime': 1.1119, 'eval_eval_samples_per_second': 1798.725, 'eval_eval_steps_per_second': 28.78, 'epoch': 281.91}
{'eval_train_loss': 1.603393151583532e-08, 'eval_train_token_acc': 0.9466893327666809, 'eval_train_seq_acc': 0.0, 'eval_train_move_acc': 1.0, 'eval_train_mod8_acc': 1.0, 'eval_train_mod4_acc': 1.0, 'eval_train_runtime': 0.5558, 'eval_train_samples_per_second': 1799.125, 'eval_train_steps_per_second': 28.786, 'epoch': 281.91}
{'loss': 0.0, 'learning_rate': 2.9322277219574145e-07, 'epoch': 282.98}
{'eval_eval_loss': 6.123389994172612e-06, 'eval_eval_token_acc': 0.9463678516228748, 'eval_eval_seq_acc': 0.0, 'eval_eval_move_acc': 1.0, 'eval_eval_mod8_acc': 1.0, 'eval_eval_mod4_acc': 1.0, 'eval_eval_runtime': 1.1123, 'eval_eval_samples_per_second': 1798.07, 'eval_eval_steps_per_second': 28.769, 'epoch': 282.98}
{'eval_train_loss': 1.594859710962737e-08, 'eval_train_token_acc': 0.9466893327666809, 'eval_train_seq_acc': 0.0, 'eval_train_move_acc': 1.0, 'eval_train_mod8_acc': 1.0, 'eval_train_mod4_acc': 1.0, 'eval_train_runtime': 0.5549, 'eval_train_samples_per_second': 1802.057, 'eval_train_steps_per_second': 28.833, 'epoch': 282.98}
{'loss': 0.0, 'learning_rate': 2.578174187440707e-07, 'epoch': 284.04}
{'eval_eval_loss': 6.182657216413645e-06, 'eval_eval_token_acc': 0.9463678516228748, 'eval_eval_seq_acc': 0.0, 'eval_eval_move_acc': 1.0, 'eval_eval_mod8_acc': 1.0, 'eval_eval_mod4_acc': 1.0, 'eval_eval_runtime': 1.1093, 'eval_eval_samples_per_second': 1802.859, 'eval_eval_steps_per_second': 28.846, 'epoch': 284.04}
{'eval_train_loss': 1.573147123679064e-08, 'eval_train_token_acc': 0.9466893327666809, 'eval_train_seq_acc': 0.0, 'eval_train_move_acc': 1.0, 'eval_train_mod8_acc': 1.0, 'eval_train_mod4_acc': 1.0, 'eval_train_runtime': 0.5557, 'eval_train_samples_per_second': 1799.638, 'eval_train_steps_per_second': 28.794, 'epoch': 284.04}
  Pushed checkpoint step-67000 to ijinyu1113/ft_mr7_70m_seed1_purenum
{'loss': 0.0, 'learning_rate': 2.2467083913728036e-07, 'epoch': 285.11}
{'eval_eval_loss': 6.0035499700461514e-06, 'eval_eval_token_acc': 0.9463678516228748, 'eval_eval_seq_acc': 0.0, 'eval_eval_move_acc': 1.0, 'eval_eval_mod8_acc': 1.0, 'eval_eval_mod4_acc': 1.0, 'eval_eval_runtime': 1.1141, 'eval_eval_samples_per_second': 1795.212, 'eval_eval_steps_per_second': 28.723, 'epoch': 285.11}
{'eval_train_loss': 1.5426708799282096e-08, 'eval_train_token_acc': 0.9466893327666809, 'eval_train_seq_acc': 0.0, 'eval_train_move_acc': 1.0, 'eval_train_mod8_acc': 1.0, 'eval_train_mod4_acc': 1.0, 'eval_train_runtime': 0.5556, 'eval_train_samples_per_second': 1799.725, 'eval_train_steps_per_second': 28.796, 'epoch': 285.11}
{'loss': 0.0, 'learning_rate': 1.9378811204174617e-07, 'epoch': 286.17}
{'eval_eval_loss': 6.130545443738811e-06, 'eval_eval_token_acc': 0.9463678516228748, 'eval_eval_seq_acc': 0.0, 'eval_eval_move_acc': 1.0, 'eval_eval_mod8_acc': 1.0, 'eval_eval_mod4_acc': 1.0, 'eval_eval_runtime': 1.1141, 'eval_eval_samples_per_second': 1795.127, 'eval_eval_steps_per_second': 28.722, 'epoch': 286.17}
{'eval_train_loss': 1.5289876031943095e-08, 'eval_train_token_acc': 0.9466893327666809, 'eval_train_seq_acc': 0.0, 'eval_train_move_acc': 1.0, 'eval_train_mod8_acc': 1.0, 'eval_train_mod4_acc': 1.0, 'eval_train_runtime': 0.5566, 'eval_train_samples_per_second': 1796.546, 'eval_train_steps_per_second': 28.745, 'epoch': 286.17}
{'loss': 0.0, 'learning_rate': 1.6517396925995797e-07, 'epoch': 287.23}
{'eval_eval_loss': 6.405220119631849e-06, 'eval_eval_token_acc': 0.9463678516228748, 'eval_eval_seq_acc': 0.0, 'eval_eval_move_acc': 1.0, 'eval_eval_mod8_acc': 1.0, 'eval_eval_mod4_acc': 1.0, 'eval_eval_runtime': 1.112, 'eval_eval_samples_per_second': 1798.511, 'eval_eval_steps_per_second': 28.776, 'epoch': 287.23}
{'eval_train_loss': 1.5193430513704698e-08, 'eval_train_token_acc': 0.9466893327666809, 'eval_train_seq_acc': 0.0, 'eval_train_move_acc': 1.0, 'eval_train_mod8_acc': 1.0, 'eval_train_mod4_acc': 1.0, 'eval_train_runtime': 0.5553, 'eval_train_samples_per_second': 1800.914, 'eval_train_steps_per_second': 28.815, 'epoch': 287.23}
{'loss': 0.0, 'learning_rate': 1.3883279500551295e-07, 'epoch': 288.3}
{'eval_eval_loss': 5.9222215895715635e-06, 'eval_eval_token_acc': 0.9463678516228748, 'eval_eval_seq_acc': 0.0, 'eval_eval_move_acc': 1.0, 'eval_eval_mod8_acc': 1.0, 'eval_eval_mod4_acc': 1.0, 'eval_eval_runtime': 1.1134, 'eval_eval_samples_per_second': 1796.27, 'eval_eval_steps_per_second': 28.74, 'epoch': 288.3}
{'eval_train_loss': 1.5085541704706884e-08, 'eval_train_token_acc': 0.9466893327666809, 'eval_train_seq_acc': 0.0, 'eval_train_move_acc': 1.0, 'eval_train_mod8_acc': 1.0, 'eval_train_mod4_acc': 1.0, 'eval_train_runtime': 0.5563, 'eval_train_samples_per_second': 1797.503, 'eval_train_steps_per_second': 28.76, 'epoch': 288.3}
  Pushed checkpoint step-68000 to ijinyu1113/ft_mr7_70m_seed1_purenum
{'loss': 0.0, 'learning_rate': 1.1476862523137122e-07, 'epoch': 289.36}
{'eval_eval_loss': 6.031894372426905e-06, 'eval_eval_token_acc': 0.9463678516228748, 'eval_eval_seq_acc': 0.0, 'eval_eval_move_acc': 1.0, 'eval_eval_mod8_acc': 1.0, 'eval_eval_mod4_acc': 1.0, 'eval_eval_runtime': 1.1085, 'eval_eval_samples_per_second': 1804.197, 'eval_eval_steps_per_second': 28.867, 'epoch': 289.36}
{'eval_train_loss': 1.5010451548391757e-08, 'eval_train_token_acc': 0.9466893327666809, 'eval_train_seq_acc': 0.0, 'eval_train_move_acc': 1.0, 'eval_train_mod8_acc': 1.0, 'eval_train_mod4_acc': 1.0, 'eval_train_runtime': 0.554, 'eval_train_samples_per_second': 1804.907, 'eval_train_steps_per_second': 28.879, 'epoch': 289.36}
{'loss': 0.0, 'learning_rate': 9.298514701147898e-08, 'epoch': 290.43}
{'eval_eval_loss': 6.077790658309823e-06, 'eval_eval_token_acc': 0.9463678516228748, 'eval_eval_seq_acc': 0.0, 'eval_eval_move_acc': 1.0, 'eval_eval_mod8_acc': 1.0, 'eval_eval_mod4_acc': 1.0, 'eval_eval_runtime': 1.1085, 'eval_eval_samples_per_second': 1804.169, 'eval_eval_steps_per_second': 28.867, 'epoch': 290.43}
{'eval_train_loss': 1.4943017490054444e-08, 'eval_train_token_acc': 0.9466893327666809, 'eval_train_seq_acc': 0.0, 'eval_train_move_acc': 1.0, 'eval_train_mod8_acc': 1.0, 'eval_train_mod4_acc': 1.0, 'eval_train_runtime': 0.5544, 'eval_train_samples_per_second': 1803.747, 'eval_train_steps_per_second': 28.86, 'epoch': 290.43}
{'loss': 0.0, 'learning_rate': 7.348569797583527e-08, 'epoch': 291.49}
{'eval_eval_loss': 5.984164999972563e-06, 'eval_eval_token_acc': 0.9463678516228748, 'eval_eval_seq_acc': 0.0, 'eval_eval_move_acc': 1.0, 'eval_eval_mod8_acc': 1.0, 'eval_eval_mod4_acc': 1.0, 'eval_eval_runtime': 1.1094, 'eval_eval_samples_per_second': 1802.851, 'eval_eval_steps_per_second': 28.846, 'epoch': 291.49}
{'eval_train_loss': 1.4858279939744534e-08, 'eval_train_token_acc': 0.9466893327666809, 'eval_train_seq_acc': 0.0, 'eval_train_move_acc': 1.0, 'eval_train_mod8_acc': 1.0, 'eval_train_mod4_acc': 1.0, 'eval_train_runtime': 0.5538, 'eval_train_samples_per_second': 1805.556, 'eval_train_steps_per_second': 28.889, 'epoch': 291.49}
{'loss': 0.0, 'learning_rate': 5.627326579911107e-08, 'epoch': 292.55}
{'eval_eval_loss': 6.007375304761808e-06, 'eval_eval_token_acc': 0.9463678516228748, 'eval_eval_seq_acc': 0.0, 'eval_eval_move_acc': 1.0, 'eval_eval_mod8_acc': 1.0, 'eval_eval_mod4_acc': 1.0, 'eval_eval_runtime': 1.1089, 'eval_eval_samples_per_second': 1803.581, 'eval_eval_steps_per_second': 28.857, 'epoch': 292.55}
{'eval_train_loss': 1.478975608648625e-08, 'eval_train_token_acc': 0.9466893327666809, 'eval_train_seq_acc': 0.0, 'eval_train_move_acc': 1.0, 'eval_train_mod8_acc': 1.0, 'eval_train_mod4_acc': 1.0, 'eval_train_runtime': 0.5546, 'eval_train_samples_per_second': 1803.236, 'eval_train_steps_per_second': 28.852, 'epoch': 292.55}
  Pushed checkpoint step-69000 to ijinyu1113/ft_mr7_70m_seed1_purenum
{'loss': 0.0, 'learning_rate': 4.135048774287553e-08, 'epoch': 293.62}
{'eval_eval_loss': 6.052712706150487e-06, 'eval_eval_token_acc': 0.9463678516228748, 'eval_eval_seq_acc': 0.0, 'eval_eval_move_acc': 1.0, 'eval_eval_mod8_acc': 1.0, 'eval_eval_mod4_acc': 1.0, 'eval_eval_runtime': 1.1102, 'eval_eval_samples_per_second': 1801.449, 'eval_eval_steps_per_second': 28.823, 'epoch': 293.62}
{'eval_train_loss': 1.4744966136959192e-08, 'eval_train_token_acc': 0.9466893327666809, 'eval_train_seq_acc': 0.0, 'eval_train_move_acc': 1.0, 'eval_train_mod8_acc': 1.0, 'eval_train_mod4_acc': 1.0, 'eval_train_runtime': 0.5541, 'eval_train_samples_per_second': 1804.68, 'eval_train_steps_per_second': 28.875, 'epoch': 293.62}
{'loss': 0.0, 'learning_rate': 2.8719650251529116e-08, 'epoch': 294.68}
{'eval_eval_loss': 6.056234269635752e-06, 'eval_eval_token_acc': 0.9463678516228748, 'eval_eval_seq_acc': 0.0, 'eval_eval_move_acc': 1.0, 'eval_eval_mod8_acc': 1.0, 'eval_eval_mod4_acc': 1.0, 'eval_eval_runtime': 1.1124, 'eval_eval_samples_per_second': 1797.988, 'eval_eval_steps_per_second': 28.768, 'epoch': 294.68}
{'eval_train_loss': 1.4730555442099558e-08, 'eval_train_token_acc': 0.9466893327666809, 'eval_train_seq_acc': 0.0, 'eval_train_move_acc': 1.0, 'eval_train_mod8_acc': 1.0, 'eval_train_mod4_acc': 1.0, 'eval_train_runtime': 0.5555, 'eval_train_samples_per_second': 1800.301, 'eval_train_steps_per_second': 28.805, 'epoch': 294.68}
{'loss': 0.0, 'learning_rate': 1.8382688601967234e-08, 'epoch': 295.74}
{'eval_eval_loss': 6.107266926846933e-06, 'eval_eval_token_acc': 0.9463678516228748, 'eval_eval_seq_acc': 0.0, 'eval_eval_move_acc': 1.0, 'eval_eval_mod8_acc': 1.0, 'eval_eval_mod4_acc': 1.0, 'eval_eval_runtime': 1.1113, 'eval_eval_samples_per_second': 1799.682, 'eval_eval_steps_per_second': 28.795, 'epoch': 295.74}
{'eval_train_loss': 1.4726099450967922e-08, 'eval_train_token_acc': 0.9466893327666809, 'eval_train_seq_acc': 0.0, 'eval_train_move_acc': 1.0, 'eval_train_mod8_acc': 1.0, 'eval_train_mod4_acc': 1.0, 'eval_train_runtime': 0.5557, 'eval_train_samples_per_second': 1799.61, 'eval_train_steps_per_second': 28.794, 'epoch': 295.74}
{'loss': 0.0, 'learning_rate': 1.03411866070674e-08, 'epoch': 296.81}
{'eval_eval_loss': 6.10577808402013e-06, 'eval_eval_token_acc': 0.9463678516228748, 'eval_eval_seq_acc': 0.0, 'eval_eval_move_acc': 1.0, 'eval_eval_mod8_acc': 1.0, 'eval_eval_mod4_acc': 1.0, 'eval_eval_runtime': 1.1111, 'eval_eval_samples_per_second': 1800.037, 'eval_eval_steps_per_second': 28.801, 'epoch': 296.81}
{'eval_train_loss': 1.4732316699905823e-08, 'eval_train_token_acc': 0.9466893327666809, 'eval_train_seq_acc': 0.0, 'eval_train_move_acc': 1.0, 'eval_train_mod8_acc': 1.0, 'eval_train_mod4_acc': 1.0, 'eval_train_runtime': 0.5556, 'eval_train_samples_per_second': 1800.014, 'eval_train_steps_per_second': 28.8, 'epoch': 296.81}
  Pushed checkpoint step-70000 to ijinyu1113/ft_mr7_70m_seed1_purenum
{'loss': 0.0, 'learning_rate': 4.596376373016686e-09, 'epoch': 297.87}
{'eval_eval_loss': 6.100333393987967e-06, 'eval_eval_token_acc': 0.9463678516228748, 'eval_eval_seq_acc': 0.0, 'eval_eval_move_acc': 1.0, 'eval_eval_mod8_acc': 1.0, 'eval_eval_mod4_acc': 1.0, 'eval_eval_runtime': 1.113, 'eval_eval_samples_per_second': 1796.904, 'eval_eval_steps_per_second': 28.75, 'epoch': 297.87}
{'eval_train_loss': 1.473031296939098e-08, 'eval_train_token_acc': 0.9466893327666809, 'eval_train_seq_acc': 0.0, 'eval_train_move_acc': 1.0, 'eval_train_mod8_acc': 1.0, 'eval_train_mod4_acc': 1.0, 'eval_train_runtime': 0.555, 'eval_train_samples_per_second': 1801.874, 'eval_train_steps_per_second': 28.83, 'epoch': 297.87}
{'loss': 0.0, 'learning_rate': 1.149138110534409e-09, 'epoch': 298.94}
{'eval_eval_loss': 6.098963240219746e-06, 'eval_eval_token_acc': 0.9463678516228748, 'eval_eval_seq_acc': 0.0, 'eval_eval_move_acc': 1.0, 'eval_eval_mod8_acc': 1.0, 'eval_eval_mod4_acc': 1.0, 'eval_eval_runtime': 1.1119, 'eval_eval_samples_per_second': 1798.73, 'eval_eval_steps_per_second': 28.78, 'epoch': 298.94}
{'eval_train_loss': 1.4728341213299245e-08, 'eval_train_token_acc': 0.9466893327666809, 'eval_train_seq_acc': 0.0, 'eval_train_move_acc': 1.0, 'eval_train_mod8_acc': 1.0, 'eval_train_mod4_acc': 1.0, 'eval_train_runtime': 0.5556, 'eval_train_samples_per_second': 1799.923, 'eval_train_steps_per_second': 28.799, 'epoch': 298.94}
{'loss': 0.0, 'learning_rate': 0.0, 'epoch': 300.0}
{'eval_eval_loss': 6.101360668253619e-06, 'eval_eval_token_acc': 0.9463678516228748, 'eval_eval_seq_acc': 0.0, 'eval_eval_move_acc': 1.0, 'eval_eval_mod8_acc': 1.0, 'eval_eval_mod4_acc': 1.0, 'eval_eval_runtime': 1.1164, 'eval_eval_samples_per_second': 1791.401, 'eval_eval_steps_per_second': 28.662, 'epoch': 300.0}
{'eval_train_loss': 1.4726347252747019e-08, 'eval_train_token_acc': 0.9466893327666809, 'eval_train_seq_acc': 0.0, 'eval_train_move_acc': 1.0, 'eval_train_mod8_acc': 1.0, 'eval_train_mod4_acc': 1.0, 'eval_train_runtime': 0.5573, 'eval_train_samples_per_second': 1794.435, 'eval_train_steps_per_second': 28.711, 'epoch': 300.0}
{'train_runtime': 6325.752, 'train_samples_per_second': 711.378, 'train_steps_per_second': 11.145, 'train_loss': 2.307392087458742, 'epoch': 300.0}
  Pushed checkpoint step-70500 to ijinyu1113/ft_mr7_70m_seed1_purenum
Final eval: {'eval_loss': 6.101360668253619e-06, 'eval_token_acc': 0.9463678516228748, 'eval_seq_acc': 0.0, 'eval_move_acc': 1.0, 'eval_mod8_acc': 1.0, 'eval_mod4_acc': 1.0, 'eval_runtime': 1.1125, 'eval_samples_per_second': 1797.83, 'eval_steps_per_second': 28.765, 'epoch': 300.0}
Final train: {'train_loss': 1.4726347252747019e-08, 'train_token_acc': 0.9466893327666809, 'train_seq_acc': 0.0, 'train_move_acc': 1.0, 'train_mod8_acc': 1.0, 'train_mod4_acc': 1.0, 'train_runtime': 0.5575, 'train_samples_per_second': 1793.875, 'train_steps_per_second': 28.702, 'epoch': 300.0}
