=== array task 1: mr=3 seed=2 size=70m lr=3e-5 eval=250 save=1000 ===
Config: max_remove=3, seed=2, model=70m (EleutherAI/pythia-70m-deduped), lr=3e-05
HF_REPO=ijinyu1113/ft_mr3_70m_seed2_purenum
TRAIN_FILE=../data/purenums/3_train.jsonl
EVAL_FILE=../data/purenums/3_eval.jsonl
METRICS_JSONL=new_result/purenum_metrics/mr3_70m_seed2.jsonl
Using base checkpoint: step143000
train: 15000 examples, eval: 2000 examples
train_acc subset: 1000 examples
train size=15000, steps/epoch=235, epochs=300 → ~70500 total steps
{'loss': 644.9096, 'learning_rate': 1.0638297872340427e-06, 'epoch': 1.06}
{'eval_eval_loss': 0.06237464025616646, 'eval_eval_token_acc': 0.9419872819638353, 'eval_eval_seq_acc': 0.0, 'eval_eval_move_acc': 0.2525, 'eval_eval_mod4_acc': 0.2525, 'eval_eval_runtime': 1.1211, 'eval_eval_samples_per_second': 1783.917, 'eval_eval_steps_per_second': 28.543, 'epoch': 1.06}
{'eval_train_loss': 0.05991066247224808, 'eval_train_token_acc': 0.9447025707115241, 'eval_train_seq_acc': 0.0, 'eval_train_move_acc': 0.246, 'eval_train_mod4_acc': 0.246, 'eval_train_runtime': 0.5536, 'eval_train_samples_per_second': 1806.406, 'eval_train_steps_per_second': 28.903, 'epoch': 1.06}
{'loss': 0.0263, 'learning_rate': 2.1276595744680853e-06, 'epoch': 2.13}
{'eval_eval_loss': 0.025005675852298737, 'eval_eval_token_acc': 0.942013925894348, 'eval_eval_seq_acc': 0.0, 'eval_eval_move_acc': 0.245, 'eval_eval_mod4_acc': 0.245, 'eval_eval_runtime': 1.1092, 'eval_eval_samples_per_second': 1803.035, 'eval_eval_steps_per_second': 28.849, 'epoch': 2.13}
{'eval_train_loss': 0.023941924795508385, 'eval_train_token_acc': 0.9447025707115241, 'eval_train_seq_acc': 0.0, 'eval_train_move_acc': 0.216, 'eval_train_mod4_acc': 0.216, 'eval_train_runtime': 0.555, 'eval_train_samples_per_second': 1801.812, 'eval_train_steps_per_second': 28.829, 'epoch': 2.13}
{'loss': 0.0239, 'learning_rate': 3.1914893617021277e-06, 'epoch': 3.19}
{'eval_eval_loss': 0.024751313030719757, 'eval_eval_token_acc': 0.942013925894348, 'eval_eval_seq_acc': 0.0, 'eval_eval_move_acc': 0.255, 'eval_eval_mod4_acc': 0.26715557883708746, 'eval_eval_runtime': 1.1084, 'eval_eval_samples_per_second': 1804.477, 'eval_eval_steps_per_second': 28.872, 'epoch': 3.19}
{'eval_train_loss': 0.023618973791599274, 'eval_train_token_acc': 0.9447025707115241, 'eval_train_seq_acc': 0.0, 'eval_train_move_acc': 0.266, 'eval_train_mod4_acc': 0.27853403141361255, 'eval_train_runtime': 0.5544, 'eval_train_samples_per_second': 1803.726, 'eval_train_steps_per_second': 28.86, 'epoch': 3.19}
  Pushed checkpoint step-1000 to ijinyu1113/ft_mr3_70m_seed2_purenum
{'loss': 0.0237, 'learning_rate': 4.255319148936171e-06, 'epoch': 4.26}
{'eval_eval_loss': 0.02474379725754261, 'eval_eval_token_acc': 0.942013925894348, 'eval_eval_seq_acc': 0.0, 'eval_eval_move_acc': 0.2495, 'eval_eval_mod4_acc': 0.27149075081610446, 'eval_eval_runtime': 1.1051, 'eval_eval_samples_per_second': 1809.739, 'eval_eval_steps_per_second': 28.956, 'epoch': 4.26}
{'eval_train_loss': 0.023696959018707275, 'eval_train_token_acc': 0.9447025707115241, 'eval_train_seq_acc': 0.0, 'eval_train_move_acc': 0.23, 'eval_train_mod4_acc': 0.2541436464088398, 'eval_train_runtime': 0.5529, 'eval_train_samples_per_second': 1808.669, 'eval_train_steps_per_second': 28.939, 'epoch': 4.26}
{'loss': 0.0237, 'learning_rate': 5.319148936170213e-06, 'epoch': 5.32}
{'eval_eval_loss': 0.025076884776353836, 'eval_eval_token_acc': 0.942013925894348, 'eval_eval_seq_acc': 0.0, 'eval_eval_move_acc': 0.2455, 'eval_eval_mod4_acc': 0.2455, 'eval_eval_runtime': 1.1095, 'eval_eval_samples_per_second': 1802.547, 'eval_eval_steps_per_second': 28.841, 'epoch': 5.32}
{'eval_train_loss': 0.02384389564394951, 'eval_train_token_acc': 0.9447025707115241, 'eval_train_seq_acc': 0.0, 'eval_train_move_acc': 0.256, 'eval_train_mod4_acc': 0.256, 'eval_train_runtime': 0.5551, 'eval_train_samples_per_second': 1801.422, 'eval_train_steps_per_second': 28.823, 'epoch': 5.32}
{'loss': 0.0237, 'learning_rate': 6.3829787234042555e-06, 'epoch': 6.38}
{'eval_eval_loss': 0.025052037090063095, 'eval_eval_token_acc': 0.942013925894348, 'eval_eval_seq_acc': 0.0, 'eval_eval_move_acc': 0.2645, 'eval_eval_mod4_acc': 0.9981132075471698, 'eval_eval_runtime': 1.1061, 'eval_eval_samples_per_second': 1808.209, 'eval_eval_steps_per_second': 28.931, 'epoch': 6.38}
{'eval_train_loss': 0.023893974721431732, 'eval_train_token_acc': 0.9447025707115241, 'eval_train_seq_acc': 0.0, 'eval_train_move_acc': 0.261, 'eval_train_mod4_acc': 1.0, 'eval_train_runtime': 0.5546, 'eval_train_samples_per_second': 1803.146, 'eval_train_steps_per_second': 28.85, 'epoch': 6.38}
{'loss': 0.0323, 'learning_rate': 7.446808510638298e-06, 'epoch': 7.45}
{'eval_eval_loss': 0.026326468214392662, 'eval_eval_token_acc': 0.9419872819638353, 'eval_eval_seq_acc': 0.0, 'eval_eval_move_acc': 0.245, 'eval_eval_mod4_acc': 0.24623115577889448, 'eval_eval_runtime': 1.1072, 'eval_eval_samples_per_second': 1806.324, 'eval_eval_steps_per_second': 28.901, 'epoch': 7.45}
{'eval_train_loss': 0.02496851049363613, 'eval_train_token_acc': 0.9447025707115241, 'eval_train_seq_acc': 0.0, 'eval_train_move_acc': 0.254, 'eval_train_mod4_acc': 0.2552763819095477, 'eval_train_runtime': 0.5536, 'eval_train_samples_per_second': 1806.452, 'eval_train_steps_per_second': 28.903, 'epoch': 7.45}
  Pushed checkpoint step-2000 to ijinyu1113/ft_mr3_70m_seed2_purenum
{'loss': 0.0238, 'learning_rate': 8.510638297872341e-06, 'epoch': 8.51}
{'eval_eval_loss': 0.025482891127467155, 'eval_eval_token_acc': 0.942013925894348, 'eval_eval_seq_acc': 0.0, 'eval_eval_move_acc': 0.243, 'eval_eval_mod4_acc': 0.243, 'eval_eval_runtime': 1.1295, 'eval_eval_samples_per_second': 1770.77, 'eval_eval_steps_per_second': 28.332, 'epoch': 8.51}
{'eval_train_loss': 0.024128586053848267, 'eval_train_token_acc': 0.9447025707115241, 'eval_train_seq_acc': 0.0, 'eval_train_move_acc': 0.292, 'eval_train_mod4_acc': 0.292, 'eval_train_runtime': 0.5541, 'eval_train_samples_per_second': 1804.731, 'eval_train_steps_per_second': 28.876, 'epoch': 8.51}
{'loss': 0.0237, 'learning_rate': 9.574468085106385e-06, 'epoch': 9.57}
{'eval_eval_loss': 0.024841655045747757, 'eval_eval_token_acc': 0.942013925894348, 'eval_eval_seq_acc': 0.0, 'eval_eval_move_acc': 0.237, 'eval_eval_mod4_acc': 0.23879093198992443, 'eval_eval_runtime': 1.1081, 'eval_eval_samples_per_second': 1804.854, 'eval_eval_steps_per_second': 28.878, 'epoch': 9.57}
{'eval_train_loss': 0.023456599563360214, 'eval_train_token_acc': 0.9447025707115241, 'eval_train_seq_acc': 0.0, 'eval_train_move_acc': 0.281, 'eval_train_mod4_acc': 0.28326612903225806, 'eval_train_runtime': 0.5542, 'eval_train_samples_per_second': 1804.512, 'eval_train_steps_per_second': 28.872, 'epoch': 9.57}
{'loss': 0.0237, 'learning_rate': 1.0638297872340426e-05, 'epoch': 10.64}
{'eval_eval_loss': 0.024710556492209435, 'eval_eval_token_acc': 0.942013925894348, 'eval_eval_seq_acc': 0.0, 'eval_eval_move_acc': 0.2715, 'eval_eval_mod4_acc': 0.7278820375335121, 'eval_eval_runtime': 1.1066, 'eval_eval_samples_per_second': 1807.412, 'eval_eval_steps_per_second': 28.919, 'epoch': 10.64}
{'eval_train_loss': 0.02345561422407627, 'eval_train_token_acc': 0.9447025707115241, 'eval_train_seq_acc': 0.0, 'eval_train_move_acc': 0.262, 'eval_train_mod4_acc': 0.7277777777777777, 'eval_train_runtime': 0.5549, 'eval_train_samples_per_second': 1802.121, 'eval_train_steps_per_second': 28.834, 'epoch': 10.64}
{'loss': 0.0236, 'learning_rate': 1.170212765957447e-05, 'epoch': 11.7}
{'eval_eval_loss': 0.024738159030675888, 'eval_eval_token_acc': 0.942013925894348, 'eval_eval_seq_acc': 0.0, 'eval_eval_move_acc': 0.254, 'eval_eval_mod4_acc': 0.3496214728148658, 'eval_eval_runtime': 1.1081, 'eval_eval_samples_per_second': 1804.828, 'eval_eval_steps_per_second': 28.877, 'epoch': 11.7}
{'eval_train_loss': 0.023373397067189217, 'eval_train_token_acc': 0.9447025707115241, 'eval_train_seq_acc': 0.0, 'eval_train_move_acc': 0.294, 'eval_train_mod4_acc': 0.3972972972972973, 'eval_train_runtime': 0.5561, 'eval_train_samples_per_second': 1798.328, 'eval_train_steps_per_second': 28.773, 'epoch': 11.7}
  Pushed checkpoint step-3000 to ijinyu1113/ft_mr3_70m_seed2_purenum
{'loss': 0.05, 'learning_rate': 1.2765957446808511e-05, 'epoch': 12.77}
{'eval_eval_loss': 0.02467803843319416, 'eval_eval_token_acc': 0.942013925894348, 'eval_eval_seq_acc': 0.0, 'eval_eval_move_acc': 0.2625, 'eval_eval_mod4_acc': 0.8974358974358975, 'eval_eval_runtime': 1.1145, 'eval_eval_samples_per_second': 1794.517, 'eval_eval_steps_per_second': 28.712, 'epoch': 12.77}
{'eval_train_loss': 0.023508582264184952, 'eval_train_token_acc': 0.9447025707115241, 'eval_train_seq_acc': 0.0, 'eval_train_move_acc': 0.264, 'eval_train_mod4_acc': 0.8770764119601329, 'eval_train_runtime': 0.5537, 'eval_train_samples_per_second': 1806.052, 'eval_train_steps_per_second': 28.897, 'epoch': 12.77}
{'loss': 0.0236, 'learning_rate': 1.3829787234042554e-05, 'epoch': 13.83}
{'eval_eval_loss': 0.024949936196208, 'eval_eval_token_acc': 0.942013925894348, 'eval_eval_seq_acc': 0.0, 'eval_eval_move_acc': 0.258, 'eval_eval_mod4_acc': 0.7975270479134466, 'eval_eval_runtime': 1.1079, 'eval_eval_samples_per_second': 1805.248, 'eval_eval_steps_per_second': 28.884, 'epoch': 13.83}
{'eval_train_loss': 0.023567257449030876, 'eval_train_token_acc': 0.9447025707115241, 'eval_train_seq_acc': 0.0, 'eval_train_move_acc': 0.265, 'eval_train_mod4_acc': 0.8079268292682927, 'eval_train_runtime': 0.5567, 'eval_train_samples_per_second': 1796.15, 'eval_train_steps_per_second': 28.738, 'epoch': 13.83}
{'loss': 0.0236, 'learning_rate': 1.4893617021276596e-05, 'epoch': 14.89}
{'eval_eval_loss': 0.024957912042737007, 'eval_eval_token_acc': 0.942013925894348, 'eval_eval_seq_acc': 0.0, 'eval_eval_move_acc': 0.245, 'eval_eval_mod4_acc': 0.4720616570327553, 'eval_eval_runtime': 1.1091, 'eval_eval_samples_per_second': 1803.201, 'eval_eval_steps_per_second': 28.851, 'epoch': 14.89}
{'eval_train_loss': 0.02343173325061798, 'eval_train_token_acc': 0.9447025707115241, 'eval_train_seq_acc': 0.0, 'eval_train_move_acc': 0.266, 'eval_train_mod4_acc': 0.49534450651769085, 'eval_train_runtime': 0.5551, 'eval_train_samples_per_second': 1801.537, 'eval_train_steps_per_second': 28.825, 'epoch': 14.89}
{'loss': 0.0236, 'learning_rate': 1.5957446808510637e-05, 'epoch': 15.96}
{'eval_eval_loss': 0.025155100971460342, 'eval_eval_token_acc': 0.942013925894348, 'eval_eval_seq_acc': 0.0, 'eval_eval_move_acc': 0.237, 'eval_eval_mod4_acc': 0.400676246830093, 'eval_eval_runtime': 1.1108, 'eval_eval_samples_per_second': 1800.457, 'eval_eval_steps_per_second': 28.807, 'epoch': 15.96}
{'eval_train_loss': 0.02338968589901924, 'eval_train_token_acc': 0.9447025707115241, 'eval_train_seq_acc': 0.0, 'eval_train_move_acc': 0.288, 'eval_train_mod4_acc': 0.4682926829268293, 'eval_train_runtime': 0.5557, 'eval_train_samples_per_second': 1799.682, 'eval_train_steps_per_second': 28.795, 'epoch': 15.96}
  Pushed checkpoint step-4000 to ijinyu1113/ft_mr3_70m_seed2_purenum
{'loss': 0.0236, 'learning_rate': 1.7021276595744682e-05, 'epoch': 17.02}
{'eval_eval_loss': 0.02539891004562378, 'eval_eval_token_acc': 0.942013925894348, 'eval_eval_seq_acc': 0.0, 'eval_eval_move_acc': 0.2505, 'eval_eval_mod4_acc': 0.2505, 'eval_eval_runtime': 1.1088, 'eval_eval_samples_per_second': 1803.75, 'eval_eval_steps_per_second': 28.86, 'epoch': 17.02}
{'eval_train_loss': 0.023823317140340805, 'eval_train_token_acc': 0.9447025707115241, 'eval_train_seq_acc': 0.0, 'eval_train_move_acc': 0.222, 'eval_train_mod4_acc': 0.222, 'eval_train_runtime': 0.5561, 'eval_train_samples_per_second': 1798.078, 'eval_train_steps_per_second': 28.769, 'epoch': 17.02}
{'loss': 0.0253, 'learning_rate': 1.8085106382978724e-05, 'epoch': 18.09}
{'eval_eval_loss': 0.025383133441209793, 'eval_eval_token_acc': 0.942013925894348, 'eval_eval_seq_acc': 0.0, 'eval_eval_move_acc': 0.2385, 'eval_eval_mod4_acc': 0.2832541567695962, 'eval_eval_runtime': 1.1123, 'eval_eval_samples_per_second': 1798.142, 'eval_eval_steps_per_second': 28.77, 'epoch': 18.09}
{'eval_train_loss': 0.0233427956700325, 'eval_train_token_acc': 0.9447025707115241, 'eval_train_seq_acc': 0.0, 'eval_train_move_acc': 0.334, 'eval_train_mod4_acc': 0.37911464245175935, 'eval_train_runtime': 0.5564, 'eval_train_samples_per_second': 1797.383, 'eval_train_steps_per_second': 28.758, 'epoch': 18.09}
{'loss': 0.0235, 'learning_rate': 1.914893617021277e-05, 'epoch': 19.15}
{'eval_eval_loss': 0.025510456413030624, 'eval_eval_token_acc': 0.942013925894348, 'eval_eval_seq_acc': 0.0, 'eval_eval_move_acc': 0.234, 'eval_eval_mod4_acc': 0.24336973478939158, 'eval_eval_runtime': 1.1127, 'eval_eval_samples_per_second': 1797.487, 'eval_eval_steps_per_second': 28.76, 'epoch': 19.15}
{'eval_train_loss': 0.023167459294199944, 'eval_train_token_acc': 0.9447025707115241, 'eval_train_seq_acc': 0.0, 'eval_train_move_acc': 0.332, 'eval_train_mod4_acc': 0.34262125902992774, 'eval_train_runtime': 0.5585, 'eval_train_samples_per_second': 1790.648, 'eval_train_steps_per_second': 28.65, 'epoch': 19.15}
{'loss': 0.0233, 'learning_rate': 2.0212765957446807e-05, 'epoch': 20.21}
{'eval_eval_loss': 0.026073133572936058, 'eval_eval_token_acc': 0.942013925894348, 'eval_eval_seq_acc': 0.0, 'eval_eval_move_acc': 0.227, 'eval_eval_mod4_acc': 0.2686390532544379, 'eval_eval_runtime': 1.1136, 'eval_eval_samples_per_second': 1796.011, 'eval_eval_steps_per_second': 28.736, 'epoch': 20.21}
{'eval_train_loss': 0.023397652432322502, 'eval_train_token_acc': 0.9447025707115241, 'eval_train_seq_acc': 0.0, 'eval_train_move_acc': 0.299, 'eval_train_mod4_acc': 0.34486735870818913, 'eval_train_runtime': 0.557, 'eval_train_samples_per_second': 1795.348, 'eval_train_steps_per_second': 28.726, 'epoch': 20.21}
  Pushed checkpoint step-5000 to ijinyu1113/ft_mr3_70m_seed2_purenum
{'loss': 0.0234, 'learning_rate': 2.1276595744680852e-05, 'epoch': 21.28}
{'eval_eval_loss': 0.02568964846432209, 'eval_eval_token_acc': 0.942013925894348, 'eval_eval_seq_acc': 0.0, 'eval_eval_move_acc': 0.235, 'eval_eval_mod4_acc': 0.417036379769299, 'eval_eval_runtime': 1.1668, 'eval_eval_samples_per_second': 1714.045, 'eval_eval_steps_per_second': 27.425, 'epoch': 21.28}
{'eval_train_loss': 0.02313973195850849, 'eval_train_token_acc': 0.9447025707115241, 'eval_train_seq_acc': 0.0, 'eval_train_move_acc': 0.312, 'eval_train_mod4_acc': 0.5024154589371981, 'eval_train_runtime': 0.5833, 'eval_train_samples_per_second': 1714.275, 'eval_train_steps_per_second': 27.428, 'epoch': 21.28}
{'loss': 0.0236, 'learning_rate': 2.2340425531914894e-05, 'epoch': 22.34}
{'eval_eval_loss': 0.025436462834477425, 'eval_eval_token_acc': 0.942013925894348, 'eval_eval_seq_acc': 0.0, 'eval_eval_move_acc': 0.238, 'eval_eval_mod4_acc': 0.48621041879468846, 'eval_eval_runtime': 1.1106, 'eval_eval_samples_per_second': 1800.907, 'eval_eval_steps_per_second': 28.815, 'epoch': 22.34}
{'eval_train_loss': 0.02305840514600277, 'eval_train_token_acc': 0.9447025707115241, 'eval_train_seq_acc': 0.0, 'eval_train_move_acc': 0.301, 'eval_train_mod4_acc': 0.5636704119850188, 'eval_train_runtime': 0.5561, 'eval_train_samples_per_second': 1798.16, 'eval_train_steps_per_second': 28.771, 'epoch': 22.34}
{'loss': 0.0234, 'learning_rate': 2.340425531914894e-05, 'epoch': 23.4}
{'eval_eval_loss': 0.026595119386911392, 'eval_eval_token_acc': 0.942013925894348, 'eval_eval_seq_acc': 0.0, 'eval_eval_move_acc': 0.229, 'eval_eval_mod4_acc': 0.2300351582119538, 'eval_eval_runtime': 1.1124, 'eval_eval_samples_per_second': 1797.99, 'eval_eval_steps_per_second': 28.768, 'epoch': 23.4}
{'eval_train_loss': 0.02393968775868416, 'eval_train_token_acc': 0.9447025707115241, 'eval_train_seq_acc': 0.0, 'eval_train_move_acc': 0.267, 'eval_train_mod4_acc': 0.2678034102306921, 'eval_train_runtime': 0.5569, 'eval_train_samples_per_second': 1795.763, 'eval_train_steps_per_second': 28.732, 'epoch': 23.4}
{'loss': 0.0226, 'learning_rate': 2.4468085106382977e-05, 'epoch': 24.47}
{'eval_eval_loss': 0.022696461528539658, 'eval_eval_token_acc': 0.942013925894348, 'eval_eval_seq_acc': 0.0, 'eval_eval_move_acc': 0.327, 'eval_eval_mod4_acc': 0.40495356037151703, 'eval_eval_runtime': 1.1124, 'eval_eval_samples_per_second': 1797.862, 'eval_eval_steps_per_second': 28.766, 'epoch': 24.47}
{'eval_train_loss': 0.01993647776544094, 'eval_train_token_acc': 0.9447025707115241, 'eval_train_seq_acc': 0.0, 'eval_train_move_acc': 0.431, 'eval_train_mod4_acc': 0.517406962785114, 'eval_train_runtime': 0.5577, 'eval_train_samples_per_second': 1793.099, 'eval_train_steps_per_second': 28.69, 'epoch': 24.47}
  Pushed checkpoint step-6000 to ijinyu1113/ft_mr3_70m_seed2_purenum
{'loss': 0.0189, 'learning_rate': 2.5531914893617022e-05, 'epoch': 25.53}
{'eval_eval_loss': 0.017318038269877434, 'eval_eval_token_acc': 0.942013925894348, 'eval_eval_seq_acc': 0.0, 'eval_eval_move_acc': 0.4205, 'eval_eval_mod4_acc': 0.46696279844530814, 'eval_eval_runtime': 1.1774, 'eval_eval_samples_per_second': 1698.629, 'eval_eval_steps_per_second': 27.178, 'epoch': 25.53}
{'eval_train_loss': 0.015571883879601955, 'eval_train_token_acc': 0.9447025707115241, 'eval_train_seq_acc': 0.0, 'eval_train_move_acc': 0.434, 'eval_train_mod4_acc': 0.47071583514099785, 'eval_train_runtime': 0.5839, 'eval_train_samples_per_second': 1712.742, 'eval_train_steps_per_second': 27.404, 'epoch': 25.53}
{'loss': 0.0168, 'learning_rate': 2.6595744680851064e-05, 'epoch': 26.6}
{'eval_eval_loss': 0.018037153407931328, 'eval_eval_token_acc': 0.942013925894348, 'eval_eval_seq_acc': 0.0, 'eval_eval_move_acc': 0.399, 'eval_eval_mod4_acc': 0.42401700318809776, 'eval_eval_runtime': 1.1118, 'eval_eval_samples_per_second': 1798.831, 'eval_eval_steps_per_second': 28.781, 'epoch': 26.6}
{'eval_train_loss': 0.01572299376130104, 'eval_train_token_acc': 0.9447025707115241, 'eval_train_seq_acc': 0.0, 'eval_train_move_acc': 0.458, 'eval_train_mod4_acc': 0.47758081334723673, 'eval_train_runtime': 0.557, 'eval_train_samples_per_second': 1795.475, 'eval_train_steps_per_second': 28.728, 'epoch': 26.6}
{'loss': 0.0141, 'learning_rate': 2.765957446808511e-05, 'epoch': 27.66}
{'eval_eval_loss': 0.01710837334394455, 'eval_eval_token_acc': 0.942013925894348, 'eval_eval_seq_acc': 0.0, 'eval_eval_move_acc': 0.3985, 'eval_eval_mod4_acc': 0.5295681063122923, 'eval_eval_runtime': 1.1103, 'eval_eval_samples_per_second': 1801.39, 'eval_eval_steps_per_second': 28.822, 'epoch': 27.66}
{'eval_train_loss': 0.014871019870042801, 'eval_train_token_acc': 0.9447025707115241, 'eval_train_seq_acc': 0.0, 'eval_train_move_acc': 0.478, 'eval_train_mod4_acc': 0.6012578616352201, 'eval_train_runtime': 0.5565, 'eval_train_samples_per_second': 1796.868, 'eval_train_steps_per_second': 28.75, 'epoch': 27.66}
{'loss': 0.0133, 'learning_rate': 2.872340425531915e-05, 'epoch': 28.72}
{'eval_eval_loss': 0.014153530821204185, 'eval_eval_token_acc': 0.942013925894348, 'eval_eval_seq_acc': 0.0, 'eval_eval_move_acc': 0.479, 'eval_eval_mod4_acc': 0.6340172071475844, 'eval_eval_runtime': 1.1124, 'eval_eval_samples_per_second': 1797.927, 'eval_eval_steps_per_second': 28.767, 'epoch': 28.72}
{'eval_train_loss': 0.012071458622813225, 'eval_train_token_acc': 0.9447025707115241, 'eval_train_seq_acc': 0.0, 'eval_train_move_acc': 0.57, 'eval_train_mod4_acc': 0.7178841309823678, 'eval_train_runtime': 0.5568, 'eval_train_samples_per_second': 1795.831, 'eval_train_steps_per_second': 28.733, 'epoch': 28.72}
  Pushed checkpoint step-7000 to ijinyu1113/ft_mr3_70m_seed2_purenum
{'loss': 0.0124, 'learning_rate': 2.9787234042553192e-05, 'epoch': 29.79}
{'eval_eval_loss': 0.013628557324409485, 'eval_eval_token_acc': 0.942013925894348, 'eval_eval_seq_acc': 0.0, 'eval_eval_move_acc': 0.4885, 'eval_eval_mod4_acc': 0.5982853643600735, 'eval_eval_runtime': 1.1475, 'eval_eval_samples_per_second': 1742.982, 'eval_eval_steps_per_second': 27.888, 'epoch': 29.79}
{'eval_train_loss': 0.01169286947697401, 'eval_train_token_acc': 0.9447025707115241, 'eval_train_seq_acc': 0.0, 'eval_train_move_acc': 0.573, 'eval_train_mod4_acc': 0.6655052264808362, 'eval_train_runtime': 0.5778, 'eval_train_samples_per_second': 1730.818, 'eval_train_steps_per_second': 27.693, 'epoch': 29.79}
{'loss': 0.0119, 'learning_rate': 2.9999264548228676e-05, 'epoch': 30.85}
{'eval_eval_loss': 0.01328810304403305, 'eval_eval_token_acc': 0.942013925894348, 'eval_eval_seq_acc': 0.0, 'eval_eval_move_acc': 0.5, 'eval_eval_mod4_acc': 0.6561679790026247, 'eval_eval_runtime': 1.1104, 'eval_eval_samples_per_second': 1801.219, 'eval_eval_steps_per_second': 28.82, 'epoch': 30.85}
{'eval_train_loss': 0.011404537595808506, 'eval_train_token_acc': 0.9447025707115241, 'eval_train_seq_acc': 0.0, 'eval_train_move_acc': 0.573, 'eval_train_mod4_acc': 0.7091584158415841, 'eval_train_runtime': 0.5579, 'eval_train_samples_per_second': 1792.513, 'eval_train_steps_per_second': 28.68, 'epoch': 30.85}
{'loss': 0.012, 'learning_rate': 2.9996276899008885e-05, 'epoch': 31.91}
{'eval_eval_loss': 0.013402358628809452, 'eval_eval_token_acc': 0.942013925894348, 'eval_eval_seq_acc': 0.0, 'eval_eval_move_acc': 0.489, 'eval_eval_mod4_acc': 0.5150078988941548, 'eval_eval_runtime': 1.1133, 'eval_eval_samples_per_second': 1796.381, 'eval_eval_steps_per_second': 28.742, 'epoch': 31.91}
{'eval_train_loss': 0.01178657729178667, 'eval_train_token_acc': 0.9447025707115241, 'eval_train_seq_acc': 0.0, 'eval_train_move_acc': 0.558, 'eval_train_mod4_acc': 0.5717213114754098, 'eval_train_runtime': 0.5567, 'eval_train_samples_per_second': 1796.183, 'eval_train_steps_per_second': 28.739, 'epoch': 31.91}
{'loss': 0.0116, 'learning_rate': 2.9990991544015662e-05, 'epoch': 32.98}
{'eval_eval_loss': 0.013947911560535431, 'eval_eval_token_acc': 0.942013925894348, 'eval_eval_seq_acc': 0.0, 'eval_eval_move_acc': 0.491, 'eval_eval_mod4_acc': 0.6529255319148937, 'eval_eval_runtime': 1.1117, 'eval_eval_samples_per_second': 1798.987, 'eval_eval_steps_per_second': 28.784, 'epoch': 32.98}
{'eval_train_loss': 0.011457270011305809, 'eval_train_token_acc': 0.9447025707115241, 'eval_train_seq_acc': 0.0, 'eval_train_move_acc': 0.597, 'eval_train_mod4_acc': 0.7443890274314214, 'eval_train_runtime': 0.5581, 'eval_train_samples_per_second': 1791.863, 'eval_train_steps_per_second': 28.67, 'epoch': 32.98}
  Pushed checkpoint step-8000 to ijinyu1113/ft_mr3_70m_seed2_purenum
{'loss': 0.0116, 'learning_rate': 2.9983409293062717e-05, 'epoch': 34.04}
{'eval_eval_loss': 0.013212202116847038, 'eval_eval_token_acc': 0.942013925894348, 'eval_eval_seq_acc': 0.0, 'eval_eval_move_acc': 0.4915, 'eval_eval_mod4_acc': 0.5758640890451083, 'eval_eval_runtime': 1.1197, 'eval_eval_samples_per_second': 1786.239, 'eval_eval_steps_per_second': 28.58, 'epoch': 34.04}
{'eval_train_loss': 0.011226248927414417, 'eval_train_token_acc': 0.9447025707115241, 'eval_train_seq_acc': 0.0, 'eval_train_move_acc': 0.561, 'eval_train_mod4_acc': 0.6192052980132451, 'eval_train_runtime': 0.5671, 'eval_train_samples_per_second': 1763.27, 'eval_train_steps_per_second': 28.212, 'epoch': 34.04}
{'loss': 0.0117, 'learning_rate': 2.9973531307890522e-05, 'epoch': 35.11}
{'eval_eval_loss': 0.013885172083973885, 'eval_eval_token_acc': 0.942013925894348, 'eval_eval_seq_acc': 0.0, 'eval_eval_move_acc': 0.4835, 'eval_eval_mod4_acc': 0.49311575726670065, 'eval_eval_runtime': 1.1134, 'eval_eval_samples_per_second': 1796.277, 'eval_eval_steps_per_second': 28.74, 'epoch': 35.11}
{'eval_train_loss': 0.011898512952029705, 'eval_train_token_acc': 0.9447025707115241, 'eval_train_seq_acc': 0.0, 'eval_train_move_acc': 0.564, 'eval_train_mod4_acc': 0.5668341708542713, 'eval_train_runtime': 0.5577, 'eval_train_samples_per_second': 1793.138, 'eval_train_steps_per_second': 28.69, 'epoch': 35.11}
{'loss': 0.0126, 'learning_rate': 2.9961359101988298e-05, 'epoch': 36.17}
{'eval_eval_loss': 0.013960534706711769, 'eval_eval_token_acc': 0.942013925894348, 'eval_eval_seq_acc': 0.0, 'eval_eval_move_acc': 0.4795, 'eval_eval_mod4_acc': 0.5787567893783947, 'eval_eval_runtime': 1.111, 'eval_eval_samples_per_second': 1800.121, 'eval_eval_steps_per_second': 28.802, 'epoch': 36.17}
{'eval_train_loss': 0.011334110051393509, 'eval_train_token_acc': 0.9447025707115241, 'eval_train_seq_acc': 0.0, 'eval_train_move_acc': 0.568, 'eval_train_mod4_acc': 0.6432616081540203, 'eval_train_runtime': 0.5564, 'eval_train_samples_per_second': 1797.425, 'eval_train_steps_per_second': 28.759, 'epoch': 36.17}
{'loss': 0.0118, 'learning_rate': 2.9946894540362144e-05, 'epoch': 37.23}
{'eval_eval_loss': 0.013354619964957237, 'eval_eval_token_acc': 0.942013925894348, 'eval_eval_seq_acc': 0.0, 'eval_eval_move_acc': 0.495, 'eval_eval_mod4_acc': 0.5871886120996441, 'eval_eval_runtime': 1.1111, 'eval_eval_samples_per_second': 1799.966, 'eval_eval_steps_per_second': 28.799, 'epoch': 37.23}
{'eval_train_loss': 0.010730408132076263, 'eval_train_token_acc': 0.9447025707115241, 'eval_train_seq_acc': 0.0, 'eval_train_move_acc': 0.605, 'eval_train_mod4_acc': 0.6707317073170732, 'eval_train_runtime': 0.5566, 'eval_train_samples_per_second': 1796.478, 'eval_train_steps_per_second': 28.744, 'epoch': 37.23}
  Pushed checkpoint step-9000 to ijinyu1113/ft_mr3_70m_seed2_purenum
{'loss': 0.0113, 'learning_rate': 2.9930139839249263e-05, 'epoch': 38.3}
{'eval_eval_loss': 0.01329807098954916, 'eval_eval_token_acc': 0.942013925894348, 'eval_eval_seq_acc': 0.0, 'eval_eval_move_acc': 0.521, 'eval_eval_mod4_acc': 0.6761842959117457, 'eval_eval_runtime': 1.1156, 'eval_eval_samples_per_second': 1792.828, 'eval_eval_steps_per_second': 28.685, 'epoch': 38.3}
{'eval_train_loss': 0.010642620734870434, 'eval_train_token_acc': 0.9447025707115241, 'eval_train_seq_acc': 0.0, 'eval_train_move_acc': 0.617, 'eval_train_mod4_acc': 0.7515225334957369, 'eval_train_runtime': 0.5588, 'eval_train_samples_per_second': 1789.588, 'eval_train_steps_per_second': 28.633, 'epoch': 38.3}
{'loss': 0.0105, 'learning_rate': 2.9911097565778392e-05, 'epoch': 39.36}
{'eval_eval_loss': 0.01203080266714096, 'eval_eval_token_acc': 0.942013925894348, 'eval_eval_seq_acc': 0.0, 'eval_eval_move_acc': 0.573, 'eval_eval_mod4_acc': 0.6631944444444444, 'eval_eval_runtime': 1.1151, 'eval_eval_samples_per_second': 1793.509, 'eval_eval_steps_per_second': 28.696, 'epoch': 39.36}
{'eval_train_loss': 0.009679862298071384, 'eval_train_token_acc': 0.9447025707115241, 'eval_train_seq_acc': 0.0, 'eval_train_move_acc': 0.664, 'eval_train_mod4_acc': 0.7361419068736141, 'eval_train_runtime': 0.5573, 'eval_train_samples_per_second': 1794.259, 'eval_train_steps_per_second': 28.708, 'epoch': 39.36}
{'loss': 0.0084, 'learning_rate': 2.98897706375765e-05, 'epoch': 40.43}
{'eval_eval_loss': 0.00639817351475358, 'eval_eval_token_acc': 0.942013925894348, 'eval_eval_seq_acc': 0.0, 'eval_eval_move_acc': 0.803, 'eval_eval_mod4_acc': 0.8181355068772287, 'eval_eval_runtime': 1.114, 'eval_eval_samples_per_second': 1795.364, 'eval_eval_steps_per_second': 28.726, 'epoch': 40.43}
{'eval_train_loss': 0.004889246076345444, 'eval_train_token_acc': 0.9447025707115241, 'eval_train_seq_acc': 0.0, 'eval_train_move_acc': 0.842, 'eval_train_mod4_acc': 0.8539553752535497, 'eval_train_runtime': 0.5585, 'eval_train_samples_per_second': 1790.441, 'eval_train_steps_per_second': 28.647, 'epoch': 40.43}
{'loss': 0.0029, 'learning_rate': 2.9866162322321703e-05, 'epoch': 41.49}
{'eval_eval_loss': 0.0019177052890881896, 'eval_eval_token_acc': 0.9419606380333226, 'eval_eval_seq_acc': 0.0, 'eval_eval_move_acc': 0.9675, 'eval_eval_mod4_acc': 0.9757942511346445, 'eval_eval_runtime': 1.1117, 'eval_eval_samples_per_second': 1799.109, 'eval_eval_steps_per_second': 28.786, 'epoch': 41.49}
{'eval_train_loss': 0.0022653834894299507, 'eval_train_token_acc': 0.9445838703113342, 'eval_train_seq_acc': 0.0, 'eval_train_move_acc': 0.979, 'eval_train_mod4_acc': 0.9819458375125376, 'eval_train_runtime': 0.5581, 'eval_train_samples_per_second': 1791.681, 'eval_train_steps_per_second': 28.667, 'epoch': 41.49}
  Pushed checkpoint step-10000 to ijinyu1113/ft_mr3_70m_seed2_purenum
{'loss': 0.0004, 'learning_rate': 2.9840276237242647e-05, 'epoch': 42.55}
{'eval_eval_loss': 0.00021861735149286687, 'eval_eval_token_acc': 0.942013925894348, 'eval_eval_seq_acc': 0.0, 'eval_eval_move_acc': 0.996, 'eval_eval_mod4_acc': 0.9984962406015038, 'eval_eval_runtime': 1.1184, 'eval_eval_samples_per_second': 1788.25, 'eval_eval_steps_per_second': 28.612, 'epoch': 42.55}
{'eval_train_loss': 3.490804010652937e-05, 'eval_train_token_acc': 0.9447025707115241, 'eval_train_seq_acc': 0.0, 'eval_train_move_acc': 1.0, 'eval_train_mod4_acc': 1.0, 'eval_train_runtime': 0.5642, 'eval_train_samples_per_second': 1772.521, 'eval_train_steps_per_second': 28.36, 'epoch': 42.55}
{'loss': 0.0001, 'learning_rate': 2.981211634856424e-05, 'epoch': 43.62}
{'eval_eval_loss': 0.00011765646922867745, 'eval_eval_token_acc': 0.942013925894348, 'eval_eval_seq_acc': 0.0, 'eval_eval_move_acc': 0.997, 'eval_eval_mod4_acc': 0.997, 'eval_eval_runtime': 1.1101, 'eval_eval_samples_per_second': 1801.593, 'eval_eval_steps_per_second': 28.825, 'epoch': 43.62}
{'eval_train_loss': 2.5533025109325536e-05, 'eval_train_token_acc': 0.9447025707115241, 'eval_train_seq_acc': 0.0, 'eval_train_move_acc': 0.999, 'eval_train_mod4_acc': 0.999, 'eval_train_runtime': 0.5574, 'eval_train_samples_per_second': 1793.944, 'eval_train_steps_per_second': 28.703, 'epoch': 43.62}
{'loss': 0.0, 'learning_rate': 2.9781686970899998e-05, 'epoch': 44.68}
{'eval_eval_loss': 5.4463605920318514e-05, 'eval_eval_token_acc': 0.942013925894348, 'eval_eval_seq_acc': 0.0, 'eval_eval_move_acc': 0.999, 'eval_eval_mod4_acc': 0.999, 'eval_eval_runtime': 1.112, 'eval_eval_samples_per_second': 1798.495, 'eval_eval_steps_per_second': 28.776, 'epoch': 44.68}
{'eval_train_loss': 1.3940925782662816e-06, 'eval_train_token_acc': 0.9447025707115241, 'eval_train_seq_acc': 0.0, 'eval_train_move_acc': 1.0, 'eval_train_mod4_acc': 1.0, 'eval_train_runtime': 0.5563, 'eval_train_samples_per_second': 1797.432, 'eval_train_steps_per_second': 28.759, 'epoch': 44.68}
{'loss': 0.0, 'learning_rate': 2.9748992766590924e-05, 'epoch': 45.74}
{'eval_eval_loss': 3.172308788634837e-05, 'eval_eval_token_acc': 0.942013925894348, 'eval_eval_seq_acc': 0.0, 'eval_eval_move_acc': 0.9995, 'eval_eval_mod4_acc': 0.9995, 'eval_eval_runtime': 1.1097, 'eval_eval_samples_per_second': 1802.288, 'eval_eval_steps_per_second': 28.837, 'epoch': 45.74}
{'eval_train_loss': 8.079422855189478e-07, 'eval_train_token_acc': 0.9447025707115241, 'eval_train_seq_acc': 0.0, 'eval_train_move_acc': 1.0, 'eval_train_mod4_acc': 1.0, 'eval_train_runtime': 0.5559, 'eval_train_samples_per_second': 1798.781, 'eval_train_steps_per_second': 28.78, 'epoch': 45.74}
  Pushed checkpoint step-11000 to ijinyu1113/ft_mr3_70m_seed2_purenum
{'loss': 0.0, 'learning_rate': 2.971403874499117e-05, 'epoch': 46.81}
{'eval_eval_loss': 3.0973125831224024e-05, 'eval_eval_token_acc': 0.942013925894348, 'eval_eval_seq_acc': 0.0, 'eval_eval_move_acc': 0.9995, 'eval_eval_mod4_acc': 0.9995, 'eval_eval_runtime': 1.1154, 'eval_eval_samples_per_second': 1792.999, 'eval_eval_steps_per_second': 28.688, 'epoch': 46.81}
{'eval_train_loss': 5.846293902322941e-07, 'eval_train_token_acc': 0.9447025707115241, 'eval_train_seq_acc': 0.0, 'eval_train_move_acc': 1.0, 'eval_train_mod4_acc': 1.0, 'eval_train_runtime': 0.5568, 'eval_train_samples_per_second': 1796.034, 'eval_train_steps_per_second': 28.737, 'epoch': 46.81}
{'loss': 0.0, 'learning_rate': 2.967683026170052e-05, 'epoch': 47.87}
{'eval_eval_loss': 2.974700510094408e-05, 'eval_eval_token_acc': 0.942013925894348, 'eval_eval_seq_acc': 0.0, 'eval_eval_move_acc': 0.9995, 'eval_eval_mod4_acc': 0.9995, 'eval_eval_runtime': 1.1149, 'eval_eval_samples_per_second': 1793.919, 'eval_eval_steps_per_second': 28.703, 'epoch': 47.87}
{'eval_train_loss': 4.042861974085099e-07, 'eval_train_token_acc': 0.9447025707115241, 'eval_train_seq_acc': 0.0, 'eval_train_move_acc': 1.0, 'eval_train_mod4_acc': 1.0, 'eval_train_runtime': 0.5577, 'eval_train_samples_per_second': 1793.21, 'eval_train_steps_per_second': 28.691, 'epoch': 47.87}
{'loss': 0.0, 'learning_rate': 2.963737301774379e-05, 'epoch': 48.94}
{'eval_eval_loss': 2.8124701202614233e-05, 'eval_eval_token_acc': 0.942013925894348, 'eval_eval_seq_acc': 0.0, 'eval_eval_move_acc': 0.9995, 'eval_eval_mod4_acc': 0.9995, 'eval_eval_runtime': 1.1141, 'eval_eval_samples_per_second': 1795.171, 'eval_eval_steps_per_second': 28.723, 'epoch': 48.94}
{'eval_train_loss': 2.9108457511028973e-07, 'eval_train_token_acc': 0.9447025707115241, 'eval_train_seq_acc': 0.0, 'eval_train_move_acc': 1.0, 'eval_train_mod4_acc': 1.0, 'eval_train_runtime': 0.5573, 'eval_train_samples_per_second': 1794.378, 'eval_train_steps_per_second': 28.71, 'epoch': 48.94}
{'loss': 0.0, 'learning_rate': 2.959567305869736e-05, 'epoch': 50.0}
{'eval_eval_loss': 2.701416815398261e-05, 'eval_eval_token_acc': 0.942013925894348, 'eval_eval_seq_acc': 0.0, 'eval_eval_move_acc': 0.9995, 'eval_eval_mod4_acc': 0.9995, 'eval_eval_runtime': 1.1138, 'eval_eval_samples_per_second': 1795.679, 'eval_eval_steps_per_second': 28.731, 'epoch': 50.0}
{'eval_train_loss': 2.3950906324898824e-07, 'eval_train_token_acc': 0.9447025707115241, 'eval_train_seq_acc': 0.0, 'eval_train_move_acc': 1.0, 'eval_train_mod4_acc': 1.0, 'eval_train_runtime': 0.5585, 'eval_train_samples_per_second': 1790.551, 'eval_train_steps_per_second': 28.649, 'epoch': 50.0}
  Pushed checkpoint step-12000 to ijinyu1113/ft_mr3_70m_seed2_purenum
{'loss': 0.0, 'learning_rate': 2.955173677376284e-05, 'epoch': 51.06}
{'eval_eval_loss': 2.5215591449523345e-05, 'eval_eval_token_acc': 0.942013925894348, 'eval_eval_seq_acc': 0.0, 'eval_eval_move_acc': 0.9995, 'eval_eval_mod4_acc': 0.9995, 'eval_eval_runtime': 1.1173, 'eval_eval_samples_per_second': 1790.052, 'eval_eval_steps_per_second': 28.641, 'epoch': 51.06}
{'eval_train_loss': 2.0299685843383486e-07, 'eval_train_token_acc': 0.9447025707115241, 'eval_train_seq_acc': 0.0, 'eval_train_move_acc': 1.0, 'eval_train_mod4_acc': 1.0, 'eval_train_runtime': 0.5594, 'eval_train_samples_per_second': 1787.614, 'eval_train_steps_per_second': 28.602, 'epoch': 51.06}
{'loss': 0.0, 'learning_rate': 2.9505570894788162e-05, 'epoch': 52.13}
{'eval_eval_loss': 2.3775064619258046e-05, 'eval_eval_token_acc': 0.942013925894348, 'eval_eval_seq_acc': 0.0, 'eval_eval_move_acc': 0.9995, 'eval_eval_mod4_acc': 0.9995, 'eval_eval_runtime': 1.1141, 'eval_eval_samples_per_second': 1795.244, 'eval_eval_steps_per_second': 28.724, 'epoch': 52.13}
{'eval_train_loss': 1.6212396758419345e-07, 'eval_train_token_acc': 0.9447025707115241, 'eval_train_seq_acc': 0.0, 'eval_train_move_acc': 1.0, 'eval_train_mod4_acc': 1.0, 'eval_train_runtime': 0.5592, 'eval_train_samples_per_second': 1788.366, 'eval_train_steps_per_second': 28.614, 'epoch': 52.13}
{'loss': 0.0, 'learning_rate': 2.9457182495236116e-05, 'epoch': 53.19}
{'eval_eval_loss': 2.170986044802703e-05, 'eval_eval_token_acc': 0.942013925894348, 'eval_eval_seq_acc': 0.0, 'eval_eval_move_acc': 0.9995, 'eval_eval_mod4_acc': 0.9995, 'eval_eval_runtime': 1.1136, 'eval_eval_samples_per_second': 1796.042, 'eval_eval_steps_per_second': 28.737, 'epoch': 53.19}
{'eval_train_loss': 1.4303036266483105e-07, 'eval_train_token_acc': 0.9447025707115241, 'eval_train_seq_acc': 0.0, 'eval_train_move_acc': 1.0, 'eval_train_mod4_acc': 1.0, 'eval_train_runtime': 0.5578, 'eval_train_samples_per_second': 1792.913, 'eval_train_steps_per_second': 28.687, 'epoch': 53.19}
{'loss': 0.0, 'learning_rate': 2.9406578989100573e-05, 'epoch': 54.26}
{'eval_eval_loss': 2.0867406419711187e-05, 'eval_eval_token_acc': 0.942013925894348, 'eval_eval_seq_acc': 0.0, 'eval_eval_move_acc': 0.9995, 'eval_eval_mod4_acc': 0.9995, 'eval_eval_runtime': 1.114, 'eval_eval_samples_per_second': 1795.395, 'eval_eval_steps_per_second': 28.726, 'epoch': 54.26}
{'eval_train_loss': 1.213909825992232e-07, 'eval_train_token_acc': 0.9447025707115241, 'eval_train_seq_acc': 0.0, 'eval_train_move_acc': 1.0, 'eval_train_mod4_acc': 1.0, 'eval_train_runtime': 0.5596, 'eval_train_samples_per_second': 1787.125, 'eval_train_steps_per_second': 28.594, 'epoch': 54.26}
  Pushed checkpoint step-13000 to ijinyu1113/ft_mr3_70m_seed2_purenum
{'loss': 0.0, 'learning_rate': 2.9353768129770526e-05, 'epoch': 55.32}
{'eval_eval_loss': 1.8550399545347318e-05, 'eval_eval_token_acc': 0.942013925894348, 'eval_eval_seq_acc': 0.0, 'eval_eval_move_acc': 0.9995, 'eval_eval_mod4_acc': 0.9995, 'eval_eval_runtime': 1.1186, 'eval_eval_samples_per_second': 1787.933, 'eval_eval_steps_per_second': 28.607, 'epoch': 55.32}
{'eval_train_loss': 1.1230462604316926e-07, 'eval_train_token_acc': 0.9447025707115241, 'eval_train_seq_acc': 0.0, 'eval_train_move_acc': 1.0, 'eval_train_mod4_acc': 1.0, 'eval_train_runtime': 0.5584, 'eval_train_samples_per_second': 1790.706, 'eval_train_steps_per_second': 28.651, 'epoch': 55.32}
{'loss': 0.0, 'learning_rate': 2.929875800884212e-05, 'epoch': 56.38}
{'eval_eval_loss': 1.705227441561874e-05, 'eval_eval_token_acc': 0.942013925894348, 'eval_eval_seq_acc': 0.0, 'eval_eval_move_acc': 0.9995, 'eval_eval_mod4_acc': 0.9995, 'eval_eval_runtime': 1.1157, 'eval_eval_samples_per_second': 1792.592, 'eval_eval_steps_per_second': 28.681, 'epoch': 56.38}
{'eval_train_loss': 9.327572314532517e-08, 'eval_train_token_acc': 0.9447025707115241, 'eval_train_seq_acc': 0.0, 'eval_train_move_acc': 1.0, 'eval_train_mod4_acc': 1.0, 'eval_train_runtime': 0.5583, 'eval_train_samples_per_second': 1791.241, 'eval_train_steps_per_second': 28.66, 'epoch': 56.38}
{'loss': 0.0, 'learning_rate': 2.9241557054878875e-05, 'epoch': 57.45}
{'eval_eval_loss': 1.6294732631649822e-05, 'eval_eval_token_acc': 0.942013925894348, 'eval_eval_seq_acc': 0.0, 'eval_eval_move_acc': 0.9995, 'eval_eval_mod4_acc': 0.9995, 'eval_eval_runtime': 1.1156, 'eval_eval_samples_per_second': 1792.733, 'eval_eval_steps_per_second': 28.684, 'epoch': 57.45}
{'eval_train_loss': 8.315697641592124e-08, 'eval_train_token_acc': 0.9447025707115241, 'eval_train_seq_acc': 0.0, 'eval_train_move_acc': 1.0, 'eval_train_mod4_acc': 1.0, 'eval_train_runtime': 0.5577, 'eval_train_samples_per_second': 1793.216, 'eval_train_steps_per_second': 28.691, 'epoch': 57.45}
{'loss': 0.0, 'learning_rate': 2.9182174032120284e-05, 'epoch': 58.51}
{'eval_eval_loss': 1.4124011613603216e-05, 'eval_eval_token_acc': 0.942013925894348, 'eval_eval_seq_acc': 0.0, 'eval_eval_move_acc': 0.9995, 'eval_eval_mod4_acc': 0.9995, 'eval_eval_runtime': 1.1156, 'eval_eval_samples_per_second': 1792.779, 'eval_eval_steps_per_second': 28.684, 'epoch': 58.51}
{'eval_train_loss': 7.366586629586891e-08, 'eval_train_token_acc': 0.9447025707115241, 'eval_train_seq_acc': 0.0, 'eval_train_move_acc': 1.0, 'eval_train_mod4_acc': 1.0, 'eval_train_runtime': 0.5581, 'eval_train_samples_per_second': 1791.654, 'eval_train_steps_per_second': 28.666, 'epoch': 58.51}
  Pushed checkpoint step-14000 to ijinyu1113/ft_mr3_70m_seed2_purenum
{'loss': 0.0, 'learning_rate': 2.9120618039138956e-05, 'epoch': 59.57}
{'eval_eval_loss': 1.912501647893805e-05, 'eval_eval_token_acc': 0.942013925894348, 'eval_eval_seq_acc': 0.0, 'eval_eval_move_acc': 0.9995, 'eval_eval_mod4_acc': 0.9995, 'eval_eval_runtime': 1.1204, 'eval_eval_samples_per_second': 1785.038, 'eval_eval_steps_per_second': 28.561, 'epoch': 59.57}
{'eval_train_loss': 6.254893492041447e-08, 'eval_train_token_acc': 0.9447025707115241, 'eval_train_seq_acc': 0.0, 'eval_train_move_acc': 1.0, 'eval_train_mod4_acc': 1.0, 'eval_train_runtime': 0.5576, 'eval_train_samples_per_second': 1793.549, 'eval_train_steps_per_second': 28.697, 'epoch': 59.57}
{'loss': 0.0, 'learning_rate': 2.9056898507446553e-05, 'epoch': 60.64}
{'eval_eval_loss': 1.8946841009892523e-05, 'eval_eval_token_acc': 0.942013925894348, 'eval_eval_seq_acc': 0.0, 'eval_eval_move_acc': 0.9995, 'eval_eval_mod4_acc': 0.9995, 'eval_eval_runtime': 1.1154, 'eval_eval_samples_per_second': 1793.156, 'eval_eval_steps_per_second': 28.69, 'epoch': 60.64}
{'eval_train_loss': 5.6761436439956015e-08, 'eval_train_token_acc': 0.9447025707115241, 'eval_train_seq_acc': 0.0, 'eval_train_move_acc': 1.0, 'eval_train_mod4_acc': 1.0, 'eval_train_runtime': 0.5594, 'eval_train_samples_per_second': 1787.536, 'eval_train_steps_per_second': 28.601, 'epoch': 60.64}
{'loss': 0.0, 'learning_rate': 2.8991025200048707e-05, 'epoch': 61.7}
{'eval_eval_loss': 2.0221277736709453e-05, 'eval_eval_token_acc': 0.942013925894348, 'eval_eval_seq_acc': 0.0, 'eval_eval_move_acc': 0.9995, 'eval_eval_mod4_acc': 0.9995, 'eval_eval_runtime': 1.114, 'eval_eval_samples_per_second': 1795.354, 'eval_eval_steps_per_second': 28.726, 'epoch': 61.7}
{'eval_train_loss': 5.1042878368434685e-08, 'eval_train_token_acc': 0.9447025707115241, 'eval_train_seq_acc': 0.0, 'eval_train_move_acc': 1.0, 'eval_train_mod4_acc': 1.0, 'eval_train_runtime': 0.5578, 'eval_train_samples_per_second': 1792.779, 'eval_train_steps_per_second': 28.684, 'epoch': 61.7}
{'loss': 0.0, 'learning_rate': 2.892300820994915e-05, 'epoch': 62.77}
{'eval_eval_loss': 2.3159189368016087e-05, 'eval_eval_token_acc': 0.942013925894348, 'eval_eval_seq_acc': 0.0, 'eval_eval_move_acc': 0.9995, 'eval_eval_mod4_acc': 0.9995, 'eval_eval_runtime': 1.1168, 'eval_eval_samples_per_second': 1790.885, 'eval_eval_steps_per_second': 28.654, 'epoch': 62.77}
{'eval_train_loss': 4.694821242878788e-08, 'eval_train_token_acc': 0.9447025707115241, 'eval_train_seq_acc': 0.0, 'eval_train_move_acc': 1.0, 'eval_train_mod4_acc': 1.0, 'eval_train_runtime': 0.559, 'eval_train_samples_per_second': 1788.932, 'eval_train_steps_per_second': 28.623, 'epoch': 62.77}
  Pushed checkpoint step-15000 to ijinyu1113/ft_mr3_70m_seed2_purenum
{'loss': 0.0, 'learning_rate': 2.8852857958603282e-05, 'epoch': 63.83}
{'eval_eval_loss': 2.2006186554790474e-05, 'eval_eval_token_acc': 0.942013925894348, 'eval_eval_seq_acc': 0.0, 'eval_eval_move_acc': 0.9995, 'eval_eval_mod4_acc': 0.9995, 'eval_eval_runtime': 1.1163, 'eval_eval_samples_per_second': 1791.653, 'eval_eval_steps_per_second': 28.666, 'epoch': 63.83}
{'eval_train_loss': 4.316806467841161e-08, 'eval_train_token_acc': 0.9447025707115241, 'eval_train_seq_acc': 0.0, 'eval_train_move_acc': 1.0, 'eval_train_mod4_acc': 1.0, 'eval_train_runtime': 0.5583, 'eval_train_samples_per_second': 1791.25, 'eval_train_steps_per_second': 28.66, 'epoch': 63.83}
{'loss': 0.0, 'learning_rate': 2.878058519432141e-05, 'epoch': 64.89}
{'eval_eval_loss': 2.1878066036151722e-05, 'eval_eval_token_acc': 0.942013925894348, 'eval_eval_seq_acc': 0.0, 'eval_eval_move_acc': 0.9995, 'eval_eval_mod4_acc': 0.9995, 'eval_eval_runtime': 1.1184, 'eval_eval_samples_per_second': 1788.233, 'eval_eval_steps_per_second': 28.612, 'epoch': 64.89}
{'eval_train_loss': 3.932763803504713e-08, 'eval_train_token_acc': 0.9447025707115241, 'eval_train_seq_acc': 0.0, 'eval_train_move_acc': 1.0, 'eval_train_mod4_acc': 1.0, 'eval_train_runtime': 0.5586, 'eval_train_samples_per_second': 1790.125, 'eval_train_steps_per_second': 28.642, 'epoch': 64.89}
{'loss': 0.0, 'learning_rate': 2.87062009906219e-05, 'epoch': 65.96}
{'eval_eval_loss': 2.127718471456319e-05, 'eval_eval_token_acc': 0.942013925894348, 'eval_eval_seq_acc': 0.0, 'eval_eval_move_acc': 0.9995, 'eval_eval_mod4_acc': 0.9995, 'eval_eval_runtime': 1.1153, 'eval_eval_samples_per_second': 1793.222, 'eval_eval_steps_per_second': 28.692, 'epoch': 65.96}
{'eval_train_loss': 3.6565296568369376e-08, 'eval_train_token_acc': 0.9447025707115241, 'eval_train_seq_acc': 0.0, 'eval_train_move_acc': 1.0, 'eval_train_mod4_acc': 1.0, 'eval_train_runtime': 0.5581, 'eval_train_samples_per_second': 1791.663, 'eval_train_steps_per_second': 28.667, 'epoch': 65.96}
{'loss': 0.0, 'learning_rate': 2.862971674453453e-05, 'epoch': 67.02}
{'eval_eval_loss': 1.9860945030814037e-05, 'eval_eval_token_acc': 0.942013925894348, 'eval_eval_seq_acc': 0.0, 'eval_eval_move_acc': 0.9995, 'eval_eval_mod4_acc': 0.9995, 'eval_eval_runtime': 1.1162, 'eval_eval_samples_per_second': 1791.793, 'eval_eval_steps_per_second': 28.669, 'epoch': 67.02}
{'eval_train_loss': 3.430359640788083e-08, 'eval_train_token_acc': 0.9447025707115241, 'eval_train_seq_acc': 0.0, 'eval_train_move_acc': 1.0, 'eval_train_mod4_acc': 1.0, 'eval_train_runtime': 0.5593, 'eval_train_samples_per_second': 1787.949, 'eval_train_steps_per_second': 28.607, 'epoch': 67.02}
  Pushed checkpoint step-16000 to ijinyu1113/ft_mr3_70m_seed2_purenum
{'loss': 0.0, 'learning_rate': 2.8551144174854237e-05, 'epoch': 68.09}
{'eval_eval_loss': 1.844681173679419e-05, 'eval_eval_token_acc': 0.942013925894348, 'eval_eval_seq_acc': 0.0, 'eval_eval_move_acc': 0.9995, 'eval_eval_mod4_acc': 0.9995, 'eval_eval_runtime': 1.1198, 'eval_eval_samples_per_second': 1786.043, 'eval_eval_steps_per_second': 28.577, 'epoch': 68.09}
{'eval_train_loss': 3.182821828318083e-08, 'eval_train_token_acc': 0.9447025707115241, 'eval_train_seq_acc': 0.0, 'eval_train_move_acc': 1.0, 'eval_train_mod4_acc': 1.0, 'eval_train_runtime': 0.5584, 'eval_train_samples_per_second': 1790.842, 'eval_train_steps_per_second': 28.653, 'epoch': 68.09}
{'loss': 0.0, 'learning_rate': 2.8470495320345588e-05, 'epoch': 69.15}
{'eval_eval_loss': 1.6895313819986768e-05, 'eval_eval_token_acc': 0.942013925894348, 'eval_eval_seq_acc': 0.0, 'eval_eval_move_acc': 0.9995, 'eval_eval_mod4_acc': 0.9995, 'eval_eval_runtime': 1.1177, 'eval_eval_samples_per_second': 1789.448, 'eval_eval_steps_per_second': 28.631, 'epoch': 69.15}
{'eval_train_loss': 3.11967802701929e-08, 'eval_train_token_acc': 0.9447025707115241, 'eval_train_seq_acc': 0.0, 'eval_train_move_acc': 1.0, 'eval_train_mod4_acc': 1.0, 'eval_train_runtime': 0.5592, 'eval_train_samples_per_second': 1788.117, 'eval_train_steps_per_second': 28.61, 'epoch': 69.15}
{'loss': 0.0, 'learning_rate': 2.838778253789822e-05, 'epoch': 70.21}
{'eval_eval_loss': 1.4744254258403089e-05, 'eval_eval_token_acc': 0.942013925894348, 'eval_eval_seq_acc': 0.0, 'eval_eval_move_acc': 0.9995, 'eval_eval_mod4_acc': 0.9995, 'eval_eval_runtime': 1.1181, 'eval_eval_samples_per_second': 1788.703, 'eval_eval_steps_per_second': 28.619, 'epoch': 70.21}
{'eval_train_loss': 2.5774497203201463e-08, 'eval_train_token_acc': 0.9447025707115241, 'eval_train_seq_acc': 0.0, 'eval_train_move_acc': 1.0, 'eval_train_mod4_acc': 1.0, 'eval_train_runtime': 0.5583, 'eval_train_samples_per_second': 1791.035, 'eval_train_steps_per_second': 28.657, 'epoch': 70.21}
{'loss': 0.0, 'learning_rate': 2.830301850063354e-05, 'epoch': 71.28}
{'eval_eval_loss': 1.5410856576636434e-05, 'eval_eval_token_acc': 0.942013925894348, 'eval_eval_seq_acc': 0.0, 'eval_eval_move_acc': 0.9995, 'eval_eval_mod4_acc': 0.9995, 'eval_eval_runtime': 1.1195, 'eval_eval_samples_per_second': 1786.485, 'eval_eval_steps_per_second': 28.584, 'epoch': 71.28}
{'eval_train_loss': 2.335605309156108e-08, 'eval_train_token_acc': 0.9447025707115241, 'eval_train_seq_acc': 0.0, 'eval_train_move_acc': 1.0, 'eval_train_mod4_acc': 1.0, 'eval_train_runtime': 0.5596, 'eval_train_samples_per_second': 1786.943, 'eval_train_steps_per_second': 28.591, 'epoch': 71.28}
  Pushed checkpoint step-17000 to ijinyu1113/ft_mr3_70m_seed2_purenum
{'loss': 0.0, 'learning_rate': 2.8216216195962963e-05, 'epoch': 72.34}
{'eval_eval_loss': 8.684267413627822e-06, 'eval_eval_token_acc': 0.942013925894348, 'eval_eval_seq_acc': 0.0, 'eval_eval_move_acc': 0.9995, 'eval_eval_mod4_acc': 0.9995, 'eval_eval_runtime': 1.1186, 'eval_eval_samples_per_second': 1787.922, 'eval_eval_steps_per_second': 28.607, 'epoch': 72.34}
{'eval_train_loss': 2.4865807191076783e-08, 'eval_train_token_acc': 0.9447025707115241, 'eval_train_seq_acc': 0.0, 'eval_train_move_acc': 1.0, 'eval_train_mod4_acc': 1.0, 'eval_train_runtime': 0.5581, 'eval_train_samples_per_second': 1791.759, 'eval_train_steps_per_second': 28.668, 'epoch': 72.34}
{'loss': 0.0, 'learning_rate': 2.812738892359801e-05, 'epoch': 73.4}
{'eval_eval_loss': 7.471954177162843e-06, 'eval_eval_token_acc': 0.942013925894348, 'eval_eval_seq_acc': 0.0, 'eval_eval_move_acc': 0.9995, 'eval_eval_mod4_acc': 0.9995, 'eval_eval_runtime': 1.1174, 'eval_eval_samples_per_second': 1789.926, 'eval_eval_steps_per_second': 28.639, 'epoch': 73.4}
{'eval_train_loss': 2.128534681844485e-08, 'eval_train_token_acc': 0.9447025707115241, 'eval_train_seq_acc': 0.0, 'eval_train_move_acc': 1.0, 'eval_train_mod4_acc': 1.0, 'eval_train_runtime': 0.558, 'eval_train_samples_per_second': 1792.021, 'eval_train_steps_per_second': 28.672, 'epoch': 73.4}
{'loss': 0.0054, 'learning_rate': 2.8036550293512534e-05, 'epoch': 74.47}
{'eval_eval_loss': 0.00265938020311296, 'eval_eval_token_acc': 0.942013925894348, 'eval_eval_seq_acc': 0.0, 'eval_eval_move_acc': 0.949, 'eval_eval_mod4_acc': 0.9585858585858585, 'eval_eval_runtime': 1.1162, 'eval_eval_samples_per_second': 1791.794, 'eval_eval_steps_per_second': 28.669, 'epoch': 74.47}
{'eval_train_loss': 0.0017295045545324683, 'eval_train_token_acc': 0.9447025707115241, 'eval_train_seq_acc': 0.0, 'eval_train_move_acc': 0.962, 'eval_train_mod4_acc': 0.9717171717171718, 'eval_train_runtime': 0.5594, 'eval_train_samples_per_second': 1787.707, 'eval_train_steps_per_second': 28.603, 'epoch': 74.47}
{'loss': 0.0003, 'learning_rate': 2.7943714223857438e-05, 'epoch': 75.53}
{'eval_eval_loss': 1.2423597581801005e-05, 'eval_eval_token_acc': 0.942013925894348, 'eval_eval_seq_acc': 0.0, 'eval_eval_move_acc': 1.0, 'eval_eval_mod4_acc': 1.0, 'eval_eval_runtime': 1.1155, 'eval_eval_samples_per_second': 1792.909, 'eval_eval_steps_per_second': 28.687, 'epoch': 75.53}
{'eval_train_loss': 5.343882094166474e-06, 'eval_train_token_acc': 0.9447025707115241, 'eval_train_seq_acc': 0.0, 'eval_train_move_acc': 1.0, 'eval_train_mod4_acc': 1.0, 'eval_train_runtime': 0.5588, 'eval_train_samples_per_second': 1789.499, 'eval_train_steps_per_second': 28.632, 'epoch': 75.53}
  Pushed checkpoint step-18000 to ijinyu1113/ft_mr3_70m_seed2_purenum
{'loss': 0.0, 'learning_rate': 2.7848894938828134e-05, 'epoch': 76.6}
{'eval_eval_loss': 3.954163275921019e-06, 'eval_eval_token_acc': 0.942013925894348, 'eval_eval_seq_acc': 0.0, 'eval_eval_move_acc': 1.0, 'eval_eval_mod4_acc': 1.0, 'eval_eval_runtime': 1.1195, 'eval_eval_samples_per_second': 1786.443, 'eval_eval_steps_per_second': 28.583, 'epoch': 76.6}
{'eval_train_loss': 1.809744276215497e-06, 'eval_train_token_acc': 0.9447025707115241, 'eval_train_seq_acc': 0.0, 'eval_train_move_acc': 1.0, 'eval_train_mod4_acc': 1.0, 'eval_train_runtime': 0.5585, 'eval_train_samples_per_second': 1790.583, 'eval_train_steps_per_second': 28.649, 'epoch': 76.6}
{'loss': 0.0, 'learning_rate': 2.7752106966485177e-05, 'epoch': 77.66}
{'eval_eval_loss': 2.293395255037467e-06, 'eval_eval_token_acc': 0.942013925894348, 'eval_eval_seq_acc': 0.0, 'eval_eval_move_acc': 1.0, 'eval_eval_mod4_acc': 1.0, 'eval_eval_runtime': 1.1156, 'eval_eval_samples_per_second': 1792.74, 'eval_eval_steps_per_second': 28.684, 'epoch': 77.66}
{'eval_train_loss': 1.0472911071701674e-06, 'eval_train_token_acc': 0.9447025707115241, 'eval_train_seq_acc': 0.0, 'eval_train_move_acc': 1.0, 'eval_train_mod4_acc': 1.0, 'eval_train_runtime': 0.5601, 'eval_train_samples_per_second': 1785.448, 'eval_train_steps_per_second': 28.567, 'epoch': 77.66}
{'loss': 0.0, 'learning_rate': 2.7653365136528246e-05, 'epoch': 78.72}
{'eval_eval_loss': 1.5592221416227403e-06, 'eval_eval_token_acc': 0.942013925894348, 'eval_eval_seq_acc': 0.0, 'eval_eval_move_acc': 1.0, 'eval_eval_mod4_acc': 1.0, 'eval_eval_runtime': 1.1179, 'eval_eval_samples_per_second': 1789.078, 'eval_eval_steps_per_second': 28.625, 'epoch': 78.72}
{'eval_train_loss': 7.275829716490989e-07, 'eval_train_token_acc': 0.9447025707115241, 'eval_train_seq_acc': 0.0, 'eval_train_move_acc': 1.0, 'eval_train_mod4_acc': 1.0, 'eval_train_runtime': 0.5579, 'eval_train_samples_per_second': 1792.496, 'eval_train_steps_per_second': 28.68, 'epoch': 78.72}
{'loss': 0.0, 'learning_rate': 2.7552684578024e-05, 'epoch': 79.79}
{'eval_eval_loss': 1.1323643320793053e-06, 'eval_eval_token_acc': 0.942013925894348, 'eval_eval_seq_acc': 0.0, 'eval_eval_move_acc': 1.0, 'eval_eval_mod4_acc': 1.0, 'eval_eval_runtime': 1.1143, 'eval_eval_samples_per_second': 1794.796, 'eval_eval_steps_per_second': 28.717, 'epoch': 79.79}
{'eval_train_loss': 5.169767973711714e-07, 'eval_train_token_acc': 0.9447025707115241, 'eval_train_seq_acc': 0.0, 'eval_train_move_acc': 1.0, 'eval_train_mod4_acc': 1.0, 'eval_train_runtime': 0.5576, 'eval_train_samples_per_second': 1793.474, 'eval_train_steps_per_second': 28.696, 'epoch': 79.79}
  Pushed checkpoint step-19000 to ijinyu1113/ft_mr3_70m_seed2_purenum
{'loss': 0.0, 'learning_rate': 2.7450080717087995e-05, 'epoch': 80.85}
{'eval_eval_loss': 8.603794299233414e-07, 'eval_eval_token_acc': 0.942013925894348, 'eval_eval_seq_acc': 0.0, 'eval_eval_move_acc': 1.0, 'eval_eval_mod4_acc': 1.0, 'eval_eval_runtime': 1.1159, 'eval_eval_samples_per_second': 1792.346, 'eval_eval_steps_per_second': 28.678, 'epoch': 80.85}
{'eval_train_loss': 3.94170967865648e-07, 'eval_train_token_acc': 0.9447025707115241, 'eval_train_seq_acc': 0.0, 'eval_train_move_acc': 1.0, 'eval_train_mod4_acc': 1.0, 'eval_train_runtime': 0.5576, 'eval_train_samples_per_second': 1793.54, 'eval_train_steps_per_second': 28.697, 'epoch': 80.85}
{'loss': 0.0, 'learning_rate': 2.7345569274521162e-05, 'epoch': 81.91}
{'eval_eval_loss': 6.770299592062656e-07, 'eval_eval_token_acc': 0.942013925894348, 'eval_eval_seq_acc': 0.0, 'eval_eval_move_acc': 1.0, 'eval_eval_mod4_acc': 1.0, 'eval_eval_runtime': 1.1169, 'eval_eval_samples_per_second': 1790.631, 'eval_eval_steps_per_second': 28.65, 'epoch': 81.91}
{'eval_train_loss': 3.1305663128478045e-07, 'eval_train_token_acc': 0.9447025707115241, 'eval_train_seq_acc': 0.0, 'eval_train_move_acc': 1.0, 'eval_train_mod4_acc': 1.0, 'eval_train_runtime': 0.56, 'eval_train_samples_per_second': 1785.814, 'eval_train_steps_per_second': 28.573, 'epoch': 81.91}
{'loss': 0.0, 'learning_rate': 2.7239166263401055e-05, 'epoch': 82.98}
{'eval_eval_loss': 5.480915774569439e-07, 'eval_eval_token_acc': 0.942013925894348, 'eval_eval_seq_acc': 0.0, 'eval_eval_move_acc': 1.0, 'eval_eval_mod4_acc': 1.0, 'eval_eval_runtime': 1.1183, 'eval_eval_samples_per_second': 1788.432, 'eval_eval_steps_per_second': 28.615, 'epoch': 82.98}
{'eval_train_loss': 2.5259535618715745e-07, 'eval_train_token_acc': 0.9447025707115241, 'eval_train_seq_acc': 0.0, 'eval_train_move_acc': 1.0, 'eval_train_mod4_acc': 1.0, 'eval_train_runtime': 0.5593, 'eval_train_samples_per_second': 1787.907, 'eval_train_steps_per_second': 28.607, 'epoch': 82.98}
{'loss': 0.0, 'learning_rate': 2.7130887986628354e-05, 'epoch': 84.04}
{'eval_eval_loss': 4.5738482867818675e-07, 'eval_eval_token_acc': 0.942013925894348, 'eval_eval_seq_acc': 0.0, 'eval_eval_move_acc': 1.0, 'eval_eval_mod4_acc': 1.0, 'eval_eval_runtime': 1.1181, 'eval_eval_samples_per_second': 1788.757, 'eval_eval_steps_per_second': 28.62, 'epoch': 84.04}
{'eval_train_loss': 2.0889949325919588e-07, 'eval_train_token_acc': 0.9447025707115241, 'eval_train_seq_acc': 0.0, 'eval_train_move_acc': 1.0, 'eval_train_mod4_acc': 1.0, 'eval_train_runtime': 0.5587, 'eval_train_samples_per_second': 1789.936, 'eval_train_steps_per_second': 28.639, 'epoch': 84.04}
  Pushed checkpoint step-20000 to ijinyu1113/ft_mr3_70m_seed2_purenum
{'loss': 0.0, 'learning_rate': 2.7020751034428975e-05, 'epoch': 85.11}
{'eval_eval_loss': 3.767456178138673e-07, 'eval_eval_token_acc': 0.942013925894348, 'eval_eval_seq_acc': 0.0, 'eval_eval_move_acc': 1.0, 'eval_eval_mod4_acc': 1.0, 'eval_eval_runtime': 1.1164, 'eval_eval_samples_per_second': 1791.47, 'eval_eval_steps_per_second': 28.664, 'epoch': 85.11}
{'eval_train_loss': 1.7280834185839922e-07, 'eval_train_token_acc': 0.9447025707115241, 'eval_train_seq_acc': 0.0, 'eval_train_move_acc': 1.0, 'eval_train_mod4_acc': 1.0, 'eval_train_runtime': 0.5597, 'eval_train_samples_per_second': 1786.71, 'eval_train_steps_per_second': 28.587, 'epoch': 85.11}
{'loss': 0.0, 'learning_rate': 2.690877228181215e-05, 'epoch': 86.17}
{'eval_eval_loss': 3.1652970733375696e-07, 'eval_eval_token_acc': 0.942013925894348, 'eval_eval_seq_acc': 0.0, 'eval_eval_move_acc': 1.0, 'eval_eval_mod4_acc': 1.0, 'eval_eval_runtime': 1.1183, 'eval_eval_samples_per_second': 1788.415, 'eval_eval_steps_per_second': 28.615, 'epoch': 86.17}
{'eval_train_loss': 1.44800097245934e-07, 'eval_train_token_acc': 0.9447025707115241, 'eval_train_seq_acc': 0.0, 'eval_train_move_acc': 1.0, 'eval_train_mod4_acc': 1.0, 'eval_train_runtime': 0.5594, 'eval_train_samples_per_second': 1787.75, 'eval_train_steps_per_second': 28.604, 'epoch': 86.17}
{'loss': 0.0, 'learning_rate': 2.6794968885984824e-05, 'epoch': 87.23}
{'eval_eval_loss': 2.6564049449007143e-07, 'eval_eval_token_acc': 0.942013925894348, 'eval_eval_seq_acc': 0.0, 'eval_eval_move_acc': 1.0, 'eval_eval_mod4_acc': 1.0, 'eval_eval_runtime': 1.1165, 'eval_eval_samples_per_second': 1791.357, 'eval_eval_steps_per_second': 28.662, 'epoch': 87.23}
{'eval_train_loss': 1.2065194709975913e-07, 'eval_train_token_acc': 0.9447025707115241, 'eval_train_seq_acc': 0.0, 'eval_train_move_acc': 1.0, 'eval_train_mod4_acc': 1.0, 'eval_train_runtime': 0.5607, 'eval_train_samples_per_second': 1783.55, 'eval_train_steps_per_second': 28.537, 'epoch': 87.23}
{'loss': 0.0, 'learning_rate': 2.6679358283722907e-05, 'epoch': 88.3}
{'eval_eval_loss': 2.2670478472264222e-07, 'eval_eval_token_acc': 0.942013925894348, 'eval_eval_seq_acc': 0.0, 'eval_eval_move_acc': 1.0, 'eval_eval_mod4_acc': 1.0, 'eval_eval_runtime': 1.1202, 'eval_eval_samples_per_second': 1785.473, 'eval_eval_steps_per_second': 28.568, 'epoch': 88.3}
{'eval_train_loss': 1.0143863704570322e-07, 'eval_train_token_acc': 0.9447025707115241, 'eval_train_seq_acc': 0.0, 'eval_train_move_acc': 1.0, 'eval_train_mod4_acc': 1.0, 'eval_train_runtime': 0.5602, 'eval_train_samples_per_second': 1785.232, 'eval_train_steps_per_second': 28.564, 'epoch': 88.3}
  Pushed checkpoint step-21000 to ijinyu1113/ft_mr3_70m_seed2_purenum
{'loss': 0.0, 'learning_rate': 2.6561958188699604e-05, 'epoch': 89.36}
{'eval_eval_loss': 1.9239702453432983e-07, 'eval_eval_token_acc': 0.942013925894348, 'eval_eval_seq_acc': 0.0, 'eval_eval_move_acc': 1.0, 'eval_eval_mod4_acc': 1.0, 'eval_eval_runtime': 1.1208, 'eval_eval_samples_per_second': 1784.435, 'eval_eval_steps_per_second': 28.551, 'epoch': 89.36}
{'eval_train_loss': 8.601533352248225e-08, 'eval_train_token_acc': 0.9447025707115241, 'eval_train_seq_acc': 0.0, 'eval_train_move_acc': 1.0, 'eval_train_mod4_acc': 1.0, 'eval_train_runtime': 0.559, 'eval_train_samples_per_second': 1788.974, 'eval_train_steps_per_second': 28.624, 'epoch': 89.36}
{'loss': 0.0, 'learning_rate': 2.644278658877136e-05, 'epoch': 90.43}
{'eval_eval_loss': 1.649212180154791e-07, 'eval_eval_token_acc': 0.942013925894348, 'eval_eval_seq_acc': 0.0, 'eval_eval_move_acc': 1.0, 'eval_eval_mod4_acc': 1.0, 'eval_eval_runtime': 1.1196, 'eval_eval_samples_per_second': 1786.41, 'eval_eval_steps_per_second': 28.583, 'epoch': 90.43}
{'eval_train_loss': 7.277697733343302e-08, 'eval_train_token_acc': 0.9447025707115241, 'eval_train_seq_acc': 0.0, 'eval_train_move_acc': 1.0, 'eval_train_mod4_acc': 1.0, 'eval_train_runtime': 0.561, 'eval_train_samples_per_second': 1782.554, 'eval_train_steps_per_second': 28.521, 'epoch': 90.43}
{'loss': 0.0, 'learning_rate': 2.63218617432218e-05, 'epoch': 91.49}
{'eval_eval_loss': 1.4077807009016396e-07, 'eval_eval_token_acc': 0.942013925894348, 'eval_eval_seq_acc': 0.0, 'eval_eval_move_acc': 1.0, 'eval_eval_mod4_acc': 1.0, 'eval_eval_runtime': 1.1169, 'eval_eval_samples_per_second': 1790.603, 'eval_eval_steps_per_second': 28.65, 'epoch': 91.49}
{'eval_train_loss': 6.226086668448261e-08, 'eval_train_token_acc': 0.9447025707115241, 'eval_train_seq_acc': 0.0, 'eval_train_move_acc': 1.0, 'eval_train_mod4_acc': 1.0, 'eval_train_runtime': 0.5602, 'eval_train_samples_per_second': 1785.031, 'eval_train_steps_per_second': 28.561, 'epoch': 91.49}
{'loss': 0.0, 'learning_rate': 2.6199202179964063e-05, 'epoch': 92.55}
{'eval_eval_loss': 1.2126264437029022e-07, 'eval_eval_token_acc': 0.942013925894348, 'eval_eval_seq_acc': 0.0, 'eval_eval_move_acc': 1.0, 'eval_eval_mod4_acc': 1.0, 'eval_eval_runtime': 1.1182, 'eval_eval_samples_per_second': 1788.655, 'eval_eval_steps_per_second': 28.618, 'epoch': 92.55}
{'eval_train_loss': 5.282887372004552e-08, 'eval_train_token_acc': 0.9447025707115241, 'eval_train_seq_acc': 0.0, 'eval_train_move_acc': 1.0, 'eval_train_mod4_acc': 1.0, 'eval_train_runtime': 0.5604, 'eval_train_samples_per_second': 1784.539, 'eval_train_steps_per_second': 28.553, 'epoch': 92.55}
  Pushed checkpoint step-22000 to ijinyu1113/ft_mr3_70m_seed2_purenum
{'loss': 0.0, 'learning_rate': 2.6074826692701983e-05, 'epoch': 93.62}
{'eval_eval_loss': 1.0184776755295388e-07, 'eval_eval_token_acc': 0.942013925894348, 'eval_eval_seq_acc': 0.0, 'eval_eval_move_acc': 1.0, 'eval_eval_mod4_acc': 1.0, 'eval_eval_runtime': 1.1191, 'eval_eval_samples_per_second': 1787.175, 'eval_eval_steps_per_second': 28.595, 'epoch': 93.62}
{'eval_train_loss': 4.542233966731146e-08, 'eval_train_token_acc': 0.9447025707115241, 'eval_train_seq_acc': 0.0, 'eval_train_move_acc': 1.0, 'eval_train_mod4_acc': 1.0, 'eval_train_runtime': 0.559, 'eval_train_samples_per_second': 1788.764, 'eval_train_steps_per_second': 28.62, 'epoch': 93.62}
{'loss': 0.0, 'learning_rate': 2.594875433805055e-05, 'epoch': 94.68}
{'eval_eval_loss': 8.787110061803105e-08, 'eval_eval_token_acc': 0.942013925894348, 'eval_eval_seq_acc': 0.0, 'eval_eval_move_acc': 1.0, 'eval_eval_mod4_acc': 1.0, 'eval_eval_runtime': 1.121, 'eval_eval_samples_per_second': 1784.147, 'eval_eval_steps_per_second': 28.546, 'epoch': 94.68}
{'eval_train_loss': 3.935732095783351e-08, 'eval_train_token_acc': 0.9447025707115241, 'eval_train_seq_acc': 0.0, 'eval_train_move_acc': 1.0, 'eval_train_mod4_acc': 1.0, 'eval_train_runtime': 0.562, 'eval_train_samples_per_second': 1779.434, 'eval_train_steps_per_second': 28.471, 'epoch': 94.68}
{'loss': 0.0, 'learning_rate': 2.5821004432616087e-05, 'epoch': 95.74}
{'eval_eval_loss': 7.53264330910497e-08, 'eval_eval_token_acc': 0.942013925894348, 'eval_eval_seq_acc': 0.0, 'eval_eval_move_acc': 1.0, 'eval_eval_mod4_acc': 1.0, 'eval_eval_runtime': 1.1195, 'eval_eval_samples_per_second': 1786.582, 'eval_eval_steps_per_second': 28.585, 'epoch': 95.74}
{'eval_train_loss': 3.335600240461645e-08, 'eval_train_token_acc': 0.9447025707115241, 'eval_train_seq_acc': 0.0, 'eval_train_move_acc': 1.0, 'eval_train_mod4_acc': 1.0, 'eval_train_runtime': 0.5602, 'eval_train_samples_per_second': 1785.018, 'eval_train_steps_per_second': 28.56, 'epoch': 95.74}
{'loss': 0.0, 'learning_rate': 2.5691596550036588e-05, 'epoch': 96.81}
{'eval_eval_loss': 6.481543124436939e-08, 'eval_eval_token_acc': 0.942013925894348, 'eval_eval_seq_acc': 0.0, 'eval_eval_move_acc': 1.0, 'eval_eval_mod4_acc': 1.0, 'eval_eval_runtime': 1.1178, 'eval_eval_samples_per_second': 1789.302, 'eval_eval_steps_per_second': 28.629, 'epoch': 96.81}
{'eval_train_loss': 2.8928820228202312e-08, 'eval_train_token_acc': 0.9447025707115241, 'eval_train_seq_acc': 0.0, 'eval_train_move_acc': 1.0, 'eval_train_mod4_acc': 1.0, 'eval_train_runtime': 0.5586, 'eval_train_samples_per_second': 1790.28, 'eval_train_steps_per_second': 28.644, 'epoch': 96.81}
  Pushed checkpoint step-23000 to ijinyu1113/ft_mr3_70m_seed2_purenum
{'loss': 0.0, 'learning_rate': 2.5560550517982677e-05, 'epoch': 97.87}
{'eval_eval_loss': 5.547888548562696e-08, 'eval_eval_token_acc': 0.942013925894348, 'eval_eval_seq_acc': 0.0, 'eval_eval_move_acc': 1.0, 'eval_eval_mod4_acc': 1.0, 'eval_eval_runtime': 1.1163, 'eval_eval_samples_per_second': 1791.612, 'eval_eval_steps_per_second': 28.666, 'epoch': 97.87}
{'eval_train_loss': 2.468259552301788e-08, 'eval_train_token_acc': 0.9447025707115241, 'eval_train_seq_acc': 0.0, 'eval_train_move_acc': 1.0, 'eval_train_mod4_acc': 1.0, 'eval_train_runtime': 0.558, 'eval_train_samples_per_second': 1792.252, 'eval_train_steps_per_second': 28.676, 'epoch': 97.87}
{'loss': 0.0, 'learning_rate': 2.5427886415119635e-05, 'epoch': 98.94}
{'eval_eval_loss': 4.758098981483272e-08, 'eval_eval_token_acc': 0.942013925894348, 'eval_eval_seq_acc': 0.0, 'eval_eval_move_acc': 1.0, 'eval_eval_mod4_acc': 1.0, 'eval_eval_runtime': 1.1202, 'eval_eval_samples_per_second': 1785.32, 'eval_eval_steps_per_second': 28.565, 'epoch': 98.94}
{'eval_train_loss': 2.116423480913454e-08, 'eval_train_token_acc': 0.9447025707115241, 'eval_train_seq_acc': 0.0, 'eval_train_move_acc': 1.0, 'eval_train_mod4_acc': 1.0, 'eval_train_runtime': 0.56, 'eval_train_samples_per_second': 1785.74, 'eval_train_steps_per_second': 28.572, 'epoch': 98.94}
{'loss': 0.0, 'learning_rate': 2.5293624568031008e-05, 'epoch': 100.0}
{'eval_eval_loss': 4.052780866459216e-08, 'eval_eval_token_acc': 0.942013925894348, 'eval_eval_seq_acc': 0.0, 'eval_eval_move_acc': 1.0, 'eval_eval_mod4_acc': 1.0, 'eval_eval_runtime': 1.1233, 'eval_eval_samples_per_second': 1780.47, 'eval_eval_steps_per_second': 28.488, 'epoch': 100.0}
{'eval_train_loss': 1.8274574742349614e-08, 'eval_train_token_acc': 0.9447025707115241, 'eval_train_seq_acc': 0.0, 'eval_train_move_acc': 1.0, 'eval_train_mod4_acc': 1.0, 'eval_train_runtime': 0.5612, 'eval_train_samples_per_second': 1781.933, 'eval_train_steps_per_second': 28.511, 'epoch': 100.0}
{'loss': 0.0, 'learning_rate': 2.515778554810415e-05, 'epoch': 101.06}
{'eval_eval_loss': 3.4287477745920114e-08, 'eval_eval_token_acc': 0.942013925894348, 'eval_eval_seq_acc': 0.0, 'eval_eval_move_acc': 1.0, 'eval_eval_mod4_acc': 1.0, 'eval_eval_runtime': 1.1175, 'eval_eval_samples_per_second': 1789.684, 'eval_eval_steps_per_second': 28.635, 'epoch': 101.06}
{'eval_train_loss': 1.5724406665640345e-08, 'eval_train_token_acc': 0.9447025707115241, 'eval_train_seq_acc': 0.0, 'eval_train_move_acc': 1.0, 'eval_train_mod4_acc': 1.0, 'eval_train_runtime': 0.5623, 'eval_train_samples_per_second': 1778.468, 'eval_train_steps_per_second': 28.455, 'epoch': 101.06}
  Pushed checkpoint step-24000 to ijinyu1113/ft_mr3_70m_seed2_purenum
{'loss': 0.0, 'learning_rate': 2.5020390168378374e-05, 'epoch': 102.13}
{'eval_eval_loss': 2.943606780547725e-08, 'eval_eval_token_acc': 0.942013925894348, 'eval_eval_seq_acc': 0.0, 'eval_eval_move_acc': 1.0, 'eval_eval_mod4_acc': 1.0, 'eval_eval_runtime': 1.1164, 'eval_eval_samples_per_second': 1791.449, 'eval_eval_steps_per_second': 28.663, 'epoch': 102.13}
{'eval_train_loss': 1.3559108502647632e-08, 'eval_train_token_acc': 0.9447025707115241, 'eval_train_seq_acc': 0.0, 'eval_train_move_acc': 1.0, 'eval_train_mod4_acc': 1.0, 'eval_train_runtime': 0.559, 'eval_train_samples_per_second': 1789.064, 'eval_train_steps_per_second': 28.625, 'epoch': 102.13}
{'loss': 0.0, 'learning_rate': 2.4881459480355942e-05, 'epoch': 103.19}
{'eval_eval_loss': 2.5275955550796425e-08, 'eval_eval_token_acc': 0.942013925894348, 'eval_eval_seq_acc': 0.0, 'eval_eval_move_acc': 1.0, 'eval_eval_mod4_acc': 1.0, 'eval_eval_runtime': 1.13, 'eval_eval_samples_per_second': 1769.863, 'eval_eval_steps_per_second': 28.318, 'epoch': 103.19}
{'eval_train_loss': 1.2013351202710965e-08, 'eval_train_token_acc': 0.9447025707115241, 'eval_train_seq_acc': 0.0, 'eval_train_move_acc': 1.0, 'eval_train_mod4_acc': 1.0, 'eval_train_runtime': 0.5611, 'eval_train_samples_per_second': 1782.369, 'eval_train_steps_per_second': 28.518, 'epoch': 103.19}
{'loss': 0.0, 'learning_rate': 2.4741014770776632e-05, 'epoch': 104.26}
{'eval_eval_loss': 2.2254734943771837e-08, 'eval_eval_token_acc': 0.942013925894348, 'eval_eval_seq_acc': 0.0, 'eval_eval_move_acc': 1.0, 'eval_eval_mod4_acc': 1.0, 'eval_eval_runtime': 1.1179, 'eval_eval_samples_per_second': 1789.048, 'eval_eval_steps_per_second': 28.625, 'epoch': 104.26}
{'eval_train_loss': 1.1008183697924778e-08, 'eval_train_token_acc': 0.9447025707115241, 'eval_train_seq_acc': 0.0, 'eval_train_move_acc': 1.0, 'eval_train_mod4_acc': 1.0, 'eval_train_runtime': 0.5603, 'eval_train_samples_per_second': 1784.819, 'eval_train_steps_per_second': 28.557, 'epoch': 104.26}
{'loss': 0.0, 'learning_rate': 2.4599077558356208e-05, 'epoch': 105.32}
{'eval_eval_loss': 2.1191706167655866e-08, 'eval_eval_token_acc': 0.942013925894348, 'eval_eval_seq_acc': 0.0, 'eval_eval_move_acc': 1.0, 'eval_eval_mod4_acc': 1.0, 'eval_eval_runtime': 1.1212, 'eval_eval_samples_per_second': 1783.859, 'eval_eval_steps_per_second': 28.542, 'epoch': 105.32}
{'eval_train_loss': 1.1620486795038687e-08, 'eval_train_token_acc': 0.9447025707115241, 'eval_train_seq_acc': 0.0, 'eval_train_move_acc': 1.0, 'eval_train_mod4_acc': 1.0, 'eval_train_runtime': 0.565, 'eval_train_samples_per_second': 1769.905, 'eval_train_steps_per_second': 28.318, 'epoch': 105.32}
  Pushed checkpoint step-25000 to ijinyu1113/ft_mr3_70m_seed2_purenum
{'loss': 0.0, 'learning_rate': 2.445566959048934e-05, 'epoch': 106.38}
{'eval_eval_loss': 2.1428506968845795e-08, 'eval_eval_token_acc': 0.942013925894348, 'eval_eval_seq_acc': 0.0, 'eval_eval_move_acc': 1.0, 'eval_eval_mod4_acc': 1.0, 'eval_eval_runtime': 1.1183, 'eval_eval_samples_per_second': 1788.49, 'eval_eval_steps_per_second': 28.616, 'epoch': 106.38}
{'eval_train_loss': 1.2774219015909694e-08, 'eval_train_token_acc': 0.9447025707115241, 'eval_train_seq_acc': 0.0, 'eval_train_move_acc': 1.0, 'eval_train_mod4_acc': 1.0, 'eval_train_runtime': 0.5601, 'eval_train_samples_per_second': 1785.362, 'eval_train_steps_per_second': 28.566, 'epoch': 106.38}
{'loss': 0.0, 'learning_rate': 2.4310812839917536e-05, 'epoch': 107.45}
{'eval_eval_loss': 2.6082558335360773e-08, 'eval_eval_token_acc': 0.942013925894348, 'eval_eval_seq_acc': 0.0, 'eval_eval_move_acc': 1.0, 'eval_eval_mod4_acc': 1.0, 'eval_eval_runtime': 1.1169, 'eval_eval_samples_per_second': 1790.639, 'eval_eval_steps_per_second': 28.65, 'epoch': 107.45}
{'eval_train_loss': 1.685305939247428e-08, 'eval_train_token_acc': 0.9447025707115241, 'eval_train_seq_acc': 0.0, 'eval_train_move_acc': 1.0, 'eval_train_mod4_acc': 1.0, 'eval_train_runtime': 0.5594, 'eval_train_samples_per_second': 1787.476, 'eval_train_steps_per_second': 28.6, 'epoch': 107.45}
{'loss': 0.0, 'learning_rate': 2.416452950136248e-05, 'epoch': 108.51}
{'eval_eval_loss': 3.1556311341773835e-08, 'eval_eval_token_acc': 0.942013925894348, 'eval_eval_seq_acc': 0.0, 'eval_eval_move_acc': 1.0, 'eval_eval_mod4_acc': 1.0, 'eval_eval_runtime': 1.1175, 'eval_eval_samples_per_second': 1789.715, 'eval_eval_steps_per_second': 28.635, 'epoch': 108.51}
{'eval_train_loss': 2.43020661372384e-08, 'eval_train_token_acc': 0.9447025707115241, 'eval_train_seq_acc': 0.0, 'eval_train_move_acc': 1.0, 'eval_train_mod4_acc': 1.0, 'eval_train_runtime': 0.5593, 'eval_train_samples_per_second': 1788.103, 'eval_train_steps_per_second': 28.61, 'epoch': 108.51}
{'loss': 0.0006, 'learning_rate': 2.401684198812541e-05, 'epoch': 109.57}
{'eval_eval_loss': 0.01597575470805168, 'eval_eval_token_acc': 0.942013925894348, 'eval_eval_seq_acc': 0.0, 'eval_eval_move_acc': 0.7485, 'eval_eval_mod4_acc': 0.7736434108527132, 'eval_eval_runtime': 1.1187, 'eval_eval_samples_per_second': 1787.754, 'eval_eval_steps_per_second': 28.604, 'epoch': 109.57}
{'eval_train_loss': 0.013149112462997437, 'eval_train_token_acc': 0.9447025707115241, 'eval_train_seq_acc': 0.0, 'eval_train_move_acc': 0.768, 'eval_train_mod4_acc': 0.7975077881619937, 'eval_train_runtime': 0.5622, 'eval_train_samples_per_second': 1778.584, 'eval_train_steps_per_second': 28.457, 'epoch': 109.57}
  Pushed checkpoint step-26000 to ijinyu1113/ft_mr3_70m_seed2_purenum
{'loss': 0.001, 'learning_rate': 2.386777292865297e-05, 'epoch': 110.64}
{'eval_eval_loss': 8.254086424130946e-06, 'eval_eval_token_acc': 0.942013925894348, 'eval_eval_seq_acc': 0.0, 'eval_eval_move_acc': 1.0, 'eval_eval_mod4_acc': 1.0, 'eval_eval_runtime': 1.1188, 'eval_eval_samples_per_second': 1787.69, 'eval_eval_steps_per_second': 28.603, 'epoch': 110.64}
{'eval_train_loss': 4.568034000840271e-06, 'eval_train_token_acc': 0.9447025707115241, 'eval_train_seq_acc': 0.0, 'eval_train_move_acc': 1.0, 'eval_train_mod4_acc': 1.0, 'eval_train_runtime': 0.5585, 'eval_train_samples_per_second': 1790.548, 'eval_train_steps_per_second': 28.649, 'epoch': 110.64}
{'loss': 0.0, 'learning_rate': 2.371734516307015e-05, 'epoch': 111.7}
{'eval_eval_loss': 3.1502099773206282e-06, 'eval_eval_token_acc': 0.942013925894348, 'eval_eval_seq_acc': 0.0, 'eval_eval_move_acc': 1.0, 'eval_eval_mod4_acc': 1.0, 'eval_eval_runtime': 1.1177, 'eval_eval_samples_per_second': 1789.448, 'eval_eval_steps_per_second': 28.631, 'epoch': 111.7}
{'eval_train_loss': 1.5580042145302286e-06, 'eval_train_token_acc': 0.9447025707115241, 'eval_train_seq_acc': 0.0, 'eval_train_move_acc': 1.0, 'eval_train_mod4_acc': 1.0, 'eval_train_runtime': 0.561, 'eval_train_samples_per_second': 1782.548, 'eval_train_steps_per_second': 28.521, 'epoch': 111.7}
{'loss': 0.0, 'learning_rate': 2.3565581739680718e-05, 'epoch': 112.77}
{'eval_eval_loss': 1.904133000607544e-06, 'eval_eval_token_acc': 0.942013925894348, 'eval_eval_seq_acc': 0.0, 'eval_eval_move_acc': 1.0, 'eval_eval_mod4_acc': 1.0, 'eval_eval_runtime': 1.1188, 'eval_eval_samples_per_second': 1787.583, 'eval_eval_steps_per_second': 28.601, 'epoch': 112.77}
{'eval_train_loss': 8.822869972391345e-07, 'eval_train_token_acc': 0.9447025707115241, 'eval_train_seq_acc': 0.0, 'eval_train_move_acc': 1.0, 'eval_train_mod4_acc': 1.0, 'eval_train_runtime': 0.5606, 'eval_train_samples_per_second': 1783.776, 'eval_train_steps_per_second': 28.54, 'epoch': 112.77}
{'loss': 0.0, 'learning_rate': 2.3412505911435827e-05, 'epoch': 113.83}
{'eval_eval_loss': 1.3040399835517746e-06, 'eval_eval_token_acc': 0.942013925894348, 'eval_eval_seq_acc': 0.0, 'eval_eval_move_acc': 1.0, 'eval_eval_mod4_acc': 1.0, 'eval_eval_runtime': 1.1216, 'eval_eval_samples_per_second': 1783.246, 'eval_eval_steps_per_second': 28.532, 'epoch': 113.83}
{'eval_train_loss': 5.780245260211814e-07, 'eval_train_token_acc': 0.9447025707115241, 'eval_train_seq_acc': 0.0, 'eval_train_move_acc': 1.0, 'eval_train_mod4_acc': 1.0, 'eval_train_runtime': 0.5616, 'eval_train_samples_per_second': 1780.581, 'eval_train_steps_per_second': 28.489, 'epoch': 113.83}
  Pushed checkpoint step-27000 to ijinyu1113/ft_mr3_70m_seed2_purenum
{'loss': 0.0, 'learning_rate': 2.3258141132371215e-05, 'epoch': 114.89}
{'eval_eval_loss': 9.720647540234495e-07, 'eval_eval_token_acc': 0.942013925894348, 'eval_eval_seq_acc': 0.0, 'eval_eval_move_acc': 1.0, 'eval_eval_mod4_acc': 1.0, 'eval_eval_runtime': 1.1196, 'eval_eval_samples_per_second': 1786.304, 'eval_eval_steps_per_second': 28.581, 'epoch': 114.89}
{'eval_train_loss': 4.2623921103768225e-07, 'eval_train_token_acc': 0.9447025707115241, 'eval_train_seq_acc': 0.0, 'eval_train_move_acc': 1.0, 'eval_train_mod4_acc': 1.0, 'eval_train_runtime': 0.5593, 'eval_train_samples_per_second': 1787.834, 'eval_train_steps_per_second': 28.605, 'epoch': 114.89}
{'loss': 0.0, 'learning_rate': 2.3102511054013615e-05, 'epoch': 115.96}
{'eval_eval_loss': 7.631908829353051e-07, 'eval_eval_token_acc': 0.942013925894348, 'eval_eval_seq_acc': 0.0, 'eval_eval_move_acc': 1.0, 'eval_eval_mod4_acc': 1.0, 'eval_eval_runtime': 1.121, 'eval_eval_samples_per_second': 1784.137, 'eval_eval_steps_per_second': 28.546, 'epoch': 115.96}
{'eval_train_loss': 3.291514474312862e-07, 'eval_train_token_acc': 0.9447025707115241, 'eval_train_seq_acc': 0.0, 'eval_train_move_acc': 1.0, 'eval_train_mod4_acc': 1.0, 'eval_train_runtime': 0.56, 'eval_train_samples_per_second': 1785.672, 'eval_train_steps_per_second': 28.571, 'epoch': 115.96}
{'loss': 0.0, 'learning_rate': 2.2945639521756923e-05, 'epoch': 117.02}
{'eval_eval_loss': 6.105054808358545e-07, 'eval_eval_token_acc': 0.942013925894348, 'eval_eval_seq_acc': 0.0, 'eval_eval_move_acc': 1.0, 'eval_eval_mod4_acc': 1.0, 'eval_eval_runtime': 1.1201, 'eval_eval_samples_per_second': 1785.501, 'eval_eval_steps_per_second': 28.568, 'epoch': 117.02}
{'eval_train_loss': 2.581247429134237e-07, 'eval_train_token_acc': 0.9447025707115241, 'eval_train_seq_acc': 0.0, 'eval_train_move_acc': 1.0, 'eval_train_mod4_acc': 1.0, 'eval_train_runtime': 0.5624, 'eval_train_samples_per_second': 1777.95, 'eval_train_steps_per_second': 28.447, 'epoch': 117.02}
{'loss': 0.0, 'learning_rate': 2.278755057120863e-05, 'epoch': 118.09}
{'eval_eval_loss': 4.962104185324279e-07, 'eval_eval_token_acc': 0.942013925894348, 'eval_eval_seq_acc': 0.0, 'eval_eval_move_acc': 1.0, 'eval_eval_mod4_acc': 1.0, 'eval_eval_runtime': 1.1195, 'eval_eval_samples_per_second': 1786.448, 'eval_eval_steps_per_second': 28.583, 'epoch': 118.09}
{'eval_train_loss': 2.038972866102995e-07, 'eval_train_token_acc': 0.9447025707115241, 'eval_train_seq_acc': 0.0, 'eval_train_move_acc': 1.0, 'eval_train_mod4_acc': 1.0, 'eval_train_runtime': 0.5608, 'eval_train_samples_per_second': 1783.293, 'eval_train_steps_per_second': 28.533, 'epoch': 118.09}
  Pushed checkpoint step-28000 to ijinyu1113/ft_mr3_70m_seed2_purenum
{'loss': 0.0, 'learning_rate': 2.2628268424507127e-05, 'epoch': 119.15}
{'eval_eval_loss': 4.1466404354650876e-07, 'eval_eval_token_acc': 0.942013925894348, 'eval_eval_seq_acc': 0.0, 'eval_eval_move_acc': 1.0, 'eval_eval_mod4_acc': 1.0, 'eval_eval_runtime': 1.1199, 'eval_eval_samples_per_second': 1785.871, 'eval_eval_steps_per_second': 28.574, 'epoch': 119.15}
{'eval_train_loss': 1.6666298563450255e-07, 'eval_train_token_acc': 0.9447025707115241, 'eval_train_seq_acc': 0.0, 'eval_train_move_acc': 1.0, 'eval_train_mod4_acc': 1.0, 'eval_train_runtime': 0.5597, 'eval_train_samples_per_second': 1786.824, 'eval_train_steps_per_second': 28.589, 'epoch': 119.15}
{'loss': 0.0, 'learning_rate': 2.2467817486610425e-05, 'epoch': 120.21}
{'eval_eval_loss': 3.5139200349476596e-07, 'eval_eval_token_acc': 0.942013925894348, 'eval_eval_seq_acc': 0.0, 'eval_eval_move_acc': 1.0, 'eval_eval_mod4_acc': 1.0, 'eval_eval_runtime': 1.1202, 'eval_eval_samples_per_second': 1785.465, 'eval_eval_steps_per_second': 28.567, 'epoch': 120.21}
{'eval_train_loss': 1.3669121301518317e-07, 'eval_train_token_acc': 0.9447025707115241, 'eval_train_seq_acc': 0.0, 'eval_train_move_acc': 1.0, 'eval_train_mod4_acc': 1.0, 'eval_train_runtime': 0.5613, 'eval_train_samples_per_second': 1781.598, 'eval_train_steps_per_second': 28.506, 'epoch': 120.21}
{'loss': 0.0, 'learning_rate': 2.2306222341556868e-05, 'epoch': 121.28}
{'eval_eval_loss': 2.970736261431739e-07, 'eval_eval_token_acc': 0.942013925894348, 'eval_eval_seq_acc': 0.0, 'eval_eval_move_acc': 1.0, 'eval_eval_mod4_acc': 1.0, 'eval_eval_runtime': 1.1204, 'eval_eval_samples_per_second': 1785.026, 'eval_eval_steps_per_second': 28.56, 'epoch': 121.28}
{'eval_train_loss': 1.1590051229859455e-07, 'eval_train_token_acc': 0.9447025707115241, 'eval_train_seq_acc': 0.0, 'eval_train_move_acc': 1.0, 'eval_train_mod4_acc': 1.0, 'eval_train_runtime': 0.5652, 'eval_train_samples_per_second': 1769.328, 'eval_train_steps_per_second': 28.309, 'epoch': 121.28}
{'loss': 0.0, 'learning_rate': 2.214350774869842e-05, 'epoch': 122.34}
{'eval_eval_loss': 2.518700910059124e-07, 'eval_eval_token_acc': 0.942013925894348, 'eval_eval_seq_acc': 0.0, 'eval_eval_move_acc': 1.0, 'eval_eval_mod4_acc': 1.0, 'eval_eval_runtime': 1.119, 'eval_eval_samples_per_second': 1787.298, 'eval_eval_steps_per_second': 28.597, 'epoch': 122.34}
{'eval_train_loss': 9.859994776206804e-08, 'eval_train_token_acc': 0.9447025707115241, 'eval_train_seq_acc': 0.0, 'eval_train_move_acc': 1.0, 'eval_train_mod4_acc': 1.0, 'eval_train_runtime': 0.5612, 'eval_train_samples_per_second': 1781.838, 'eval_train_steps_per_second': 28.509, 'epoch': 122.34}
  Pushed checkpoint step-29000 to ijinyu1113/ft_mr3_70m_seed2_purenum
{'loss': 0.0, 'learning_rate': 2.197969863890705e-05, 'epoch': 123.4}
{'eval_eval_loss': 2.1625567114824662e-07, 'eval_eval_token_acc': 0.942013925894348, 'eval_eval_seq_acc': 0.0, 'eval_eval_move_acc': 1.0, 'eval_eval_mod4_acc': 1.0, 'eval_eval_runtime': 1.1195, 'eval_eval_samples_per_second': 1786.532, 'eval_eval_steps_per_second': 28.585, 'epoch': 123.4}
{'eval_train_loss': 8.260454364972247e-08, 'eval_train_token_acc': 0.9447025707115241, 'eval_train_seq_acc': 0.0, 'eval_train_move_acc': 1.0, 'eval_train_mod4_acc': 1.0, 'eval_train_runtime': 0.5603, 'eval_train_samples_per_second': 1784.613, 'eval_train_steps_per_second': 28.554, 'epoch': 123.4}
{'loss': 0.0, 'learning_rate': 2.1814820110754875e-05, 'epoch': 124.47}
{'eval_eval_loss': 1.9063908496264048e-07, 'eval_eval_token_acc': 0.942013925894348, 'eval_eval_seq_acc': 0.0, 'eval_eval_move_acc': 1.0, 'eval_eval_mod4_acc': 1.0, 'eval_eval_runtime': 1.1174, 'eval_eval_samples_per_second': 1789.898, 'eval_eval_steps_per_second': 28.638, 'epoch': 124.47}
{'eval_train_loss': 6.869785806884465e-08, 'eval_train_token_acc': 0.9447025707115241, 'eval_train_seq_acc': 0.0, 'eval_train_move_acc': 1.0, 'eval_train_mod4_acc': 1.0, 'eval_train_runtime': 0.5586, 'eval_train_samples_per_second': 1790.259, 'eval_train_steps_per_second': 28.644, 'epoch': 124.47}
{'loss': 0.0, 'learning_rate': 2.1648897426668606e-05, 'epoch': 125.53}
{'eval_eval_loss': 1.6200434060920088e-07, 'eval_eval_token_acc': 0.942013925894348, 'eval_eval_seq_acc': 0.0, 'eval_eval_move_acc': 1.0, 'eval_eval_mod4_acc': 1.0, 'eval_eval_runtime': 1.1271, 'eval_eval_samples_per_second': 1774.48, 'eval_eval_steps_per_second': 28.392, 'epoch': 125.53}
{'eval_train_loss': 5.8774766387159616e-08, 'eval_train_token_acc': 0.9447025707115241, 'eval_train_seq_acc': 0.0, 'eval_train_move_acc': 1.0, 'eval_train_mod4_acc': 1.0, 'eval_train_runtime': 0.567, 'eval_train_samples_per_second': 1763.616, 'eval_train_steps_per_second': 28.218, 'epoch': 125.53}
{'loss': 0.0, 'learning_rate': 2.148195600905887e-05, 'epoch': 126.6}
{'eval_eval_loss': 1.4166725748054887e-07, 'eval_eval_token_acc': 0.942013925894348, 'eval_eval_seq_acc': 0.0, 'eval_eval_move_acc': 1.0, 'eval_eval_mod4_acc': 1.0, 'eval_eval_runtime': 1.1153, 'eval_eval_samples_per_second': 1793.185, 'eval_eval_steps_per_second': 28.691, 'epoch': 126.6}
{'eval_train_loss': 5.179190765147723e-08, 'eval_train_token_acc': 0.9447025707115241, 'eval_train_seq_acc': 0.0, 'eval_train_move_acc': 1.0, 'eval_train_mod4_acc': 1.0, 'eval_train_runtime': 0.5583, 'eval_train_samples_per_second': 1791.24, 'eval_train_steps_per_second': 28.66, 'epoch': 126.6}
  Pushed checkpoint step-30000 to ijinyu1113/ft_mr3_70m_seed2_purenum
{'loss': 0.0, 'learning_rate': 2.1314021436425026e-05, 'epoch': 127.66}
{'eval_eval_loss': 1.2336388977018942e-07, 'eval_eval_token_acc': 0.942013925894348, 'eval_eval_seq_acc': 0.0, 'eval_eval_move_acc': 1.0, 'eval_eval_mod4_acc': 1.0, 'eval_eval_runtime': 1.1259, 'eval_eval_samples_per_second': 1776.352, 'eval_eval_steps_per_second': 28.422, 'epoch': 127.66}
{'eval_train_loss': 4.426725652706409e-08, 'eval_train_token_acc': 0.9447025707115241, 'eval_train_seq_acc': 0.0, 'eval_train_move_acc': 1.0, 'eval_train_mod4_acc': 1.0, 'eval_train_runtime': 0.5612, 'eval_train_samples_per_second': 1781.777, 'eval_train_steps_per_second': 28.508, 'epoch': 127.66}
{'loss': 0.0, 'learning_rate': 2.1145119439436072e-05, 'epoch': 128.72}
{'eval_eval_loss': 1.0825090157595696e-07, 'eval_eval_token_acc': 0.942013925894348, 'eval_eval_seq_acc': 0.0, 'eval_eval_move_acc': 1.0, 'eval_eval_mod4_acc': 1.0, 'eval_eval_runtime': 1.1162, 'eval_eval_samples_per_second': 1791.731, 'eval_eval_steps_per_second': 28.668, 'epoch': 128.72}
{'eval_train_loss': 3.8657837819755514e-08, 'eval_train_token_acc': 0.9447025707115241, 'eval_train_seq_acc': 0.0, 'eval_train_move_acc': 1.0, 'eval_train_mod4_acc': 1.0, 'eval_train_runtime': 0.5592, 'eval_train_samples_per_second': 1788.159, 'eval_train_steps_per_second': 28.611, 'epoch': 128.72}
{'loss': 0.0, 'learning_rate': 2.097527589698823e-05, 'epoch': 129.79}
{'eval_eval_loss': 1.0005134498669577e-07, 'eval_eval_token_acc': 0.942013925894348, 'eval_eval_seq_acc': 0.0, 'eval_eval_move_acc': 1.0, 'eval_eval_mod4_acc': 1.0, 'eval_eval_runtime': 1.1307, 'eval_eval_samples_per_second': 1768.745, 'eval_eval_steps_per_second': 28.3, 'epoch': 129.79}
{'eval_train_loss': 3.2869916566369284e-08, 'eval_train_token_acc': 0.9447025707115241, 'eval_train_seq_acc': 0.0, 'eval_train_move_acc': 1.0, 'eval_train_mod4_acc': 1.0, 'eval_train_runtime': 0.5685, 'eval_train_samples_per_second': 1758.948, 'eval_train_steps_per_second': 28.143, 'epoch': 129.79}
{'loss': 0.0, 'learning_rate': 2.080451683223983e-05, 'epoch': 130.85}
{'eval_eval_loss': 8.790907912725743e-08, 'eval_eval_token_acc': 0.942013925894348, 'eval_eval_seq_acc': 0.0, 'eval_eval_move_acc': 1.0, 'eval_eval_mod4_acc': 1.0, 'eval_eval_runtime': 1.1153, 'eval_eval_samples_per_second': 1793.301, 'eval_eval_steps_per_second': 28.693, 'epoch': 130.85}
{'eval_train_loss': 2.8561247589209415e-08, 'eval_train_token_acc': 0.9447025707115241, 'eval_train_seq_acc': 0.0, 'eval_train_move_acc': 1.0, 'eval_train_mod4_acc': 1.0, 'eval_train_runtime': 0.5576, 'eval_train_samples_per_second': 1793.422, 'eval_train_steps_per_second': 28.695, 'epoch': 130.85}
  Pushed checkpoint step-31000 to ijinyu1113/ft_mr3_70m_seed2_purenum
{'loss': 0.0, 'learning_rate': 2.063286840862408e-05, 'epoch': 131.91}
{'eval_eval_loss': 7.667009782608147e-08, 'eval_eval_token_acc': 0.942013925894348, 'eval_eval_seq_acc': 0.0, 'eval_eval_move_acc': 1.0, 'eval_eval_mod4_acc': 1.0, 'eval_eval_runtime': 1.12, 'eval_eval_samples_per_second': 1785.787, 'eval_eval_steps_per_second': 28.573, 'epoch': 131.91}
{'eval_train_loss': 2.486217454134021e-08, 'eval_train_token_acc': 0.9447025707115241, 'eval_train_seq_acc': 0.0, 'eval_train_move_acc': 1.0, 'eval_train_mod4_acc': 1.0, 'eval_train_runtime': 0.5594, 'eval_train_samples_per_second': 1787.675, 'eval_train_steps_per_second': 28.603, 'epoch': 131.91}
{'loss': 0.0, 'learning_rate': 2.0460356925840325e-05, 'epoch': 132.98}
{'eval_eval_loss': 6.710787658903428e-08, 'eval_eval_token_acc': 0.942013925894348, 'eval_eval_seq_acc': 0.0, 'eval_eval_move_acc': 1.0, 'eval_eval_mod4_acc': 1.0, 'eval_eval_runtime': 1.118, 'eval_eval_samples_per_second': 1788.902, 'eval_eval_steps_per_second': 28.622, 'epoch': 132.98}
{'eval_train_loss': 2.1860788734784364e-08, 'eval_train_token_acc': 0.9447025707115241, 'eval_train_seq_acc': 0.0, 'eval_train_move_acc': 1.0, 'eval_train_mod4_acc': 1.0, 'eval_train_runtime': 0.5567, 'eval_train_samples_per_second': 1796.342, 'eval_train_steps_per_second': 28.741, 'epoch': 132.98}
{'loss': 0.0, 'learning_rate': 2.0287008815824495e-05, 'epoch': 134.04}
{'eval_eval_loss': 5.859185492340657e-08, 'eval_eval_token_acc': 0.942013925894348, 'eval_eval_seq_acc': 0.0, 'eval_eval_move_acc': 1.0, 'eval_eval_mod4_acc': 1.0, 'eval_eval_runtime': 1.1384, 'eval_eval_samples_per_second': 1756.804, 'eval_eval_steps_per_second': 28.109, 'epoch': 134.04}
{'eval_train_loss': 1.9518690663744565e-08, 'eval_train_token_acc': 0.9447025707115241, 'eval_train_seq_acc': 0.0, 'eval_train_move_acc': 1.0, 'eval_train_mod4_acc': 1.0, 'eval_train_runtime': 0.5716, 'eval_train_samples_per_second': 1749.503, 'eval_train_steps_per_second': 27.992, 'epoch': 134.04}
{'loss': 0.0, 'learning_rate': 2.0112850638699195e-05, 'epoch': 135.11}
{'eval_eval_loss': 5.099149902321187e-08, 'eval_eval_token_acc': 0.942013925894348, 'eval_eval_seq_acc': 0.0, 'eval_eval_move_acc': 1.0, 'eval_eval_mod4_acc': 1.0, 'eval_eval_runtime': 1.1152, 'eval_eval_samples_per_second': 1793.404, 'eval_eval_steps_per_second': 28.694, 'epoch': 135.11}
{'eval_train_loss': 1.7146016162428168e-08, 'eval_train_token_acc': 0.9447025707115241, 'eval_train_seq_acc': 0.0, 'eval_train_move_acc': 1.0, 'eval_train_mod4_acc': 1.0, 'eval_train_runtime': 0.5588, 'eval_train_samples_per_second': 1789.415, 'eval_train_steps_per_second': 28.631, 'epoch': 135.11}
  Pushed checkpoint step-32000 to ijinyu1113/ft_mr3_70m_seed2_purenum
{'loss': 0.0, 'learning_rate': 1.9937909078704247e-05, 'epoch': 136.17}
{'eval_eval_loss': 4.5465050391158e-08, 'eval_eval_token_acc': 0.942013925894348, 'eval_eval_seq_acc': 0.0, 'eval_eval_move_acc': 1.0, 'eval_eval_mod4_acc': 1.0, 'eval_eval_runtime': 1.1196, 'eval_eval_samples_per_second': 1786.312, 'eval_eval_steps_per_second': 28.581, 'epoch': 136.17}
{'eval_train_loss': 2.3525688064296446e-08, 'eval_train_token_acc': 0.9447025707115241, 'eval_train_seq_acc': 0.0, 'eval_train_move_acc': 1.0, 'eval_train_mod4_acc': 1.0, 'eval_train_runtime': 0.5606, 'eval_train_samples_per_second': 1783.841, 'eval_train_steps_per_second': 28.541, 'epoch': 136.17}
{'loss': 0.0, 'learning_rate': 1.976221094010814e-05, 'epoch': 137.23}
{'eval_eval_loss': 4.140152043419221e-08, 'eval_eval_token_acc': 0.942013925894348, 'eval_eval_seq_acc': 0.0, 'eval_eval_move_acc': 1.0, 'eval_eval_mod4_acc': 1.0, 'eval_eval_runtime': 1.1176, 'eval_eval_samples_per_second': 1789.614, 'eval_eval_steps_per_second': 28.634, 'epoch': 137.23}
{'eval_train_loss': 1.3822167410637576e-08, 'eval_train_token_acc': 0.9447025707115241, 'eval_train_seq_acc': 0.0, 'eval_train_move_acc': 1.0, 'eval_train_mod4_acc': 1.0, 'eval_train_runtime': 0.5588, 'eval_train_samples_per_second': 1789.489, 'eval_train_steps_per_second': 28.632, 'epoch': 137.23}
{'loss': 0.0, 'learning_rate': 1.958578314310114e-05, 'epoch': 138.3}
{'eval_eval_loss': 3.6734984831809925e-08, 'eval_eval_token_acc': 0.942013925894348, 'eval_eval_seq_acc': 0.0, 'eval_eval_move_acc': 1.0, 'eval_eval_mod4_acc': 1.0, 'eval_eval_runtime': 1.129, 'eval_eval_samples_per_second': 1771.497, 'eval_eval_steps_per_second': 28.344, 'epoch': 138.3}
{'eval_train_loss': 1.2994688880496597e-08, 'eval_train_token_acc': 0.9447025707115241, 'eval_train_seq_acc': 0.0, 'eval_train_move_acc': 1.0, 'eval_train_mod4_acc': 1.0, 'eval_train_runtime': 0.5655, 'eval_train_samples_per_second': 1768.244, 'eval_train_steps_per_second': 28.292, 'epoch': 138.3}
{'loss': 0.0, 'learning_rate': 1.9408652719670622e-05, 'epoch': 139.36}
{'eval_eval_loss': 3.531098968778679e-08, 'eval_eval_token_acc': 0.942013925894348, 'eval_eval_seq_acc': 0.0, 'eval_eval_move_acc': 1.0, 'eval_eval_mod4_acc': 1.0, 'eval_eval_runtime': 1.1172, 'eval_eval_samples_per_second': 1790.153, 'eval_eval_steps_per_second': 28.642, 'epoch': 139.36}
{'eval_train_loss': 1.438582053481241e-08, 'eval_train_token_acc': 0.9447025707115241, 'eval_train_seq_acc': 0.0, 'eval_train_move_acc': 1.0, 'eval_train_mod4_acc': 1.0, 'eval_train_runtime': 0.5591, 'eval_train_samples_per_second': 1788.739, 'eval_train_steps_per_second': 28.62, 'epoch': 139.36}
  Pushed checkpoint step-33000 to ijinyu1113/ft_mr3_70m_seed2_purenum
{'loss': 0.0, 'learning_rate': 1.923084680945927e-05, 'epoch': 140.43}
{'eval_eval_loss': 3.226018208124515e-08, 'eval_eval_token_acc': 0.942013925894348, 'eval_eval_seq_acc': 0.0, 'eval_eval_move_acc': 1.0, 'eval_eval_mod4_acc': 1.0, 'eval_eval_runtime': 1.1193, 'eval_eval_samples_per_second': 1786.835, 'eval_eval_steps_per_second': 28.589, 'epoch': 140.43}
{'eval_train_loss': 1.2565365636874049e-08, 'eval_train_token_acc': 0.9447025707115241, 'eval_train_seq_acc': 0.0, 'eval_train_move_acc': 1.0, 'eval_train_mod4_acc': 1.0, 'eval_train_runtime': 0.5585, 'eval_train_samples_per_second': 1790.609, 'eval_train_steps_per_second': 28.65, 'epoch': 140.43}
{'loss': 0.0, 'learning_rate': 1.905239265560677e-05, 'epoch': 141.49}
{'eval_eval_loss': 3.374197987682237e-08, 'eval_eval_token_acc': 0.942013925894348, 'eval_eval_seq_acc': 0.0, 'eval_eval_move_acc': 1.0, 'eval_eval_mod4_acc': 1.0, 'eval_eval_runtime': 1.1181, 'eval_eval_samples_per_second': 1788.826, 'eval_eval_steps_per_second': 28.621, 'epoch': 141.49}
{'eval_train_loss': 1.2412701977382312e-08, 'eval_train_token_acc': 0.9447025707115241, 'eval_train_seq_acc': 0.0, 'eval_train_move_acc': 1.0, 'eval_train_mod4_acc': 1.0, 'eval_train_runtime': 0.5584, 'eval_train_samples_per_second': 1790.733, 'eval_train_steps_per_second': 28.652, 'epoch': 141.49}
{'loss': 0.001, 'learning_rate': 1.887331760057568e-05, 'epoch': 142.55}
{'eval_eval_loss': 0.000655070471111685, 'eval_eval_token_acc': 0.942013925894348, 'eval_eval_seq_acc': 0.0, 'eval_eval_move_acc': 0.994, 'eval_eval_mod4_acc': 0.994, 'eval_eval_runtime': 1.1172, 'eval_eval_samples_per_second': 1790.26, 'eval_eval_steps_per_second': 28.644, 'epoch': 142.55}
{'eval_train_loss': 0.0006300575914792717, 'eval_train_token_acc': 0.9447025707115241, 'eval_train_seq_acc': 0.0, 'eval_train_move_acc': 0.994, 'eval_train_mod4_acc': 0.994, 'eval_train_runtime': 0.5588, 'eval_train_samples_per_second': 1789.47, 'eval_train_steps_per_second': 28.632, 'epoch': 142.55}
{'loss': 0.0002, 'learning_rate': 1.869364908196206e-05, 'epoch': 143.62}
{'eval_eval_loss': 1.1360461940057576e-05, 'eval_eval_token_acc': 0.942013925894348, 'eval_eval_seq_acc': 0.0, 'eval_eval_move_acc': 1.0, 'eval_eval_mod4_acc': 1.0, 'eval_eval_runtime': 1.1165, 'eval_eval_samples_per_second': 1791.391, 'eval_eval_steps_per_second': 28.662, 'epoch': 143.62}
{'eval_train_loss': 6.397261586243985e-06, 'eval_train_token_acc': 0.9447025707115241, 'eval_train_seq_acc': 0.0, 'eval_train_move_acc': 1.0, 'eval_train_mod4_acc': 1.0, 'eval_train_runtime': 0.5588, 'eval_train_samples_per_second': 1789.674, 'eval_train_steps_per_second': 28.635, 'epoch': 143.62}
  Pushed checkpoint step-34000 to ijinyu1113/ft_mr3_70m_seed2_purenum
{'loss': 0.0, 'learning_rate': 1.85134146282915e-05, 'epoch': 144.68}
{'eval_eval_loss': 5.110743586556055e-06, 'eval_eval_token_acc': 0.942013925894348, 'eval_eval_seq_acc': 0.0, 'eval_eval_move_acc': 1.0, 'eval_eval_mod4_acc': 1.0, 'eval_eval_runtime': 1.1202, 'eval_eval_samples_per_second': 1785.326, 'eval_eval_steps_per_second': 28.565, 'epoch': 144.68}
{'eval_train_loss': 2.936646978923818e-06, 'eval_train_token_acc': 0.9447025707115241, 'eval_train_seq_acc': 0.0, 'eval_train_move_acc': 1.0, 'eval_train_mod4_acc': 1.0, 'eval_train_runtime': 0.5605, 'eval_train_samples_per_second': 1784.175, 'eval_train_steps_per_second': 28.547, 'epoch': 144.68}
{'loss': 0.0, 'learning_rate': 1.8332641854801276e-05, 'epoch': 145.74}
{'eval_eval_loss': 3.2750153877714183e-06, 'eval_eval_token_acc': 0.942013925894348, 'eval_eval_seq_acc': 0.0, 'eval_eval_move_acc': 1.0, 'eval_eval_mod4_acc': 1.0, 'eval_eval_runtime': 1.1154, 'eval_eval_samples_per_second': 1793.113, 'eval_eval_steps_per_second': 28.69, 'epoch': 145.74}
{'eval_train_loss': 1.878095872598351e-06, 'eval_train_token_acc': 0.9447025707115241, 'eval_train_seq_acc': 0.0, 'eval_train_move_acc': 1.0, 'eval_train_mod4_acc': 1.0, 'eval_train_runtime': 0.5599, 'eval_train_samples_per_second': 1785.956, 'eval_train_steps_per_second': 28.575, 'epoch': 145.74}
{'loss': 0.0, 'learning_rate': 1.8151358459209167e-05, 'epoch': 146.81}
{'eval_eval_loss': 2.297621222169255e-06, 'eval_eval_token_acc': 0.942013925894348, 'eval_eval_seq_acc': 0.0, 'eval_eval_move_acc': 1.0, 'eval_eval_mod4_acc': 1.0, 'eval_eval_runtime': 1.1175, 'eval_eval_samples_per_second': 1789.742, 'eval_eval_steps_per_second': 28.636, 'epoch': 146.81}
{'eval_train_loss': 1.323277842857351e-06, 'eval_train_token_acc': 0.9447025707115241, 'eval_train_seq_acc': 0.0, 'eval_train_move_acc': 1.0, 'eval_train_mod4_acc': 1.0, 'eval_train_runtime': 0.5581, 'eval_train_samples_per_second': 1791.654, 'eval_train_steps_per_second': 28.666, 'epoch': 146.81}
{'loss': 0.0, 'learning_rate': 1.7969592217469675e-05, 'epoch': 147.87}
{'eval_eval_loss': 1.7049435427907156e-06, 'eval_eval_token_acc': 0.942013925894348, 'eval_eval_seq_acc': 0.0, 'eval_eval_move_acc': 1.0, 'eval_eval_mod4_acc': 1.0, 'eval_eval_runtime': 1.1167, 'eval_eval_samples_per_second': 1790.932, 'eval_eval_steps_per_second': 28.655, 'epoch': 147.87}
{'eval_train_loss': 1.034640035868506e-06, 'eval_train_token_acc': 0.9447025707115241, 'eval_train_seq_acc': 0.0, 'eval_train_move_acc': 1.0, 'eval_train_mod4_acc': 1.0, 'eval_train_runtime': 0.5583, 'eval_train_samples_per_second': 1791.099, 'eval_train_steps_per_second': 28.658, 'epoch': 147.87}
  Pushed checkpoint step-35000 to ijinyu1113/ft_mr3_70m_seed2_purenum
{'loss': 0.0, 'learning_rate': 1.7787370979518197e-05, 'epoch': 148.94}
{'eval_eval_loss': 1.3578113566836691e-06, 'eval_eval_token_acc': 0.942013925894348, 'eval_eval_seq_acc': 0.0, 'eval_eval_move_acc': 1.0, 'eval_eval_mod4_acc': 1.0, 'eval_eval_runtime': 1.1199, 'eval_eval_samples_per_second': 1785.951, 'eval_eval_steps_per_second': 28.575, 'epoch': 148.94}
{'eval_train_loss': 8.626844305581471e-07, 'eval_train_token_acc': 0.9447025707115241, 'eval_train_seq_acc': 0.0, 'eval_train_move_acc': 1.0, 'eval_train_mod4_acc': 1.0, 'eval_train_runtime': 0.5611, 'eval_train_samples_per_second': 1782.21, 'eval_train_steps_per_second': 28.515, 'epoch': 148.94}
{'loss': 0.0, 'learning_rate': 1.760472266500396e-05, 'epoch': 150.0}
{'eval_eval_loss': 1.025655251396529e-06, 'eval_eval_token_acc': 0.942013925894348, 'eval_eval_seq_acc': 0.0, 'eval_eval_move_acc': 1.0, 'eval_eval_mod4_acc': 1.0, 'eval_eval_runtime': 1.1175, 'eval_eval_samples_per_second': 1789.769, 'eval_eval_steps_per_second': 28.636, 'epoch': 150.0}
{'eval_train_loss': 6.432960617530625e-07, 'eval_train_token_acc': 0.9447025707115241, 'eval_train_seq_acc': 0.0, 'eval_train_move_acc': 1.0, 'eval_train_mod4_acc': 1.0, 'eval_train_runtime': 0.5624, 'eval_train_samples_per_second': 1778.08, 'eval_train_steps_per_second': 28.449, 'epoch': 150.0}
{'loss': 0.0, 'learning_rate': 1.742167525901215e-05, 'epoch': 151.06}
{'eval_eval_loss': 8.172283401108871e-07, 'eval_eval_token_acc': 0.942013925894348, 'eval_eval_seq_acc': 0.0, 'eval_eval_move_acc': 1.0, 'eval_eval_mod4_acc': 1.0, 'eval_eval_runtime': 1.1157, 'eval_eval_samples_per_second': 1792.562, 'eval_eval_steps_per_second': 28.681, 'epoch': 151.06}
{'eval_train_loss': 5.0109582616642e-07, 'eval_train_token_acc': 0.9447025707115241, 'eval_train_seq_acc': 0.0, 'eval_train_move_acc': 1.0, 'eval_train_mod4_acc': 1.0, 'eval_train_runtime': 0.5587, 'eval_train_samples_per_second': 1789.83, 'eval_train_steps_per_second': 28.637, 'epoch': 151.06}
{'loss': 0.0, 'learning_rate': 1.723825680777615e-05, 'epoch': 152.13}
{'eval_eval_loss': 6.657775770690932e-07, 'eval_eval_token_acc': 0.942013925894348, 'eval_eval_seq_acc': 0.0, 'eval_eval_move_acc': 1.0, 'eval_eval_mod4_acc': 1.0, 'eval_eval_runtime': 1.1151, 'eval_eval_samples_per_second': 1793.496, 'eval_eval_steps_per_second': 28.696, 'epoch': 152.13}
{'eval_train_loss': 4.0316757576874807e-07, 'eval_train_token_acc': 0.9447025707115241, 'eval_train_seq_acc': 0.0, 'eval_train_move_acc': 1.0, 'eval_train_mod4_acc': 1.0, 'eval_train_runtime': 0.559, 'eval_train_samples_per_second': 1788.765, 'eval_train_steps_per_second': 28.62, 'epoch': 152.13}
  Pushed checkpoint step-36000 to ijinyu1113/ft_mr3_70m_seed2_purenum
{'loss': 0.0, 'learning_rate': 1.705449541438028e-05, 'epoch': 153.19}
{'eval_eval_loss': 5.527306825570122e-07, 'eval_eval_token_acc': 0.942013925894348, 'eval_eval_seq_acc': 0.0, 'eval_eval_move_acc': 1.0, 'eval_eval_mod4_acc': 1.0, 'eval_eval_runtime': 1.1177, 'eval_eval_samples_per_second': 1789.335, 'eval_eval_steps_per_second': 28.629, 'epoch': 153.19}
{'eval_train_loss': 3.3240129937439633e-07, 'eval_train_token_acc': 0.9447025707115241, 'eval_train_seq_acc': 0.0, 'eval_train_move_acc': 1.0, 'eval_train_mod4_acc': 1.0, 'eval_train_runtime': 0.5601, 'eval_train_samples_per_second': 1785.404, 'eval_train_steps_per_second': 28.566, 'epoch': 153.19}
{'loss': 0.0, 'learning_rate': 1.6870419234453938e-05, 'epoch': 154.26}
{'eval_eval_loss': 4.6228524297475815e-07, 'eval_eval_token_acc': 0.942013925894348, 'eval_eval_seq_acc': 0.0, 'eval_eval_move_acc': 1.0, 'eval_eval_mod4_acc': 1.0, 'eval_eval_runtime': 1.1171, 'eval_eval_samples_per_second': 1790.3, 'eval_eval_steps_per_second': 28.645, 'epoch': 154.26}
{'eval_train_loss': 2.754663626092224e-07, 'eval_train_token_acc': 0.9447025707115241, 'eval_train_seq_acc': 0.0, 'eval_train_move_acc': 1.0, 'eval_train_mod4_acc': 1.0, 'eval_train_runtime': 0.5593, 'eval_train_samples_per_second': 1788.064, 'eval_train_steps_per_second': 28.609, 'epoch': 154.26}
{'loss': 0.0, 'learning_rate': 1.6686056471857595e-05, 'epoch': 155.32}
{'eval_eval_loss': 3.9264517681658617e-07, 'eval_eval_token_acc': 0.942013925894348, 'eval_eval_seq_acc': 0.0, 'eval_eval_move_acc': 1.0, 'eval_eval_mod4_acc': 1.0, 'eval_eval_runtime': 1.1189, 'eval_eval_samples_per_second': 1787.544, 'eval_eval_steps_per_second': 28.601, 'epoch': 155.32}
{'eval_train_loss': 2.3408510685385409e-07, 'eval_train_token_acc': 0.9447025707115241, 'eval_train_seq_acc': 0.0, 'eval_train_move_acc': 1.0, 'eval_train_mod4_acc': 1.0, 'eval_train_runtime': 0.5592, 'eval_train_samples_per_second': 1788.367, 'eval_train_steps_per_second': 28.614, 'epoch': 155.32}
{'loss': 0.0, 'learning_rate': 1.6501435374361478e-05, 'epoch': 156.38}
{'eval_eval_loss': 3.336059251068946e-07, 'eval_eval_token_acc': 0.942013925894348, 'eval_eval_seq_acc': 0.0, 'eval_eval_move_acc': 1.0, 'eval_eval_mod4_acc': 1.0, 'eval_eval_runtime': 1.1153, 'eval_eval_samples_per_second': 1793.178, 'eval_eval_steps_per_second': 28.691, 'epoch': 156.38}
{'eval_train_loss': 1.9774550708007155e-07, 'eval_train_token_acc': 0.9447025707115241, 'eval_train_seq_acc': 0.0, 'eval_train_move_acc': 1.0, 'eval_train_mod4_acc': 1.0, 'eval_train_runtime': 0.5586, 'eval_train_samples_per_second': 1790.041, 'eval_train_steps_per_second': 28.641, 'epoch': 156.38}
  Pushed checkpoint step-37000 to ijinyu1113/ft_mr3_70m_seed2_purenum
{'loss': 0.0, 'learning_rate': 1.6316584229317465e-05, 'epoch': 157.45}
{'eval_eval_loss': 2.8628409154407564e-07, 'eval_eval_token_acc': 0.942013925894348, 'eval_eval_seq_acc': 0.0, 'eval_eval_move_acc': 1.0, 'eval_eval_mod4_acc': 1.0, 'eval_eval_runtime': 1.1274, 'eval_eval_samples_per_second': 1774.01, 'eval_eval_steps_per_second': 28.384, 'epoch': 157.45}
{'eval_train_loss': 1.6948841619068844e-07, 'eval_train_token_acc': 0.9447025707115241, 'eval_train_seq_acc': 0.0, 'eval_train_move_acc': 1.0, 'eval_train_mod4_acc': 1.0, 'eval_train_runtime': 0.5622, 'eval_train_samples_per_second': 1778.789, 'eval_train_steps_per_second': 28.461, 'epoch': 157.45}
{'loss': 0.0, 'learning_rate': 1.613153135932497e-05, 'epoch': 158.51}
{'eval_eval_loss': 2.4388975816691527e-07, 'eval_eval_token_acc': 0.942013925894348, 'eval_eval_seq_acc': 0.0, 'eval_eval_move_acc': 1.0, 'eval_eval_mod4_acc': 1.0, 'eval_eval_runtime': 1.1186, 'eval_eval_samples_per_second': 1788.002, 'eval_eval_steps_per_second': 28.608, 'epoch': 158.51}
{'eval_train_loss': 1.4531822500885028e-07, 'eval_train_token_acc': 0.9447025707115241, 'eval_train_seq_acc': 0.0, 'eval_train_move_acc': 1.0, 'eval_train_mod4_acc': 1.0, 'eval_train_runtime': 0.5601, 'eval_train_samples_per_second': 1785.435, 'eval_train_steps_per_second': 28.567, 'epoch': 158.51}
{'loss': 0.0, 'learning_rate': 1.594630511789137e-05, 'epoch': 159.57}
{'eval_eval_loss': 2.1058694699149783e-07, 'eval_eval_token_acc': 0.942013925894348, 'eval_eval_seq_acc': 0.0, 'eval_eval_move_acc': 1.0, 'eval_eval_mod4_acc': 1.0, 'eval_eval_runtime': 1.1186, 'eval_eval_samples_per_second': 1787.993, 'eval_eval_steps_per_second': 28.608, 'epoch': 159.57}
{'eval_train_loss': 1.2474676225338044e-07, 'eval_train_token_acc': 0.9447025707115241, 'eval_train_seq_acc': 0.0, 'eval_train_move_acc': 1.0, 'eval_train_mod4_acc': 1.0, 'eval_train_runtime': 0.5593, 'eval_train_samples_per_second': 1787.838, 'eval_train_steps_per_second': 28.605, 'epoch': 159.57}
{'loss': 0.0, 'learning_rate': 1.576093388508776e-05, 'epoch': 160.64}
{'eval_eval_loss': 1.8240400834201864e-07, 'eval_eval_token_acc': 0.942013925894348, 'eval_eval_seq_acc': 0.0, 'eval_eval_move_acc': 1.0, 'eval_eval_mod4_acc': 1.0, 'eval_eval_runtime': 1.1189, 'eval_eval_samples_per_second': 1787.52, 'eval_eval_steps_per_second': 28.6, 'epoch': 160.64}
{'eval_train_loss': 1.0755151436114829e-07, 'eval_train_token_acc': 0.9447025707115241, 'eval_train_seq_acc': 0.0, 'eval_train_move_acc': 1.0, 'eval_train_mod4_acc': 1.0, 'eval_train_runtime': 0.5597, 'eval_train_samples_per_second': 1786.541, 'eval_train_steps_per_second': 28.585, 'epoch': 160.64}
  Pushed checkpoint step-38000 to ijinyu1113/ft_mr3_70m_seed2_purenum
{'loss': 0.0, 'learning_rate': 1.5575446063200546e-05, 'epoch': 161.7}
{'eval_eval_loss': 1.5789976259839023e-07, 'eval_eval_token_acc': 0.942013925894348, 'eval_eval_seq_acc': 0.0, 'eval_eval_move_acc': 1.0, 'eval_eval_mod4_acc': 1.0, 'eval_eval_runtime': 1.1196, 'eval_eval_samples_per_second': 1786.35, 'eval_eval_steps_per_second': 28.582, 'epoch': 161.7}
{'eval_train_loss': 9.426919689303759e-08, 'eval_train_token_acc': 0.9447025707115241, 'eval_train_seq_acc': 0.0, 'eval_train_move_acc': 1.0, 'eval_train_mod4_acc': 1.0, 'eval_train_runtime': 0.5597, 'eval_train_samples_per_second': 1786.787, 'eval_train_steps_per_second': 28.589, 'epoch': 161.7}
{'loss': 0.0, 'learning_rate': 1.5389870072379766e-05, 'epoch': 162.77}
{'eval_eval_loss': 1.3690005573607777e-07, 'eval_eval_token_acc': 0.942013925894348, 'eval_eval_seq_acc': 0.0, 'eval_eval_move_acc': 1.0, 'eval_eval_mod4_acc': 1.0, 'eval_eval_runtime': 1.1152, 'eval_eval_samples_per_second': 1793.427, 'eval_eval_steps_per_second': 28.695, 'epoch': 162.77}
{'eval_train_loss': 8.059753042743978e-08, 'eval_train_token_acc': 0.9447025707115241, 'eval_train_seq_acc': 0.0, 'eval_train_move_acc': 1.0, 'eval_train_mod4_acc': 1.0, 'eval_train_runtime': 0.5587, 'eval_train_samples_per_second': 1789.783, 'eval_train_steps_per_second': 28.637, 'epoch': 162.77}
{'loss': 0.0, 'learning_rate': 1.5204234346284535e-05, 'epoch': 163.83}
{'eval_eval_loss': 1.189117000421902e-07, 'eval_eval_token_acc': 0.942013925894348, 'eval_eval_seq_acc': 0.0, 'eval_eval_move_acc': 1.0, 'eval_eval_mod4_acc': 1.0, 'eval_eval_runtime': 1.1174, 'eval_eval_samples_per_second': 1789.931, 'eval_eval_steps_per_second': 28.639, 'epoch': 163.83}
{'eval_train_loss': 6.95854467380741e-08, 'eval_train_token_acc': 0.9447025707115241, 'eval_train_seq_acc': 0.0, 'eval_train_move_acc': 1.0, 'eval_train_mod4_acc': 1.0, 'eval_train_runtime': 0.5591, 'eval_train_samples_per_second': 1788.534, 'eval_train_steps_per_second': 28.617, 'epoch': 163.83}
{'loss': 0.0, 'learning_rate': 1.501856732772654e-05, 'epoch': 164.89}
{'eval_eval_loss': 1.0341209133457596e-07, 'eval_eval_token_acc': 0.942013925894348, 'eval_eval_seq_acc': 0.0, 'eval_eval_move_acc': 1.0, 'eval_eval_mod4_acc': 1.0, 'eval_eval_runtime': 1.1149, 'eval_eval_samples_per_second': 1793.817, 'eval_eval_steps_per_second': 28.701, 'epoch': 164.89}
{'eval_train_loss': 6.057940282744312e-08, 'eval_train_token_acc': 0.9447025707115241, 'eval_train_seq_acc': 0.0, 'eval_train_move_acc': 1.0, 'eval_train_mod4_acc': 1.0, 'eval_train_runtime': 0.558, 'eval_train_samples_per_second': 1792.063, 'eval_train_steps_per_second': 28.673, 'epoch': 164.89}
  Pushed checkpoint step-39000 to ijinyu1113/ft_mr3_70m_seed2_purenum
{'loss': 0.0, 'learning_rate': 1.4832897464312018e-05, 'epoch': 165.96}
{'eval_eval_loss': 9.010071266857267e-08, 'eval_eval_token_acc': 0.942013925894348, 'eval_eval_seq_acc': 0.0, 'eval_eval_move_acc': 1.0, 'eval_eval_mod4_acc': 1.0, 'eval_eval_runtime': 1.12, 'eval_eval_samples_per_second': 1785.764, 'eval_eval_steps_per_second': 28.572, 'epoch': 165.96}
{'eval_train_loss': 5.262882751821962e-08, 'eval_train_token_acc': 0.9447025707115241, 'eval_train_seq_acc': 0.0, 'eval_train_move_acc': 1.0, 'eval_train_mod4_acc': 1.0, 'eval_train_runtime': 0.5594, 'eval_train_samples_per_second': 1787.51, 'eval_train_steps_per_second': 28.6, 'epoch': 165.96}
{'loss': 0.0, 'learning_rate': 1.4647253204083116e-05, 'epoch': 167.02}
{'eval_eval_loss': 7.85541658387956e-08, 'eval_eval_token_acc': 0.942013925894348, 'eval_eval_seq_acc': 0.0, 'eval_eval_move_acc': 1.0, 'eval_eval_mod4_acc': 1.0, 'eval_eval_runtime': 1.1158, 'eval_eval_samples_per_second': 1792.387, 'eval_eval_steps_per_second': 28.678, 'epoch': 167.02}
{'eval_train_loss': 4.584928703366131e-08, 'eval_train_token_acc': 0.9447025707115241, 'eval_train_seq_acc': 0.0, 'eval_train_move_acc': 1.0, 'eval_train_mod4_acc': 1.0, 'eval_train_runtime': 0.5594, 'eval_train_samples_per_second': 1787.703, 'eval_train_steps_per_second': 28.603, 'epoch': 167.02}
{'loss': 0.0, 'learning_rate': 1.446166299115909e-05, 'epoch': 168.09}
{'eval_eval_loss': 6.843608701956327e-08, 'eval_eval_token_acc': 0.942013925894348, 'eval_eval_seq_acc': 0.0, 'eval_eval_move_acc': 1.0, 'eval_eval_mod4_acc': 1.0, 'eval_eval_runtime': 1.118, 'eval_eval_samples_per_second': 1788.936, 'eval_eval_steps_per_second': 28.623, 'epoch': 168.09}
{'eval_train_loss': 3.998641773250711e-08, 'eval_train_token_acc': 0.9447025707115241, 'eval_train_seq_acc': 0.0, 'eval_train_move_acc': 1.0, 'eval_train_mod4_acc': 1.0, 'eval_train_runtime': 0.5588, 'eval_train_samples_per_second': 1789.561, 'eval_train_steps_per_second': 28.633, 'epoch': 168.09}
{'loss': 0.0, 'learning_rate': 1.427615526137815e-05, 'epoch': 169.15}
{'eval_eval_loss': 5.994854035407116e-08, 'eval_eval_token_acc': 0.942013925894348, 'eval_eval_seq_acc': 0.0, 'eval_eval_move_acc': 1.0, 'eval_eval_mod4_acc': 1.0, 'eval_eval_runtime': 1.1156, 'eval_eval_samples_per_second': 1792.716, 'eval_eval_steps_per_second': 28.683, 'epoch': 169.15}
{'eval_train_loss': 3.48511015602071e-08, 'eval_train_token_acc': 0.9447025707115241, 'eval_train_seq_acc': 0.0, 'eval_train_move_acc': 1.0, 'eval_train_mod4_acc': 1.0, 'eval_train_runtime': 0.5586, 'eval_train_samples_per_second': 1790.07, 'eval_train_steps_per_second': 28.641, 'epoch': 169.15}
  Pushed checkpoint step-40000 to ijinyu1113/ft_mr3_70m_seed2_purenum
{'loss': 0.0, 'learning_rate': 1.4090758437940578e-05, 'epoch': 170.21}
{'eval_eval_loss': 5.220784871085016e-08, 'eval_eval_token_acc': 0.942013925894348, 'eval_eval_seq_acc': 0.0, 'eval_eval_move_acc': 1.0, 'eval_eval_mod4_acc': 1.0, 'eval_eval_runtime': 1.1178, 'eval_eval_samples_per_second': 1789.233, 'eval_eval_steps_per_second': 28.628, 'epoch': 170.21}
{'eval_train_loss': 3.025542483214849e-08, 'eval_train_token_acc': 0.9447025707115241, 'eval_train_seq_acc': 0.0, 'eval_train_move_acc': 1.0, 'eval_train_mod4_acc': 1.0, 'eval_train_runtime': 0.5591, 'eval_train_samples_per_second': 1788.56, 'eval_train_steps_per_second': 28.617, 'epoch': 170.21}
{'loss': 0.0, 'learning_rate': 1.390550092705376e-05, 'epoch': 171.28}
{'eval_eval_loss': 4.555748844836671e-08, 'eval_eval_token_acc': 0.942013925894348, 'eval_eval_seq_acc': 0.0, 'eval_eval_move_acc': 1.0, 'eval_eval_mod4_acc': 1.0, 'eval_eval_runtime': 1.1199, 'eval_eval_samples_per_second': 1785.816, 'eval_eval_steps_per_second': 28.573, 'epoch': 171.28}
{'eval_train_loss': 2.6513554018947616e-08, 'eval_train_token_acc': 0.9447025707115241, 'eval_train_seq_acc': 0.0, 'eval_train_move_acc': 1.0, 'eval_train_mod4_acc': 1.0, 'eval_train_runtime': 0.5615, 'eval_train_samples_per_second': 1780.814, 'eval_train_steps_per_second': 28.493, 'epoch': 171.28}
{'loss': 0.0, 'learning_rate': 1.372041111357983e-05, 'epoch': 172.34}
{'eval_eval_loss': 3.993619657194358e-08, 'eval_eval_token_acc': 0.942013925894348, 'eval_eval_seq_acc': 0.0, 'eval_eval_move_acc': 1.0, 'eval_eval_mod4_acc': 1.0, 'eval_eval_runtime': 1.121, 'eval_eval_samples_per_second': 1784.115, 'eval_eval_steps_per_second': 28.546, 'epoch': 172.34}
{'eval_train_loss': 2.28991634543263e-08, 'eval_train_token_acc': 0.9447025707115241, 'eval_train_seq_acc': 0.0, 'eval_train_move_acc': 1.0, 'eval_train_mod4_acc': 1.0, 'eval_train_runtime': 0.5605, 'eval_train_samples_per_second': 1784.058, 'eval_train_steps_per_second': 28.545, 'epoch': 172.34}
{'loss': 0.0, 'learning_rate': 1.3535517356686595e-05, 'epoch': 173.4}
{'eval_eval_loss': 3.475032883670792e-08, 'eval_eval_token_acc': 0.942013925894348, 'eval_eval_seq_acc': 0.0, 'eval_eval_move_acc': 1.0, 'eval_eval_mod4_acc': 1.0, 'eval_eval_runtime': 1.1202, 'eval_eval_samples_per_second': 1785.329, 'eval_eval_steps_per_second': 28.565, 'epoch': 173.4}
{'eval_train_loss': 2.0081118989878632e-08, 'eval_train_token_acc': 0.9447025707115241, 'eval_train_seq_acc': 0.0, 'eval_train_move_acc': 1.0, 'eval_train_mod4_acc': 1.0, 'eval_train_runtime': 0.5602, 'eval_train_samples_per_second': 1785.162, 'eval_train_steps_per_second': 28.563, 'epoch': 173.4}
  Pushed checkpoint step-41000 to ijinyu1113/ft_mr3_70m_seed2_purenum
{'loss': 0.0, 'learning_rate': 1.335084798550238e-05, 'epoch': 174.47}
{'eval_eval_loss': 3.0274492246462614e-08, 'eval_eval_token_acc': 0.942013925894348, 'eval_eval_seq_acc': 0.0, 'eval_eval_move_acc': 1.0, 'eval_eval_mod4_acc': 1.0, 'eval_eval_runtime': 1.1199, 'eval_eval_samples_per_second': 1785.952, 'eval_eval_steps_per_second': 28.575, 'epoch': 174.47}
{'eval_train_loss': 1.7575661814817067e-08, 'eval_train_token_acc': 0.9447025707115241, 'eval_train_seq_acc': 0.0, 'eval_train_move_acc': 1.0, 'eval_train_mod4_acc': 1.0, 'eval_train_runtime': 0.5606, 'eval_train_samples_per_second': 1783.897, 'eval_train_steps_per_second': 28.542, 'epoch': 174.47}
{'loss': 0.0, 'learning_rate': 1.3166431294775487e-05, 'epoch': 175.53}
{'eval_eval_loss': 2.6264755703664378e-08, 'eval_eval_token_acc': 0.942013925894348, 'eval_eval_seq_acc': 0.0, 'eval_eval_move_acc': 1.0, 'eval_eval_mod4_acc': 1.0, 'eval_eval_runtime': 1.1184, 'eval_eval_samples_per_second': 1788.259, 'eval_eval_steps_per_second': 28.612, 'epoch': 175.53}
{'eval_train_loss': 1.542341188098817e-08, 'eval_train_token_acc': 0.9447025707115241, 'eval_train_seq_acc': 0.0, 'eval_train_move_acc': 1.0, 'eval_train_mod4_acc': 1.0, 'eval_train_runtime': 0.5593, 'eval_train_samples_per_second': 1788.051, 'eval_train_steps_per_second': 28.609, 'epoch': 175.53}
{'loss': 0.0, 'learning_rate': 1.2982295540538918e-05, 'epoch': 176.6}
{'eval_eval_loss': 2.2667270727083633e-08, 'eval_eval_token_acc': 0.942013925894348, 'eval_eval_seq_acc': 0.0, 'eval_eval_move_acc': 1.0, 'eval_eval_mod4_acc': 1.0, 'eval_eval_runtime': 1.1201, 'eval_eval_samples_per_second': 1785.562, 'eval_eval_steps_per_second': 28.569, 'epoch': 176.6}
{'eval_train_loss': 1.3319581881887643e-08, 'eval_train_token_acc': 0.9447025707115241, 'eval_train_seq_acc': 0.0, 'eval_train_move_acc': 1.0, 'eval_train_mod4_acc': 1.0, 'eval_train_runtime': 0.5606, 'eval_train_samples_per_second': 1783.949, 'eval_train_steps_per_second': 28.543, 'epoch': 176.6}
{'loss': 0.0, 'learning_rate': 1.279846893578104e-05, 'epoch': 177.66}
{'eval_eval_loss': 1.9754477165179196e-08, 'eval_eval_token_acc': 0.942013925894348, 'eval_eval_seq_acc': 0.0, 'eval_eval_move_acc': 1.0, 'eval_eval_mod4_acc': 1.0, 'eval_eval_runtime': 1.12, 'eval_eval_samples_per_second': 1785.761, 'eval_eval_steps_per_second': 28.572, 'epoch': 177.66}
{'eval_train_loss': 1.1645004960314509e-08, 'eval_train_token_acc': 0.9447025707115241, 'eval_train_seq_acc': 0.0, 'eval_train_move_acc': 1.0, 'eval_train_mod4_acc': 1.0, 'eval_train_runtime': 0.5615, 'eval_train_samples_per_second': 1780.792, 'eval_train_steps_per_second': 28.493, 'epoch': 177.66}
  Pushed checkpoint step-42000 to ijinyu1113/ft_mr3_70m_seed2_purenum
{'loss': 0.0, 'learning_rate': 1.2614979646122818e-05, 'epoch': 178.72}
{'eval_eval_loss': 1.7014873066045766e-08, 'eval_eval_token_acc': 0.942013925894348, 'eval_eval_seq_acc': 0.0, 'eval_eval_move_acc': 1.0, 'eval_eval_mod4_acc': 1.0, 'eval_eval_runtime': 1.1174, 'eval_eval_samples_per_second': 1789.938, 'eval_eval_steps_per_second': 28.639, 'epoch': 178.72}
{'eval_train_loss': 9.991775407058867e-09, 'eval_train_token_acc': 0.9447025707115241, 'eval_train_seq_acc': 0.0, 'eval_train_move_acc': 1.0, 'eval_train_mod4_acc': 1.0, 'eval_train_runtime': 0.5598, 'eval_train_samples_per_second': 1786.376, 'eval_train_steps_per_second': 28.582, 'epoch': 178.72}
{'loss': 0.0, 'learning_rate': 1.2431855785502335e-05, 'epoch': 179.79}
{'eval_eval_loss': 1.472273147840042e-08, 'eval_eval_token_acc': 0.942013925894348, 'eval_eval_seq_acc': 0.0, 'eval_eval_move_acc': 1.0, 'eval_eval_mod4_acc': 1.0, 'eval_eval_runtime': 1.1176, 'eval_eval_samples_per_second': 1789.573, 'eval_eval_steps_per_second': 28.633, 'epoch': 179.79}
{'eval_train_loss': 8.810593143948608e-09, 'eval_train_token_acc': 0.9447025707115241, 'eval_train_seq_acc': 0.0, 'eval_train_move_acc': 1.0, 'eval_train_mod4_acc': 1.0, 'eval_train_runtime': 0.5604, 'eval_train_samples_per_second': 1784.482, 'eval_train_steps_per_second': 28.552, 'epoch': 179.79}
{'loss': 0.0, 'learning_rate': 1.2249125411867217e-05, 'epoch': 180.85}
{'eval_eval_loss': 1.2736867560647624e-08, 'eval_eval_token_acc': 0.942013925894348, 'eval_eval_seq_acc': 0.0, 'eval_eval_move_acc': 1.0, 'eval_eval_mod4_acc': 1.0, 'eval_eval_runtime': 1.118, 'eval_eval_samples_per_second': 1788.95, 'eval_eval_steps_per_second': 28.623, 'epoch': 180.85}
{'eval_train_loss': 7.633937926243561e-09, 'eval_train_token_acc': 0.9447025707115241, 'eval_train_seq_acc': 0.0, 'eval_train_move_acc': 1.0, 'eval_train_mod4_acc': 1.0, 'eval_train_runtime': 0.5594, 'eval_train_samples_per_second': 1787.53, 'eval_train_steps_per_second': 28.6, 'epoch': 180.85}
{'loss': 0.0, 'learning_rate': 1.2066816522875634e-05, 'epoch': 181.91}
{'eval_eval_loss': 1.101718449803002e-08, 'eval_eval_token_acc': 0.942013925894348, 'eval_eval_seq_acc': 0.0, 'eval_eval_move_acc': 1.0, 'eval_eval_mod4_acc': 1.0, 'eval_eval_runtime': 1.1196, 'eval_eval_samples_per_second': 1786.429, 'eval_eval_steps_per_second': 28.583, 'epoch': 181.91}
{'eval_train_loss': 6.665019203211386e-09, 'eval_train_token_acc': 0.9447025707115241, 'eval_train_seq_acc': 0.0, 'eval_train_move_acc': 1.0, 'eval_train_mod4_acc': 1.0, 'eval_train_runtime': 0.5602, 'eval_train_samples_per_second': 1784.967, 'eval_train_steps_per_second': 28.559, 'epoch': 181.91}
  Pushed checkpoint step-43000 to ijinyu1113/ft_mr3_70m_seed2_purenum
{'loss': 0.0, 'learning_rate': 1.1884957051606551e-05, 'epoch': 182.98}
{'eval_eval_loss': 9.545018109236025e-09, 'eval_eval_token_acc': 0.942013925894348, 'eval_eval_seq_acc': 0.0, 'eval_eval_move_acc': 1.0, 'eval_eval_mod4_acc': 1.0, 'eval_eval_runtime': 1.1212, 'eval_eval_samples_per_second': 1783.799, 'eval_eval_steps_per_second': 28.541, 'epoch': 182.98}
{'eval_train_loss': 5.84378279100406e-09, 'eval_train_token_acc': 0.9447025707115241, 'eval_train_seq_acc': 0.0, 'eval_train_move_acc': 1.0, 'eval_train_mod4_acc': 1.0, 'eval_train_runtime': 0.5603, 'eval_train_samples_per_second': 1784.737, 'eval_train_steps_per_second': 28.556, 'epoch': 182.98}
{'loss': 0.0, 'learning_rate': 1.1703574862279862e-05, 'epoch': 184.04}
{'eval_eval_loss': 8.247325489207924e-09, 'eval_eval_token_acc': 0.942013925894348, 'eval_eval_seq_acc': 0.0, 'eval_eval_move_acc': 1.0, 'eval_eval_mod4_acc': 1.0, 'eval_eval_runtime': 1.1194, 'eval_eval_samples_per_second': 1786.617, 'eval_eval_steps_per_second': 28.586, 'epoch': 184.04}
{'eval_train_loss': 5.1366400022345715e-09, 'eval_train_token_acc': 0.9447025707115241, 'eval_train_seq_acc': 0.0, 'eval_train_move_acc': 1.0, 'eval_train_mod4_acc': 1.0, 'eval_train_runtime': 0.5599, 'eval_train_samples_per_second': 1786.162, 'eval_train_steps_per_second': 28.579, 'epoch': 184.04}
{'loss': 0.0, 'learning_rate': 1.1522697745987076e-05, 'epoch': 185.11}
{'eval_eval_loss': 7.110186661662965e-09, 'eval_eval_token_acc': 0.942013925894348, 'eval_eval_seq_acc': 0.0, 'eval_eval_move_acc': 1.0, 'eval_eval_mod4_acc': 1.0, 'eval_eval_runtime': 1.1209, 'eval_eval_samples_per_second': 1784.202, 'eval_eval_steps_per_second': 28.547, 'epoch': 185.11}
{'eval_train_loss': 4.605713144201218e-09, 'eval_train_token_acc': 0.9447025707115241, 'eval_train_seq_acc': 0.0, 'eval_train_move_acc': 1.0, 'eval_train_mod4_acc': 1.0, 'eval_train_runtime': 0.562, 'eval_train_samples_per_second': 1779.239, 'eval_train_steps_per_second': 28.468, 'epoch': 185.11}
{'loss': 0.0, 'learning_rate': 1.1342353416433218e-05, 'epoch': 186.17}
{'eval_eval_loss': 6.162052201830193e-09, 'eval_eval_token_acc': 0.942013925894348, 'eval_eval_seq_acc': 0.0, 'eval_eval_move_acc': 1.0, 'eval_eval_mod4_acc': 1.0, 'eval_eval_runtime': 1.1202, 'eval_eval_samples_per_second': 1785.409, 'eval_eval_steps_per_second': 28.567, 'epoch': 186.17}
{'eval_train_loss': 4.258596586481644e-09, 'eval_train_token_acc': 0.9447025707115241, 'eval_train_seq_acc': 0.0, 'eval_train_move_acc': 1.0, 'eval_train_mod4_acc': 1.0, 'eval_train_runtime': 0.5612, 'eval_train_samples_per_second': 1781.948, 'eval_train_steps_per_second': 28.511, 'epoch': 186.17}
  Pushed checkpoint step-44000 to ijinyu1113/ft_mr3_70m_seed2_purenum
{'loss': 0.0, 'learning_rate': 1.1162569505690563e-05, 'epoch': 187.23}
{'eval_eval_loss': 5.517375889496634e-09, 'eval_eval_token_acc': 0.942013925894348, 'eval_eval_seq_acc': 0.0, 'eval_eval_move_acc': 1.0, 'eval_eval_mod4_acc': 1.0, 'eval_eval_runtime': 1.1201, 'eval_eval_samples_per_second': 1785.613, 'eval_eval_steps_per_second': 28.57, 'epoch': 187.23}
{'eval_train_loss': 4.0149710223147395e-09, 'eval_train_token_acc': 0.9447025707115241, 'eval_train_seq_acc': 0.0, 'eval_train_move_acc': 1.0, 'eval_train_mod4_acc': 1.0, 'eval_train_runtime': 0.56, 'eval_train_samples_per_second': 1785.779, 'eval_train_steps_per_second': 28.572, 'epoch': 187.23}
{'loss': 0.0, 'learning_rate': 1.0983373559964911e-05, 'epoch': 188.3}
{'eval_eval_loss': 5.07296427088022e-09, 'eval_eval_token_acc': 0.942013925894348, 'eval_eval_seq_acc': 0.0, 'eval_eval_move_acc': 1.0, 'eval_eval_mod4_acc': 1.0, 'eval_eval_runtime': 1.1395, 'eval_eval_samples_per_second': 1755.214, 'eval_eval_steps_per_second': 28.083, 'epoch': 188.3}
{'eval_train_loss': 3.7384602080692275e-09, 'eval_train_token_acc': 0.9447025707115241, 'eval_train_seq_acc': 0.0, 'eval_train_move_acc': 1.0, 'eval_train_mod4_acc': 1.0, 'eval_train_runtime': 0.5614, 'eval_train_samples_per_second': 1781.166, 'eval_train_steps_per_second': 28.499, 'epoch': 188.3}
{'loss': 0.0, 'learning_rate': 1.0804793035374997e-05, 'epoch': 189.36}
{'eval_eval_loss': 4.9936930146543546e-09, 'eval_eval_token_acc': 0.942013925894348, 'eval_eval_seq_acc': 0.0, 'eval_eval_move_acc': 1.0, 'eval_eval_mod4_acc': 1.0, 'eval_eval_runtime': 1.1158, 'eval_eval_samples_per_second': 1792.437, 'eval_eval_steps_per_second': 28.679, 'epoch': 189.36}
{'eval_train_loss': 3.923573022035498e-09, 'eval_train_token_acc': 0.9447025707115241, 'eval_train_seq_acc': 0.0, 'eval_train_move_acc': 1.0, 'eval_train_mod4_acc': 1.0, 'eval_train_runtime': 0.5598, 'eval_train_samples_per_second': 1786.375, 'eval_train_steps_per_second': 28.582, 'epoch': 189.36}
{'loss': 0.0, 'learning_rate': 1.06268552937457e-05, 'epoch': 190.43}
{'eval_eval_loss': 4.881909099196946e-09, 'eval_eval_token_acc': 0.942013925894348, 'eval_eval_seq_acc': 0.0, 'eval_eval_move_acc': 1.0, 'eval_eval_mod4_acc': 1.0, 'eval_eval_runtime': 1.1167, 'eval_eval_samples_per_second': 1790.959, 'eval_eval_steps_per_second': 28.655, 'epoch': 190.43}
{'eval_train_loss': 3.8651468692307844e-09, 'eval_train_token_acc': 0.9447025707115241, 'eval_train_seq_acc': 0.0, 'eval_train_move_acc': 1.0, 'eval_train_mod4_acc': 1.0, 'eval_train_runtime': 0.5585, 'eval_train_samples_per_second': 1790.583, 'eval_train_steps_per_second': 28.649, 'epoch': 190.43}
  Pushed checkpoint step-45000 to ijinyu1113/ft_mr3_70m_seed2_purenum
{'loss': 0.0, 'learning_rate': 1.0449587598415714e-05, 'epoch': 191.49}
{'eval_eval_loss': 5.1312318838370174e-09, 'eval_eval_token_acc': 0.942013925894348, 'eval_eval_seq_acc': 0.0, 'eval_eval_move_acc': 1.0, 'eval_eval_mod4_acc': 1.0, 'eval_eval_runtime': 1.1214, 'eval_eval_samples_per_second': 1783.494, 'eval_eval_steps_per_second': 28.536, 'epoch': 191.49}
{'eval_train_loss': 4.385502627712867e-09, 'eval_train_token_acc': 0.9447025707115241, 'eval_train_seq_acc': 0.0, 'eval_train_move_acc': 1.0, 'eval_train_mod4_acc': 1.0, 'eval_train_runtime': 0.5603, 'eval_train_samples_per_second': 1784.851, 'eval_train_steps_per_second': 28.558, 'epoch': 191.49}
{'loss': 0.0, 'learning_rate': 1.0273017110060303e-05, 'epoch': 192.55}
{'eval_eval_loss': 5.526560986623963e-09, 'eval_eval_token_acc': 0.942013925894348, 'eval_eval_seq_acc': 0.0, 'eval_eval_move_acc': 1.0, 'eval_eval_mod4_acc': 1.0, 'eval_eval_runtime': 1.1321, 'eval_eval_samples_per_second': 1766.676, 'eval_eval_steps_per_second': 28.267, 'epoch': 192.55}
{'eval_train_loss': 5.230218036444967e-09, 'eval_train_token_acc': 0.9447025707115241, 'eval_train_seq_acc': 0.0, 'eval_train_move_acc': 1.0, 'eval_train_mod4_acc': 1.0, 'eval_train_runtime': 0.5619, 'eval_train_samples_per_second': 1779.783, 'eval_train_steps_per_second': 28.477, 'epoch': 192.55}
{'loss': 0.0, 'learning_rate': 1.0097170882529782e-05, 'epoch': 193.62}
{'eval_eval_loss': 5.742098796446271e-09, 'eval_eval_token_acc': 0.942013925894348, 'eval_eval_seq_acc': 0.0, 'eval_eval_move_acc': 1.0, 'eval_eval_mod4_acc': 1.0, 'eval_eval_runtime': 1.1209, 'eval_eval_samples_per_second': 1784.218, 'eval_eval_steps_per_second': 28.547, 'epoch': 193.62}
{'eval_train_loss': 6.072903513398842e-09, 'eval_train_token_acc': 0.9447025707115241, 'eval_train_seq_acc': 0.0, 'eval_train_move_acc': 1.0, 'eval_train_mod4_acc': 1.0, 'eval_train_runtime': 0.561, 'eval_train_samples_per_second': 1782.5, 'eval_train_steps_per_second': 28.52, 'epoch': 193.62}
{'loss': 0.0, 'learning_rate': 9.922075858704368e-06, 'epoch': 194.68}
{'eval_eval_loss': 3.8027558879605294e-09, 'eval_eval_token_acc': 0.942013925894348, 'eval_eval_seq_acc': 0.0, 'eval_eval_move_acc': 1.0, 'eval_eval_mod4_acc': 1.0, 'eval_eval_runtime': 1.1181, 'eval_eval_samples_per_second': 1788.782, 'eval_eval_steps_per_second': 28.621, 'epoch': 194.68}
{'eval_train_loss': 3.5817977472873963e-09, 'eval_train_token_acc': 0.9447025707115241, 'eval_train_seq_acc': 0.0, 'eval_train_move_acc': 1.0, 'eval_train_mod4_acc': 1.0, 'eval_train_runtime': 0.5614, 'eval_train_samples_per_second': 1781.124, 'eval_train_steps_per_second': 28.498, 'epoch': 194.68}
  Pushed checkpoint step-46000 to ijinyu1113/ft_mr3_70m_seed2_purenum
{'loss': 0.0, 'learning_rate': 9.747758866366046e-06, 'epoch': 195.74}
{'eval_eval_loss': 5.106940204058219e-09, 'eval_eval_token_acc': 0.942013925894348, 'eval_eval_seq_acc': 0.0, 'eval_eval_move_acc': 1.0, 'eval_eval_mod4_acc': 1.0, 'eval_eval_runtime': 1.1163, 'eval_eval_samples_per_second': 1791.593, 'eval_eval_steps_per_second': 28.665, 'epoch': 195.74}
{'eval_train_loss': 4.3355625756191785e-09, 'eval_train_token_acc': 0.9447025707115241, 'eval_train_seq_acc': 0.0, 'eval_train_move_acc': 1.0, 'eval_train_mod4_acc': 1.0, 'eval_train_runtime': 0.559, 'eval_train_samples_per_second': 1788.79, 'eval_train_steps_per_second': 28.621, 'epoch': 195.74}
{'loss': 0.0004, 'learning_rate': 9.574246614088038e-06, 'epoch': 196.81}
{'eval_eval_loss': 4.3947652557108086e-06, 'eval_eval_token_acc': 0.942013925894348, 'eval_eval_seq_acc': 0.0, 'eval_eval_move_acc': 1.0, 'eval_eval_mod4_acc': 1.0, 'eval_eval_runtime': 1.1375, 'eval_eval_samples_per_second': 1758.273, 'eval_eval_steps_per_second': 28.132, 'epoch': 196.81}
{'eval_train_loss': 1.3702169781026896e-06, 'eval_train_token_acc': 0.9447025707115241, 'eval_train_seq_acc': 0.0, 'eval_train_move_acc': 1.0, 'eval_train_mod4_acc': 1.0, 'eval_train_runtime': 0.5747, 'eval_train_samples_per_second': 1739.956, 'eval_train_steps_per_second': 27.839, 'epoch': 196.81}
{'loss': 0.0, 'learning_rate': 9.401565687142579e-06, 'epoch': 197.87}
{'eval_eval_loss': 1.3753857501797029e-06, 'eval_eval_token_acc': 0.942013925894348, 'eval_eval_seq_acc': 0.0, 'eval_eval_move_acc': 1.0, 'eval_eval_mod4_acc': 1.0, 'eval_eval_runtime': 1.1212, 'eval_eval_samples_per_second': 1783.799, 'eval_eval_steps_per_second': 28.541, 'epoch': 197.87}
{'eval_train_loss': 5.698675522580743e-07, 'eval_train_token_acc': 0.9447025707115241, 'eval_train_seq_acc': 0.0, 'eval_train_move_acc': 1.0, 'eval_train_mod4_acc': 1.0, 'eval_train_runtime': 0.5598, 'eval_train_samples_per_second': 1786.239, 'eval_train_steps_per_second': 28.58, 'epoch': 197.87}
{'loss': 0.0, 'learning_rate': 9.229742543427552e-06, 'epoch': 198.94}
{'eval_eval_loss': 9.241273914994963e-07, 'eval_eval_token_acc': 0.942013925894348, 'eval_eval_seq_acc': 0.0, 'eval_eval_move_acc': 1.0, 'eval_eval_mod4_acc': 1.0, 'eval_eval_runtime': 1.1171, 'eval_eval_samples_per_second': 1790.34, 'eval_eval_steps_per_second': 28.645, 'epoch': 198.94}
{'eval_train_loss': 3.757770059564791e-07, 'eval_train_token_acc': 0.9447025707115241, 'eval_train_seq_acc': 0.0, 'eval_train_move_acc': 1.0, 'eval_train_mod4_acc': 1.0, 'eval_train_runtime': 0.5596, 'eval_train_samples_per_second': 1787.051, 'eval_train_steps_per_second': 28.593, 'epoch': 198.94}
  Pushed checkpoint step-47000 to ijinyu1113/ft_mr3_70m_seed2_purenum
{'loss': 0.0, 'learning_rate': 9.058803509412647e-06, 'epoch': 200.0}
{'eval_eval_loss': 6.84763335812022e-07, 'eval_eval_token_acc': 0.942013925894348, 'eval_eval_seq_acc': 0.0, 'eval_eval_move_acc': 1.0, 'eval_eval_mod4_acc': 1.0, 'eval_eval_runtime': 1.1219, 'eval_eval_samples_per_second': 1782.674, 'eval_eval_steps_per_second': 28.523, 'epoch': 200.0}
{'eval_train_loss': 2.819243150042894e-07, 'eval_train_token_acc': 0.9447025707115241, 'eval_train_seq_acc': 0.0, 'eval_train_move_acc': 1.0, 'eval_train_mod4_acc': 1.0, 'eval_train_runtime': 0.5605, 'eval_train_samples_per_second': 1784.248, 'eval_train_steps_per_second': 28.548, 'epoch': 200.0}
{'loss': 0.0, 'learning_rate': 8.888774776105679e-06, 'epoch': 201.06}
{'eval_eval_loss': 5.395509106165264e-07, 'eval_eval_token_acc': 0.942013925894348, 'eval_eval_seq_acc': 0.0, 'eval_eval_move_acc': 1.0, 'eval_eval_mod4_acc': 1.0, 'eval_eval_runtime': 1.1332, 'eval_eval_samples_per_second': 1764.987, 'eval_eval_steps_per_second': 28.24, 'epoch': 201.06}
{'eval_train_loss': 2.2238995711632015e-07, 'eval_train_token_acc': 0.9447025707115241, 'eval_train_seq_acc': 0.0, 'eval_train_move_acc': 1.0, 'eval_train_mod4_acc': 1.0, 'eval_train_runtime': 0.5719, 'eval_train_samples_per_second': 1748.644, 'eval_train_steps_per_second': 27.978, 'epoch': 201.06}
{'loss': 0.0, 'learning_rate': 8.719682395039619e-06, 'epoch': 202.13}
{'eval_eval_loss': 4.3701345475710696e-07, 'eval_eval_token_acc': 0.942013925894348, 'eval_eval_seq_acc': 0.0, 'eval_eval_move_acc': 1.0, 'eval_eval_mod4_acc': 1.0, 'eval_eval_runtime': 1.12, 'eval_eval_samples_per_second': 1785.779, 'eval_eval_steps_per_second': 28.572, 'epoch': 202.13}
{'eval_train_loss': 1.8083578368077724e-07, 'eval_train_token_acc': 0.9447025707115241, 'eval_train_seq_acc': 0.0, 'eval_train_move_acc': 1.0, 'eval_train_mod4_acc': 1.0, 'eval_train_runtime': 0.5605, 'eval_train_samples_per_second': 1784.056, 'eval_train_steps_per_second': 28.545, 'epoch': 202.13}
{'loss': 0.0, 'learning_rate': 8.551552274281049e-06, 'epoch': 203.19}
{'eval_eval_loss': 3.622832025484968e-07, 'eval_eval_token_acc': 0.942013925894348, 'eval_eval_seq_acc': 0.0, 'eval_eval_move_acc': 1.0, 'eval_eval_mod4_acc': 1.0, 'eval_eval_runtime': 1.1188, 'eval_eval_samples_per_second': 1787.637, 'eval_eval_steps_per_second': 28.602, 'epoch': 203.19}
{'eval_train_loss': 1.5133372244235943e-07, 'eval_train_token_acc': 0.9447025707115241, 'eval_train_seq_acc': 0.0, 'eval_train_move_acc': 1.0, 'eval_train_mod4_acc': 1.0, 'eval_train_runtime': 0.5591, 'eval_train_samples_per_second': 1788.62, 'eval_train_steps_per_second': 28.618, 'epoch': 203.19}
  Pushed checkpoint step-48000 to ijinyu1113/ft_mr3_70m_seed2_purenum
{'loss': 0.0, 'learning_rate': 8.384410174460525e-06, 'epoch': 204.26}
{'eval_eval_loss': 3.0420957841670315e-07, 'eval_eval_token_acc': 0.942013925894348, 'eval_eval_seq_acc': 0.0, 'eval_eval_move_acc': 1.0, 'eval_eval_mod4_acc': 1.0, 'eval_eval_runtime': 1.1205, 'eval_eval_samples_per_second': 1784.89, 'eval_eval_steps_per_second': 28.558, 'epoch': 204.26}
{'eval_train_loss': 1.2770316004662163e-07, 'eval_train_token_acc': 0.9447025707115241, 'eval_train_seq_acc': 0.0, 'eval_train_move_acc': 1.0, 'eval_train_mod4_acc': 1.0, 'eval_train_runtime': 0.5593, 'eval_train_samples_per_second': 1787.881, 'eval_train_steps_per_second': 28.606, 'epoch': 204.26}
{'loss': 0.0, 'learning_rate': 8.218281704825633e-06, 'epoch': 205.32}
{'eval_eval_loss': 2.581616058705549e-07, 'eval_eval_token_acc': 0.942013925894348, 'eval_eval_seq_acc': 0.0, 'eval_eval_move_acc': 1.0, 'eval_eval_mod4_acc': 1.0, 'eval_eval_runtime': 1.1311, 'eval_eval_samples_per_second': 1768.249, 'eval_eval_steps_per_second': 28.292, 'epoch': 205.32}
{'eval_train_loss': 1.0978489228818944e-07, 'eval_train_token_acc': 0.9447025707115241, 'eval_train_seq_acc': 0.0, 'eval_train_move_acc': 1.0, 'eval_train_mod4_acc': 1.0, 'eval_train_runtime': 0.5726, 'eval_train_samples_per_second': 1746.569, 'eval_train_steps_per_second': 27.945, 'epoch': 205.32}
{'loss': 0.0, 'learning_rate': 8.05319231931712e-06, 'epoch': 206.38}
{'eval_eval_loss': 2.2281545852820273e-07, 'eval_eval_token_acc': 0.942013925894348, 'eval_eval_seq_acc': 0.0, 'eval_eval_move_acc': 1.0, 'eval_eval_mod4_acc': 1.0, 'eval_eval_runtime': 1.1206, 'eval_eval_samples_per_second': 1784.817, 'eval_eval_steps_per_second': 28.557, 'epoch': 206.38}
{'eval_train_loss': 9.52502858808657e-08, 'eval_train_token_acc': 0.9447025707115241, 'eval_train_seq_acc': 0.0, 'eval_train_move_acc': 1.0, 'eval_train_mod4_acc': 1.0, 'eval_train_runtime': 0.5611, 'eval_train_samples_per_second': 1782.24, 'eval_train_steps_per_second': 28.516, 'epoch': 206.38}
{'loss': 0.0, 'learning_rate': 7.889167312668936e-06, 'epoch': 207.45}
{'eval_eval_loss': 1.928266186723704e-07, 'eval_eval_token_acc': 0.942013925894348, 'eval_eval_seq_acc': 0.0, 'eval_eval_move_acc': 1.0, 'eval_eval_mod4_acc': 1.0, 'eval_eval_runtime': 1.1202, 'eval_eval_samples_per_second': 1785.322, 'eval_eval_steps_per_second': 28.565, 'epoch': 207.45}
{'eval_train_loss': 8.297466536077991e-08, 'eval_train_token_acc': 0.9447025707115241, 'eval_train_seq_acc': 0.0, 'eval_train_move_acc': 1.0, 'eval_train_mod4_acc': 1.0, 'eval_train_runtime': 0.5605, 'eval_train_samples_per_second': 1784.038, 'eval_train_steps_per_second': 28.545, 'epoch': 207.45}
  Pushed checkpoint step-49000 to ijinyu1113/ft_mr3_70m_seed2_purenum
{'loss': 0.0, 'learning_rate': 7.726231816532574e-06, 'epoch': 208.51}
{'eval_eval_loss': 1.6719020834443654e-07, 'eval_eval_token_acc': 0.942013925894348, 'eval_eval_seq_acc': 0.0, 'eval_eval_move_acc': 1.0, 'eval_eval_mod4_acc': 1.0, 'eval_eval_runtime': 1.125, 'eval_eval_samples_per_second': 1777.745, 'eval_eval_steps_per_second': 28.444, 'epoch': 208.51}
{'eval_train_loss': 7.34466496510322e-08, 'eval_train_token_acc': 0.9447025707115241, 'eval_train_seq_acc': 0.0, 'eval_train_move_acc': 1.0, 'eval_train_mod4_acc': 1.0, 'eval_train_runtime': 0.5627, 'eval_train_samples_per_second': 1777.204, 'eval_train_steps_per_second': 28.435, 'epoch': 208.51}
{'loss': 0.0, 'learning_rate': 7.5644107956264455e-06, 'epoch': 209.57}
{'eval_eval_loss': 1.461901319999015e-07, 'eval_eval_token_acc': 0.942013925894348, 'eval_eval_seq_acc': 0.0, 'eval_eval_move_acc': 1.0, 'eval_eval_mod4_acc': 1.0, 'eval_eval_runtime': 1.1171, 'eval_eval_samples_per_second': 1790.397, 'eval_eval_steps_per_second': 28.646, 'epoch': 209.57}
{'eval_train_loss': 6.457140244719994e-08, 'eval_train_token_acc': 0.9447025707115241, 'eval_train_seq_acc': 0.0, 'eval_train_move_acc': 1.0, 'eval_train_mod4_acc': 1.0, 'eval_train_runtime': 0.5619, 'eval_train_samples_per_second': 1779.533, 'eval_train_steps_per_second': 28.473, 'epoch': 209.57}
{'loss': 0.0, 'learning_rate': 7.40372904391086e-06, 'epoch': 210.64}
{'eval_eval_loss': 1.302134506886432e-07, 'eval_eval_token_acc': 0.942013925894348, 'eval_eval_seq_acc': 0.0, 'eval_eval_move_acc': 1.0, 'eval_eval_mod4_acc': 1.0, 'eval_eval_runtime': 1.1174, 'eval_eval_samples_per_second': 1789.915, 'eval_eval_steps_per_second': 28.639, 'epoch': 210.64}
{'eval_train_loss': 5.751321552338595e-08, 'eval_train_token_acc': 0.9447025707115241, 'eval_train_seq_acc': 0.0, 'eval_train_move_acc': 1.0, 'eval_train_mod4_acc': 1.0, 'eval_train_runtime': 0.56, 'eval_train_samples_per_second': 1785.683, 'eval_train_steps_per_second': 28.571, 'epoch': 210.64}
{'loss': 0.0, 'learning_rate': 7.244211180789079e-06, 'epoch': 211.7}
{'eval_eval_loss': 1.1501822427817388e-07, 'eval_eval_token_acc': 0.942013925894348, 'eval_eval_seq_acc': 0.0, 'eval_eval_move_acc': 1.0, 'eval_eval_mod4_acc': 1.0, 'eval_eval_runtime': 1.1187, 'eval_eval_samples_per_second': 1787.795, 'eval_eval_steps_per_second': 28.605, 'epoch': 211.7}
{'eval_train_loss': 5.109779976919526e-08, 'eval_train_token_acc': 0.9447025707115241, 'eval_train_seq_acc': 0.0, 'eval_train_move_acc': 1.0, 'eval_train_mod4_acc': 1.0, 'eval_train_runtime': 0.5606, 'eval_train_samples_per_second': 1783.857, 'eval_train_steps_per_second': 28.542, 'epoch': 211.7}
  Pushed checkpoint step-50000 to ijinyu1113/ft_mr3_70m_seed2_purenum
{'loss': 0.0, 'learning_rate': 7.085881647335225e-06, 'epoch': 212.77}
{'eval_eval_loss': 1.0171983433338028e-07, 'eval_eval_token_acc': 0.942013925894348, 'eval_eval_seq_acc': 0.0, 'eval_eval_move_acc': 1.0, 'eval_eval_mod4_acc': 1.0, 'eval_eval_runtime': 1.124, 'eval_eval_samples_per_second': 1779.3, 'eval_eval_steps_per_second': 28.469, 'epoch': 212.77}
{'eval_train_loss': 4.523156604818723e-08, 'eval_train_token_acc': 0.9447025707115241, 'eval_train_seq_acc': 0.0, 'eval_train_move_acc': 1.0, 'eval_train_mod4_acc': 1.0, 'eval_train_runtime': 0.5609, 'eval_train_samples_per_second': 1782.697, 'eval_train_steps_per_second': 28.523, 'epoch': 212.77}
{'loss': 0.0, 'learning_rate': 6.928764702549411e-06, 'epoch': 213.83}
{'eval_eval_loss': 9.056481076186174e-08, 'eval_eval_token_acc': 0.942013925894348, 'eval_eval_seq_acc': 0.0, 'eval_eval_move_acc': 1.0, 'eval_eval_mod4_acc': 1.0, 'eval_eval_runtime': 1.1212, 'eval_eval_samples_per_second': 1783.766, 'eval_eval_steps_per_second': 28.54, 'epoch': 213.83}
{'eval_train_loss': 4.0430307990391157e-08, 'eval_train_token_acc': 0.9447025707115241, 'eval_train_seq_acc': 0.0, 'eval_train_move_acc': 1.0, 'eval_train_mod4_acc': 1.0, 'eval_train_runtime': 0.5622, 'eval_train_samples_per_second': 1778.592, 'eval_train_steps_per_second': 28.457, 'epoch': 213.83}
{'loss': 0.0, 'learning_rate': 6.772884419640854e-06, 'epoch': 214.89}
{'eval_eval_loss': 8.051809885500916e-08, 'eval_eval_token_acc': 0.942013925894348, 'eval_eval_seq_acc': 0.0, 'eval_eval_move_acc': 1.0, 'eval_eval_mod4_acc': 1.0, 'eval_eval_runtime': 1.1198, 'eval_eval_samples_per_second': 1786.002, 'eval_eval_steps_per_second': 28.576, 'epoch': 214.89}
{'eval_train_loss': 3.6215364929148564e-08, 'eval_train_token_acc': 0.9447025707115241, 'eval_train_seq_acc': 0.0, 'eval_train_move_acc': 1.0, 'eval_train_mod4_acc': 1.0, 'eval_train_runtime': 0.5609, 'eval_train_samples_per_second': 1782.958, 'eval_train_steps_per_second': 28.527, 'epoch': 214.89}
{'loss': 0.0, 'learning_rate': 6.618264682339377e-06, 'epoch': 215.96}
{'eval_eval_loss': 7.170518045995777e-08, 'eval_eval_token_acc': 0.942013925894348, 'eval_eval_seq_acc': 0.0, 'eval_eval_move_acc': 1.0, 'eval_eval_mod4_acc': 1.0, 'eval_eval_runtime': 1.1188, 'eval_eval_samples_per_second': 1787.59, 'eval_eval_steps_per_second': 28.601, 'epoch': 215.96}
{'eval_train_loss': 3.248764812724403e-08, 'eval_train_token_acc': 0.9447025707115241, 'eval_train_seq_acc': 0.0, 'eval_train_move_acc': 1.0, 'eval_train_mod4_acc': 1.0, 'eval_train_runtime': 0.5626, 'eval_train_samples_per_second': 1777.428, 'eval_train_steps_per_second': 28.439, 'epoch': 215.96}
  Pushed checkpoint step-51000 to ijinyu1113/ft_mr3_70m_seed2_purenum
{'loss': 0.0, 'learning_rate': 6.464929181236033e-06, 'epoch': 217.02}
{'eval_eval_loss': 6.400573226983397e-08, 'eval_eval_token_acc': 0.942013925894348, 'eval_eval_seq_acc': 0.0, 'eval_eval_move_acc': 1.0, 'eval_eval_mod4_acc': 1.0, 'eval_eval_runtime': 1.1253, 'eval_eval_samples_per_second': 1777.333, 'eval_eval_steps_per_second': 28.437, 'epoch': 217.02}
{'eval_train_loss': 2.9134312740097812e-08, 'eval_train_token_acc': 0.9447025707115241, 'eval_train_seq_acc': 0.0, 'eval_train_move_acc': 1.0, 'eval_train_mod4_acc': 1.0, 'eval_train_runtime': 0.5608, 'eval_train_samples_per_second': 1783.161, 'eval_train_steps_per_second': 28.531, 'epoch': 217.02}
{'loss': 0.0, 'learning_rate': 6.312901410153208e-06, 'epoch': 218.09}
{'eval_eval_loss': 5.7301996037040226e-08, 'eval_eval_token_acc': 0.942013925894348, 'eval_eval_seq_acc': 0.0, 'eval_eval_move_acc': 1.0, 'eval_eval_mod4_acc': 1.0, 'eval_eval_runtime': 1.1285, 'eval_eval_samples_per_second': 1772.22, 'eval_eval_steps_per_second': 28.356, 'epoch': 218.09}
{'eval_train_loss': 2.616010874589847e-08, 'eval_train_token_acc': 0.9447025707115241, 'eval_train_seq_acc': 0.0, 'eval_train_move_acc': 1.0, 'eval_train_mod4_acc': 1.0, 'eval_train_runtime': 0.5721, 'eval_train_samples_per_second': 1747.978, 'eval_train_steps_per_second': 27.968, 'epoch': 218.09}
{'loss': 0.0, 'learning_rate': 6.162204662544992e-06, 'epoch': 219.15}
{'eval_eval_loss': 5.13495059806246e-08, 'eval_eval_token_acc': 0.942013925894348, 'eval_eval_seq_acc': 0.0, 'eval_eval_move_acc': 1.0, 'eval_eval_mod4_acc': 1.0, 'eval_eval_runtime': 1.1187, 'eval_eval_samples_per_second': 1787.722, 'eval_eval_steps_per_second': 28.604, 'epoch': 219.15}
{'eval_train_loss': 2.3506968815922846e-08, 'eval_train_token_acc': 0.9447025707115241, 'eval_train_seq_acc': 0.0, 'eval_train_move_acc': 1.0, 'eval_train_mod4_acc': 1.0, 'eval_train_runtime': 0.5605, 'eval_train_samples_per_second': 1784.24, 'eval_train_steps_per_second': 28.548, 'epoch': 219.15}
{'loss': 0.0, 'learning_rate': 6.0128620279281635e-06, 'epoch': 220.21}
{'eval_eval_loss': 4.578449619430103e-08, 'eval_eval_token_acc': 0.942013925894348, 'eval_eval_seq_acc': 0.0, 'eval_eval_move_acc': 1.0, 'eval_eval_mod4_acc': 1.0, 'eval_eval_runtime': 1.1192, 'eval_eval_samples_per_second': 1787.05, 'eval_eval_steps_per_second': 28.593, 'epoch': 220.21}
{'eval_train_loss': 2.1050459153570955e-08, 'eval_train_token_acc': 0.9447025707115241, 'eval_train_seq_acc': 0.0, 'eval_train_move_acc': 1.0, 'eval_train_mod4_acc': 1.0, 'eval_train_runtime': 0.5597, 'eval_train_samples_per_second': 1786.827, 'eval_train_steps_per_second': 28.589, 'epoch': 220.21}
  Pushed checkpoint step-52000 to ijinyu1113/ft_mr3_70m_seed2_purenum
{'loss': 0.0, 'learning_rate': 5.864896388344442e-06, 'epoch': 221.28}
{'eval_eval_loss': 4.125976005298071e-08, 'eval_eval_token_acc': 0.942013925894348, 'eval_eval_seq_acc': 0.0, 'eval_eval_move_acc': 1.0, 'eval_eval_mod4_acc': 1.0, 'eval_eval_runtime': 1.1214, 'eval_eval_samples_per_second': 1783.507, 'eval_eval_steps_per_second': 28.536, 'epoch': 221.28}
{'eval_train_loss': 1.91091995560555e-08, 'eval_train_token_acc': 0.9447025707115241, 'eval_train_seq_acc': 0.0, 'eval_train_move_acc': 1.0, 'eval_train_mod4_acc': 1.0, 'eval_train_runtime': 0.5609, 'eval_train_samples_per_second': 1782.962, 'eval_train_steps_per_second': 28.527, 'epoch': 221.28}
{'loss': 0.0, 'learning_rate': 5.71833041485457e-06, 'epoch': 222.34}
{'eval_eval_loss': 3.7066410385477866e-08, 'eval_eval_token_acc': 0.942013925894348, 'eval_eval_seq_acc': 0.0, 'eval_eval_move_acc': 1.0, 'eval_eval_mod4_acc': 1.0, 'eval_eval_runtime': 1.1345, 'eval_eval_samples_per_second': 1762.857, 'eval_eval_steps_per_second': 28.206, 'epoch': 222.34}
{'eval_train_loss': 1.7209503155868333e-08, 'eval_train_token_acc': 0.9447025707115241, 'eval_train_seq_acc': 0.0, 'eval_train_move_acc': 1.0, 'eval_train_mod4_acc': 1.0, 'eval_train_runtime': 0.5613, 'eval_train_samples_per_second': 1781.508, 'eval_train_steps_per_second': 28.504, 'epoch': 222.34}
{'loss': 0.0, 'learning_rate': 5.573186564064649e-06, 'epoch': 223.4}
{'eval_eval_loss': 3.3397590470940486e-08, 'eval_eval_token_acc': 0.942013925894348, 'eval_eval_seq_acc': 0.0, 'eval_eval_move_acc': 1.0, 'eval_eval_mod4_acc': 1.0, 'eval_eval_runtime': 1.1181, 'eval_eval_samples_per_second': 1788.752, 'eval_eval_steps_per_second': 28.62, 'epoch': 223.4}
{'eval_train_loss': 1.5619137982980646e-08, 'eval_train_token_acc': 0.9447025707115241, 'eval_train_seq_acc': 0.0, 'eval_train_move_acc': 1.0, 'eval_train_mod4_acc': 1.0, 'eval_train_runtime': 0.5598, 'eval_train_samples_per_second': 1786.298, 'eval_train_steps_per_second': 28.581, 'epoch': 223.4}
{'loss': 0.0, 'learning_rate': 5.429487074685418e-06, 'epoch': 224.47}
{'eval_eval_loss': 3.010816485016221e-08, 'eval_eval_token_acc': 0.942013925894348, 'eval_eval_seq_acc': 0.0, 'eval_eval_move_acc': 1.0, 'eval_eval_mod4_acc': 1.0, 'eval_eval_runtime': 1.118, 'eval_eval_samples_per_second': 1788.888, 'eval_eval_steps_per_second': 28.622, 'epoch': 224.47}
{'eval_train_loss': 1.41687497290377e-08, 'eval_train_token_acc': 0.9447025707115241, 'eval_train_seq_acc': 0.0, 'eval_train_move_acc': 1.0, 'eval_train_mod4_acc': 1.0, 'eval_train_runtime': 0.5595, 'eval_train_samples_per_second': 1787.29, 'eval_train_steps_per_second': 28.597, 'epoch': 224.47}
  Pushed checkpoint step-53000 to ijinyu1113/ft_mr3_70m_seed2_purenum
{'loss': 0.0, 'learning_rate': 5.287253964124826e-06, 'epoch': 225.53}
{'eval_eval_loss': 2.715226266047921e-08, 'eval_eval_token_acc': 0.942013925894348, 'eval_eval_seq_acc': 0.0, 'eval_eval_move_acc': 1.0, 'eval_eval_mod4_acc': 1.0, 'eval_eval_runtime': 1.1213, 'eval_eval_samples_per_second': 1783.66, 'eval_eval_steps_per_second': 28.539, 'epoch': 225.53}
{'eval_train_loss': 1.2783097247393016e-08, 'eval_train_token_acc': 0.9447025707115241, 'eval_train_seq_acc': 0.0, 'eval_train_move_acc': 1.0, 'eval_train_mod4_acc': 1.0, 'eval_train_runtime': 0.56, 'eval_train_samples_per_second': 1785.597, 'eval_train_steps_per_second': 28.57, 'epoch': 225.53}
{'loss': 0.0, 'learning_rate': 5.1465090251146084e-06, 'epoch': 226.6}
{'eval_eval_loss': 2.4477509796838604e-08, 'eval_eval_token_acc': 0.942013925894348, 'eval_eval_seq_acc': 0.0, 'eval_eval_move_acc': 1.0, 'eval_eval_mod4_acc': 1.0, 'eval_eval_runtime': 1.1203, 'eval_eval_samples_per_second': 1785.263, 'eval_eval_steps_per_second': 28.564, 'epoch': 226.6}
{'eval_train_loss': 1.15636984432399e-08, 'eval_train_token_acc': 0.9447025707115241, 'eval_train_seq_acc': 0.0, 'eval_train_move_acc': 1.0, 'eval_train_mod4_acc': 1.0, 'eval_train_runtime': 0.5589, 'eval_train_samples_per_second': 1789.199, 'eval_train_steps_per_second': 28.627, 'epoch': 226.6}
{'loss': 0.0, 'learning_rate': 5.007273822371196e-06, 'epoch': 227.66}
{'eval_eval_loss': 2.2108787689489873e-08, 'eval_eval_token_acc': 0.942013925894348, 'eval_eval_seq_acc': 0.0, 'eval_eval_move_acc': 1.0, 'eval_eval_mod4_acc': 1.0, 'eval_eval_runtime': 1.1189, 'eval_eval_samples_per_second': 1787.498, 'eval_eval_steps_per_second': 28.6, 'epoch': 227.66}
{'eval_train_loss': 1.0537036132518551e-08, 'eval_train_token_acc': 0.9447025707115241, 'eval_train_seq_acc': 0.0, 'eval_train_move_acc': 1.0, 'eval_train_mod4_acc': 1.0, 'eval_train_runtime': 0.5591, 'eval_train_samples_per_second': 1788.703, 'eval_train_steps_per_second': 28.619, 'epoch': 227.66}
{'loss': 0.0, 'learning_rate': 4.869569689291626e-06, 'epoch': 228.72}
{'eval_eval_loss': 1.9973485976265692e-08, 'eval_eval_token_acc': 0.942013925894348, 'eval_eval_seq_acc': 0.0, 'eval_eval_move_acc': 1.0, 'eval_eval_mod4_acc': 1.0, 'eval_eval_runtime': 1.1166, 'eval_eval_samples_per_second': 1791.088, 'eval_eval_steps_per_second': 28.657, 'epoch': 228.72}
{'eval_train_loss': 9.492168828728609e-09, 'eval_train_token_acc': 0.9447025707115241, 'eval_train_seq_acc': 0.0, 'eval_train_move_acc': 1.0, 'eval_train_mod4_acc': 1.0, 'eval_train_runtime': 0.5582, 'eval_train_samples_per_second': 1791.544, 'eval_train_steps_per_second': 28.665, 'epoch': 228.72}
  Pushed checkpoint step-54000 to ijinyu1113/ft_mr3_70m_seed2_purenum
{'loss': 0.0, 'learning_rate': 4.733417724684879e-06, 'epoch': 229.79}
{'eval_eval_loss': 1.8079278518712272e-08, 'eval_eval_token_acc': 0.942013925894348, 'eval_eval_seq_acc': 0.0, 'eval_eval_move_acc': 1.0, 'eval_eval_mod4_acc': 1.0, 'eval_eval_runtime': 1.1203, 'eval_eval_samples_per_second': 1785.231, 'eval_eval_steps_per_second': 28.564, 'epoch': 229.79}
{'eval_train_loss': 8.65361382551555e-09, 'eval_train_token_acc': 0.9447025707115241, 'eval_train_seq_acc': 0.0, 'eval_train_move_acc': 1.0, 'eval_train_mod4_acc': 1.0, 'eval_train_runtime': 0.5604, 'eval_train_samples_per_second': 1784.337, 'eval_train_steps_per_second': 28.549, 'epoch': 229.79}
{'loss': 0.0, 'learning_rate': 4.598838789539128e-06, 'epoch': 230.85}
{'eval_eval_loss': 1.642089486608711e-08, 'eval_eval_token_acc': 0.942013925894348, 'eval_eval_seq_acc': 0.0, 'eval_eval_move_acc': 1.0, 'eval_eval_mod4_acc': 1.0, 'eval_eval_runtime': 1.1173, 'eval_eval_samples_per_second': 1790.056, 'eval_eval_steps_per_second': 28.641, 'epoch': 230.85}
{'eval_train_loss': 7.832936077534214e-09, 'eval_train_token_acc': 0.9447025707115241, 'eval_train_seq_acc': 0.0, 'eval_train_move_acc': 1.0, 'eval_train_mod4_acc': 1.0, 'eval_train_runtime': 0.5589, 'eval_train_samples_per_second': 1789.386, 'eval_train_steps_per_second': 28.63, 'epoch': 230.85}
{'loss': 0.0, 'learning_rate': 4.46585350382548e-06, 'epoch': 231.91}
{'eval_eval_loss': 1.4878946075214117e-08, 'eval_eval_token_acc': 0.942013925894348, 'eval_eval_seq_acc': 0.0, 'eval_eval_move_acc': 1.0, 'eval_eval_mod4_acc': 1.0, 'eval_eval_runtime': 1.1147, 'eval_eval_samples_per_second': 1794.279, 'eval_eval_steps_per_second': 28.708, 'epoch': 231.91}
{'eval_train_loss': 7.0391479312093e-09, 'eval_train_token_acc': 0.9447025707115241, 'eval_train_seq_acc': 0.0, 'eval_train_move_acc': 1.0, 'eval_train_mod4_acc': 1.0, 'eval_train_runtime': 0.5593, 'eval_train_samples_per_second': 1788.024, 'eval_train_steps_per_second': 28.608, 'epoch': 231.91}
{'loss': 0.0, 'learning_rate': 4.334482243338589e-06, 'epoch': 232.98}
{'eval_eval_loss': 1.3485296435078453e-08, 'eval_eval_token_acc': 0.942013925894348, 'eval_eval_seq_acc': 0.0, 'eval_eval_move_acc': 1.0, 'eval_eval_mod4_acc': 1.0, 'eval_eval_runtime': 1.1175, 'eval_eval_samples_per_second': 1789.782, 'eval_eval_steps_per_second': 28.637, 'epoch': 232.98}
{'eval_train_loss': 6.381262185328751e-09, 'eval_train_token_acc': 0.9447025707115241, 'eval_train_seq_acc': 0.0, 'eval_train_move_acc': 1.0, 'eval_train_mod4_acc': 1.0, 'eval_train_runtime': 0.5606, 'eval_train_samples_per_second': 1783.814, 'eval_train_steps_per_second': 28.541, 'epoch': 232.98}
  Pushed checkpoint step-55000 to ijinyu1113/ft_mr3_70m_seed2_purenum
{'loss': 0.0, 'learning_rate': 4.204745136574737e-06, 'epoch': 234.04}
{'eval_eval_loss': 1.2040800356771797e-08, 'eval_eval_token_acc': 0.942013925894348, 'eval_eval_seq_acc': 0.0, 'eval_eval_move_acc': 1.0, 'eval_eval_mod4_acc': 1.0, 'eval_eval_runtime': 1.122, 'eval_eval_samples_per_second': 1782.568, 'eval_eval_steps_per_second': 28.521, 'epoch': 234.04}
{'eval_train_loss': 5.783473699949582e-09, 'eval_train_token_acc': 0.9447025707115241, 'eval_train_seq_acc': 0.0, 'eval_train_move_acc': 1.0, 'eval_train_mod4_acc': 1.0, 'eval_train_runtime': 0.5596, 'eval_train_samples_per_second': 1786.911, 'eval_train_steps_per_second': 28.591, 'epoch': 234.04}
{'loss': 0.0, 'learning_rate': 4.076662061647747e-06, 'epoch': 235.11}
{'eval_eval_loss': 1.0992424748224039e-08, 'eval_eval_token_acc': 0.942013925894348, 'eval_eval_seq_acc': 0.0, 'eval_eval_move_acc': 1.0, 'eval_eval_mod4_acc': 1.0, 'eval_eval_runtime': 1.122, 'eval_eval_samples_per_second': 1782.54, 'eval_eval_steps_per_second': 28.521, 'epoch': 235.11}
{'eval_train_loss': 5.2766209179822e-09, 'eval_train_token_acc': 0.9447025707115241, 'eval_train_seq_acc': 0.0, 'eval_train_move_acc': 1.0, 'eval_train_mod4_acc': 1.0, 'eval_train_runtime': 0.561, 'eval_train_samples_per_second': 1782.489, 'eval_train_steps_per_second': 28.52, 'epoch': 235.11}
{'loss': 0.0, 'learning_rate': 3.950252643243317e-06, 'epoch': 236.17}
{'eval_eval_loss': 1.0188598409399674e-08, 'eval_eval_token_acc': 0.942013925894348, 'eval_eval_seq_acc': 0.0, 'eval_eval_move_acc': 1.0, 'eval_eval_mod4_acc': 1.0, 'eval_eval_runtime': 1.1198, 'eval_eval_samples_per_second': 1786.034, 'eval_eval_steps_per_second': 28.577, 'epoch': 236.17}
{'eval_train_loss': 4.8044737077646005e-09, 'eval_train_token_acc': 0.9447025707115241, 'eval_train_seq_acc': 0.0, 'eval_train_move_acc': 1.0, 'eval_train_mod4_acc': 1.0, 'eval_train_runtime': 0.5622, 'eval_train_samples_per_second': 1778.593, 'eval_train_steps_per_second': 28.457, 'epoch': 236.17}
{'loss': 0.0, 'learning_rate': 3.825536249612147e-06, 'epoch': 237.23}
{'eval_eval_loss': 1.0280167828113917e-08, 'eval_eval_token_acc': 0.942013925894348, 'eval_eval_seq_acc': 0.0, 'eval_eval_move_acc': 1.0, 'eval_eval_mod4_acc': 1.0, 'eval_eval_runtime': 1.1199, 'eval_eval_samples_per_second': 1785.849, 'eval_eval_steps_per_second': 28.574, 'epoch': 237.23}
{'eval_train_loss': 4.350769078342864e-09, 'eval_train_token_acc': 0.9447025707115241, 'eval_train_seq_acc': 0.0, 'eval_train_move_acc': 1.0, 'eval_train_mod4_acc': 1.0, 'eval_train_runtime': 0.56, 'eval_train_samples_per_second': 1785.589, 'eval_train_steps_per_second': 28.569, 'epoch': 237.23}
  Pushed checkpoint step-56000 to ijinyu1113/ft_mr3_70m_seed2_purenum
{'loss': 0.0, 'learning_rate': 3.702531989602354e-06, 'epoch': 238.3}
{'eval_eval_loss': 1.0845004005943792e-08, 'eval_eval_token_acc': 0.942013925894348, 'eval_eval_seq_acc': 0.0, 'eval_eval_move_acc': 1.0, 'eval_eval_mod4_acc': 1.0, 'eval_eval_runtime': 1.1209, 'eval_eval_samples_per_second': 1784.327, 'eval_eval_steps_per_second': 28.549, 'epoch': 238.3}
{'eval_train_loss': 3.9820680086677385e-09, 'eval_train_token_acc': 0.9447025707115241, 'eval_train_seq_acc': 0.0, 'eval_train_move_acc': 1.0, 'eval_train_mod4_acc': 1.0, 'eval_train_runtime': 0.5611, 'eval_train_samples_per_second': 1782.254, 'eval_train_steps_per_second': 28.516, 'epoch': 238.3}
{'loss': 0.0, 'learning_rate': 3.5812587097316712e-06, 'epoch': 239.36}
{'eval_eval_loss': 8.264847473071768e-09, 'eval_eval_token_acc': 0.942013925894348, 'eval_eval_seq_acc': 0.0, 'eval_eval_move_acc': 1.0, 'eval_eval_mod4_acc': 1.0, 'eval_eval_runtime': 1.1222, 'eval_eval_samples_per_second': 1782.286, 'eval_eval_steps_per_second': 28.517, 'epoch': 239.36}
{'eval_train_loss': 3.640366230683867e-09, 'eval_train_token_acc': 0.9447025707115241, 'eval_train_seq_acc': 0.0, 'eval_train_move_acc': 1.0, 'eval_train_mod4_acc': 1.0, 'eval_train_runtime': 0.5617, 'eval_train_samples_per_second': 1780.238, 'eval_train_steps_per_second': 28.484, 'epoch': 239.36}
{'loss': 0.0, 'learning_rate': 3.461734991299779e-06, 'epoch': 240.43}
{'eval_eval_loss': 7.347213504260708e-09, 'eval_eval_token_acc': 0.942013925894348, 'eval_eval_seq_acc': 0.0, 'eval_eval_move_acc': 1.0, 'eval_eval_mod4_acc': 1.0, 'eval_eval_runtime': 1.1214, 'eval_eval_samples_per_second': 1783.518, 'eval_eval_steps_per_second': 28.536, 'epoch': 240.43}
{'eval_train_loss': 3.3585012548797977e-09, 'eval_train_token_acc': 0.9447025707115241, 'eval_train_seq_acc': 0.0, 'eval_train_move_acc': 1.0, 'eval_train_mod4_acc': 1.0, 'eval_train_runtime': 0.5602, 'eval_train_samples_per_second': 1785.084, 'eval_train_steps_per_second': 28.561, 'epoch': 240.43}
{'loss': 0.0, 'learning_rate': 3.343979147541352e-06, 'epoch': 241.49}
{'eval_eval_loss': 7.09580660895881e-09, 'eval_eval_token_acc': 0.942013925894348, 'eval_eval_seq_acc': 0.0, 'eval_eval_move_acc': 1.0, 'eval_eval_mod4_acc': 1.0, 'eval_eval_runtime': 1.1209, 'eval_eval_samples_per_second': 1784.284, 'eval_eval_steps_per_second': 28.549, 'epoch': 241.49}
{'eval_train_loss': 3.06071146205511e-09, 'eval_train_token_acc': 0.9447025707115241, 'eval_train_seq_acc': 0.0, 'eval_train_move_acc': 1.0, 'eval_train_mod4_acc': 1.0, 'eval_train_runtime': 0.5617, 'eval_train_samples_per_second': 1780.36, 'eval_train_steps_per_second': 28.486, 'epoch': 241.49}
  Pushed checkpoint step-57000 to ijinyu1113/ft_mr3_70m_seed2_purenum
{'loss': 0.0, 'learning_rate': 3.2280092208200853e-06, 'epoch': 242.55}
{'eval_eval_loss': 6.978020827830278e-09, 'eval_eval_token_acc': 0.942013925894348, 'eval_eval_seq_acc': 0.0, 'eval_eval_move_acc': 1.0, 'eval_eval_mod4_acc': 1.0, 'eval_eval_runtime': 1.1206, 'eval_eval_samples_per_second': 1784.762, 'eval_eval_steps_per_second': 28.556, 'epoch': 242.55}
{'eval_train_loss': 2.839972923496248e-09, 'eval_train_token_acc': 0.9447025707115241, 'eval_train_seq_acc': 0.0, 'eval_train_move_acc': 1.0, 'eval_train_mod4_acc': 1.0, 'eval_train_runtime': 0.5611, 'eval_train_samples_per_second': 1782.282, 'eval_train_steps_per_second': 28.517, 'epoch': 242.55}
{'loss': 0.0, 'learning_rate': 3.1138429798643182e-06, 'epoch': 243.62}
{'eval_eval_loss': 5.615077292020487e-09, 'eval_eval_token_acc': 0.942013925894348, 'eval_eval_seq_acc': 0.0, 'eval_eval_move_acc': 1.0, 'eval_eval_mod4_acc': 1.0, 'eval_eval_runtime': 1.1217, 'eval_eval_samples_per_second': 1783.007, 'eval_eval_steps_per_second': 28.528, 'epoch': 243.62}
{'eval_train_loss': 2.616611816108616e-09, 'eval_train_token_acc': 0.9447025707115241, 'eval_train_seq_acc': 0.0, 'eval_train_move_acc': 1.0, 'eval_train_mod4_acc': 1.0, 'eval_train_runtime': 0.5608, 'eval_train_samples_per_second': 1783.231, 'eval_train_steps_per_second': 28.532, 'epoch': 243.62}
{'loss': 0.0, 'learning_rate': 3.0014979170444963e-06, 'epoch': 244.68}
{'eval_eval_loss': 5.768205468825727e-09, 'eval_eval_token_acc': 0.942013925894348, 'eval_eval_seq_acc': 0.0, 'eval_eval_move_acc': 1.0, 'eval_eval_mod4_acc': 1.0, 'eval_eval_runtime': 1.1217, 'eval_eval_samples_per_second': 1783.04, 'eval_eval_steps_per_second': 28.529, 'epoch': 244.68}
{'eval_train_loss': 2.4300979006852685e-09, 'eval_train_token_acc': 0.9447025707115241, 'eval_train_seq_acc': 0.0, 'eval_train_move_acc': 1.0, 'eval_train_mod4_acc': 1.0, 'eval_train_runtime': 0.5619, 'eval_train_samples_per_second': 1779.577, 'eval_train_steps_per_second': 28.473, 'epoch': 244.68}
{'loss': 0.0, 'learning_rate': 2.8909912456930587e-06, 'epoch': 245.74}
{'eval_eval_loss': 5.978026074160425e-09, 'eval_eval_token_acc': 0.942013925894348, 'eval_eval_seq_acc': 0.0, 'eval_eval_move_acc': 1.0, 'eval_eval_mod4_acc': 1.0, 'eval_eval_runtime': 1.1196, 'eval_eval_samples_per_second': 1786.421, 'eval_eval_steps_per_second': 28.583, 'epoch': 245.74}
{'eval_train_loss': 2.2415664879815722e-09, 'eval_train_token_acc': 0.9447025707115241, 'eval_train_seq_acc': 0.0, 'eval_train_move_acc': 1.0, 'eval_train_mod4_acc': 1.0, 'eval_train_runtime': 0.5606, 'eval_train_samples_per_second': 1783.791, 'eval_train_steps_per_second': 28.541, 'epoch': 245.74}
  Pushed checkpoint step-58000 to ijinyu1113/ft_mr3_70m_seed2_purenum
{'loss': 0.0, 'learning_rate': 2.7823398974670004e-06, 'epoch': 246.81}
{'eval_eval_loss': 5.723792106948622e-09, 'eval_eval_token_acc': 0.942013925894348, 'eval_eval_seq_acc': 0.0, 'eval_eval_move_acc': 1.0, 'eval_eval_mod4_acc': 1.0, 'eval_eval_runtime': 1.1201, 'eval_eval_samples_per_second': 1785.522, 'eval_eval_steps_per_second': 28.568, 'epoch': 246.81}
{'eval_train_loss': 2.083752281833995e-09, 'eval_train_token_acc': 0.9447025707115241, 'eval_train_seq_acc': 0.0, 'eval_train_move_acc': 1.0, 'eval_train_mod4_acc': 1.0, 'eval_train_runtime': 0.5605, 'eval_train_samples_per_second': 1784.105, 'eval_train_steps_per_second': 28.546, 'epoch': 246.81}
{'loss': 0.0, 'learning_rate': 2.675560519753659e-06, 'epoch': 247.87}
{'eval_eval_loss': 5.4937627780304865e-09, 'eval_eval_token_acc': 0.942013925894348, 'eval_eval_seq_acc': 0.0, 'eval_eval_move_acc': 1.0, 'eval_eval_mod4_acc': 1.0, 'eval_eval_runtime': 1.1205, 'eval_eval_samples_per_second': 1784.866, 'eval_eval_steps_per_second': 28.558, 'epoch': 247.87}
{'eval_train_loss': 1.9217092361856203e-09, 'eval_train_token_acc': 0.9447025707115241, 'eval_train_seq_acc': 0.0, 'eval_train_move_acc': 1.0, 'eval_train_mod4_acc': 1.0, 'eval_train_runtime': 0.5609, 'eval_train_samples_per_second': 1782.746, 'eval_train_steps_per_second': 28.524, 'epoch': 247.87}
{'loss': 0.0, 'learning_rate': 2.5706694731200194e-06, 'epoch': 248.94}
{'eval_eval_loss': 4.644412854304392e-09, 'eval_eval_token_acc': 0.942013925894348, 'eval_eval_seq_acc': 0.0, 'eval_eval_move_acc': 1.0, 'eval_eval_mod4_acc': 1.0, 'eval_eval_runtime': 1.1221, 'eval_eval_samples_per_second': 1782.416, 'eval_eval_steps_per_second': 28.519, 'epoch': 248.94}
{'eval_train_loss': 1.8383989885961682e-09, 'eval_train_token_acc': 0.9447025707115241, 'eval_train_seq_acc': 0.0, 'eval_train_move_acc': 1.0, 'eval_train_mod4_acc': 1.0, 'eval_train_runtime': 0.5607, 'eval_train_samples_per_second': 1783.33, 'eval_train_steps_per_second': 28.533, 'epoch': 248.94}
{'loss': 0.0, 'learning_rate': 2.467682828805956e-06, 'epoch': 250.0}
{'eval_eval_loss': 5.129216162913508e-09, 'eval_eval_token_acc': 0.942013925894348, 'eval_eval_seq_acc': 0.0, 'eval_eval_move_acc': 1.0, 'eval_eval_mod4_acc': 1.0, 'eval_eval_runtime': 1.1232, 'eval_eval_samples_per_second': 1780.592, 'eval_eval_steps_per_second': 28.489, 'epoch': 250.0}
{'eval_train_loss': 1.757270440272407e-09, 'eval_train_token_acc': 0.9447025707115241, 'eval_train_seq_acc': 0.0, 'eval_train_move_acc': 1.0, 'eval_train_mod4_acc': 1.0, 'eval_train_runtime': 0.5627, 'eval_train_samples_per_second': 1777.122, 'eval_train_steps_per_second': 28.434, 'epoch': 250.0}
  Pushed checkpoint step-59000 to ijinyu1113/ft_mr3_70m_seed2_purenum
{'loss': 0.0, 'learning_rate': 2.3666163662618575e-06, 'epoch': 251.06}
{'eval_eval_loss': 6.0689115954915e-09, 'eval_eval_token_acc': 0.942013925894348, 'eval_eval_seq_acc': 0.0, 'eval_eval_move_acc': 1.0, 'eval_eval_mod4_acc': 1.0, 'eval_eval_runtime': 1.1219, 'eval_eval_samples_per_second': 1782.674, 'eval_eval_steps_per_second': 28.523, 'epoch': 251.06}
{'eval_train_loss': 1.6861785301358623e-09, 'eval_train_token_acc': 0.9447025707115241, 'eval_train_seq_acc': 0.0, 'eval_train_move_acc': 1.0, 'eval_train_mod4_acc': 1.0, 'eval_train_runtime': 0.5612, 'eval_train_samples_per_second': 1781.883, 'eval_train_steps_per_second': 28.51, 'epoch': 251.06}
{'loss': 0.0, 'learning_rate': 2.267485570730894e-06, 'epoch': 252.13}
{'eval_eval_loss': 5.605153674537178e-09, 'eval_eval_token_acc': 0.942013925894348, 'eval_eval_seq_acc': 0.0, 'eval_eval_move_acc': 1.0, 'eval_eval_mod4_acc': 1.0, 'eval_eval_runtime': 1.1194, 'eval_eval_samples_per_second': 1786.75, 'eval_eval_steps_per_second': 28.588, 'epoch': 252.13}
{'eval_train_loss': 1.645440561581779e-09, 'eval_train_token_acc': 0.9447025707115241, 'eval_train_seq_acc': 0.0, 'eval_train_move_acc': 1.0, 'eval_train_mod4_acc': 1.0, 'eval_train_runtime': 0.5621, 'eval_train_samples_per_second': 1778.981, 'eval_train_steps_per_second': 28.464, 'epoch': 252.13}
{'loss': 0.0, 'learning_rate': 2.170305630876408e-06, 'epoch': 253.19}
{'eval_eval_loss': 3.974975459897223e-09, 'eval_eval_token_acc': 0.942013925894348, 'eval_eval_seq_acc': 0.0, 'eval_eval_move_acc': 1.0, 'eval_eval_mod4_acc': 1.0, 'eval_eval_runtime': 1.1211, 'eval_eval_samples_per_second': 1784.033, 'eval_eval_steps_per_second': 28.545, 'epoch': 253.19}
{'eval_train_loss': 1.612872391199005e-09, 'eval_train_token_acc': 0.9447025707115241, 'eval_train_seq_acc': 0.0, 'eval_train_move_acc': 1.0, 'eval_train_mod4_acc': 1.0, 'eval_train_runtime': 0.5611, 'eval_train_samples_per_second': 1782.323, 'eval_train_steps_per_second': 28.517, 'epoch': 253.19}
{'loss': 0.0, 'learning_rate': 2.0750914364547357e-06, 'epoch': 254.26}
{'eval_eval_loss': 5.373854694568081e-09, 'eval_eval_token_acc': 0.942013925894348, 'eval_eval_seq_acc': 0.0, 'eval_eval_move_acc': 1.0, 'eval_eval_mod4_acc': 1.0, 'eval_eval_runtime': 1.1191, 'eval_eval_samples_per_second': 1787.129, 'eval_eval_steps_per_second': 28.594, 'epoch': 254.26}
{'eval_train_loss': 1.572123431436978e-09, 'eval_train_token_acc': 0.9447025707115241, 'eval_train_seq_acc': 0.0, 'eval_train_move_acc': 1.0, 'eval_train_mod4_acc': 1.0, 'eval_train_runtime': 0.5609, 'eval_train_samples_per_second': 1782.889, 'eval_train_steps_per_second': 28.526, 'epoch': 254.26}
  Pushed checkpoint step-60000 to ijinyu1113/ft_mr3_70m_seed2_purenum
{'loss': 0.0, 'learning_rate': 1.9818575760337995e-06, 'epoch': 255.32}
{'eval_eval_loss': 5.022848359459431e-09, 'eval_eval_token_acc': 0.942013925894348, 'eval_eval_seq_acc': 0.0, 'eval_eval_move_acc': 1.0, 'eval_eval_mod4_acc': 1.0, 'eval_eval_runtime': 1.125, 'eval_eval_samples_per_second': 1777.743, 'eval_eval_steps_per_second': 28.444, 'epoch': 255.32}
{'eval_train_loss': 1.5615949644498528e-09, 'eval_train_token_acc': 0.9447025707115241, 'eval_train_seq_acc': 0.0, 'eval_train_move_acc': 1.0, 'eval_train_mod4_acc': 1.0, 'eval_train_runtime': 0.5634, 'eval_train_samples_per_second': 1775.015, 'eval_train_steps_per_second': 28.4, 'epoch': 255.32}
{'loss': 0.0, 'learning_rate': 1.8906183347578975e-06, 'epoch': 256.38}
{'eval_eval_loss': 3.4031653051158628e-09, 'eval_eval_token_acc': 0.942013925894348, 'eval_eval_seq_acc': 0.0, 'eval_eval_move_acc': 1.0, 'eval_eval_mod4_acc': 1.0, 'eval_eval_runtime': 1.1244, 'eval_eval_samples_per_second': 1778.759, 'eval_eval_steps_per_second': 28.46, 'epoch': 256.38}
{'eval_train_loss': 1.6019509052611625e-09, 'eval_train_token_acc': 0.9447025707115241, 'eval_train_seq_acc': 0.0, 'eval_train_move_acc': 1.0, 'eval_train_mod4_acc': 1.0, 'eval_train_runtime': 0.5615, 'eval_train_samples_per_second': 1780.909, 'eval_train_steps_per_second': 28.495, 'epoch': 256.38}
{'loss': 0.0, 'learning_rate': 1.8013876921589363e-06, 'epoch': 257.45}
{'eval_eval_loss': 4.376478734968714e-09, 'eval_eval_token_acc': 0.942013925894348, 'eval_eval_seq_acc': 0.0, 'eval_eval_move_acc': 1.0, 'eval_eval_mod4_acc': 1.0, 'eval_eval_runtime': 1.1202, 'eval_eval_samples_per_second': 1785.473, 'eval_eval_steps_per_second': 28.568, 'epoch': 257.45}
{'eval_train_loss': 1.6037214889408347e-09, 'eval_train_token_acc': 0.9447025707115241, 'eval_train_seq_acc': 0.0, 'eval_train_move_acc': 1.0, 'eval_train_mod4_acc': 1.0, 'eval_train_runtime': 0.5624, 'eval_train_samples_per_second': 1778.005, 'eval_train_steps_per_second': 28.448, 'epoch': 257.45}
{'loss': 0.0, 'learning_rate': 1.7141793200145234e-06, 'epoch': 258.51}
{'eval_eval_loss': 4.2150811729868565e-09, 'eval_eval_token_acc': 0.942013925894348, 'eval_eval_seq_acc': 0.0, 'eval_eval_move_acc': 1.0, 'eval_eval_mod4_acc': 1.0, 'eval_eval_runtime': 1.1209, 'eval_eval_samples_per_second': 1784.27, 'eval_eval_steps_per_second': 28.548, 'epoch': 258.51}
{'eval_train_loss': 1.6377159628433446e-09, 'eval_train_token_acc': 0.9447025707115241, 'eval_train_seq_acc': 0.0, 'eval_train_move_acc': 1.0, 'eval_train_mod4_acc': 1.0, 'eval_train_runtime': 0.5609, 'eval_train_samples_per_second': 1782.981, 'eval_train_steps_per_second': 28.528, 'epoch': 258.51}
  Pushed checkpoint step-61000 to ijinyu1113/ft_mr3_70m_seed2_purenum
{'loss': 0.0, 'learning_rate': 1.6290065802531878e-06, 'epoch': 259.57}
{'eval_eval_loss': 3.789918601171394e-09, 'eval_eval_token_acc': 0.942013925894348, 'eval_eval_seq_acc': 0.0, 'eval_eval_move_acc': 1.0, 'eval_eval_mod4_acc': 1.0, 'eval_eval_runtime': 1.121, 'eval_eval_samples_per_second': 1784.085, 'eval_eval_steps_per_second': 28.545, 'epoch': 259.57}
{'eval_train_loss': 1.5894954241701953e-09, 'eval_train_token_acc': 0.9447025707115241, 'eval_train_seq_acc': 0.0, 'eval_train_move_acc': 1.0, 'eval_train_mod4_acc': 1.0, 'eval_train_runtime': 0.5609, 'eval_train_samples_per_second': 1782.81, 'eval_train_steps_per_second': 28.525, 'epoch': 259.57}
{'loss': 0.0, 'learning_rate': 1.5458825229070995e-06, 'epoch': 260.64}
{'eval_eval_loss': 2.0768666786352696e-09, 'eval_eval_token_acc': 0.942013925894348, 'eval_eval_seq_acc': 0.0, 'eval_eval_move_acc': 1.0, 'eval_eval_mod4_acc': 1.0, 'eval_eval_runtime': 1.1221, 'eval_eval_samples_per_second': 1782.429, 'eval_eval_steps_per_second': 28.519, 'epoch': 260.64}
{'eval_train_loss': 1.5651000495608969e-09, 'eval_train_token_acc': 0.9447025707115241, 'eval_train_seq_acc': 0.0, 'eval_train_move_acc': 1.0, 'eval_train_mod4_acc': 1.0, 'eval_train_runtime': 0.5611, 'eval_train_samples_per_second': 1782.32, 'eval_train_steps_per_second': 28.517, 'epoch': 260.64}
{'loss': 0.0, 'learning_rate': 1.4648198841125453e-06, 'epoch': 261.7}
{'eval_eval_loss': 2.189166847799129e-09, 'eval_eval_token_acc': 0.942013925894348, 'eval_eval_seq_acc': 0.0, 'eval_eval_move_acc': 1.0, 'eval_eval_mod4_acc': 1.0, 'eval_eval_runtime': 1.1231, 'eval_eval_samples_per_second': 1780.734, 'eval_eval_steps_per_second': 28.492, 'epoch': 261.7}
{'eval_train_loss': 1.6597905272419666e-09, 'eval_train_token_acc': 0.9447025707115241, 'eval_train_seq_acc': 0.0, 'eval_train_move_acc': 1.0, 'eval_train_mod4_acc': 1.0, 'eval_train_runtime': 0.562, 'eval_train_samples_per_second': 1779.491, 'eval_train_steps_per_second': 28.472, 'epoch': 261.7}
{'loss': 0.0, 'learning_rate': 1.385831084158543e-06, 'epoch': 262.77}
{'eval_eval_loss': 1.8791492806258248e-09, 'eval_eval_token_acc': 0.942013925894348, 'eval_eval_seq_acc': 0.0, 'eval_eval_move_acc': 1.0, 'eval_eval_mod4_acc': 1.0, 'eval_eval_runtime': 1.1227, 'eval_eval_samples_per_second': 1781.36, 'eval_eval_steps_per_second': 28.502, 'epoch': 262.77}
{'eval_train_loss': 1.263680271534895e-09, 'eval_train_token_acc': 0.9447025707115241, 'eval_train_seq_acc': 0.0, 'eval_train_move_acc': 1.0, 'eval_train_mod4_acc': 1.0, 'eval_train_runtime': 0.5627, 'eval_train_samples_per_second': 1777.222, 'eval_train_steps_per_second': 28.436, 'epoch': 262.77}
  Pushed checkpoint step-62000 to ijinyu1113/ft_mr3_70m_seed2_purenum
{'loss': 0.0, 'learning_rate': 1.308928225583797e-06, 'epoch': 263.83}
{'eval_eval_loss': 1.8745824892363316e-09, 'eval_eval_token_acc': 0.942013925894348, 'eval_eval_seq_acc': 0.0, 'eval_eval_move_acc': 1.0, 'eval_eval_mod4_acc': 1.0, 'eval_eval_runtime': 1.1305, 'eval_eval_samples_per_second': 1769.144, 'eval_eval_steps_per_second': 28.306, 'epoch': 263.83}
{'eval_train_loss': 1.424578455200276e-09, 'eval_train_token_acc': 0.9447025707115241, 'eval_train_seq_acc': 0.0, 'eval_train_move_acc': 1.0, 'eval_train_mod4_acc': 1.0, 'eval_train_runtime': 0.5606, 'eval_train_samples_per_second': 1783.905, 'eval_train_steps_per_second': 28.542, 'epoch': 263.83}
{'loss': 0.0, 'learning_rate': 1.234123091322389e-06, 'epoch': 264.89}
{'eval_eval_loss': 1.980271058243943e-09, 'eval_eval_token_acc': 0.942013925894348, 'eval_eval_seq_acc': 0.0, 'eval_eval_move_acc': 1.0, 'eval_eval_mod4_acc': 1.0, 'eval_eval_runtime': 1.1212, 'eval_eval_samples_per_second': 1783.771, 'eval_eval_steps_per_second': 28.54, 'epoch': 264.89}
{'eval_train_loss': 1.5402219499804914e-09, 'eval_train_token_acc': 0.9447025707115241, 'eval_train_seq_acc': 0.0, 'eval_train_move_acc': 1.0, 'eval_train_mod4_acc': 1.0, 'eval_train_runtime': 0.5614, 'eval_train_samples_per_second': 1781.205, 'eval_train_steps_per_second': 28.499, 'epoch': 264.89}
{'loss': 0.0, 'learning_rate': 1.1614271428984087e-06, 'epoch': 265.96}
{'eval_eval_loss': 2.1140917905171364e-09, 'eval_eval_token_acc': 0.942013925894348, 'eval_eval_seq_acc': 0.0, 'eval_eval_move_acc': 1.0, 'eval_eval_mod4_acc': 1.0, 'eval_eval_runtime': 1.1193, 'eval_eval_samples_per_second': 1786.798, 'eval_eval_steps_per_second': 28.589, 'epoch': 265.96}
{'eval_train_loss': 1.4596382991172163e-09, 'eval_train_token_acc': 0.9447025707115241, 'eval_train_seq_acc': 0.0, 'eval_train_move_acc': 1.0, 'eval_train_mod4_acc': 1.0, 'eval_train_runtime': 0.56, 'eval_train_samples_per_second': 1785.799, 'eval_train_steps_per_second': 28.573, 'epoch': 265.96}
{'loss': 0.0, 'learning_rate': 1.0908515186698253e-06, 'epoch': 267.02}
{'eval_eval_loss': 1.909167268721035e-09, 'eval_eval_token_acc': 0.942013925894348, 'eval_eval_seq_acc': 0.0, 'eval_eval_move_acc': 1.0, 'eval_eval_mod4_acc': 1.0, 'eval_eval_runtime': 1.1207, 'eval_eval_samples_per_second': 1784.664, 'eval_eval_steps_per_second': 28.555, 'epoch': 267.02}
{'eval_train_loss': 1.3597653003571963e-09, 'eval_train_token_acc': 0.9447025707115241, 'eval_train_seq_acc': 0.0, 'eval_train_move_acc': 1.0, 'eval_train_mod4_acc': 1.0, 'eval_train_runtime': 0.5617, 'eval_train_samples_per_second': 1780.208, 'eval_train_steps_per_second': 28.483, 'epoch': 267.02}
  Pushed checkpoint step-63000 to ijinyu1113/ft_mr3_70m_seed2_purenum
{'loss': 0.0, 'learning_rate': 1.0224070321219065e-06, 'epoch': 268.09}
{'eval_eval_loss': 2.2350463702025536e-09, 'eval_eval_token_acc': 0.942013925894348, 'eval_eval_seq_acc': 0.0, 'eval_eval_move_acc': 1.0, 'eval_eval_mod4_acc': 1.0, 'eval_eval_runtime': 1.1222, 'eval_eval_samples_per_second': 1782.213, 'eval_eval_steps_per_second': 28.515, 'epoch': 268.09}
{'eval_train_loss': 1.3335120785384902e-09, 'eval_train_token_acc': 0.9447025707115241, 'eval_train_seq_acc': 0.0, 'eval_train_move_acc': 1.0, 'eval_train_mod4_acc': 1.0, 'eval_train_runtime': 0.5601, 'eval_train_samples_per_second': 1785.408, 'eval_train_steps_per_second': 28.567, 'epoch': 268.09}
{'loss': 0.0, 'learning_rate': 9.56104170210379e-07, 'epoch': 269.15}
{'eval_eval_loss': 2.411313149153216e-09, 'eval_eval_token_acc': 0.942013925894348, 'eval_eval_seq_acc': 0.0, 'eval_eval_move_acc': 1.0, 'eval_eval_mod4_acc': 1.0, 'eval_eval_runtime': 1.1222, 'eval_eval_samples_per_second': 1782.293, 'eval_eval_steps_per_second': 28.517, 'epoch': 269.15}
{'eval_train_loss': 1.3819319022445598e-09, 'eval_train_token_acc': 0.9447025707115241, 'eval_train_seq_acc': 0.0, 'eval_train_move_acc': 1.0, 'eval_train_mod4_acc': 1.0, 'eval_train_runtime': 0.5623, 'eval_train_samples_per_second': 1778.374, 'eval_train_steps_per_second': 28.454, 'epoch': 269.15}
{'loss': 0.0, 'learning_rate': 8.919530917546354e-07, 'epoch': 270.21}
{'eval_eval_loss': 2.3446842245533617e-09, 'eval_eval_token_acc': 0.942013925894348, 'eval_eval_seq_acc': 0.0, 'eval_eval_move_acc': 1.0, 'eval_eval_mod4_acc': 1.0, 'eval_eval_runtime': 1.1213, 'eval_eval_samples_per_second': 1783.567, 'eval_eval_steps_per_second': 28.537, 'epoch': 270.21}
{'eval_train_loss': 1.681104255801813e-09, 'eval_train_token_acc': 0.9447025707115241, 'eval_train_seq_acc': 0.0, 'eval_train_move_acc': 1.0, 'eval_train_mod4_acc': 1.0, 'eval_train_runtime': 0.5609, 'eval_train_samples_per_second': 1782.842, 'eval_train_steps_per_second': 28.525, 'epoch': 270.21}
{'loss': 0.0, 'learning_rate': 8.299636258812199e-07, 'epoch': 271.28}
{'eval_eval_loss': 2.5324233821066855e-09, 'eval_eval_token_acc': 0.942013925894348, 'eval_eval_seq_acc': 0.0, 'eval_eval_move_acc': 1.0, 'eval_eval_mod4_acc': 1.0, 'eval_eval_runtime': 1.1232, 'eval_eval_samples_per_second': 1780.659, 'eval_eval_steps_per_second': 28.491, 'epoch': 271.28}
{'eval_train_loss': 1.6563913574074718e-09, 'eval_train_token_acc': 0.9447025707115241, 'eval_train_seq_acc': 0.0, 'eval_train_move_acc': 1.0, 'eval_train_mod4_acc': 1.0, 'eval_train_runtime': 0.5634, 'eval_train_samples_per_second': 1774.975, 'eval_train_steps_per_second': 28.4, 'epoch': 271.28}
  Pushed checkpoint step-64000 to ijinyu1113/ft_mr3_70m_seed2_purenum
{'loss': 0.0, 'learning_rate': 7.701452705178236e-07, 'epoch': 272.34}
{'eval_eval_loss': 2.5298168004894706e-09, 'eval_eval_token_acc': 0.942013925894348, 'eval_eval_seq_acc': 0.0, 'eval_eval_move_acc': 1.0, 'eval_eval_mod4_acc': 1.0, 'eval_eval_runtime': 1.1197, 'eval_eval_samples_per_second': 1786.259, 'eval_eval_steps_per_second': 28.58, 'epoch': 272.34}
{'eval_train_loss': 1.6560166571366608e-09, 'eval_train_token_acc': 0.9447025707115241, 'eval_train_seq_acc': 0.0, 'eval_train_move_acc': 1.0, 'eval_train_mod4_acc': 1.0, 'eval_train_runtime': 0.5627, 'eval_train_samples_per_second': 1777.188, 'eval_train_steps_per_second': 28.435, 'epoch': 272.34}
{'loss': 0.0, 'learning_rate': 7.125071909380315e-07, 'epoch': 273.4}
{'eval_eval_loss': 2.500994300547177e-09, 'eval_eval_token_acc': 0.942013925894348, 'eval_eval_seq_acc': 0.0, 'eval_eval_move_acc': 1.0, 'eval_eval_mod4_acc': 1.0, 'eval_eval_runtime': 1.1241, 'eval_eval_samples_per_second': 1779.277, 'eval_eval_steps_per_second': 28.468, 'epoch': 273.4}
{'eval_train_loss': 1.7275924024673373e-09, 'eval_train_token_acc': 0.9447025707115241, 'eval_train_seq_acc': 0.0, 'eval_train_move_acc': 1.0, 'eval_train_mod4_acc': 1.0, 'eval_train_runtime': 0.5617, 'eval_train_samples_per_second': 1780.203, 'eval_train_steps_per_second': 28.483, 'epoch': 273.4}
{'loss': 0.0, 'learning_rate': 6.570582183570212e-07, 'epoch': 274.47}
{'eval_eval_loss': 2.6882953640949836e-09, 'eval_eval_token_acc': 0.942013925894348, 'eval_eval_seq_acc': 0.0, 'eval_eval_move_acc': 1.0, 'eval_eval_mod4_acc': 1.0, 'eval_eval_runtime': 1.1218, 'eval_eval_samples_per_second': 1782.905, 'eval_eval_steps_per_second': 28.526, 'epoch': 274.47}
{'eval_train_loss': 2.1336281630368603e-09, 'eval_train_token_acc': 0.9447025707115241, 'eval_train_seq_acc': 0.0, 'eval_train_move_acc': 1.0, 'eval_train_mod4_acc': 1.0, 'eval_train_runtime': 0.5605, 'eval_train_samples_per_second': 1784.079, 'eval_train_steps_per_second': 28.545, 'epoch': 274.47}
{'loss': 0.0, 'learning_rate': 6.038068485784731e-07, 'epoch': 275.53}
{'eval_eval_loss': 2.492374973073197e-09, 'eval_eval_token_acc': 0.942013925894348, 'eval_eval_seq_acc': 0.0, 'eval_eval_move_acc': 1.0, 'eval_eval_mod4_acc': 1.0, 'eval_eval_runtime': 1.1214, 'eval_eval_samples_per_second': 1783.503, 'eval_eval_steps_per_second': 28.536, 'epoch': 275.53}
{'eval_train_loss': 1.999955756559757e-09, 'eval_train_token_acc': 0.9447025707115241, 'eval_train_seq_acc': 0.0, 'eval_train_move_acc': 1.0, 'eval_train_mod4_acc': 1.0, 'eval_train_runtime': 0.5613, 'eval_train_samples_per_second': 1781.709, 'eval_train_steps_per_second': 28.507, 'epoch': 275.53}
  Pushed checkpoint step-65000 to ijinyu1113/ft_mr3_70m_seed2_purenum
{'loss': 0.0, 'learning_rate': 5.527612406928457e-07, 'epoch': 276.6}
{'eval_eval_loss': 2.386925324060485e-09, 'eval_eval_token_acc': 0.942013925894348, 'eval_eval_seq_acc': 0.0, 'eval_eval_move_acc': 1.0, 'eval_eval_mod4_acc': 1.0, 'eval_eval_runtime': 1.1206, 'eval_eval_samples_per_second': 1784.732, 'eval_eval_steps_per_second': 28.556, 'epoch': 276.6}
{'eval_train_loss': 1.994161946683448e-09, 'eval_train_token_acc': 0.9447025707115241, 'eval_train_seq_acc': 0.0, 'eval_train_move_acc': 1.0, 'eval_train_mod4_acc': 1.0, 'eval_train_runtime': 0.5605, 'eval_train_samples_per_second': 1784.211, 'eval_train_steps_per_second': 28.547, 'epoch': 276.6}
{'loss': 0.0, 'learning_rate': 5.039292158272595e-07, 'epoch': 277.66}
{'eval_eval_loss': 2.3744959332105964e-09, 'eval_eval_token_acc': 0.942013925894348, 'eval_eval_seq_acc': 0.0, 'eval_eval_move_acc': 1.0, 'eval_eval_mod4_acc': 1.0, 'eval_eval_runtime': 1.1203, 'eval_eval_samples_per_second': 1785.243, 'eval_eval_steps_per_second': 28.564, 'epoch': 277.66}
{'eval_train_loss': 2.6049560286622864e-09, 'eval_train_token_acc': 0.9447025707115241, 'eval_train_seq_acc': 0.0, 'eval_train_move_acc': 1.0, 'eval_train_mod4_acc': 1.0, 'eval_train_runtime': 0.5599, 'eval_train_samples_per_second': 1785.963, 'eval_train_steps_per_second': 28.575, 'epoch': 277.66}
{'loss': 0.0, 'learning_rate': 4.573182559471523e-07, 'epoch': 278.72}
{'eval_eval_loss': 2.2654820241996276e-09, 'eval_eval_token_acc': 0.942013925894348, 'eval_eval_seq_acc': 0.0, 'eval_eval_move_acc': 1.0, 'eval_eval_mod4_acc': 1.0, 'eval_eval_runtime': 1.1173, 'eval_eval_samples_per_second': 1790.098, 'eval_eval_steps_per_second': 28.642, 'epoch': 278.72}
{'eval_train_loss': 1.7931804929816053e-09, 'eval_train_token_acc': 0.9447025707115241, 'eval_train_seq_acc': 0.0, 'eval_train_move_acc': 1.0, 'eval_train_mod4_acc': 1.0, 'eval_train_runtime': 0.5585, 'eval_train_samples_per_second': 1790.442, 'eval_train_steps_per_second': 28.647, 'epoch': 278.72}
{'loss': 0.0, 'learning_rate': 4.1293550270990745e-07, 'epoch': 279.79}
{'eval_eval_loss': 2.177422908644644e-09, 'eval_eval_token_acc': 0.942013925894348, 'eval_eval_seq_acc': 0.0, 'eval_eval_move_acc': 1.0, 'eval_eval_mod4_acc': 1.0, 'eval_eval_runtime': 1.1186, 'eval_eval_samples_per_second': 1787.982, 'eval_eval_steps_per_second': 28.608, 'epoch': 279.79}
{'eval_train_loss': 2.0312964643665055e-09, 'eval_train_token_acc': 0.9447025707115241, 'eval_train_seq_acc': 0.0, 'eval_train_move_acc': 1.0, 'eval_train_mod4_acc': 1.0, 'eval_train_runtime': 0.5617, 'eval_train_samples_per_second': 1780.239, 'eval_train_steps_per_second': 28.484, 'epoch': 279.79}
  Pushed checkpoint step-66000 to ijinyu1113/ft_mr3_70m_seed2_purenum
{'loss': 0.0, 'learning_rate': 3.707877563706158e-07, 'epoch': 280.85}
{'eval_eval_loss': 2.139392663025319e-09, 'eval_eval_token_acc': 0.942013925894348, 'eval_eval_seq_acc': 0.0, 'eval_eval_move_acc': 1.0, 'eval_eval_mod4_acc': 1.0, 'eval_eval_runtime': 1.1232, 'eval_eval_samples_per_second': 1780.679, 'eval_eval_steps_per_second': 28.491, 'epoch': 280.85}
{'eval_train_loss': 1.8296939519046873e-09, 'eval_train_token_acc': 0.9447025707115241, 'eval_train_seq_acc': 0.0, 'eval_train_move_acc': 1.0, 'eval_train_mod4_acc': 1.0, 'eval_train_runtime': 0.5611, 'eval_train_samples_per_second': 1782.278, 'eval_train_steps_per_second': 28.516, 'epoch': 280.85}
{'loss': 0.0, 'learning_rate': 3.308814747401567e-07, 'epoch': 281.91}
{'eval_eval_loss': 2.172257485000273e-09, 'eval_eval_token_acc': 0.942013925894348, 'eval_eval_seq_acc': 0.0, 'eval_eval_move_acc': 1.0, 'eval_eval_mod4_acc': 1.0, 'eval_eval_runtime': 1.1195, 'eval_eval_samples_per_second': 1786.584, 'eval_eval_steps_per_second': 28.585, 'epoch': 281.91}
{'eval_train_loss': 1.8654811029250595e-09, 'eval_train_token_acc': 0.9447025707115241, 'eval_train_seq_acc': 0.0, 'eval_train_move_acc': 1.0, 'eval_train_mod4_acc': 1.0, 'eval_train_runtime': 0.5593, 'eval_train_samples_per_second': 1788.095, 'eval_train_steps_per_second': 28.61, 'epoch': 281.91}
{'loss': 0.0, 'learning_rate': 2.9322277219574145e-07, 'epoch': 282.98}
{'eval_eval_loss': 2.0683510459917898e-09, 'eval_eval_token_acc': 0.942013925894348, 'eval_eval_seq_acc': 0.0, 'eval_eval_move_acc': 1.0, 'eval_eval_mod4_acc': 1.0, 'eval_eval_runtime': 1.1189, 'eval_eval_samples_per_second': 1787.533, 'eval_eval_steps_per_second': 28.601, 'epoch': 282.98}
{'eval_train_loss': 1.7590050527260814e-09, 'eval_train_token_acc': 0.9447025707115241, 'eval_train_seq_acc': 0.0, 'eval_train_move_acc': 1.0, 'eval_train_mod4_acc': 1.0, 'eval_train_runtime': 0.5595, 'eval_train_samples_per_second': 1787.445, 'eval_train_steps_per_second': 28.599, 'epoch': 282.98}
{'loss': 0.0, 'learning_rate': 2.578174187440707e-07, 'epoch': 284.04}
{'eval_eval_loss': 1.9955199714871696e-09, 'eval_eval_token_acc': 0.942013925894348, 'eval_eval_seq_acc': 0.0, 'eval_eval_move_acc': 1.0, 'eval_eval_mod4_acc': 1.0, 'eval_eval_runtime': 1.1169, 'eval_eval_samples_per_second': 1790.593, 'eval_eval_steps_per_second': 28.649, 'epoch': 284.04}
{'eval_train_loss': 1.6786527723411382e-09, 'eval_train_token_acc': 0.9447025707115241, 'eval_train_seq_acc': 0.0, 'eval_train_move_acc': 1.0, 'eval_train_mod4_acc': 1.0, 'eval_train_runtime': 0.5592, 'eval_train_samples_per_second': 1788.215, 'eval_train_steps_per_second': 28.611, 'epoch': 284.04}
  Pushed checkpoint step-67000 to ijinyu1113/ft_mr3_70m_seed2_purenum
{'loss': 0.0, 'learning_rate': 2.2467083913728036e-07, 'epoch': 285.11}
{'eval_eval_loss': 1.9905646020390577e-09, 'eval_eval_token_acc': 0.942013925894348, 'eval_eval_seq_acc': 0.0, 'eval_eval_move_acc': 1.0, 'eval_eval_mod4_acc': 1.0, 'eval_eval_runtime': 1.1267, 'eval_eval_samples_per_second': 1775.019, 'eval_eval_steps_per_second': 28.4, 'epoch': 285.11}
{'eval_train_loss': 1.7762766812978725e-09, 'eval_train_token_acc': 0.9447025707115241, 'eval_train_seq_acc': 0.0, 'eval_train_move_acc': 1.0, 'eval_train_mod4_acc': 1.0, 'eval_train_runtime': 0.5602, 'eval_train_samples_per_second': 1784.993, 'eval_train_steps_per_second': 28.56, 'epoch': 285.11}
{'loss': 0.0, 'learning_rate': 1.9378811204174617e-07, 'epoch': 286.17}
{'eval_eval_loss': 1.9480921320536027e-09, 'eval_eval_token_acc': 0.942013925894348, 'eval_eval_seq_acc': 0.0, 'eval_eval_move_acc': 1.0, 'eval_eval_mod4_acc': 1.0, 'eval_eval_runtime': 1.1193, 'eval_eval_samples_per_second': 1786.851, 'eval_eval_steps_per_second': 28.59, 'epoch': 286.17}
{'eval_train_loss': 1.660067638908913e-09, 'eval_train_token_acc': 0.9447025707115241, 'eval_train_seq_acc': 0.0, 'eval_train_move_acc': 1.0, 'eval_train_mod4_acc': 1.0, 'eval_train_runtime': 0.5594, 'eval_train_samples_per_second': 1787.479, 'eval_train_steps_per_second': 28.6, 'epoch': 286.17}
{'loss': 0.0, 'learning_rate': 1.6517396925995797e-07, 'epoch': 287.23}
{'eval_eval_loss': 1.9366539483200995e-09, 'eval_eval_token_acc': 0.942013925894348, 'eval_eval_seq_acc': 0.0, 'eval_eval_move_acc': 1.0, 'eval_eval_mod4_acc': 1.0, 'eval_eval_runtime': 1.1192, 'eval_eval_samples_per_second': 1786.938, 'eval_eval_steps_per_second': 28.591, 'epoch': 287.23}
{'eval_train_loss': 1.6619983167487362e-09, 'eval_train_token_acc': 0.9447025707115241, 'eval_train_seq_acc': 0.0, 'eval_train_move_acc': 1.0, 'eval_train_mod4_acc': 1.0, 'eval_train_runtime': 0.5597, 'eval_train_samples_per_second': 1786.798, 'eval_train_steps_per_second': 28.589, 'epoch': 287.23}
{'loss': 0.0, 'learning_rate': 1.3883279500551295e-07, 'epoch': 288.3}
{'eval_eval_loss': 1.9463004541364626e-09, 'eval_eval_token_acc': 0.942013925894348, 'eval_eval_seq_acc': 0.0, 'eval_eval_move_acc': 1.0, 'eval_eval_mod4_acc': 1.0, 'eval_eval_runtime': 1.1172, 'eval_eval_samples_per_second': 1790.212, 'eval_eval_steps_per_second': 28.643, 'epoch': 288.3}
{'eval_train_loss': 1.7238305227706974e-09, 'eval_train_token_acc': 0.9447025707115241, 'eval_train_seq_acc': 0.0, 'eval_train_move_acc': 1.0, 'eval_train_mod4_acc': 1.0, 'eval_train_runtime': 0.5584, 'eval_train_samples_per_second': 1790.808, 'eval_train_steps_per_second': 28.653, 'epoch': 288.3}
  Pushed checkpoint step-68000 to ijinyu1113/ft_mr3_70m_seed2_purenum
{'loss': 0.0, 'learning_rate': 1.1476862523137122e-07, 'epoch': 289.36}
{'eval_eval_loss': 1.9197663458925263e-09, 'eval_eval_token_acc': 0.942013925894348, 'eval_eval_seq_acc': 0.0, 'eval_eval_move_acc': 1.0, 'eval_eval_mod4_acc': 1.0, 'eval_eval_runtime': 1.125, 'eval_eval_samples_per_second': 1777.702, 'eval_eval_steps_per_second': 28.443, 'epoch': 289.36}
{'eval_train_loss': 1.721698894563417e-09, 'eval_train_token_acc': 0.9447025707115241, 'eval_train_seq_acc': 0.0, 'eval_train_move_acc': 1.0, 'eval_train_mod4_acc': 1.0, 'eval_train_runtime': 0.5704, 'eval_train_samples_per_second': 1753.156, 'eval_train_steps_per_second': 28.05, 'epoch': 289.36}
{'loss': 0.0, 'learning_rate': 9.298514701147898e-08, 'epoch': 290.43}
{'eval_eval_loss': 1.9261605643805524e-09, 'eval_eval_token_acc': 0.942013925894348, 'eval_eval_seq_acc': 0.0, 'eval_eval_move_acc': 1.0, 'eval_eval_mod4_acc': 1.0, 'eval_eval_runtime': 1.1194, 'eval_eval_samples_per_second': 1786.692, 'eval_eval_steps_per_second': 28.587, 'epoch': 290.43}
{'eval_train_loss': 1.7075038050151647e-09, 'eval_train_token_acc': 0.9447025707115241, 'eval_train_seq_acc': 0.0, 'eval_train_move_acc': 1.0, 'eval_train_mod4_acc': 1.0, 'eval_train_runtime': 0.5609, 'eval_train_samples_per_second': 1782.839, 'eval_train_steps_per_second': 28.525, 'epoch': 290.43}
{'loss': 0.0, 'learning_rate': 7.348569797583527e-08, 'epoch': 291.49}
{'eval_eval_loss': 1.9400396844559964e-09, 'eval_eval_token_acc': 0.942013925894348, 'eval_eval_seq_acc': 0.0, 'eval_eval_move_acc': 1.0, 'eval_eval_mod4_acc': 1.0, 'eval_eval_runtime': 1.1206, 'eval_eval_samples_per_second': 1784.735, 'eval_eval_steps_per_second': 28.556, 'epoch': 291.49}
{'eval_train_loss': 1.7215460168529262e-09, 'eval_train_token_acc': 0.9447025707115241, 'eval_train_seq_acc': 0.0, 'eval_train_move_acc': 1.0, 'eval_train_mod4_acc': 1.0, 'eval_train_runtime': 0.561, 'eval_train_samples_per_second': 1782.491, 'eval_train_steps_per_second': 28.52, 'epoch': 291.49}
{'loss': 0.0, 'learning_rate': 5.627326579911107e-08, 'epoch': 292.55}
{'eval_eval_loss': 1.9347081714471415e-09, 'eval_eval_token_acc': 0.942013925894348, 'eval_eval_seq_acc': 0.0, 'eval_eval_move_acc': 1.0, 'eval_eval_mod4_acc': 1.0, 'eval_eval_runtime': 1.1189, 'eval_eval_samples_per_second': 1787.418, 'eval_eval_steps_per_second': 28.599, 'epoch': 292.55}
{'eval_train_loss': 1.6956435144876991e-09, 'eval_train_token_acc': 0.9447025707115241, 'eval_train_seq_acc': 0.0, 'eval_train_move_acc': 1.0, 'eval_train_mod4_acc': 1.0, 'eval_train_runtime': 0.5605, 'eval_train_samples_per_second': 1784.009, 'eval_train_steps_per_second': 28.544, 'epoch': 292.55}
  Pushed checkpoint step-69000 to ijinyu1113/ft_mr3_70m_seed2_purenum
{'loss': 0.0, 'learning_rate': 4.135048774287553e-08, 'epoch': 293.62}
{'eval_eval_loss': 1.9422927710621707e-09, 'eval_eval_token_acc': 0.942013925894348, 'eval_eval_seq_acc': 0.0, 'eval_eval_move_acc': 1.0, 'eval_eval_mod4_acc': 1.0, 'eval_eval_runtime': 1.1242, 'eval_eval_samples_per_second': 1778.99, 'eval_eval_steps_per_second': 28.464, 'epoch': 293.62}
{'eval_train_loss': 1.7375870742242228e-09, 'eval_train_token_acc': 0.9447025707115241, 'eval_train_seq_acc': 0.0, 'eval_train_move_acc': 1.0, 'eval_train_mod4_acc': 1.0, 'eval_train_runtime': 0.5699, 'eval_train_samples_per_second': 1754.767, 'eval_train_steps_per_second': 28.076, 'epoch': 293.62}
{'loss': 0.0, 'learning_rate': 2.8719650251529116e-08, 'epoch': 294.68}
{'eval_eval_loss': 1.959224560366124e-09, 'eval_eval_token_acc': 0.942013925894348, 'eval_eval_seq_acc': 0.0, 'eval_eval_move_acc': 1.0, 'eval_eval_mod4_acc': 1.0, 'eval_eval_runtime': 1.1211, 'eval_eval_samples_per_second': 1783.963, 'eval_eval_steps_per_second': 28.543, 'epoch': 294.68}
{'eval_train_loss': 1.7337008495488249e-09, 'eval_train_token_acc': 0.9447025707115241, 'eval_train_seq_acc': 0.0, 'eval_train_move_acc': 1.0, 'eval_train_mod4_acc': 1.0, 'eval_train_runtime': 0.5611, 'eval_train_samples_per_second': 1782.176, 'eval_train_steps_per_second': 28.515, 'epoch': 294.68}
{'loss': 0.0, 'learning_rate': 1.8382688601967234e-08, 'epoch': 295.74}
{'eval_eval_loss': 1.9655994609735217e-09, 'eval_eval_token_acc': 0.942013925894348, 'eval_eval_seq_acc': 0.0, 'eval_eval_move_acc': 1.0, 'eval_eval_mod4_acc': 1.0, 'eval_eval_runtime': 1.1178, 'eval_eval_samples_per_second': 1789.167, 'eval_eval_steps_per_second': 28.627, 'epoch': 295.74}
{'eval_train_loss': 1.7316751366180938e-09, 'eval_train_token_acc': 0.9447025707115241, 'eval_train_seq_acc': 0.0, 'eval_train_move_acc': 1.0, 'eval_train_mod4_acc': 1.0, 'eval_train_runtime': 0.5613, 'eval_train_samples_per_second': 1781.66, 'eval_train_steps_per_second': 28.507, 'epoch': 295.74}
{'loss': 0.0, 'learning_rate': 1.03411866070674e-08, 'epoch': 296.81}
{'eval_eval_loss': 1.968779805849863e-09, 'eval_eval_token_acc': 0.942013925894348, 'eval_eval_seq_acc': 0.0, 'eval_eval_move_acc': 1.0, 'eval_eval_mod4_acc': 1.0, 'eval_eval_runtime': 1.1436, 'eval_eval_samples_per_second': 1748.8, 'eval_eval_steps_per_second': 27.981, 'epoch': 296.81}
{'eval_train_loss': 1.7257023587902154e-09, 'eval_train_token_acc': 0.9447025707115241, 'eval_train_seq_acc': 0.0, 'eval_train_move_acc': 1.0, 'eval_train_mod4_acc': 1.0, 'eval_train_runtime': 0.5703, 'eval_train_samples_per_second': 1753.562, 'eval_train_steps_per_second': 28.057, 'epoch': 296.81}
  Pushed checkpoint step-70000 to ijinyu1113/ft_mr3_70m_seed2_purenum
{'loss': 0.0, 'learning_rate': 4.596376373016686e-09, 'epoch': 297.87}
{'eval_eval_loss': 1.9698411790614045e-09, 'eval_eval_token_acc': 0.942013925894348, 'eval_eval_seq_acc': 0.0, 'eval_eval_move_acc': 1.0, 'eval_eval_mod4_acc': 1.0, 'eval_eval_runtime': 1.1991, 'eval_eval_samples_per_second': 1667.928, 'eval_eval_steps_per_second': 26.687, 'epoch': 297.87}
{'eval_train_loss': 1.7297079324407605e-09, 'eval_train_token_acc': 0.9447025707115241, 'eval_train_seq_acc': 0.0, 'eval_train_move_acc': 1.0, 'eval_train_mod4_acc': 1.0, 'eval_train_runtime': 0.5974, 'eval_train_samples_per_second': 1673.784, 'eval_train_steps_per_second': 26.781, 'epoch': 297.87}
{'loss': 0.0, 'learning_rate': 1.149138110534409e-09, 'epoch': 298.94}
{'eval_eval_loss': 1.970902552272946e-09, 'eval_eval_token_acc': 0.942013925894348, 'eval_eval_seq_acc': 0.0, 'eval_eval_move_acc': 1.0, 'eval_eval_mod4_acc': 1.0, 'eval_eval_runtime': 1.1607, 'eval_eval_samples_per_second': 1723.124, 'eval_eval_steps_per_second': 27.57, 'epoch': 298.94}
{'eval_train_loss': 1.7297079324407605e-09, 'eval_train_token_acc': 0.9447025707115241, 'eval_train_seq_acc': 0.0, 'eval_train_move_acc': 1.0, 'eval_train_mod4_acc': 1.0, 'eval_train_runtime': 0.581, 'eval_train_samples_per_second': 1721.095, 'eval_train_steps_per_second': 27.538, 'epoch': 298.94}
{'loss': 0.0, 'learning_rate': 0.0, 'epoch': 300.0}
{'eval_eval_loss': 1.9719494925851677e-09, 'eval_eval_token_acc': 0.942013925894348, 'eval_eval_seq_acc': 0.0, 'eval_eval_move_acc': 1.0, 'eval_eval_mod4_acc': 1.0, 'eval_eval_runtime': 1.1602, 'eval_eval_samples_per_second': 1723.836, 'eval_eval_steps_per_second': 27.581, 'epoch': 300.0}
{'eval_train_loss': 1.7297079324407605e-09, 'eval_train_token_acc': 0.9447025707115241, 'eval_train_seq_acc': 0.0, 'eval_train_move_acc': 1.0, 'eval_train_mod4_acc': 1.0, 'eval_train_runtime': 0.5796, 'eval_train_samples_per_second': 1725.466, 'eval_train_steps_per_second': 27.607, 'epoch': 300.0}
{'train_runtime': 6430.6182, 'train_samples_per_second': 699.777, 'train_steps_per_second': 10.963, 'train_loss': 2.2896055103972954, 'epoch': 300.0}
  Pushed checkpoint step-70500 to ijinyu1113/ft_mr3_70m_seed2_purenum
Final eval: {'eval_loss': 1.9719494925851677e-09, 'eval_token_acc': 0.942013925894348, 'eval_seq_acc': 0.0, 'eval_move_acc': 1.0, 'eval_mod4_acc': 1.0, 'eval_runtime': 1.1981, 'eval_samples_per_second': 1669.34, 'eval_steps_per_second': 26.709, 'epoch': 300.0}
Final train: {'train_loss': 1.7297079324407605e-09, 'train_token_acc': 0.9447025707115241, 'train_seq_acc': 0.0, 'train_move_acc': 1.0, 'train_mod4_acc': 1.0, 'train_runtime': 0.5977, 'train_samples_per_second': 1673.062, 'train_steps_per_second': 26.769, 'epoch': 300.0}
