=== array task 3: mr=4 seed=2 size=70m lr=3e-5 eval=250 save=1000 ===
Config: max_remove=4, seed=2, model=70m (EleutherAI/pythia-70m-deduped), lr=3e-05
HF_REPO=ijinyu1113/ft_mr4_70m_seed2_purenum
TRAIN_FILE=../data/purenums/4_train.jsonl
EVAL_FILE=../data/purenums/4_eval.jsonl
METRICS_JSONL=new_result/purenum_metrics/mr4_70m_seed2.jsonl
Using base checkpoint: step143000
train: 15000 examples, eval: 2000 examples
train_acc subset: 1000 examples
train size=15000, steps/epoch=235, epochs=300 → ~70500 total steps
{'loss': 643.8884, 'learning_rate': 1.0638297872340427e-06, 'epoch': 1.06}
{'eval_eval_loss': 0.07155534625053406, 'eval_eval_token_acc': 0.943215326365746, 'eval_eval_seq_acc': 0.0, 'eval_eval_move_acc': 0.1995, 'eval_eval_mod5_acc': 0.1995, 'eval_eval_mod4_acc': 0.2535, 'eval_eval_runtime': 1.4427, 'eval_eval_samples_per_second': 1386.322, 'eval_eval_steps_per_second': 22.181, 'epoch': 1.06}
{'eval_train_loss': 0.06835157424211502, 'eval_train_token_acc': 0.9451982767393738, 'eval_train_seq_acc': 0.0, 'eval_train_move_acc': 0.213, 'eval_train_mod5_acc': 0.213, 'eval_train_mod4_acc': 0.238, 'eval_train_runtime': 0.5512, 'eval_train_samples_per_second': 1814.322, 'eval_train_steps_per_second': 29.029, 'epoch': 1.06}
{'loss': 0.0298, 'learning_rate': 2.1276595744680853e-06, 'epoch': 2.13}
{'eval_eval_loss': 0.028343182057142258, 'eval_eval_token_acc': 0.9439481444000488, 'eval_eval_seq_acc': 0.0, 'eval_eval_move_acc': 0.208, 'eval_eval_mod5_acc': 0.6808510638297872, 'eval_eval_mod4_acc': 0.23895253682487724, 'eval_eval_runtime': 1.1132, 'eval_eval_samples_per_second': 1796.61, 'eval_eval_steps_per_second': 28.746, 'epoch': 2.13}
{'eval_train_loss': 0.027697723358869553, 'eval_train_token_acc': 0.9458597645781743, 'eval_train_seq_acc': 0.0, 'eval_train_move_acc': 0.214, 'eval_train_mod5_acc': 0.6350148367952523, 'eval_train_mod4_acc': 0.228486646884273, 'eval_train_runtime': 0.5563, 'eval_train_samples_per_second': 1797.524, 'eval_train_steps_per_second': 28.76, 'epoch': 2.13}
{'loss': 0.0276, 'learning_rate': 3.1914893617021277e-06, 'epoch': 3.19}
{'eval_eval_loss': 0.028180651366710663, 'eval_eval_token_acc': 0.9439481444000488, 'eval_eval_seq_acc': 0.0, 'eval_eval_move_acc': 0.2035, 'eval_eval_mod5_acc': 0.5668523676880223, 'eval_eval_mod4_acc': 0.2562674094707521, 'eval_eval_runtime': 1.1118, 'eval_eval_samples_per_second': 1798.82, 'eval_eval_steps_per_second': 28.781, 'epoch': 3.19}
{'eval_train_loss': 0.027387462556362152, 'eval_train_token_acc': 0.9458597645781743, 'eval_train_seq_acc': 0.0, 'eval_train_move_acc': 0.195, 'eval_train_mod5_acc': 0.4802955665024631, 'eval_train_mod4_acc': 0.2684729064039409, 'eval_train_runtime': 0.5551, 'eval_train_samples_per_second': 1801.342, 'eval_train_steps_per_second': 28.821, 'epoch': 3.19}
  Pushed checkpoint step-1000 to ijinyu1113/ft_mr4_70m_seed2_purenum
{'loss': 0.0275, 'learning_rate': 4.255319148936171e-06, 'epoch': 4.26}
{'eval_eval_loss': 0.02824818715453148, 'eval_eval_token_acc': 0.9439481444000488, 'eval_eval_seq_acc': 0.0, 'eval_eval_move_acc': 0.1895, 'eval_eval_mod5_acc': 0.1895, 'eval_eval_mod4_acc': 0.249, 'eval_eval_runtime': 1.1107, 'eval_eval_samples_per_second': 1800.658, 'eval_eval_steps_per_second': 28.811, 'epoch': 4.26}
{'eval_train_loss': 0.02742726355791092, 'eval_train_token_acc': 0.9458597645781743, 'eval_train_seq_acc': 0.0, 'eval_train_move_acc': 0.209, 'eval_train_mod5_acc': 0.209, 'eval_train_mod4_acc': 0.263, 'eval_train_runtime': 0.5534, 'eval_train_samples_per_second': 1807.097, 'eval_train_steps_per_second': 28.914, 'epoch': 4.26}
{'loss': 0.0275, 'learning_rate': 5.319148936170213e-06, 'epoch': 5.32}
{'eval_eval_loss': 0.02846793830394745, 'eval_eval_token_acc': 0.9439481444000488, 'eval_eval_seq_acc': 0.0, 'eval_eval_move_acc': 0.2125, 'eval_eval_mod5_acc': 1.0, 'eval_eval_mod4_acc': 0.2776470588235294, 'eval_eval_runtime': 1.1122, 'eval_eval_samples_per_second': 1798.291, 'eval_eval_steps_per_second': 28.773, 'epoch': 5.32}
{'eval_train_loss': 0.027578264474868774, 'eval_train_token_acc': 0.9458597645781743, 'eval_train_seq_acc': 0.0, 'eval_train_move_acc': 0.192, 'eval_train_mod5_acc': 1.0, 'eval_train_mod4_acc': 0.2552083333333333, 'eval_train_runtime': 0.5563, 'eval_train_samples_per_second': 1797.557, 'eval_train_steps_per_second': 28.761, 'epoch': 5.32}
{'loss': 0.0313, 'learning_rate': 6.3829787234042555e-06, 'epoch': 6.38}
{'eval_eval_loss': 0.028458064422011375, 'eval_eval_token_acc': 0.9439481444000488, 'eval_eval_seq_acc': 0.0, 'eval_eval_move_acc': 0.2215, 'eval_eval_mod5_acc': 0.2215, 'eval_eval_mod4_acc': 0.254, 'eval_eval_runtime': 1.112, 'eval_eval_samples_per_second': 1798.509, 'eval_eval_steps_per_second': 28.776, 'epoch': 6.38}
{'eval_train_loss': 0.027696518227458, 'eval_train_token_acc': 0.9458597645781743, 'eval_train_seq_acc': 0.0, 'eval_train_move_acc': 0.182, 'eval_train_mod5_acc': 0.182, 'eval_train_mod4_acc': 0.26, 'eval_train_runtime': 0.5576, 'eval_train_samples_per_second': 1793.363, 'eval_train_steps_per_second': 28.694, 'epoch': 6.38}
{'loss': 0.0275, 'learning_rate': 7.446808510638298e-06, 'epoch': 7.45}
{'eval_eval_loss': 0.028432060033082962, 'eval_eval_token_acc': 0.9439481444000488, 'eval_eval_seq_acc': 0.0, 'eval_eval_move_acc': 0.214, 'eval_eval_mod5_acc': 0.214, 'eval_eval_mod4_acc': 0.2425, 'eval_eval_runtime': 1.1143, 'eval_eval_samples_per_second': 1794.877, 'eval_eval_steps_per_second': 28.718, 'epoch': 7.45}
{'eval_train_loss': 0.027548177167773247, 'eval_train_token_acc': 0.9458597645781743, 'eval_train_seq_acc': 0.0, 'eval_train_move_acc': 0.188, 'eval_train_mod5_acc': 0.188, 'eval_train_mod4_acc': 0.262, 'eval_train_runtime': 0.5565, 'eval_train_samples_per_second': 1796.901, 'eval_train_steps_per_second': 28.75, 'epoch': 7.45}
  Pushed checkpoint step-2000 to ijinyu1113/ft_mr4_70m_seed2_purenum
{'loss': 0.0274, 'learning_rate': 8.510638297872341e-06, 'epoch': 8.51}
{'eval_eval_loss': 0.028392020612955093, 'eval_eval_token_acc': 0.9439481444000488, 'eval_eval_seq_acc': 0.0, 'eval_eval_move_acc': 0.1905, 'eval_eval_mod5_acc': 0.1905, 'eval_eval_mod4_acc': 0.2525, 'eval_eval_runtime': 1.1141, 'eval_eval_samples_per_second': 1795.196, 'eval_eval_steps_per_second': 28.723, 'epoch': 8.51}
{'eval_train_loss': 0.02745218388736248, 'eval_train_token_acc': 0.9458597645781743, 'eval_train_seq_acc': 0.0, 'eval_train_move_acc': 0.208, 'eval_train_mod5_acc': 0.208, 'eval_train_mod4_acc': 0.264, 'eval_train_runtime': 0.5545, 'eval_train_samples_per_second': 1803.282, 'eval_train_steps_per_second': 28.853, 'epoch': 8.51}
{'loss': 0.0277, 'learning_rate': 9.574468085106385e-06, 'epoch': 9.57}
{'eval_eval_loss': 0.028454329818487167, 'eval_eval_token_acc': 0.9439481444000488, 'eval_eval_seq_acc': 0.0, 'eval_eval_move_acc': 0.1915, 'eval_eval_mod5_acc': 0.1915, 'eval_eval_mod4_acc': 0.2515, 'eval_eval_runtime': 1.114, 'eval_eval_samples_per_second': 1795.323, 'eval_eval_steps_per_second': 28.725, 'epoch': 9.57}
{'eval_train_loss': 0.027443567290902138, 'eval_train_token_acc': 0.9458597645781743, 'eval_train_seq_acc': 0.0, 'eval_train_move_acc': 0.201, 'eval_train_mod5_acc': 0.201, 'eval_train_mod4_acc': 0.244, 'eval_train_runtime': 0.5581, 'eval_train_samples_per_second': 1791.882, 'eval_train_steps_per_second': 28.67, 'epoch': 9.57}
{'loss': 0.0275, 'learning_rate': 1.0638297872340426e-05, 'epoch': 10.64}
{'eval_eval_loss': 0.02828940749168396, 'eval_eval_token_acc': 0.9439481444000488, 'eval_eval_seq_acc': 0.0, 'eval_eval_move_acc': 0.192, 'eval_eval_mod5_acc': 0.3632923368022706, 'eval_eval_mod4_acc': 0.2251655629139073, 'eval_eval_runtime': 1.114, 'eval_eval_samples_per_second': 1795.39, 'eval_eval_steps_per_second': 28.726, 'epoch': 10.64}
{'eval_train_loss': 0.02727138064801693, 'eval_train_token_acc': 0.9458597645781743, 'eval_train_seq_acc': 0.0, 'eval_train_move_acc': 0.232, 'eval_train_mod5_acc': 0.43283582089552236, 'eval_train_mod4_acc': 0.23134328358208955, 'eval_train_runtime': 0.5579, 'eval_train_samples_per_second': 1792.373, 'eval_train_steps_per_second': 28.678, 'epoch': 10.64}
{'loss': 0.0274, 'learning_rate': 1.170212765957447e-05, 'epoch': 11.7}
{'eval_eval_loss': 0.028289534151554108, 'eval_eval_token_acc': 0.9439481444000488, 'eval_eval_seq_acc': 0.0, 'eval_eval_move_acc': 0.189, 'eval_eval_mod5_acc': 0.189, 'eval_eval_mod4_acc': 0.2495, 'eval_eval_runtime': 1.1124, 'eval_eval_samples_per_second': 1797.894, 'eval_eval_steps_per_second': 28.766, 'epoch': 11.7}
{'eval_train_loss': 0.027358604595065117, 'eval_train_token_acc': 0.9458597645781743, 'eval_train_seq_acc': 0.0, 'eval_train_move_acc': 0.208, 'eval_train_mod5_acc': 0.208, 'eval_train_mod4_acc': 0.264, 'eval_train_runtime': 0.5572, 'eval_train_samples_per_second': 1794.746, 'eval_train_steps_per_second': 28.716, 'epoch': 11.7}
  Pushed checkpoint step-3000 to ijinyu1113/ft_mr4_70m_seed2_purenum
{'loss': 0.0275, 'learning_rate': 1.2765957446808511e-05, 'epoch': 12.77}
{'eval_eval_loss': 0.028465354815125465, 'eval_eval_token_acc': 0.9439481444000488, 'eval_eval_seq_acc': 0.0, 'eval_eval_move_acc': 0.191, 'eval_eval_mod5_acc': 0.19147869674185464, 'eval_eval_mod4_acc': 0.25764411027568923, 'eval_eval_runtime': 1.1115, 'eval_eval_samples_per_second': 1799.398, 'eval_eval_steps_per_second': 28.79, 'epoch': 12.77}
{'eval_train_loss': 0.027634859085083008, 'eval_train_token_acc': 0.9458597645781743, 'eval_train_seq_acc': 0.0, 'eval_train_move_acc': 0.214, 'eval_train_mod5_acc': 0.21421421421421422, 'eval_train_mod4_acc': 0.25825825825825827, 'eval_train_runtime': 0.5548, 'eval_train_samples_per_second': 1802.423, 'eval_train_steps_per_second': 28.839, 'epoch': 12.77}
{'loss': 0.0716, 'learning_rate': 1.3829787234042554e-05, 'epoch': 13.83}
{'eval_eval_loss': 0.028692569583654404, 'eval_eval_token_acc': 0.9439481444000488, 'eval_eval_seq_acc': 0.0, 'eval_eval_move_acc': 0.2125, 'eval_eval_mod5_acc': 1.0, 'eval_eval_mod4_acc': 0.2776470588235294, 'eval_eval_runtime': 1.1143, 'eval_eval_samples_per_second': 1794.802, 'eval_eval_steps_per_second': 28.717, 'epoch': 13.83}
{'eval_train_loss': 0.027964940294623375, 'eval_train_token_acc': 0.9458597645781743, 'eval_train_seq_acc': 0.0, 'eval_train_move_acc': 0.192, 'eval_train_mod5_acc': 1.0, 'eval_train_mod4_acc': 0.2552083333333333, 'eval_train_runtime': 0.5558, 'eval_train_samples_per_second': 1799.347, 'eval_train_steps_per_second': 28.79, 'epoch': 13.83}
{'loss': 0.0275, 'learning_rate': 1.4893617021276596e-05, 'epoch': 14.89}
{'eval_eval_loss': 0.028126411139965057, 'eval_eval_token_acc': 0.9439481444000488, 'eval_eval_seq_acc': 0.0, 'eval_eval_move_acc': 0.2065, 'eval_eval_mod5_acc': 0.2594221105527638, 'eval_eval_mod4_acc': 0.2443467336683417, 'eval_eval_runtime': 1.1131, 'eval_eval_samples_per_second': 1796.841, 'eval_eval_steps_per_second': 28.749, 'epoch': 14.89}
{'eval_train_loss': 0.02720474824309349, 'eval_train_token_acc': 0.9458597645781743, 'eval_train_seq_acc': 0.0, 'eval_train_move_acc': 0.216, 'eval_train_mod5_acc': 0.26118500604594924, 'eval_train_mod4_acc': 0.26118500604594924, 'eval_train_runtime': 0.5568, 'eval_train_samples_per_second': 1796.056, 'eval_train_steps_per_second': 28.737, 'epoch': 14.89}
{'loss': 0.0274, 'learning_rate': 1.5957446808510637e-05, 'epoch': 15.96}
{'eval_eval_loss': 0.02838391438126564, 'eval_eval_token_acc': 0.9439481444000488, 'eval_eval_seq_acc': 0.0, 'eval_eval_move_acc': 0.214, 'eval_eval_mod5_acc': 0.2616136919315403, 'eval_eval_mod4_acc': 0.24755501222493886, 'eval_eval_runtime': 1.1124, 'eval_eval_samples_per_second': 1797.956, 'eval_eval_steps_per_second': 28.767, 'epoch': 15.96}
{'eval_train_loss': 0.027305612340569496, 'eval_train_token_acc': 0.9458597645781743, 'eval_train_seq_acc': 0.0, 'eval_train_move_acc': 0.219, 'eval_train_mod5_acc': 0.2644927536231884, 'eval_train_mod4_acc': 0.2644927536231884, 'eval_train_runtime': 0.5563, 'eval_train_samples_per_second': 1797.654, 'eval_train_steps_per_second': 28.762, 'epoch': 15.96}
  Pushed checkpoint step-4000 to ijinyu1113/ft_mr4_70m_seed2_purenum
{'loss': 0.0274, 'learning_rate': 1.7021276595744682e-05, 'epoch': 17.02}
{'eval_eval_loss': 0.02880084328353405, 'eval_eval_token_acc': 0.9439481444000488, 'eval_eval_seq_acc': 0.0, 'eval_eval_move_acc': 0.211, 'eval_eval_mod5_acc': 0.8612244897959184, 'eval_eval_mod4_acc': 0.2755102040816326, 'eval_eval_runtime': 1.1246, 'eval_eval_samples_per_second': 1778.406, 'eval_eval_steps_per_second': 28.454, 'epoch': 17.02}
{'eval_train_loss': 0.02750571072101593, 'eval_train_token_acc': 0.9458597645781743, 'eval_train_seq_acc': 0.0, 'eval_train_move_acc': 0.201, 'eval_train_mod5_acc': 0.9013452914798207, 'eval_train_mod4_acc': 0.2600896860986547, 'eval_train_runtime': 0.5548, 'eval_train_samples_per_second': 1802.296, 'eval_train_steps_per_second': 28.837, 'epoch': 17.02}
{'loss': 0.0273, 'learning_rate': 1.8085106382978724e-05, 'epoch': 18.09}
{'eval_eval_loss': 0.029034290462732315, 'eval_eval_token_acc': 0.9439481444000488, 'eval_eval_seq_acc': 0.0, 'eval_eval_move_acc': 0.195, 'eval_eval_mod5_acc': 0.2332535885167464, 'eval_eval_mod4_acc': 0.25239234449760767, 'eval_eval_runtime': 1.1176, 'eval_eval_samples_per_second': 1789.488, 'eval_eval_steps_per_second': 28.632, 'epoch': 18.09}
{'eval_train_loss': 0.027214892208576202, 'eval_train_token_acc': 0.9458597645781743, 'eval_train_seq_acc': 0.0, 'eval_train_move_acc': 0.25, 'eval_train_mod5_acc': 0.29550827423167847, 'eval_train_mod4_acc': 0.2706855791962175, 'eval_train_runtime': 0.5564, 'eval_train_samples_per_second': 1797.246, 'eval_train_steps_per_second': 28.756, 'epoch': 18.09}
{'loss': 0.0274, 'learning_rate': 1.914893617021277e-05, 'epoch': 19.15}
{'eval_eval_loss': 0.02923622913658619, 'eval_eval_token_acc': 0.9439481444000488, 'eval_eval_seq_acc': 0.0, 'eval_eval_move_acc': 0.2095, 'eval_eval_mod5_acc': 0.2227538543328017, 'eval_eval_mod4_acc': 0.24455077086656035, 'eval_eval_runtime': 1.1154, 'eval_eval_samples_per_second': 1793.023, 'eval_eval_steps_per_second': 28.688, 'epoch': 19.15}
{'eval_train_loss': 0.028024345636367798, 'eval_train_token_acc': 0.9458597645781743, 'eval_train_seq_acc': 0.0, 'eval_train_move_acc': 0.196, 'eval_train_mod5_acc': 0.20566631689401887, 'eval_train_mod4_acc': 0.2707240293809024, 'eval_train_runtime': 0.5577, 'eval_train_samples_per_second': 1793.182, 'eval_train_steps_per_second': 28.691, 'epoch': 19.15}
{'loss': 0.0272, 'learning_rate': 2.0212765957446807e-05, 'epoch': 20.21}
{'eval_eval_loss': 0.02896950952708721, 'eval_eval_token_acc': 0.9439481444000488, 'eval_eval_seq_acc': 0.0, 'eval_eval_move_acc': 0.187, 'eval_eval_mod5_acc': 0.27239621267297887, 'eval_eval_mod4_acc': 0.23670793882010197, 'eval_eval_runtime': 1.1139, 'eval_eval_samples_per_second': 1795.481, 'eval_eval_steps_per_second': 28.728, 'epoch': 20.21}
{'eval_train_loss': 0.026954859495162964, 'eval_train_token_acc': 0.9458597645781743, 'eval_train_seq_acc': 0.0, 'eval_train_move_acc': 0.254, 'eval_train_mod5_acc': 0.3681159420289855, 'eval_train_mod4_acc': 0.23043478260869565, 'eval_train_runtime': 0.5572, 'eval_train_samples_per_second': 1794.615, 'eval_train_steps_per_second': 28.714, 'epoch': 20.21}
  Pushed checkpoint step-5000 to ijinyu1113/ft_mr4_70m_seed2_purenum
{'loss': 0.0304, 'learning_rate': 2.1276595744680852e-05, 'epoch': 21.28}
{'eval_eval_loss': 0.02928151562809944, 'eval_eval_token_acc': 0.9439481444000488, 'eval_eval_seq_acc': 0.0, 'eval_eval_move_acc': 0.2015, 'eval_eval_mod5_acc': 0.5193298969072165, 'eval_eval_mod4_acc': 0.27963917525773196, 'eval_eval_runtime': 1.1122, 'eval_eval_samples_per_second': 1798.279, 'eval_eval_steps_per_second': 28.772, 'epoch': 21.28}
{'eval_train_loss': 0.027431298047304153, 'eval_train_token_acc': 0.9458597645781743, 'eval_train_seq_acc': 0.0, 'eval_train_move_acc': 0.227, 'eval_train_mod5_acc': 0.5880829015544041, 'eval_train_mod4_acc': 0.24352331606217617, 'eval_train_runtime': 0.5542, 'eval_train_samples_per_second': 1804.461, 'eval_train_steps_per_second': 28.871, 'epoch': 21.28}
{'loss': 0.0272, 'learning_rate': 2.2340425531914894e-05, 'epoch': 22.34}
{'eval_eval_loss': 0.02898664027452469, 'eval_eval_token_acc': 0.9439481444000488, 'eval_eval_seq_acc': 0.0, 'eval_eval_move_acc': 0.1825, 'eval_eval_mod5_acc': 0.24300932090545938, 'eval_eval_mod4_acc': 0.2529960053262317, 'eval_eval_runtime': 1.1131, 'eval_eval_samples_per_second': 1796.758, 'eval_eval_steps_per_second': 28.748, 'epoch': 22.34}
{'eval_train_loss': 0.026816848665475845, 'eval_train_token_acc': 0.9458597645781743, 'eval_train_seq_acc': 0.0, 'eval_train_move_acc': 0.254, 'eval_train_mod5_acc': 0.32522407170294493, 'eval_train_mod4_acc': 0.2560819462227913, 'eval_train_runtime': 0.558, 'eval_train_samples_per_second': 1792.016, 'eval_train_steps_per_second': 28.672, 'epoch': 22.34}
{'loss': 0.0271, 'learning_rate': 2.340425531914894e-05, 'epoch': 23.4}
{'eval_eval_loss': 0.029593952000141144, 'eval_eval_token_acc': 0.9439481444000488, 'eval_eval_seq_acc': 0.0, 'eval_eval_move_acc': 0.197, 'eval_eval_mod5_acc': 0.4608187134502924, 'eval_eval_mod4_acc': 0.23391812865497075, 'eval_eval_runtime': 1.1146, 'eval_eval_samples_per_second': 1794.419, 'eval_eval_steps_per_second': 28.711, 'epoch': 23.4}
{'eval_train_loss': 0.027251724153757095, 'eval_train_token_acc': 0.9458597645781743, 'eval_train_seq_acc': 0.0, 'eval_train_move_acc': 0.237, 'eval_train_mod5_acc': 0.5576470588235294, 'eval_train_mod4_acc': 0.2564705882352941, 'eval_train_runtime': 0.5582, 'eval_train_samples_per_second': 1791.565, 'eval_train_steps_per_second': 28.665, 'epoch': 23.4}
{'loss': 0.0272, 'learning_rate': 2.4468085106382977e-05, 'epoch': 24.47}
{'eval_eval_loss': 0.03028402104973793, 'eval_eval_token_acc': 0.9439481444000488, 'eval_eval_seq_acc': 0.0, 'eval_eval_move_acc': 0.176, 'eval_eval_mod5_acc': 0.19447513812154696, 'eval_eval_mod4_acc': 0.23425414364640884, 'eval_eval_runtime': 1.1147, 'eval_eval_samples_per_second': 1794.198, 'eval_eval_steps_per_second': 28.707, 'epoch': 24.47}
{'eval_train_loss': 0.02756342664361, 'eval_train_token_acc': 0.9458597645781743, 'eval_train_seq_acc': 0.0, 'eval_train_move_acc': 0.257, 'eval_train_mod5_acc': 0.28587319243604004, 'eval_train_mod4_acc': 0.2447163515016685, 'eval_train_runtime': 0.5581, 'eval_train_samples_per_second': 1791.694, 'eval_train_steps_per_second': 28.667, 'epoch': 24.47}
  Pushed checkpoint step-6000 to ijinyu1113/ft_mr4_70m_seed2_purenum
{'loss': 0.0271, 'learning_rate': 2.5531914893617022e-05, 'epoch': 25.53}
{'eval_eval_loss': 0.03065200336277485, 'eval_eval_token_acc': 0.9439481444000488, 'eval_eval_seq_acc': 0.0, 'eval_eval_move_acc': 0.2085, 'eval_eval_mod5_acc': 0.8651452282157677, 'eval_eval_mod4_acc': 0.2717842323651452, 'eval_eval_runtime': 1.1128, 'eval_eval_samples_per_second': 1797.24, 'eval_eval_steps_per_second': 28.756, 'epoch': 25.53}
{'eval_train_loss': 0.028513886034488678, 'eval_train_token_acc': 0.9458597645781743, 'eval_train_seq_acc': 0.0, 'eval_train_move_acc': 0.2, 'eval_train_mod5_acc': 0.9259259259259259, 'eval_train_mod4_acc': 0.2361111111111111, 'eval_train_runtime': 0.5548, 'eval_train_samples_per_second': 1802.494, 'eval_train_steps_per_second': 28.84, 'epoch': 25.53}
{'loss': 0.0272, 'learning_rate': 2.6595744680851064e-05, 'epoch': 26.6}
{'eval_eval_loss': 0.02943587116897106, 'eval_eval_token_acc': 0.9439481444000488, 'eval_eval_seq_acc': 0.0, 'eval_eval_move_acc': 0.1905, 'eval_eval_mod5_acc': 0.335387323943662, 'eval_eval_mod4_acc': 0.2367957746478873, 'eval_eval_runtime': 1.1187, 'eval_eval_samples_per_second': 1787.713, 'eval_eval_steps_per_second': 28.603, 'epoch': 26.6}
{'eval_train_loss': 0.027097659185528755, 'eval_train_token_acc': 0.9458597645781743, 'eval_train_seq_acc': 0.0, 'eval_train_move_acc': 0.254, 'eval_train_mod5_acc': 0.4511545293072824, 'eval_train_mod4_acc': 0.2539964476021314, 'eval_train_runtime': 0.5556, 'eval_train_samples_per_second': 1799.94, 'eval_train_steps_per_second': 28.799, 'epoch': 26.6}
{'loss': 0.0272, 'learning_rate': 2.765957446808511e-05, 'epoch': 27.66}
{'eval_eval_loss': 0.029430679976940155, 'eval_eval_token_acc': 0.9439481444000488, 'eval_eval_seq_acc': 0.0, 'eval_eval_move_acc': 0.184, 'eval_eval_mod5_acc': 0.32139737991266376, 'eval_eval_mod4_acc': 0.25327510917030566, 'eval_eval_runtime': 1.1144, 'eval_eval_samples_per_second': 1794.669, 'eval_eval_steps_per_second': 28.715, 'epoch': 27.66}
{'eval_train_loss': 0.026830261573195457, 'eval_train_token_acc': 0.9458597645781743, 'eval_train_seq_acc': 0.0, 'eval_train_move_acc': 0.257, 'eval_train_mod5_acc': 0.44082332761578047, 'eval_train_mod4_acc': 0.22984562607204118, 'eval_train_runtime': 0.5577, 'eval_train_samples_per_second': 1793.13, 'eval_train_steps_per_second': 28.69, 'epoch': 27.66}
{'loss': 0.027, 'learning_rate': 2.872340425531915e-05, 'epoch': 28.72}
{'eval_eval_loss': 0.029666578397154808, 'eval_eval_token_acc': 0.9439481444000488, 'eval_eval_seq_acc': 0.0, 'eval_eval_move_acc': 0.174, 'eval_eval_mod5_acc': 0.19772727272727272, 'eval_eval_mod4_acc': 0.23238636363636364, 'eval_eval_runtime': 1.1149, 'eval_eval_samples_per_second': 1793.903, 'eval_eval_steps_per_second': 28.702, 'epoch': 28.72}
{'eval_train_loss': 0.02666577510535717, 'eval_train_token_acc': 0.9458597645781743, 'eval_train_seq_acc': 0.0, 'eval_train_move_acc': 0.275, 'eval_train_mod5_acc': 0.30726256983240224, 'eval_train_mod4_acc': 0.24692737430167597, 'eval_train_runtime': 0.5594, 'eval_train_samples_per_second': 1787.704, 'eval_train_steps_per_second': 28.603, 'epoch': 28.72}
  Pushed checkpoint step-7000 to ijinyu1113/ft_mr4_70m_seed2_purenum
{'loss': 0.0271, 'learning_rate': 2.9787234042553192e-05, 'epoch': 29.79}
{'eval_eval_loss': 0.029724713414907455, 'eval_eval_token_acc': 0.9439481444000488, 'eval_eval_seq_acc': 0.0, 'eval_eval_move_acc': 0.196, 'eval_eval_mod5_acc': 0.3971631205673759, 'eval_eval_mod4_acc': 0.25430597771023306, 'eval_eval_runtime': 1.1143, 'eval_eval_samples_per_second': 1794.899, 'eval_eval_steps_per_second': 28.718, 'epoch': 29.79}
{'eval_train_loss': 0.027052609249949455, 'eval_train_token_acc': 0.9458597645781743, 'eval_train_seq_acc': 0.0, 'eval_train_move_acc': 0.246, 'eval_train_mod5_acc': 0.4900398406374502, 'eval_train_mod4_acc': 0.23306772908366533, 'eval_train_runtime': 0.556, 'eval_train_samples_per_second': 1798.63, 'eval_train_steps_per_second': 28.778, 'epoch': 29.79}
{'loss': 0.0272, 'learning_rate': 2.9999264548228676e-05, 'epoch': 30.85}
{'eval_eval_loss': 0.03010747767984867, 'eval_eval_token_acc': 0.9439481444000488, 'eval_eval_seq_acc': 0.0, 'eval_eval_move_acc': 0.2, 'eval_eval_mod5_acc': 0.6944444444444444, 'eval_eval_mod4_acc': 0.2586805555555556, 'eval_eval_runtime': 1.1154, 'eval_eval_samples_per_second': 1793.122, 'eval_eval_steps_per_second': 28.69, 'epoch': 30.85}
{'eval_train_loss': 0.027651134878396988, 'eval_train_token_acc': 0.9458597645781743, 'eval_train_seq_acc': 0.0, 'eval_train_move_acc': 0.221, 'eval_train_mod5_acc': 0.7864768683274022, 'eval_train_mod4_acc': 0.2597864768683274, 'eval_train_runtime': 0.5587, 'eval_train_samples_per_second': 1789.908, 'eval_train_steps_per_second': 28.639, 'epoch': 30.85}
{'loss': 0.027, 'learning_rate': 2.9996276899008885e-05, 'epoch': 31.91}
{'eval_eval_loss': 0.029817119240760803, 'eval_eval_token_acc': 0.9439481444000488, 'eval_eval_seq_acc': 0.0, 'eval_eval_move_acc': 0.1685, 'eval_eval_mod5_acc': 0.23289564616447822, 'eval_eval_mod4_acc': 0.2508638562543193, 'eval_eval_runtime': 1.116, 'eval_eval_samples_per_second': 1792.115, 'eval_eval_steps_per_second': 28.674, 'epoch': 31.91}
{'eval_train_loss': 0.02676704153418541, 'eval_train_token_acc': 0.9458597645781743, 'eval_train_seq_acc': 0.0, 'eval_train_move_acc': 0.276, 'eval_train_mod5_acc': 0.3770491803278688, 'eval_train_mod4_acc': 0.2459016393442623, 'eval_train_runtime': 0.5597, 'eval_train_samples_per_second': 1786.684, 'eval_train_steps_per_second': 28.587, 'epoch': 31.91}
{'loss': 0.0277, 'learning_rate': 2.9990991544015662e-05, 'epoch': 32.98}
{'eval_eval_loss': 0.03097102791070938, 'eval_eval_token_acc': 0.9439481444000488, 'eval_eval_seq_acc': 0.0, 'eval_eval_move_acc': 0.175, 'eval_eval_mod5_acc': 0.175, 'eval_eval_mod4_acc': 0.245, 'eval_eval_runtime': 1.1167, 'eval_eval_samples_per_second': 1791.029, 'eval_eval_steps_per_second': 28.656, 'epoch': 32.98}
{'eval_train_loss': 0.02771642990410328, 'eval_train_token_acc': 0.9458597645781743, 'eval_train_seq_acc': 0.0, 'eval_train_move_acc': 0.248, 'eval_train_mod5_acc': 0.248, 'eval_train_mod4_acc': 0.241, 'eval_train_runtime': 0.559, 'eval_train_samples_per_second': 1788.893, 'eval_train_steps_per_second': 28.622, 'epoch': 32.98}
  Pushed checkpoint step-8000 to ijinyu1113/ft_mr4_70m_seed2_purenum
{'loss': 0.0271, 'learning_rate': 2.9983409293062717e-05, 'epoch': 34.04}
{'eval_eval_loss': 0.029877515509724617, 'eval_eval_token_acc': 0.9439481444000488, 'eval_eval_seq_acc': 0.0, 'eval_eval_move_acc': 0.1755, 'eval_eval_mod5_acc': 0.19456762749445677, 'eval_eval_mod4_acc': 0.23725055432372505, 'eval_eval_runtime': 1.1151, 'eval_eval_samples_per_second': 1793.623, 'eval_eval_steps_per_second': 28.698, 'epoch': 34.04}
{'eval_train_loss': 0.026887161657214165, 'eval_train_token_acc': 0.9458597645781743, 'eval_train_seq_acc': 0.0, 'eval_train_move_acc': 0.264, 'eval_train_mod5_acc': 0.28664495114006516, 'eval_train_mod4_acc': 0.24647122692725298, 'eval_train_runtime': 0.5557, 'eval_train_samples_per_second': 1799.598, 'eval_train_steps_per_second': 28.794, 'epoch': 34.04}
{'loss': 0.0269, 'learning_rate': 2.9973531307890522e-05, 'epoch': 35.11}
{'eval_eval_loss': 0.030304426327347755, 'eval_eval_token_acc': 0.9439481444000488, 'eval_eval_seq_acc': 0.0, 'eval_eval_move_acc': 0.168, 'eval_eval_mod5_acc': 0.26582278481012656, 'eval_eval_mod4_acc': 0.2444620253164557, 'eval_eval_runtime': 1.1147, 'eval_eval_samples_per_second': 1794.193, 'eval_eval_steps_per_second': 28.707, 'epoch': 35.11}
{'eval_train_loss': 0.027114655822515488, 'eval_train_token_acc': 0.9458597645781743, 'eval_train_seq_acc': 0.0, 'eval_train_move_acc': 0.26, 'eval_train_mod5_acc': 0.38179148311306904, 'eval_train_mod4_acc': 0.22466960352422907, 'eval_train_runtime': 0.5572, 'eval_train_samples_per_second': 1794.709, 'eval_train_steps_per_second': 28.715, 'epoch': 35.11}
{'loss': 0.0269, 'learning_rate': 2.9961359101988298e-05, 'epoch': 36.17}
{'eval_eval_loss': 0.03021545149385929, 'eval_eval_token_acc': 0.9439481444000488, 'eval_eval_seq_acc': 0.0, 'eval_eval_move_acc': 0.1785, 'eval_eval_mod5_acc': 0.2551822730521801, 'eval_eval_mod4_acc': 0.24874910650464618, 'eval_eval_runtime': 1.1156, 'eval_eval_samples_per_second': 1792.82, 'eval_eval_steps_per_second': 28.685, 'epoch': 36.17}
{'eval_train_loss': 0.02660287171602249, 'eval_train_token_acc': 0.9458597645781743, 'eval_train_seq_acc': 0.0, 'eval_train_move_acc': 0.287, 'eval_train_mod5_acc': 0.39861111111111114, 'eval_train_mod4_acc': 0.24166666666666667, 'eval_train_runtime': 0.5587, 'eval_train_samples_per_second': 1789.729, 'eval_train_steps_per_second': 28.636, 'epoch': 36.17}
{'loss': 0.0269, 'learning_rate': 2.9946894540362144e-05, 'epoch': 37.23}
{'eval_eval_loss': 0.030422605574131012, 'eval_eval_token_acc': 0.9439481444000488, 'eval_eval_seq_acc': 0.0, 'eval_eval_move_acc': 0.191, 'eval_eval_mod5_acc': 0.42350332594235035, 'eval_eval_mod4_acc': 0.229490022172949, 'eval_eval_runtime': 1.1159, 'eval_eval_samples_per_second': 1792.332, 'eval_eval_steps_per_second': 28.677, 'epoch': 37.23}
{'eval_train_loss': 0.0272588562220335, 'eval_train_token_acc': 0.9458597645781743, 'eval_train_seq_acc': 0.0, 'eval_train_move_acc': 0.255, 'eval_train_mod5_acc': 0.5204081632653061, 'eval_train_mod4_acc': 0.22448979591836735, 'eval_train_runtime': 0.5585, 'eval_train_samples_per_second': 1790.421, 'eval_train_steps_per_second': 28.647, 'epoch': 37.23}
  Pushed checkpoint step-9000 to ijinyu1113/ft_mr4_70m_seed2_purenum
{'loss': 0.0268, 'learning_rate': 2.9930139839249263e-05, 'epoch': 38.3}
{'eval_eval_loss': 0.029754143208265305, 'eval_eval_token_acc': 0.9439481444000488, 'eval_eval_seq_acc': 0.0, 'eval_eval_move_acc': 0.1855, 'eval_eval_mod5_acc': 0.2138328530259366, 'eval_eval_mod4_acc': 0.24956772334293947, 'eval_eval_runtime': 1.1167, 'eval_eval_samples_per_second': 1791.039, 'eval_eval_steps_per_second': 28.657, 'epoch': 38.3}
{'eval_train_loss': 0.02648279257118702, 'eval_train_token_acc': 0.9458597645781743, 'eval_train_seq_acc': 0.0, 'eval_train_move_acc': 0.272, 'eval_train_mod5_acc': 0.30357142857142855, 'eval_train_mod4_acc': 0.2611607142857143, 'eval_train_runtime': 0.5578, 'eval_train_samples_per_second': 1792.613, 'eval_train_steps_per_second': 28.682, 'epoch': 38.3}
{'loss': 0.0269, 'learning_rate': 2.9911097565778392e-05, 'epoch': 39.36}
{'eval_eval_loss': 0.03168791905045509, 'eval_eval_token_acc': 0.9439481444000488, 'eval_eval_seq_acc': 0.0, 'eval_eval_move_acc': 0.1945, 'eval_eval_mod5_acc': 0.5032341526520052, 'eval_eval_mod4_acc': 0.24191461836998707, 'eval_eval_runtime': 1.1139, 'eval_eval_samples_per_second': 1795.538, 'eval_eval_steps_per_second': 28.729, 'epoch': 39.36}
{'eval_train_loss': 0.028131339699029922, 'eval_train_token_acc': 0.9458597645781743, 'eval_train_seq_acc': 0.0, 'eval_train_move_acc': 0.264, 'eval_train_mod5_acc': 0.6182669789227166, 'eval_train_mod4_acc': 0.2459016393442623, 'eval_train_runtime': 0.5589, 'eval_train_samples_per_second': 1789.361, 'eval_train_steps_per_second': 28.63, 'epoch': 39.36}
{'loss': 0.0266, 'learning_rate': 2.98897706375765e-05, 'epoch': 40.43}
{'eval_eval_loss': 0.029933230951428413, 'eval_eval_token_acc': 0.9439481444000488, 'eval_eval_seq_acc': 0.0, 'eval_eval_move_acc': 0.178, 'eval_eval_mod5_acc': 0.2266072565245067, 'eval_eval_mod4_acc': 0.23360916613621896, 'eval_eval_runtime': 1.1152, 'eval_eval_samples_per_second': 1793.436, 'eval_eval_steps_per_second': 28.695, 'epoch': 40.43}
{'eval_train_loss': 0.02606835961341858, 'eval_train_token_acc': 0.9458597645781743, 'eval_train_seq_acc': 0.0, 'eval_train_move_acc': 0.287, 'eval_train_mod5_acc': 0.3466183574879227, 'eval_train_mod4_acc': 0.2584541062801932, 'eval_train_runtime': 0.5584, 'eval_train_samples_per_second': 1790.673, 'eval_train_steps_per_second': 28.651, 'epoch': 40.43}
{'loss': 0.0256, 'learning_rate': 2.9866162322321703e-05, 'epoch': 41.49}
{'eval_eval_loss': 0.028531985357403755, 'eval_eval_token_acc': 0.9439481444000488, 'eval_eval_seq_acc': 0.0, 'eval_eval_move_acc': 0.241, 'eval_eval_mod5_acc': 0.4, 'eval_eval_mod4_acc': 0.24149377593360996, 'eval_eval_runtime': 1.1133, 'eval_eval_samples_per_second': 1796.435, 'eval_eval_steps_per_second': 28.743, 'epoch': 41.49}
{'eval_train_loss': 0.023882567882537842, 'eval_train_token_acc': 0.9458597645781743, 'eval_train_seq_acc': 0.0, 'eval_train_move_acc': 0.356, 'eval_train_mod5_acc': 0.541033434650456, 'eval_train_mod4_acc': 0.2796352583586626, 'eval_train_runtime': 0.5578, 'eval_train_samples_per_second': 1792.788, 'eval_train_steps_per_second': 28.685, 'epoch': 41.49}
  Pushed checkpoint step-10000 to ijinyu1113/ft_mr4_70m_seed2_purenum
{'loss': 0.0203, 'learning_rate': 2.9840276237242647e-05, 'epoch': 42.55}
{'eval_eval_loss': 0.019890006631612778, 'eval_eval_token_acc': 0.9439481444000488, 'eval_eval_seq_acc': 0.0, 'eval_eval_move_acc': 0.5065, 'eval_eval_mod5_acc': 0.632334581772784, 'eval_eval_mod4_acc': 0.24157303370786518, 'eval_eval_runtime': 1.1155, 'eval_eval_samples_per_second': 1792.998, 'eval_eval_steps_per_second': 28.688, 'epoch': 42.55}
{'eval_train_loss': 0.015335929580032825, 'eval_train_token_acc': 0.9458597645781743, 'eval_train_seq_acc': 0.0, 'eval_train_move_acc': 0.618, 'eval_train_mod5_acc': 0.75, 'eval_train_mod4_acc': 0.23179611650485438, 'eval_train_runtime': 0.5553, 'eval_train_samples_per_second': 1800.848, 'eval_train_steps_per_second': 28.814, 'epoch': 42.55}
{'loss': 0.0103, 'learning_rate': 2.981211634856424e-05, 'epoch': 43.62}
{'eval_eval_loss': 0.009901678189635277, 'eval_eval_token_acc': 0.9439481444000488, 'eval_eval_seq_acc': 0.0, 'eval_eval_move_acc': 0.758, 'eval_eval_mod5_acc': 0.8, 'eval_eval_mod4_acc': 0.2575197889182058, 'eval_eval_runtime': 1.1173, 'eval_eval_samples_per_second': 1790.091, 'eval_eval_steps_per_second': 28.641, 'epoch': 43.62}
{'eval_train_loss': 0.008682937361299992, 'eval_train_token_acc': 0.9458597645781743, 'eval_train_seq_acc': 0.0, 'eval_train_move_acc': 0.79, 'eval_train_mod5_acc': 0.8324552160168599, 'eval_train_mod4_acc': 0.2507903055848261, 'eval_train_runtime': 0.5586, 'eval_train_samples_per_second': 1790.043, 'eval_train_steps_per_second': 28.641, 'epoch': 43.62}
{'loss': 0.0045, 'learning_rate': 2.9781686970899998e-05, 'epoch': 44.68}
{'eval_eval_loss': 0.005021984688937664, 'eval_eval_token_acc': 0.9439481444000488, 'eval_eval_seq_acc': 0.0, 'eval_eval_move_acc': 0.8945, 'eval_eval_mod5_acc': 0.9081218274111675, 'eval_eval_mod4_acc': 0.2563451776649746, 'eval_eval_runtime': 1.1168, 'eval_eval_samples_per_second': 1790.9, 'eval_eval_steps_per_second': 28.654, 'epoch': 44.68}
{'eval_train_loss': 0.0036513726226985455, 'eval_train_token_acc': 0.9458597645781743, 'eval_train_seq_acc': 0.0, 'eval_train_move_acc': 0.924, 'eval_train_mod5_acc': 0.9305135951661632, 'eval_train_mod4_acc': 0.23867069486404835, 'eval_train_runtime': 0.5587, 'eval_train_samples_per_second': 1789.716, 'eval_train_steps_per_second': 28.635, 'epoch': 44.68}
{'loss': 0.0023, 'learning_rate': 2.9748992766590924e-05, 'epoch': 45.74}
{'eval_eval_loss': 0.0008033365593291819, 'eval_eval_token_acc': 0.9439481444000488, 'eval_eval_seq_acc': 0.0, 'eval_eval_move_acc': 0.9845, 'eval_eval_mod5_acc': 0.9919395465994962, 'eval_eval_mod4_acc': 0.26045340050377835, 'eval_eval_runtime': 1.1182, 'eval_eval_samples_per_second': 1788.511, 'eval_eval_steps_per_second': 28.616, 'epoch': 45.74}
{'eval_train_loss': 0.000534950231667608, 'eval_train_token_acc': 0.9458597645781743, 'eval_train_seq_acc': 0.0, 'eval_train_move_acc': 0.988, 'eval_train_mod5_acc': 0.9909729187562688, 'eval_train_mod4_acc': 0.238716148445336, 'eval_train_runtime': 0.5612, 'eval_train_samples_per_second': 1781.774, 'eval_train_steps_per_second': 28.508, 'epoch': 45.74}
  Pushed checkpoint step-11000 to ijinyu1113/ft_mr4_70m_seed2_purenum
{'loss': 0.0013, 'learning_rate': 2.971403874499117e-05, 'epoch': 46.81}
{'eval_eval_loss': 0.001514329924248159, 'eval_eval_token_acc': 0.9439481444000488, 'eval_eval_seq_acc': 0.0, 'eval_eval_move_acc': 0.9655, 'eval_eval_mod5_acc': 0.9708396178984414, 'eval_eval_mod4_acc': 0.25892408245349424, 'eval_eval_runtime': 1.1131, 'eval_eval_samples_per_second': 1796.746, 'eval_eval_steps_per_second': 28.748, 'epoch': 46.81}
{'eval_train_loss': 0.0010888505494222045, 'eval_train_token_acc': 0.9458597645781743, 'eval_train_seq_acc': 0.0, 'eval_train_move_acc': 0.971, 'eval_train_mod5_acc': 0.9748995983935743, 'eval_train_mod4_acc': 0.23795180722891565, 'eval_train_runtime': 0.5561, 'eval_train_samples_per_second': 1798.158, 'eval_train_steps_per_second': 28.771, 'epoch': 46.81}
{'loss': 0.0007, 'learning_rate': 2.967683026170052e-05, 'epoch': 47.87}
{'eval_eval_loss': 0.0008186770719476044, 'eval_eval_token_acc': 0.9439481444000488, 'eval_eval_seq_acc': 0.0, 'eval_eval_move_acc': 0.983, 'eval_eval_mod5_acc': 0.9859578736208626, 'eval_eval_mod4_acc': 0.26078234704112335, 'eval_eval_runtime': 1.1189, 'eval_eval_samples_per_second': 1787.451, 'eval_eval_steps_per_second': 28.599, 'epoch': 47.87}
{'eval_train_loss': 0.00039538665441796184, 'eval_train_token_acc': 0.9458597645781743, 'eval_train_seq_acc': 0.0, 'eval_train_move_acc': 0.995, 'eval_train_mod5_acc': 0.996993987975952, 'eval_train_mod4_acc': 0.23647294589178355, 'eval_train_runtime': 0.5593, 'eval_train_samples_per_second': 1787.843, 'eval_train_steps_per_second': 28.605, 'epoch': 47.87}
{'loss': 0.0002, 'learning_rate': 2.963737301774379e-05, 'epoch': 48.94}
{'eval_eval_loss': 7.682439900236204e-05, 'eval_eval_token_acc': 0.9439481444000488, 'eval_eval_seq_acc': 0.0, 'eval_eval_move_acc': 0.9985, 'eval_eval_mod5_acc': 0.9985, 'eval_eval_mod4_acc': 0.26, 'eval_eval_runtime': 1.1189, 'eval_eval_samples_per_second': 1787.504, 'eval_eval_steps_per_second': 28.6, 'epoch': 48.94}
{'eval_train_loss': 4.876030288869515e-05, 'eval_train_token_acc': 0.9458597645781743, 'eval_train_seq_acc': 0.0, 'eval_train_move_acc': 0.998, 'eval_train_mod5_acc': 0.998, 'eval_train_mod4_acc': 0.236, 'eval_train_runtime': 0.5595, 'eval_train_samples_per_second': 1787.201, 'eval_train_steps_per_second': 28.595, 'epoch': 48.94}
{'loss': 0.0004, 'learning_rate': 2.959567305869736e-05, 'epoch': 50.0}
{'eval_eval_loss': 0.0014974336372688413, 'eval_eval_token_acc': 0.9439481444000488, 'eval_eval_seq_acc': 0.0, 'eval_eval_move_acc': 0.9725, 'eval_eval_mod5_acc': 0.9778783308195073, 'eval_eval_mod4_acc': 0.2604323780794369, 'eval_eval_runtime': 1.1204, 'eval_eval_samples_per_second': 1785.023, 'eval_eval_steps_per_second': 28.56, 'epoch': 50.0}
{'eval_train_loss': 0.0014134220546111465, 'eval_train_token_acc': 0.9458597645781743, 'eval_train_seq_acc': 0.0, 'eval_train_move_acc': 0.975, 'eval_train_mod5_acc': 0.9828629032258065, 'eval_train_mod4_acc': 0.23487903225806453, 'eval_train_runtime': 0.5626, 'eval_train_samples_per_second': 1777.44, 'eval_train_steps_per_second': 28.439, 'epoch': 50.0}
  Pushed checkpoint step-12000 to ijinyu1113/ft_mr4_70m_seed2_purenum
{'loss': 0.0005, 'learning_rate': 2.955173677376284e-05, 'epoch': 51.06}
{'eval_eval_loss': 0.00010109051800100133, 'eval_eval_token_acc': 0.9439481444000488, 'eval_eval_seq_acc': 0.0, 'eval_eval_move_acc': 0.9975, 'eval_eval_mod5_acc': 0.9975, 'eval_eval_mod4_acc': 0.2595, 'eval_eval_runtime': 1.1164, 'eval_eval_samples_per_second': 1791.397, 'eval_eval_steps_per_second': 28.662, 'epoch': 51.06}
{'eval_train_loss': 5.239508391241543e-05, 'eval_train_token_acc': 0.9458597645781743, 'eval_train_seq_acc': 0.0, 'eval_train_move_acc': 0.999, 'eval_train_mod5_acc': 0.999, 'eval_train_mod4_acc': 0.237, 'eval_train_runtime': 0.5568, 'eval_train_samples_per_second': 1796.089, 'eval_train_steps_per_second': 28.737, 'epoch': 51.06}
{'loss': 0.0002, 'learning_rate': 2.9505570894788162e-05, 'epoch': 52.13}
{'eval_eval_loss': 0.00015437536058016121, 'eval_eval_token_acc': 0.9439481444000488, 'eval_eval_seq_acc': 0.0, 'eval_eval_move_acc': 0.9985, 'eval_eval_mod5_acc': 0.9985, 'eval_eval_mod4_acc': 0.26, 'eval_eval_runtime': 1.1201, 'eval_eval_samples_per_second': 1785.517, 'eval_eval_steps_per_second': 28.568, 'epoch': 52.13}
{'eval_train_loss': 0.0001331247913185507, 'eval_train_token_acc': 0.9458597645781743, 'eval_train_seq_acc': 0.0, 'eval_train_move_acc': 0.996, 'eval_train_mod5_acc': 0.996996996996997, 'eval_train_mod4_acc': 0.23723723723723725, 'eval_train_runtime': 0.5604, 'eval_train_samples_per_second': 1784.31, 'eval_train_steps_per_second': 28.549, 'epoch': 52.13}
{'loss': 0.0007, 'learning_rate': 2.9457182495236116e-05, 'epoch': 53.19}
{'eval_eval_loss': 0.0004531895974650979, 'eval_eval_token_acc': 0.9439481444000488, 'eval_eval_seq_acc': 0.0, 'eval_eval_move_acc': 0.991, 'eval_eval_mod5_acc': 0.9939819458375125, 'eval_eval_mod4_acc': 0.25827482447342026, 'eval_eval_runtime': 1.1196, 'eval_eval_samples_per_second': 1786.37, 'eval_eval_steps_per_second': 28.582, 'epoch': 53.19}
{'eval_train_loss': 0.0003292826877441257, 'eval_train_token_acc': 0.9458597645781743, 'eval_train_seq_acc': 0.0, 'eval_train_move_acc': 0.995, 'eval_train_mod5_acc': 0.996993987975952, 'eval_train_mod4_acc': 0.2374749498997996, 'eval_train_runtime': 0.5594, 'eval_train_samples_per_second': 1787.527, 'eval_train_steps_per_second': 28.6, 'epoch': 53.19}
{'loss': 0.0001, 'learning_rate': 2.9406578989100573e-05, 'epoch': 54.26}
{'eval_eval_loss': 7.927708065835759e-05, 'eval_eval_token_acc': 0.9439481444000488, 'eval_eval_seq_acc': 0.0, 'eval_eval_move_acc': 0.9985, 'eval_eval_mod5_acc': 0.9985, 'eval_eval_mod4_acc': 0.26, 'eval_eval_runtime': 1.1199, 'eval_eval_samples_per_second': 1785.833, 'eval_eval_steps_per_second': 28.573, 'epoch': 54.26}
{'eval_train_loss': 5.2648621931439266e-05, 'eval_train_token_acc': 0.9458597645781743, 'eval_train_seq_acc': 0.0, 'eval_train_move_acc': 0.998, 'eval_train_mod5_acc': 0.998998998998999, 'eval_train_mod4_acc': 0.23623623623623624, 'eval_train_runtime': 0.5601, 'eval_train_samples_per_second': 1785.315, 'eval_train_steps_per_second': 28.565, 'epoch': 54.26}
  Pushed checkpoint step-13000 to ijinyu1113/ft_mr4_70m_seed2_purenum
{'loss': 0.0002, 'learning_rate': 2.9353768129770526e-05, 'epoch': 55.32}
{'eval_eval_loss': 0.00010116510384250432, 'eval_eval_token_acc': 0.9439481444000488, 'eval_eval_seq_acc': 0.0, 'eval_eval_move_acc': 0.9975, 'eval_eval_mod5_acc': 0.9975, 'eval_eval_mod4_acc': 0.261, 'eval_eval_runtime': 1.1142, 'eval_eval_samples_per_second': 1795.067, 'eval_eval_steps_per_second': 28.721, 'epoch': 55.32}
{'eval_train_loss': 5.2460811275523156e-05, 'eval_train_token_acc': 0.9458597645781743, 'eval_train_seq_acc': 0.0, 'eval_train_move_acc': 0.999, 'eval_train_mod5_acc': 0.999, 'eval_train_mod4_acc': 0.237, 'eval_train_runtime': 0.5573, 'eval_train_samples_per_second': 1794.474, 'eval_train_steps_per_second': 28.712, 'epoch': 55.32}
{'loss': 0.0007, 'learning_rate': 2.929875800884212e-05, 'epoch': 56.38}
{'eval_eval_loss': 0.0035584846045821905, 'eval_eval_token_acc': 0.9439481444000488, 'eval_eval_seq_acc': 0.0, 'eval_eval_move_acc': 0.9275, 'eval_eval_mod5_acc': 0.9298245614035088, 'eval_eval_mod4_acc': 0.2531328320802005, 'eval_eval_runtime': 1.1184, 'eval_eval_samples_per_second': 1788.251, 'eval_eval_steps_per_second': 28.612, 'epoch': 56.38}
{'eval_train_loss': 0.0022044163197278976, 'eval_train_token_acc': 0.9458597645781743, 'eval_train_seq_acc': 0.0, 'eval_train_move_acc': 0.949, 'eval_train_mod5_acc': 0.9518555667001003, 'eval_train_mod4_acc': 0.22868605817452356, 'eval_train_runtime': 0.5592, 'eval_train_samples_per_second': 1788.243, 'eval_train_steps_per_second': 28.612, 'epoch': 56.38}
{'loss': 0.0013, 'learning_rate': 2.9241557054878875e-05, 'epoch': 57.45}
{'eval_eval_loss': 0.0011687219375744462, 'eval_eval_token_acc': 0.9439481444000488, 'eval_eval_seq_acc': 0.0, 'eval_eval_move_acc': 0.977, 'eval_eval_mod5_acc': 0.9814163736815671, 'eval_eval_mod4_acc': 0.257659467604219, 'eval_eval_runtime': 1.1192, 'eval_eval_samples_per_second': 1786.926, 'eval_eval_steps_per_second': 28.591, 'epoch': 57.45}
{'eval_train_loss': 0.0007357998401857913, 'eval_train_token_acc': 0.9458597645781743, 'eval_train_seq_acc': 0.0, 'eval_train_move_acc': 0.984, 'eval_train_mod5_acc': 0.9889447236180905, 'eval_train_mod4_acc': 0.23517587939698492, 'eval_train_runtime': 0.5612, 'eval_train_samples_per_second': 1782.043, 'eval_train_steps_per_second': 28.513, 'epoch': 57.45}
{'loss': 0.0004, 'learning_rate': 2.9182174032120284e-05, 'epoch': 58.51}
{'eval_eval_loss': 0.00011573298252187669, 'eval_eval_token_acc': 0.9439481444000488, 'eval_eval_seq_acc': 0.0, 'eval_eval_move_acc': 0.999, 'eval_eval_mod5_acc': 1.0, 'eval_eval_mod4_acc': 0.26126126126126126, 'eval_eval_runtime': 1.1164, 'eval_eval_samples_per_second': 1791.499, 'eval_eval_steps_per_second': 28.664, 'epoch': 58.51}
{'eval_train_loss': 3.925593773601577e-05, 'eval_train_token_acc': 0.9458597645781743, 'eval_train_seq_acc': 0.0, 'eval_train_move_acc': 1.0, 'eval_train_mod5_acc': 1.0, 'eval_train_mod4_acc': 0.236, 'eval_train_runtime': 0.5591, 'eval_train_samples_per_second': 1788.593, 'eval_train_steps_per_second': 28.617, 'epoch': 58.51}
  Pushed checkpoint step-14000 to ijinyu1113/ft_mr4_70m_seed2_purenum
{'loss': 0.0002, 'learning_rate': 2.9120618039138956e-05, 'epoch': 59.57}
{'eval_eval_loss': 6.629678682656959e-05, 'eval_eval_token_acc': 0.9439481444000488, 'eval_eval_seq_acc': 0.0, 'eval_eval_move_acc': 0.998, 'eval_eval_mod5_acc': 0.9984992496248124, 'eval_eval_mod4_acc': 0.2621310655327664, 'eval_eval_runtime': 1.1159, 'eval_eval_samples_per_second': 1792.238, 'eval_eval_steps_per_second': 28.676, 'epoch': 59.57}
{'eval_train_loss': 7.179062959039584e-05, 'eval_train_token_acc': 0.9458597645781743, 'eval_train_seq_acc': 0.0, 'eval_train_move_acc': 0.999, 'eval_train_mod5_acc': 1.0, 'eval_train_mod4_acc': 0.23623623623623624, 'eval_train_runtime': 0.5562, 'eval_train_samples_per_second': 1797.903, 'eval_train_steps_per_second': 28.766, 'epoch': 59.57}
{'loss': 0.0001, 'learning_rate': 2.9056898507446553e-05, 'epoch': 60.64}
{'eval_eval_loss': 4.500674185692333e-05, 'eval_eval_token_acc': 0.9439481444000488, 'eval_eval_seq_acc': 0.0, 'eval_eval_move_acc': 0.999, 'eval_eval_mod5_acc': 0.999, 'eval_eval_mod4_acc': 0.2605, 'eval_eval_runtime': 1.1182, 'eval_eval_samples_per_second': 1788.572, 'eval_eval_steps_per_second': 28.617, 'epoch': 60.64}
{'eval_train_loss': 1.4090562217461411e-05, 'eval_train_token_acc': 0.9458597645781743, 'eval_train_seq_acc': 0.0, 'eval_train_move_acc': 1.0, 'eval_train_mod5_acc': 1.0, 'eval_train_mod4_acc': 0.236, 'eval_train_runtime': 0.559, 'eval_train_samples_per_second': 1788.854, 'eval_train_steps_per_second': 28.622, 'epoch': 60.64}
{'loss': 0.0008, 'learning_rate': 2.8991025200048707e-05, 'epoch': 61.7}
{'eval_eval_loss': 0.001970825716853142, 'eval_eval_token_acc': 0.9439481444000488, 'eval_eval_seq_acc': 0.0, 'eval_eval_move_acc': 0.975, 'eval_eval_mod5_acc': 0.9813789632611978, 'eval_eval_mod4_acc': 0.2622043281328636, 'eval_eval_runtime': 1.1169, 'eval_eval_samples_per_second': 1790.625, 'eval_eval_steps_per_second': 28.65, 'epoch': 61.7}
{'eval_train_loss': 0.001168611808679998, 'eval_train_token_acc': 0.9458597645781743, 'eval_train_seq_acc': 0.0, 'eval_train_move_acc': 0.983, 'eval_train_mod5_acc': 0.9869477911646586, 'eval_train_mod4_acc': 0.2399598393574297, 'eval_train_runtime': 0.5604, 'eval_train_samples_per_second': 1784.588, 'eval_train_steps_per_second': 28.553, 'epoch': 61.7}
{'loss': 0.0002, 'learning_rate': 2.892300820994915e-05, 'epoch': 62.77}
{'eval_eval_loss': 0.0007250719354487956, 'eval_eval_token_acc': 0.9439481444000488, 'eval_eval_seq_acc': 0.0, 'eval_eval_move_acc': 0.9875, 'eval_eval_mod5_acc': 0.9875, 'eval_eval_mod4_acc': 0.262, 'eval_eval_runtime': 1.1186, 'eval_eval_samples_per_second': 1787.924, 'eval_eval_steps_per_second': 28.607, 'epoch': 62.77}
{'eval_train_loss': 0.00022999095381237566, 'eval_train_token_acc': 0.9458597645781743, 'eval_train_seq_acc': 0.0, 'eval_train_move_acc': 0.996, 'eval_train_mod5_acc': 0.996, 'eval_train_mod4_acc': 0.235, 'eval_train_runtime': 0.5594, 'eval_train_samples_per_second': 1787.685, 'eval_train_steps_per_second': 28.603, 'epoch': 62.77}
  Pushed checkpoint step-15000 to ijinyu1113/ft_mr4_70m_seed2_purenum
{'loss': 0.0003, 'learning_rate': 2.8852857958603282e-05, 'epoch': 63.83}
{'eval_eval_loss': 2.658262019394897e-05, 'eval_eval_token_acc': 0.9439481444000488, 'eval_eval_seq_acc': 0.0, 'eval_eval_move_acc': 1.0, 'eval_eval_mod5_acc': 1.0, 'eval_eval_mod4_acc': 0.261, 'eval_eval_runtime': 1.1158, 'eval_eval_samples_per_second': 1792.411, 'eval_eval_steps_per_second': 28.679, 'epoch': 63.83}
{'eval_train_loss': 2.622743159008678e-05, 'eval_train_token_acc': 0.9458597645781743, 'eval_train_seq_acc': 0.0, 'eval_train_move_acc': 0.999, 'eval_train_mod5_acc': 0.999, 'eval_train_mod4_acc': 0.237, 'eval_train_runtime': 0.5573, 'eval_train_samples_per_second': 1794.46, 'eval_train_steps_per_second': 28.711, 'epoch': 63.83}
{'loss': 0.0, 'learning_rate': 2.878058519432141e-05, 'epoch': 64.89}
{'eval_eval_loss': 6.6510897340776864e-06, 'eval_eval_token_acc': 0.9439481444000488, 'eval_eval_seq_acc': 0.0, 'eval_eval_move_acc': 1.0, 'eval_eval_mod5_acc': 1.0, 'eval_eval_mod4_acc': 0.261, 'eval_eval_runtime': 1.1169, 'eval_eval_samples_per_second': 1790.618, 'eval_eval_steps_per_second': 28.65, 'epoch': 64.89}
{'eval_train_loss': 2.287621555296937e-06, 'eval_train_token_acc': 0.9458597645781743, 'eval_train_seq_acc': 0.0, 'eval_train_move_acc': 1.0, 'eval_train_mod5_acc': 1.0, 'eval_train_mod4_acc': 0.236, 'eval_train_runtime': 0.5585, 'eval_train_samples_per_second': 1790.404, 'eval_train_steps_per_second': 28.646, 'epoch': 64.89}
{'loss': 0.0, 'learning_rate': 2.87062009906219e-05, 'epoch': 65.96}
{'eval_eval_loss': 2.7827059057017323e-06, 'eval_eval_token_acc': 0.9439481444000488, 'eval_eval_seq_acc': 0.0, 'eval_eval_move_acc': 1.0, 'eval_eval_mod5_acc': 1.0, 'eval_eval_mod4_acc': 0.261, 'eval_eval_runtime': 1.117, 'eval_eval_samples_per_second': 1790.472, 'eval_eval_steps_per_second': 28.648, 'epoch': 65.96}
{'eval_train_loss': 1.198912286781706e-06, 'eval_train_token_acc': 0.9458597645781743, 'eval_train_seq_acc': 0.0, 'eval_train_move_acc': 1.0, 'eval_train_mod5_acc': 1.0, 'eval_train_mod4_acc': 0.236, 'eval_train_runtime': 0.5602, 'eval_train_samples_per_second': 1784.985, 'eval_train_steps_per_second': 28.56, 'epoch': 65.96}
{'loss': 0.0, 'learning_rate': 2.862971674453453e-05, 'epoch': 67.02}
{'eval_eval_loss': 2.1516916604014114e-06, 'eval_eval_token_acc': 0.9439481444000488, 'eval_eval_seq_acc': 0.0, 'eval_eval_move_acc': 1.0, 'eval_eval_mod5_acc': 1.0, 'eval_eval_mod4_acc': 0.261, 'eval_eval_runtime': 1.117, 'eval_eval_samples_per_second': 1790.556, 'eval_eval_steps_per_second': 28.649, 'epoch': 67.02}
{'eval_train_loss': 5.716623263651854e-07, 'eval_train_token_acc': 0.9458597645781743, 'eval_train_seq_acc': 0.0, 'eval_train_move_acc': 1.0, 'eval_train_mod5_acc': 1.0, 'eval_train_mod4_acc': 0.236, 'eval_train_runtime': 0.5589, 'eval_train_samples_per_second': 1789.286, 'eval_train_steps_per_second': 28.629, 'epoch': 67.02}
  Pushed checkpoint step-16000 to ijinyu1113/ft_mr4_70m_seed2_purenum
{'loss': 0.0, 'learning_rate': 2.8551144174854237e-05, 'epoch': 68.09}
{'eval_eval_loss': 1.792690682123066e-06, 'eval_eval_token_acc': 0.9439481444000488, 'eval_eval_seq_acc': 0.0, 'eval_eval_move_acc': 1.0, 'eval_eval_mod5_acc': 1.0, 'eval_eval_mod4_acc': 0.261, 'eval_eval_runtime': 1.1148, 'eval_eval_samples_per_second': 1794.097, 'eval_eval_steps_per_second': 28.706, 'epoch': 68.09}
{'eval_train_loss': 5.016749469177739e-07, 'eval_train_token_acc': 0.9458597645781743, 'eval_train_seq_acc': 0.0, 'eval_train_move_acc': 1.0, 'eval_train_mod5_acc': 1.0, 'eval_train_mod4_acc': 0.236, 'eval_train_runtime': 0.5553, 'eval_train_samples_per_second': 1800.903, 'eval_train_steps_per_second': 28.814, 'epoch': 68.09}
{'loss': 0.0, 'learning_rate': 2.8470495320345588e-05, 'epoch': 69.15}
{'eval_eval_loss': 1.5517109659413109e-06, 'eval_eval_token_acc': 0.9439481444000488, 'eval_eval_seq_acc': 0.0, 'eval_eval_move_acc': 1.0, 'eval_eval_mod5_acc': 1.0, 'eval_eval_mod4_acc': 0.261, 'eval_eval_runtime': 1.1179, 'eval_eval_samples_per_second': 1789.093, 'eval_eval_steps_per_second': 28.625, 'epoch': 69.15}
{'eval_train_loss': 3.8753714193262567e-07, 'eval_train_token_acc': 0.9458597645781743, 'eval_train_seq_acc': 0.0, 'eval_train_move_acc': 1.0, 'eval_train_mod5_acc': 1.0, 'eval_train_mod4_acc': 0.236, 'eval_train_runtime': 0.5604, 'eval_train_samples_per_second': 1784.532, 'eval_train_steps_per_second': 28.553, 'epoch': 69.15}
{'loss': 0.0, 'learning_rate': 2.838778253789822e-05, 'epoch': 70.21}
{'eval_eval_loss': 1.2729683476209175e-06, 'eval_eval_token_acc': 0.9439481444000488, 'eval_eval_seq_acc': 0.0, 'eval_eval_move_acc': 1.0, 'eval_eval_mod5_acc': 1.0, 'eval_eval_mod4_acc': 0.261, 'eval_eval_runtime': 1.1177, 'eval_eval_samples_per_second': 1789.396, 'eval_eval_steps_per_second': 28.63, 'epoch': 70.21}
{'eval_train_loss': 3.2463827892570407e-07, 'eval_train_token_acc': 0.9458597645781743, 'eval_train_seq_acc': 0.0, 'eval_train_move_acc': 1.0, 'eval_train_mod5_acc': 1.0, 'eval_train_mod4_acc': 0.236, 'eval_train_runtime': 0.5593, 'eval_train_samples_per_second': 1787.881, 'eval_train_steps_per_second': 28.606, 'epoch': 70.21}
{'loss': 0.0, 'learning_rate': 2.830301850063354e-05, 'epoch': 71.28}
{'eval_eval_loss': 1.1556794561329298e-06, 'eval_eval_token_acc': 0.9439481444000488, 'eval_eval_seq_acc': 0.0, 'eval_eval_move_acc': 1.0, 'eval_eval_mod5_acc': 1.0, 'eval_eval_mod4_acc': 0.261, 'eval_eval_runtime': 1.1189, 'eval_eval_samples_per_second': 1787.478, 'eval_eval_steps_per_second': 28.6, 'epoch': 71.28}
{'eval_train_loss': 2.497235129794717e-07, 'eval_train_token_acc': 0.9458597645781743, 'eval_train_seq_acc': 0.0, 'eval_train_move_acc': 1.0, 'eval_train_mod5_acc': 1.0, 'eval_train_mod4_acc': 0.236, 'eval_train_runtime': 0.5599, 'eval_train_samples_per_second': 1786.142, 'eval_train_steps_per_second': 28.578, 'epoch': 71.28}
  Pushed checkpoint step-17000 to ijinyu1113/ft_mr4_70m_seed2_purenum
{'loss': 0.0, 'learning_rate': 2.8216216195962963e-05, 'epoch': 72.34}
{'eval_eval_loss': 1.0832154657691717e-06, 'eval_eval_token_acc': 0.9439481444000488, 'eval_eval_seq_acc': 0.0, 'eval_eval_move_acc': 1.0, 'eval_eval_mod5_acc': 1.0, 'eval_eval_mod4_acc': 0.261, 'eval_eval_runtime': 1.1158, 'eval_eval_samples_per_second': 1792.502, 'eval_eval_steps_per_second': 28.68, 'epoch': 72.34}
{'eval_train_loss': 2.218856707258965e-07, 'eval_train_token_acc': 0.9458597645781743, 'eval_train_seq_acc': 0.0, 'eval_train_move_acc': 1.0, 'eval_train_mod5_acc': 1.0, 'eval_train_mod4_acc': 0.236, 'eval_train_runtime': 0.5562, 'eval_train_samples_per_second': 1797.796, 'eval_train_steps_per_second': 28.765, 'epoch': 72.34}
{'loss': 0.0, 'learning_rate': 2.812738892359801e-05, 'epoch': 73.4}
{'eval_eval_loss': 9.464624781685416e-07, 'eval_eval_token_acc': 0.9439481444000488, 'eval_eval_seq_acc': 0.0, 'eval_eval_move_acc': 1.0, 'eval_eval_mod5_acc': 1.0, 'eval_eval_mod4_acc': 0.261, 'eval_eval_runtime': 1.1191, 'eval_eval_samples_per_second': 1787.176, 'eval_eval_steps_per_second': 28.595, 'epoch': 73.4}
{'eval_train_loss': 1.83765607175701e-07, 'eval_train_token_acc': 0.9458597645781743, 'eval_train_seq_acc': 0.0, 'eval_train_move_acc': 1.0, 'eval_train_mod5_acc': 1.0, 'eval_train_mod4_acc': 0.236, 'eval_train_runtime': 0.56, 'eval_train_samples_per_second': 1785.809, 'eval_train_steps_per_second': 28.573, 'epoch': 73.4}
{'loss': 0.0, 'learning_rate': 2.8036550293512534e-05, 'epoch': 74.47}
{'eval_eval_loss': 8.737426924199099e-07, 'eval_eval_token_acc': 0.9439481444000488, 'eval_eval_seq_acc': 0.0, 'eval_eval_move_acc': 1.0, 'eval_eval_mod5_acc': 1.0, 'eval_eval_mod4_acc': 0.261, 'eval_eval_runtime': 1.1185, 'eval_eval_samples_per_second': 1788.151, 'eval_eval_steps_per_second': 28.61, 'epoch': 74.47}
{'eval_train_loss': 1.7230695448233746e-07, 'eval_train_token_acc': 0.9458597645781743, 'eval_train_seq_acc': 0.0, 'eval_train_move_acc': 1.0, 'eval_train_mod5_acc': 1.0, 'eval_train_mod4_acc': 0.236, 'eval_train_runtime': 0.561, 'eval_train_samples_per_second': 1782.668, 'eval_train_steps_per_second': 28.523, 'epoch': 74.47}
{'loss': 0.0, 'learning_rate': 2.7943714223857438e-05, 'epoch': 75.53}
{'eval_eval_loss': 7.558463153145567e-07, 'eval_eval_token_acc': 0.9439481444000488, 'eval_eval_seq_acc': 0.0, 'eval_eval_move_acc': 1.0, 'eval_eval_mod5_acc': 1.0, 'eval_eval_mod4_acc': 0.261, 'eval_eval_runtime': 1.1193, 'eval_eval_samples_per_second': 1786.77, 'eval_eval_steps_per_second': 28.588, 'epoch': 75.53}
{'eval_train_loss': 1.4380408686065493e-07, 'eval_train_token_acc': 0.9458597645781743, 'eval_train_seq_acc': 0.0, 'eval_train_move_acc': 1.0, 'eval_train_mod5_acc': 1.0, 'eval_train_mod4_acc': 0.236, 'eval_train_runtime': 0.5603, 'eval_train_samples_per_second': 1784.758, 'eval_train_steps_per_second': 28.556, 'epoch': 75.53}
  Pushed checkpoint step-18000 to ijinyu1113/ft_mr4_70m_seed2_purenum
{'loss': 0.0, 'learning_rate': 2.7848894938828134e-05, 'epoch': 76.6}
{'eval_eval_loss': 7.359207074841834e-07, 'eval_eval_token_acc': 0.9439481444000488, 'eval_eval_seq_acc': 0.0, 'eval_eval_move_acc': 1.0, 'eval_eval_mod5_acc': 1.0, 'eval_eval_mod4_acc': 0.261, 'eval_eval_runtime': 1.1184, 'eval_eval_samples_per_second': 1788.253, 'eval_eval_steps_per_second': 28.612, 'epoch': 76.6}
{'eval_train_loss': 1.3354288341815845e-07, 'eval_train_token_acc': 0.9458597645781743, 'eval_train_seq_acc': 0.0, 'eval_train_move_acc': 1.0, 'eval_train_mod5_acc': 1.0, 'eval_train_mod4_acc': 0.236, 'eval_train_runtime': 0.5572, 'eval_train_samples_per_second': 1794.63, 'eval_train_steps_per_second': 28.714, 'epoch': 76.6}
{'loss': 0.0, 'learning_rate': 2.7752106966485177e-05, 'epoch': 77.66}
{'eval_eval_loss': 6.453997798416822e-07, 'eval_eval_token_acc': 0.9439481444000488, 'eval_eval_seq_acc': 0.0, 'eval_eval_move_acc': 1.0, 'eval_eval_mod5_acc': 1.0, 'eval_eval_mod4_acc': 0.261, 'eval_eval_runtime': 1.1185, 'eval_eval_samples_per_second': 1788.148, 'eval_eval_steps_per_second': 28.61, 'epoch': 77.66}
{'eval_train_loss': 1.1262474686191126e-07, 'eval_train_token_acc': 0.9458597645781743, 'eval_train_seq_acc': 0.0, 'eval_train_move_acc': 1.0, 'eval_train_mod5_acc': 1.0, 'eval_train_mod4_acc': 0.236, 'eval_train_runtime': 0.5602, 'eval_train_samples_per_second': 1785.049, 'eval_train_steps_per_second': 28.561, 'epoch': 77.66}
{'loss': 0.0, 'learning_rate': 2.7653365136528246e-05, 'epoch': 78.72}
{'eval_eval_loss': 5.805046043860784e-07, 'eval_eval_token_acc': 0.9439481444000488, 'eval_eval_seq_acc': 0.0, 'eval_eval_move_acc': 1.0, 'eval_eval_mod5_acc': 1.0, 'eval_eval_mod4_acc': 0.261, 'eval_eval_runtime': 1.1186, 'eval_eval_samples_per_second': 1787.908, 'eval_eval_steps_per_second': 28.607, 'epoch': 78.72}
{'eval_train_loss': 1.0359026703099516e-07, 'eval_train_token_acc': 0.9458597645781743, 'eval_train_seq_acc': 0.0, 'eval_train_move_acc': 1.0, 'eval_train_mod5_acc': 1.0, 'eval_train_mod4_acc': 0.236, 'eval_train_runtime': 0.56, 'eval_train_samples_per_second': 1785.873, 'eval_train_steps_per_second': 28.574, 'epoch': 78.72}
{'loss': 0.0, 'learning_rate': 2.7552684578024e-05, 'epoch': 79.79}
{'eval_eval_loss': 5.405299816629849e-07, 'eval_eval_token_acc': 0.9439481444000488, 'eval_eval_seq_acc': 0.0, 'eval_eval_move_acc': 1.0, 'eval_eval_mod5_acc': 1.0, 'eval_eval_mod4_acc': 0.261, 'eval_eval_runtime': 1.1189, 'eval_eval_samples_per_second': 1787.477, 'eval_eval_steps_per_second': 28.6, 'epoch': 79.79}
{'eval_train_loss': 9.135060707876619e-08, 'eval_train_token_acc': 0.9458597645781743, 'eval_train_seq_acc': 0.0, 'eval_train_move_acc': 1.0, 'eval_train_mod5_acc': 1.0, 'eval_train_mod4_acc': 0.236, 'eval_train_runtime': 0.5603, 'eval_train_samples_per_second': 1784.747, 'eval_train_steps_per_second': 28.556, 'epoch': 79.79}
  Pushed checkpoint step-19000 to ijinyu1113/ft_mr4_70m_seed2_purenum
{'loss': 0.0, 'learning_rate': 2.7450080717087995e-05, 'epoch': 80.85}
{'eval_eval_loss': 1.765851038726396e-06, 'eval_eval_token_acc': 0.9439481444000488, 'eval_eval_seq_acc': 0.0, 'eval_eval_move_acc': 1.0, 'eval_eval_mod5_acc': 1.0, 'eval_eval_mod4_acc': 0.261, 'eval_eval_runtime': 1.1172, 'eval_eval_samples_per_second': 1790.261, 'eval_eval_steps_per_second': 28.644, 'epoch': 80.85}
{'eval_train_loss': 8.353111979886307e-08, 'eval_train_token_acc': 0.9458597645781743, 'eval_train_seq_acc': 0.0, 'eval_train_move_acc': 1.0, 'eval_train_mod5_acc': 1.0, 'eval_train_mod4_acc': 0.236, 'eval_train_runtime': 0.5593, 'eval_train_samples_per_second': 1788.107, 'eval_train_steps_per_second': 28.61, 'epoch': 80.85}
{'loss': 0.0, 'learning_rate': 2.7345569274521162e-05, 'epoch': 81.91}
{'eval_eval_loss': 4.591448146129551e-07, 'eval_eval_token_acc': 0.9439481444000488, 'eval_eval_seq_acc': 0.0, 'eval_eval_move_acc': 1.0, 'eval_eval_mod5_acc': 1.0, 'eval_eval_mod4_acc': 0.261, 'eval_eval_runtime': 1.119, 'eval_eval_samples_per_second': 1787.306, 'eval_eval_steps_per_second': 28.597, 'epoch': 81.91}
{'eval_train_loss': 7.466886131624051e-08, 'eval_train_token_acc': 0.9458597645781743, 'eval_train_seq_acc': 0.0, 'eval_train_move_acc': 1.0, 'eval_train_mod5_acc': 1.0, 'eval_train_mod4_acc': 0.236, 'eval_train_runtime': 0.5608, 'eval_train_samples_per_second': 1783.159, 'eval_train_steps_per_second': 28.531, 'epoch': 81.91}
{'loss': 0.0, 'learning_rate': 2.7239166263401055e-05, 'epoch': 82.98}
{'eval_eval_loss': 5.223864150138979e-07, 'eval_eval_token_acc': 0.9439481444000488, 'eval_eval_seq_acc': 0.0, 'eval_eval_move_acc': 1.0, 'eval_eval_mod5_acc': 1.0, 'eval_eval_mod4_acc': 0.261, 'eval_eval_runtime': 1.1185, 'eval_eval_samples_per_second': 1788.069, 'eval_eval_steps_per_second': 28.609, 'epoch': 82.98}
{'eval_train_loss': 6.723863776869621e-08, 'eval_train_token_acc': 0.9458597645781743, 'eval_train_seq_acc': 0.0, 'eval_train_move_acc': 1.0, 'eval_train_mod5_acc': 1.0, 'eval_train_mod4_acc': 0.236, 'eval_train_runtime': 0.5588, 'eval_train_samples_per_second': 1789.661, 'eval_train_steps_per_second': 28.635, 'epoch': 82.98}
{'loss': 0.0, 'learning_rate': 2.7130887986628354e-05, 'epoch': 84.04}
{'eval_eval_loss': 3.781100588184927e-07, 'eval_eval_token_acc': 0.9439481444000488, 'eval_eval_seq_acc': 0.0, 'eval_eval_move_acc': 1.0, 'eval_eval_mod5_acc': 1.0, 'eval_eval_mod4_acc': 0.261, 'eval_eval_runtime': 1.1199, 'eval_eval_samples_per_second': 1785.892, 'eval_eval_steps_per_second': 28.574, 'epoch': 84.04}
{'eval_train_loss': 5.989985396581687e-08, 'eval_train_token_acc': 0.9458597645781743, 'eval_train_seq_acc': 0.0, 'eval_train_move_acc': 1.0, 'eval_train_mod5_acc': 1.0, 'eval_train_mod4_acc': 0.236, 'eval_train_runtime': 0.5618, 'eval_train_samples_per_second': 1779.889, 'eval_train_steps_per_second': 28.478, 'epoch': 84.04}
  Pushed checkpoint step-20000 to ijinyu1113/ft_mr4_70m_seed2_purenum
{'loss': 0.0, 'learning_rate': 2.7020751034428975e-05, 'epoch': 85.11}
{'eval_eval_loss': 3.763186384730943e-07, 'eval_eval_token_acc': 0.9439481444000488, 'eval_eval_seq_acc': 0.0, 'eval_eval_move_acc': 1.0, 'eval_eval_mod5_acc': 1.0, 'eval_eval_mod4_acc': 0.261, 'eval_eval_runtime': 1.1183, 'eval_eval_samples_per_second': 1788.375, 'eval_eval_steps_per_second': 28.614, 'epoch': 85.11}
{'eval_train_loss': 5.514010936735758e-08, 'eval_train_token_acc': 0.9458597645781743, 'eval_train_seq_acc': 0.0, 'eval_train_move_acc': 1.0, 'eval_train_mod5_acc': 1.0, 'eval_train_mod4_acc': 0.236, 'eval_train_runtime': 0.5572, 'eval_train_samples_per_second': 1794.586, 'eval_train_steps_per_second': 28.713, 'epoch': 85.11}
{'loss': 0.0, 'learning_rate': 2.690877228181215e-05, 'epoch': 86.17}
{'eval_eval_loss': 3.2299797680934716e-07, 'eval_eval_token_acc': 0.9439481444000488, 'eval_eval_seq_acc': 0.0, 'eval_eval_move_acc': 1.0, 'eval_eval_mod5_acc': 1.0, 'eval_eval_mod4_acc': 0.261, 'eval_eval_runtime': 1.125, 'eval_eval_samples_per_second': 1777.818, 'eval_eval_steps_per_second': 28.445, 'epoch': 86.17}
{'eval_train_loss': 4.835049338680619e-08, 'eval_train_token_acc': 0.9458597645781743, 'eval_train_seq_acc': 0.0, 'eval_train_move_acc': 1.0, 'eval_train_mod5_acc': 1.0, 'eval_train_mod4_acc': 0.236, 'eval_train_runtime': 0.5618, 'eval_train_samples_per_second': 1780.151, 'eval_train_steps_per_second': 28.482, 'epoch': 86.17}
{'loss': 0.0028, 'learning_rate': 2.6794968885984824e-05, 'epoch': 87.23}
{'eval_eval_loss': 0.000707395258359611, 'eval_eval_token_acc': 0.9439481444000488, 'eval_eval_seq_acc': 0.0, 'eval_eval_move_acc': 0.986, 'eval_eval_mod5_acc': 0.9934508816120907, 'eval_eval_mod4_acc': 0.2609571788413098, 'eval_eval_runtime': 1.1191, 'eval_eval_samples_per_second': 1787.148, 'eval_eval_steps_per_second': 28.594, 'epoch': 87.23}
{'eval_train_loss': 0.0005891733453609049, 'eval_train_token_acc': 0.9458597645781743, 'eval_train_seq_acc': 0.0, 'eval_train_move_acc': 0.988, 'eval_train_mod5_acc': 0.993963782696177, 'eval_train_mod4_acc': 0.23541247484909456, 'eval_train_runtime': 0.5592, 'eval_train_samples_per_second': 1788.354, 'eval_train_steps_per_second': 28.614, 'epoch': 87.23}
{'loss': 0.0006, 'learning_rate': 2.6679358283722907e-05, 'epoch': 88.3}
{'eval_eval_loss': 0.00013632925401907414, 'eval_eval_token_acc': 0.9439481444000488, 'eval_eval_seq_acc': 0.0, 'eval_eval_move_acc': 0.998, 'eval_eval_mod5_acc': 0.998, 'eval_eval_mod4_acc': 0.2605, 'eval_eval_runtime': 1.1204, 'eval_eval_samples_per_second': 1785.144, 'eval_eval_steps_per_second': 28.562, 'epoch': 88.3}
{'eval_train_loss': 9.420899004908279e-05, 'eval_train_token_acc': 0.9458597645781743, 'eval_train_seq_acc': 0.0, 'eval_train_move_acc': 0.999, 'eval_train_mod5_acc': 0.999, 'eval_train_mod4_acc': 0.235, 'eval_train_runtime': 0.5593, 'eval_train_samples_per_second': 1788.039, 'eval_train_steps_per_second': 28.609, 'epoch': 88.3}
  Pushed checkpoint step-21000 to ijinyu1113/ft_mr4_70m_seed2_purenum
{'loss': 0.0007, 'learning_rate': 2.6561958188699604e-05, 'epoch': 89.36}
{'eval_eval_loss': 0.004520912189036608, 'eval_eval_token_acc': 0.9439481444000488, 'eval_eval_seq_acc': 0.0, 'eval_eval_move_acc': 0.927, 'eval_eval_mod5_acc': 0.9335347432024169, 'eval_eval_mod4_acc': 0.2608257804632427, 'eval_eval_runtime': 1.1199, 'eval_eval_samples_per_second': 1785.803, 'eval_eval_steps_per_second': 28.573, 'epoch': 89.36}
{'eval_train_loss': 0.003598902141675353, 'eval_train_token_acc': 0.9458597645781743, 'eval_train_seq_acc': 0.0, 'eval_train_move_acc': 0.94, 'eval_train_mod5_acc': 0.9418837675350702, 'eval_train_mod4_acc': 0.23547094188376755, 'eval_train_runtime': 0.5574, 'eval_train_samples_per_second': 1794.19, 'eval_train_steps_per_second': 28.707, 'epoch': 89.36}
{'loss': 0.0012, 'learning_rate': 2.644278658877136e-05, 'epoch': 90.43}
{'eval_eval_loss': 0.00012281279487069696, 'eval_eval_token_acc': 0.9439481444000488, 'eval_eval_seq_acc': 0.0, 'eval_eval_move_acc': 0.9985, 'eval_eval_mod5_acc': 0.9985, 'eval_eval_mod4_acc': 0.26, 'eval_eval_runtime': 1.1191, 'eval_eval_samples_per_second': 1787.08, 'eval_eval_steps_per_second': 28.593, 'epoch': 90.43}
{'eval_train_loss': 8.020455425139517e-05, 'eval_train_token_acc': 0.9458597645781743, 'eval_train_seq_acc': 0.0, 'eval_train_move_acc': 0.999, 'eval_train_mod5_acc': 0.999, 'eval_train_mod4_acc': 0.236, 'eval_train_runtime': 0.5617, 'eval_train_samples_per_second': 1780.165, 'eval_train_steps_per_second': 28.483, 'epoch': 90.43}
{'loss': 0.0003, 'learning_rate': 2.63218617432218e-05, 'epoch': 91.49}
{'eval_eval_loss': 0.002190134720876813, 'eval_eval_token_acc': 0.9439481444000488, 'eval_eval_seq_acc': 0.0, 'eval_eval_move_acc': 0.958, 'eval_eval_mod5_acc': 0.9608826479438315, 'eval_eval_mod4_acc': 0.2597793380140421, 'eval_eval_runtime': 1.1207, 'eval_eval_samples_per_second': 1784.574, 'eval_eval_steps_per_second': 28.553, 'epoch': 91.49}
{'eval_train_loss': 0.0015194348525255919, 'eval_train_token_acc': 0.9458597645781743, 'eval_train_seq_acc': 0.0, 'eval_train_move_acc': 0.959, 'eval_train_mod5_acc': 0.9667338709677419, 'eval_train_mod4_acc': 0.24193548387096775, 'eval_train_runtime': 0.5591, 'eval_train_samples_per_second': 1788.462, 'eval_train_steps_per_second': 28.615, 'epoch': 91.49}
{'loss': 0.0006, 'learning_rate': 2.6199202179964063e-05, 'epoch': 92.55}
{'eval_eval_loss': 0.00012105033965781331, 'eval_eval_token_acc': 0.9439481444000488, 'eval_eval_seq_acc': 0.0, 'eval_eval_move_acc': 0.9975, 'eval_eval_mod5_acc': 0.9979989994997499, 'eval_eval_mod4_acc': 0.26163081540770383, 'eval_eval_runtime': 1.1205, 'eval_eval_samples_per_second': 1784.843, 'eval_eval_steps_per_second': 28.557, 'epoch': 92.55}
{'eval_train_loss': 4.9313031922793016e-05, 'eval_train_token_acc': 0.9458597645781743, 'eval_train_seq_acc': 0.0, 'eval_train_move_acc': 0.999, 'eval_train_mod5_acc': 0.999, 'eval_train_mod4_acc': 0.236, 'eval_train_runtime': 0.5603, 'eval_train_samples_per_second': 1784.853, 'eval_train_steps_per_second': 28.558, 'epoch': 92.55}
  Pushed checkpoint step-22000 to ijinyu1113/ft_mr4_70m_seed2_purenum
{'loss': 0.0003, 'learning_rate': 2.6074826692701983e-05, 'epoch': 93.62}
{'eval_eval_loss': 9.178030450129882e-05, 'eval_eval_token_acc': 0.9439481444000488, 'eval_eval_seq_acc': 0.0, 'eval_eval_move_acc': 0.998, 'eval_eval_mod5_acc': 0.998, 'eval_eval_mod4_acc': 0.26, 'eval_eval_runtime': 1.1174, 'eval_eval_samples_per_second': 1789.935, 'eval_eval_steps_per_second': 28.639, 'epoch': 93.62}
{'eval_train_loss': 3.23552631016355e-05, 'eval_train_token_acc': 0.9458597645781743, 'eval_train_seq_acc': 0.0, 'eval_train_move_acc': 1.0, 'eval_train_mod5_acc': 1.0, 'eval_train_mod4_acc': 0.236, 'eval_train_runtime': 0.5576, 'eval_train_samples_per_second': 1793.456, 'eval_train_steps_per_second': 28.695, 'epoch': 93.62}
{'loss': 0.0006, 'learning_rate': 2.594875433805055e-05, 'epoch': 94.68}
{'eval_eval_loss': 0.0005994424573145807, 'eval_eval_token_acc': 0.9439481444000488, 'eval_eval_seq_acc': 0.0, 'eval_eval_move_acc': 0.9865, 'eval_eval_mod5_acc': 0.9874874874874875, 'eval_eval_mod4_acc': 0.2577577577577578, 'eval_eval_runtime': 1.1195, 'eval_eval_samples_per_second': 1786.446, 'eval_eval_steps_per_second': 28.583, 'epoch': 94.68}
{'eval_train_loss': 0.0004245649033691734, 'eval_train_token_acc': 0.9458597645781743, 'eval_train_seq_acc': 0.0, 'eval_train_move_acc': 0.993, 'eval_train_mod5_acc': 0.993, 'eval_train_mod4_acc': 0.234, 'eval_train_runtime': 0.5602, 'eval_train_samples_per_second': 1785.189, 'eval_train_steps_per_second': 28.563, 'epoch': 94.68}
{'loss': 0.0002, 'learning_rate': 2.5821004432616087e-05, 'epoch': 95.74}
{'eval_eval_loss': 0.0005874744383618236, 'eval_eval_token_acc': 0.9439481444000488, 'eval_eval_seq_acc': 0.0, 'eval_eval_move_acc': 0.9865, 'eval_eval_mod5_acc': 0.9899648770697441, 'eval_eval_mod4_acc': 0.2604114400401405, 'eval_eval_runtime': 1.1194, 'eval_eval_samples_per_second': 1786.641, 'eval_eval_steps_per_second': 28.586, 'epoch': 95.74}
{'eval_train_loss': 0.0005330219282768667, 'eval_train_token_acc': 0.9458597645781743, 'eval_train_seq_acc': 0.0, 'eval_train_move_acc': 0.988, 'eval_train_mod5_acc': 0.992964824120603, 'eval_train_mod4_acc': 0.2371859296482412, 'eval_train_runtime': 0.5601, 'eval_train_samples_per_second': 1785.259, 'eval_train_steps_per_second': 28.564, 'epoch': 95.74}
{'loss': 0.0001, 'learning_rate': 2.5691596550036588e-05, 'epoch': 96.81}
{'eval_eval_loss': 0.000257827719906345, 'eval_eval_token_acc': 0.9439481444000488, 'eval_eval_seq_acc': 0.0, 'eval_eval_move_acc': 0.9945, 'eval_eval_mod5_acc': 0.9945, 'eval_eval_mod4_acc': 0.2595, 'eval_eval_runtime': 1.1178, 'eval_eval_samples_per_second': 1789.16, 'eval_eval_steps_per_second': 28.627, 'epoch': 96.81}
{'eval_train_loss': 0.00023281019821297377, 'eval_train_token_acc': 0.9458597645781743, 'eval_train_seq_acc': 0.0, 'eval_train_move_acc': 0.995, 'eval_train_mod5_acc': 0.995, 'eval_train_mod4_acc': 0.236, 'eval_train_runtime': 0.5591, 'eval_train_samples_per_second': 1788.435, 'eval_train_steps_per_second': 28.615, 'epoch': 96.81}
  Pushed checkpoint step-23000 to ijinyu1113/ft_mr4_70m_seed2_purenum
{'loss': 0.0, 'learning_rate': 2.5560550517982677e-05, 'epoch': 97.87}
{'eval_eval_loss': 6.198484334163368e-05, 'eval_eval_token_acc': 0.9439481444000488, 'eval_eval_seq_acc': 0.0, 'eval_eval_move_acc': 0.9985, 'eval_eval_mod5_acc': 0.9985, 'eval_eval_mod4_acc': 0.26, 'eval_eval_runtime': 1.1202, 'eval_eval_samples_per_second': 1785.407, 'eval_eval_steps_per_second': 28.567, 'epoch': 97.87}
{'eval_train_loss': 1.7363538063364103e-05, 'eval_train_token_acc': 0.9458597645781743, 'eval_train_seq_acc': 0.0, 'eval_train_move_acc': 1.0, 'eval_train_mod5_acc': 1.0, 'eval_train_mod4_acc': 0.236, 'eval_train_runtime': 0.5594, 'eval_train_samples_per_second': 1787.71, 'eval_train_steps_per_second': 28.603, 'epoch': 97.87}
{'loss': 0.0, 'learning_rate': 2.5427886415119635e-05, 'epoch': 98.94}
{'eval_eval_loss': 1.6615775166428648e-05, 'eval_eval_token_acc': 0.9439481444000488, 'eval_eval_seq_acc': 0.0, 'eval_eval_move_acc': 0.9995, 'eval_eval_mod5_acc': 0.9995, 'eval_eval_mod4_acc': 0.261, 'eval_eval_runtime': 1.1226, 'eval_eval_samples_per_second': 1781.51, 'eval_eval_steps_per_second': 28.504, 'epoch': 98.94}
{'eval_train_loss': 4.565168637782335e-06, 'eval_train_token_acc': 0.9458597645781743, 'eval_train_seq_acc': 0.0, 'eval_train_move_acc': 1.0, 'eval_train_mod5_acc': 1.0, 'eval_train_mod4_acc': 0.236, 'eval_train_runtime': 0.562, 'eval_train_samples_per_second': 1779.404, 'eval_train_steps_per_second': 28.47, 'epoch': 98.94}
{'loss': 0.0, 'learning_rate': 2.5293624568031008e-05, 'epoch': 100.0}
{'eval_eval_loss': 1.2566988516482525e-05, 'eval_eval_token_acc': 0.9439481444000488, 'eval_eval_seq_acc': 0.0, 'eval_eval_move_acc': 0.9995, 'eval_eval_mod5_acc': 0.9995, 'eval_eval_mod4_acc': 0.261, 'eval_eval_runtime': 1.1236, 'eval_eval_samples_per_second': 1779.933, 'eval_eval_steps_per_second': 28.479, 'epoch': 100.0}
{'eval_train_loss': 1.2916895002490492e-06, 'eval_train_token_acc': 0.9458597645781743, 'eval_train_seq_acc': 0.0, 'eval_train_move_acc': 1.0, 'eval_train_mod5_acc': 1.0, 'eval_train_mod4_acc': 0.236, 'eval_train_runtime': 0.5624, 'eval_train_samples_per_second': 1778.07, 'eval_train_steps_per_second': 28.449, 'epoch': 100.0}
{'loss': 0.0, 'learning_rate': 2.515778554810415e-05, 'epoch': 101.06}
{'eval_eval_loss': 1.139430605689995e-05, 'eval_eval_token_acc': 0.9439481444000488, 'eval_eval_seq_acc': 0.0, 'eval_eval_move_acc': 0.9995, 'eval_eval_mod5_acc': 0.9995, 'eval_eval_mod4_acc': 0.261, 'eval_eval_runtime': 1.1229, 'eval_eval_samples_per_second': 1781.165, 'eval_eval_steps_per_second': 28.499, 'epoch': 101.06}
{'eval_train_loss': 9.230728892362094e-07, 'eval_train_token_acc': 0.9458597645781743, 'eval_train_seq_acc': 0.0, 'eval_train_move_acc': 1.0, 'eval_train_mod5_acc': 1.0, 'eval_train_mod4_acc': 0.236, 'eval_train_runtime': 0.5614, 'eval_train_samples_per_second': 1781.164, 'eval_train_steps_per_second': 28.499, 'epoch': 101.06}
  Pushed checkpoint step-24000 to ijinyu1113/ft_mr4_70m_seed2_purenum
{'loss': 0.0, 'learning_rate': 2.5020390168378374e-05, 'epoch': 102.13}
{'eval_eval_loss': 1.2049001270497683e-05, 'eval_eval_token_acc': 0.9439481444000488, 'eval_eval_seq_acc': 0.0, 'eval_eval_move_acc': 0.9995, 'eval_eval_mod5_acc': 0.9995, 'eval_eval_mod4_acc': 0.261, 'eval_eval_runtime': 1.1218, 'eval_eval_samples_per_second': 1782.864, 'eval_eval_steps_per_second': 28.526, 'epoch': 102.13}
{'eval_train_loss': 7.561282586721063e-07, 'eval_train_token_acc': 0.9458597645781743, 'eval_train_seq_acc': 0.0, 'eval_train_move_acc': 1.0, 'eval_train_mod5_acc': 1.0, 'eval_train_mod4_acc': 0.236, 'eval_train_runtime': 0.5598, 'eval_train_samples_per_second': 1786.254, 'eval_train_steps_per_second': 28.58, 'epoch': 102.13}
{'loss': 0.0, 'learning_rate': 2.4881459480355942e-05, 'epoch': 103.19}
{'eval_eval_loss': 1.2087410141248256e-05, 'eval_eval_token_acc': 0.9439481444000488, 'eval_eval_seq_acc': 0.0, 'eval_eval_move_acc': 0.9995, 'eval_eval_mod5_acc': 0.9995, 'eval_eval_mod4_acc': 0.261, 'eval_eval_runtime': 1.1244, 'eval_eval_samples_per_second': 1778.672, 'eval_eval_steps_per_second': 28.459, 'epoch': 103.19}
{'eval_train_loss': 5.989647888782201e-07, 'eval_train_token_acc': 0.9458597645781743, 'eval_train_seq_acc': 0.0, 'eval_train_move_acc': 1.0, 'eval_train_mod5_acc': 1.0, 'eval_train_mod4_acc': 0.236, 'eval_train_runtime': 0.5624, 'eval_train_samples_per_second': 1777.936, 'eval_train_steps_per_second': 28.447, 'epoch': 103.19}
{'loss': 0.0, 'learning_rate': 2.4741014770776632e-05, 'epoch': 104.26}
{'eval_eval_loss': 1.2508349755080417e-05, 'eval_eval_token_acc': 0.9439481444000488, 'eval_eval_seq_acc': 0.0, 'eval_eval_move_acc': 0.9995, 'eval_eval_mod5_acc': 0.9995, 'eval_eval_mod4_acc': 0.261, 'eval_eval_runtime': 1.121, 'eval_eval_samples_per_second': 1784.056, 'eval_eval_steps_per_second': 28.545, 'epoch': 104.26}
{'eval_train_loss': 5.008593007005402e-07, 'eval_train_token_acc': 0.9458597645781743, 'eval_train_seq_acc': 0.0, 'eval_train_move_acc': 1.0, 'eval_train_mod5_acc': 1.0, 'eval_train_mod4_acc': 0.236, 'eval_train_runtime': 0.5618, 'eval_train_samples_per_second': 1780.102, 'eval_train_steps_per_second': 28.482, 'epoch': 104.26}
{'loss': 0.0, 'learning_rate': 2.4599077558356208e-05, 'epoch': 105.32}
{'eval_eval_loss': 1.0391710929980036e-05, 'eval_eval_token_acc': 0.9439481444000488, 'eval_eval_seq_acc': 0.0, 'eval_eval_move_acc': 0.9995, 'eval_eval_mod5_acc': 0.9995, 'eval_eval_mod4_acc': 0.261, 'eval_eval_runtime': 1.1211, 'eval_eval_samples_per_second': 1783.996, 'eval_eval_steps_per_second': 28.544, 'epoch': 105.32}
{'eval_train_loss': 4.095805365977867e-07, 'eval_train_token_acc': 0.9458597645781743, 'eval_train_seq_acc': 0.0, 'eval_train_move_acc': 1.0, 'eval_train_mod5_acc': 1.0, 'eval_train_mod4_acc': 0.236, 'eval_train_runtime': 0.5617, 'eval_train_samples_per_second': 1780.271, 'eval_train_steps_per_second': 28.484, 'epoch': 105.32}
  Pushed checkpoint step-25000 to ijinyu1113/ft_mr4_70m_seed2_purenum
{'loss': 0.0, 'learning_rate': 2.445566959048934e-05, 'epoch': 106.38}
{'eval_eval_loss': 9.273713658330962e-06, 'eval_eval_token_acc': 0.9439481444000488, 'eval_eval_seq_acc': 0.0, 'eval_eval_move_acc': 0.9995, 'eval_eval_mod5_acc': 0.9995, 'eval_eval_mod4_acc': 0.261, 'eval_eval_runtime': 1.1219, 'eval_eval_samples_per_second': 1782.715, 'eval_eval_steps_per_second': 28.523, 'epoch': 106.38}
{'eval_train_loss': 3.468251463800698e-07, 'eval_train_token_acc': 0.9458597645781743, 'eval_train_seq_acc': 0.0, 'eval_train_move_acc': 1.0, 'eval_train_mod5_acc': 1.0, 'eval_train_mod4_acc': 0.236, 'eval_train_runtime': 0.5578, 'eval_train_samples_per_second': 1792.806, 'eval_train_steps_per_second': 28.685, 'epoch': 106.38}
{'loss': 0.0, 'learning_rate': 2.4310812839917536e-05, 'epoch': 107.45}
{'eval_eval_loss': 9.610458619135898e-06, 'eval_eval_token_acc': 0.9439481444000488, 'eval_eval_seq_acc': 0.0, 'eval_eval_move_acc': 0.9995, 'eval_eval_mod5_acc': 0.9995, 'eval_eval_mod4_acc': 0.261, 'eval_eval_runtime': 1.1238, 'eval_eval_samples_per_second': 1779.7, 'eval_eval_steps_per_second': 28.475, 'epoch': 107.45}
{'eval_train_loss': 2.994226804275968e-07, 'eval_train_token_acc': 0.9458597645781743, 'eval_train_seq_acc': 0.0, 'eval_train_move_acc': 1.0, 'eval_train_mod5_acc': 1.0, 'eval_train_mod4_acc': 0.236, 'eval_train_runtime': 0.5624, 'eval_train_samples_per_second': 1778.051, 'eval_train_steps_per_second': 28.449, 'epoch': 107.45}
{'loss': 0.0, 'learning_rate': 2.416452950136248e-05, 'epoch': 108.51}
{'eval_eval_loss': 8.07387459644815e-06, 'eval_eval_token_acc': 0.9439481444000488, 'eval_eval_seq_acc': 0.0, 'eval_eval_move_acc': 0.9995, 'eval_eval_mod5_acc': 0.9995, 'eval_eval_mod4_acc': 0.261, 'eval_eval_runtime': 1.1223, 'eval_eval_samples_per_second': 1782.037, 'eval_eval_steps_per_second': 28.513, 'epoch': 108.51}
{'eval_train_loss': 2.4829375888657523e-07, 'eval_train_token_acc': 0.9458597645781743, 'eval_train_seq_acc': 0.0, 'eval_train_move_acc': 1.0, 'eval_train_mod5_acc': 1.0, 'eval_train_mod4_acc': 0.236, 'eval_train_runtime': 0.5601, 'eval_train_samples_per_second': 1785.533, 'eval_train_steps_per_second': 28.569, 'epoch': 108.51}
{'loss': 0.0, 'learning_rate': 2.401684198812541e-05, 'epoch': 109.57}
{'eval_eval_loss': 8.390796210733242e-06, 'eval_eval_token_acc': 0.9439481444000488, 'eval_eval_seq_acc': 0.0, 'eval_eval_move_acc': 0.9995, 'eval_eval_mod5_acc': 0.9995, 'eval_eval_mod4_acc': 0.261, 'eval_eval_runtime': 1.1209, 'eval_eval_samples_per_second': 1784.234, 'eval_eval_steps_per_second': 28.548, 'epoch': 109.57}
{'eval_train_loss': 2.196546944333022e-07, 'eval_train_token_acc': 0.9458597645781743, 'eval_train_seq_acc': 0.0, 'eval_train_move_acc': 1.0, 'eval_train_mod5_acc': 1.0, 'eval_train_mod4_acc': 0.236, 'eval_train_runtime': 0.5603, 'eval_train_samples_per_second': 1784.768, 'eval_train_steps_per_second': 28.556, 'epoch': 109.57}
  Pushed checkpoint step-26000 to ijinyu1113/ft_mr4_70m_seed2_purenum
{'loss': 0.0, 'learning_rate': 2.386777292865297e-05, 'epoch': 110.64}
{'eval_eval_loss': 8.153037924785167e-06, 'eval_eval_token_acc': 0.9439481444000488, 'eval_eval_seq_acc': 0.0, 'eval_eval_move_acc': 0.9995, 'eval_eval_mod5_acc': 0.9995, 'eval_eval_mod4_acc': 0.261, 'eval_eval_runtime': 1.117, 'eval_eval_samples_per_second': 1790.588, 'eval_eval_steps_per_second': 28.649, 'epoch': 110.64}
{'eval_train_loss': 1.922395824749401e-07, 'eval_train_token_acc': 0.9458597645781743, 'eval_train_seq_acc': 0.0, 'eval_train_move_acc': 1.0, 'eval_train_mod5_acc': 1.0, 'eval_train_mod4_acc': 0.236, 'eval_train_runtime': 0.5598, 'eval_train_samples_per_second': 1786.243, 'eval_train_steps_per_second': 28.58, 'epoch': 110.64}
{'loss': 0.0, 'learning_rate': 2.371734516307015e-05, 'epoch': 111.7}
{'eval_eval_loss': 6.4660234784241766e-06, 'eval_eval_token_acc': 0.9439481444000488, 'eval_eval_seq_acc': 0.0, 'eval_eval_move_acc': 1.0, 'eval_eval_mod5_acc': 1.0, 'eval_eval_mod4_acc': 0.261, 'eval_eval_runtime': 1.1215, 'eval_eval_samples_per_second': 1783.308, 'eval_eval_steps_per_second': 28.533, 'epoch': 111.7}
{'eval_train_loss': 1.6338995578735194e-07, 'eval_train_token_acc': 0.9458597645781743, 'eval_train_seq_acc': 0.0, 'eval_train_move_acc': 1.0, 'eval_train_mod5_acc': 1.0, 'eval_train_mod4_acc': 0.236, 'eval_train_runtime': 0.5607, 'eval_train_samples_per_second': 1783.54, 'eval_train_steps_per_second': 28.537, 'epoch': 111.7}
{'loss': 0.0, 'learning_rate': 2.3565581739680718e-05, 'epoch': 112.77}
{'eval_eval_loss': 6.776772806915687e-06, 'eval_eval_token_acc': 0.9439481444000488, 'eval_eval_seq_acc': 0.0, 'eval_eval_move_acc': 0.9995, 'eval_eval_mod5_acc': 0.9995, 'eval_eval_mod4_acc': 0.261, 'eval_eval_runtime': 1.1211, 'eval_eval_samples_per_second': 1783.986, 'eval_eval_steps_per_second': 28.544, 'epoch': 112.77}
{'eval_train_loss': 1.4415698501579755e-07, 'eval_train_token_acc': 0.9458597645781743, 'eval_train_seq_acc': 0.0, 'eval_train_move_acc': 1.0, 'eval_train_mod5_acc': 1.0, 'eval_train_mod4_acc': 0.236, 'eval_train_runtime': 0.562, 'eval_train_samples_per_second': 1779.513, 'eval_train_steps_per_second': 28.472, 'epoch': 112.77}
{'loss': 0.0, 'learning_rate': 2.3412505911435827e-05, 'epoch': 113.83}
{'eval_eval_loss': 6.6724055614031386e-06, 'eval_eval_token_acc': 0.9439481444000488, 'eval_eval_seq_acc': 0.0, 'eval_eval_move_acc': 0.9995, 'eval_eval_mod5_acc': 0.9995, 'eval_eval_mod4_acc': 0.261, 'eval_eval_runtime': 1.1245, 'eval_eval_samples_per_second': 1778.518, 'eval_eval_steps_per_second': 28.456, 'epoch': 113.83}
{'eval_train_loss': 1.2478733424359234e-07, 'eval_train_token_acc': 0.9458597645781743, 'eval_train_seq_acc': 0.0, 'eval_train_move_acc': 1.0, 'eval_train_mod5_acc': 1.0, 'eval_train_mod4_acc': 0.236, 'eval_train_runtime': 0.5604, 'eval_train_samples_per_second': 1784.296, 'eval_train_steps_per_second': 28.549, 'epoch': 113.83}
  Pushed checkpoint step-27000 to ijinyu1113/ft_mr4_70m_seed2_purenum
{'loss': 0.0, 'learning_rate': 2.3258141132371215e-05, 'epoch': 114.89}
{'eval_eval_loss': 6.272433438425651e-06, 'eval_eval_token_acc': 0.9439481444000488, 'eval_eval_seq_acc': 0.0, 'eval_eval_move_acc': 1.0, 'eval_eval_mod5_acc': 1.0, 'eval_eval_mod4_acc': 0.261, 'eval_eval_runtime': 1.1182, 'eval_eval_samples_per_second': 1788.528, 'eval_eval_steps_per_second': 28.616, 'epoch': 114.89}
{'eval_train_loss': 1.1029538171669628e-07, 'eval_train_token_acc': 0.9458597645781743, 'eval_train_seq_acc': 0.0, 'eval_train_move_acc': 1.0, 'eval_train_mod5_acc': 1.0, 'eval_train_mod4_acc': 0.236, 'eval_train_runtime': 0.5587, 'eval_train_samples_per_second': 1789.724, 'eval_train_steps_per_second': 28.636, 'epoch': 114.89}
{'loss': 0.0, 'learning_rate': 2.3102511054013615e-05, 'epoch': 115.96}
{'eval_eval_loss': 5.2363311624503694e-06, 'eval_eval_token_acc': 0.9439481444000488, 'eval_eval_seq_acc': 0.0, 'eval_eval_move_acc': 1.0, 'eval_eval_mod5_acc': 1.0, 'eval_eval_mod4_acc': 0.261, 'eval_eval_runtime': 1.1217, 'eval_eval_samples_per_second': 1782.966, 'eval_eval_steps_per_second': 28.527, 'epoch': 115.96}
{'eval_train_loss': 9.631273201193835e-08, 'eval_train_token_acc': 0.9458597645781743, 'eval_train_seq_acc': 0.0, 'eval_train_move_acc': 1.0, 'eval_train_mod5_acc': 1.0, 'eval_train_mod4_acc': 0.236, 'eval_train_runtime': 0.5619, 'eval_train_samples_per_second': 1779.553, 'eval_train_steps_per_second': 28.473, 'epoch': 115.96}
{'loss': 0.0, 'learning_rate': 2.2945639521756923e-05, 'epoch': 117.02}
{'eval_eval_loss': 5.105566287966212e-06, 'eval_eval_token_acc': 0.9439481444000488, 'eval_eval_seq_acc': 0.0, 'eval_eval_move_acc': 1.0, 'eval_eval_mod5_acc': 1.0, 'eval_eval_mod4_acc': 0.261, 'eval_eval_runtime': 1.1225, 'eval_eval_samples_per_second': 1781.677, 'eval_eval_steps_per_second': 28.507, 'epoch': 117.02}
{'eval_train_loss': 8.513360683082283e-08, 'eval_train_token_acc': 0.9458597645781743, 'eval_train_seq_acc': 0.0, 'eval_train_move_acc': 1.0, 'eval_train_mod5_acc': 1.0, 'eval_train_mod4_acc': 0.236, 'eval_train_runtime': 0.5628, 'eval_train_samples_per_second': 1776.802, 'eval_train_steps_per_second': 28.429, 'epoch': 117.02}
{'loss': 0.0, 'learning_rate': 2.278755057120863e-05, 'epoch': 118.09}
{'eval_eval_loss': 5.866400442755548e-06, 'eval_eval_token_acc': 0.9439481444000488, 'eval_eval_seq_acc': 0.0, 'eval_eval_move_acc': 1.0, 'eval_eval_mod5_acc': 1.0, 'eval_eval_mod4_acc': 0.261, 'eval_eval_runtime': 1.1193, 'eval_eval_samples_per_second': 1786.76, 'eval_eval_steps_per_second': 28.588, 'epoch': 118.09}
{'eval_train_loss': 7.573073901312455e-08, 'eval_train_token_acc': 0.9458597645781743, 'eval_train_seq_acc': 0.0, 'eval_train_move_acc': 1.0, 'eval_train_mod5_acc': 1.0, 'eval_train_mod4_acc': 0.236, 'eval_train_runtime': 0.5607, 'eval_train_samples_per_second': 1783.489, 'eval_train_steps_per_second': 28.536, 'epoch': 118.09}
  Pushed checkpoint step-28000 to ijinyu1113/ft_mr4_70m_seed2_purenum
{'loss': 0.0, 'learning_rate': 2.2628268424507127e-05, 'epoch': 119.15}
{'eval_eval_loss': 5.766360118286684e-06, 'eval_eval_token_acc': 0.9439481444000488, 'eval_eval_seq_acc': 0.0, 'eval_eval_move_acc': 1.0, 'eval_eval_mod5_acc': 1.0, 'eval_eval_mod4_acc': 0.261, 'eval_eval_runtime': 1.1213, 'eval_eval_samples_per_second': 1783.714, 'eval_eval_steps_per_second': 28.539, 'epoch': 119.15}
{'eval_train_loss': 6.686443043690815e-08, 'eval_train_token_acc': 0.9458597645781743, 'eval_train_seq_acc': 0.0, 'eval_train_move_acc': 1.0, 'eval_train_mod5_acc': 1.0, 'eval_train_mod4_acc': 0.236, 'eval_train_runtime': 0.5581, 'eval_train_samples_per_second': 1791.68, 'eval_train_steps_per_second': 28.667, 'epoch': 119.15}
{'loss': 0.0, 'learning_rate': 2.2467817486610425e-05, 'epoch': 120.21}
{'eval_eval_loss': 5.095222149975598e-06, 'eval_eval_token_acc': 0.9439481444000488, 'eval_eval_seq_acc': 0.0, 'eval_eval_move_acc': 1.0, 'eval_eval_mod5_acc': 1.0, 'eval_eval_mod4_acc': 0.261, 'eval_eval_runtime': 1.1219, 'eval_eval_samples_per_second': 1782.754, 'eval_eval_steps_per_second': 28.524, 'epoch': 120.21}
{'eval_train_loss': 5.8036203398614816e-08, 'eval_train_token_acc': 0.9458597645781743, 'eval_train_seq_acc': 0.0, 'eval_train_move_acc': 1.0, 'eval_train_mod5_acc': 1.0, 'eval_train_mod4_acc': 0.236, 'eval_train_runtime': 0.5626, 'eval_train_samples_per_second': 1777.512, 'eval_train_steps_per_second': 28.44, 'epoch': 120.21}
{'loss': 0.0, 'learning_rate': 2.2306222341556868e-05, 'epoch': 121.28}
{'eval_eval_loss': 4.150066615693504e-06, 'eval_eval_token_acc': 0.9439481444000488, 'eval_eval_seq_acc': 0.0, 'eval_eval_move_acc': 1.0, 'eval_eval_mod5_acc': 1.0, 'eval_eval_mod4_acc': 0.261, 'eval_eval_runtime': 1.1193, 'eval_eval_samples_per_second': 1786.832, 'eval_eval_steps_per_second': 28.589, 'epoch': 121.28}
{'eval_train_loss': 5.176694628516998e-08, 'eval_train_token_acc': 0.9458597645781743, 'eval_train_seq_acc': 0.0, 'eval_train_move_acc': 1.0, 'eval_train_mod5_acc': 1.0, 'eval_train_mod4_acc': 0.236, 'eval_train_runtime': 0.5611, 'eval_train_samples_per_second': 1782.119, 'eval_train_steps_per_second': 28.514, 'epoch': 121.28}
{'loss': 0.0, 'learning_rate': 2.214350774869842e-05, 'epoch': 122.34}
{'eval_eval_loss': 4.554021415970055e-06, 'eval_eval_token_acc': 0.9439481444000488, 'eval_eval_seq_acc': 0.0, 'eval_eval_move_acc': 1.0, 'eval_eval_mod5_acc': 1.0, 'eval_eval_mod4_acc': 0.261, 'eval_eval_runtime': 1.1231, 'eval_eval_samples_per_second': 1780.811, 'eval_eval_steps_per_second': 28.493, 'epoch': 122.34}
{'eval_train_loss': 4.6385871144138946e-08, 'eval_train_token_acc': 0.9458597645781743, 'eval_train_seq_acc': 0.0, 'eval_train_move_acc': 1.0, 'eval_train_mod5_acc': 1.0, 'eval_train_mod4_acc': 0.236, 'eval_train_runtime': 0.5632, 'eval_train_samples_per_second': 1775.657, 'eval_train_steps_per_second': 28.411, 'epoch': 122.34}
  Pushed checkpoint step-29000 to ijinyu1113/ft_mr4_70m_seed2_purenum
{'loss': 0.0, 'learning_rate': 2.197969863890705e-05, 'epoch': 123.4}
{'eval_eval_loss': 4.290293873054907e-06, 'eval_eval_token_acc': 0.9439481444000488, 'eval_eval_seq_acc': 0.0, 'eval_eval_move_acc': 1.0, 'eval_eval_mod5_acc': 1.0, 'eval_eval_mod4_acc': 0.261, 'eval_eval_runtime': 1.1186, 'eval_eval_samples_per_second': 1787.965, 'eval_eval_steps_per_second': 28.607, 'epoch': 123.4}
{'eval_train_loss': 4.1752560520080806e-08, 'eval_train_token_acc': 0.9458597645781743, 'eval_train_seq_acc': 0.0, 'eval_train_move_acc': 1.0, 'eval_train_mod5_acc': 1.0, 'eval_train_mod4_acc': 0.236, 'eval_train_runtime': 0.5567, 'eval_train_samples_per_second': 1796.2, 'eval_train_steps_per_second': 28.739, 'epoch': 123.4}
{'loss': 0.0, 'learning_rate': 2.1814820110754875e-05, 'epoch': 124.47}
{'eval_eval_loss': 5.030983629694674e-06, 'eval_eval_token_acc': 0.9439481444000488, 'eval_eval_seq_acc': 0.0, 'eval_eval_move_acc': 1.0, 'eval_eval_mod5_acc': 1.0, 'eval_eval_mod4_acc': 0.261, 'eval_eval_runtime': 1.1195, 'eval_eval_samples_per_second': 1786.528, 'eval_eval_steps_per_second': 28.584, 'epoch': 124.47}
{'eval_train_loss': 3.7276077335945956e-08, 'eval_train_token_acc': 0.9458597645781743, 'eval_train_seq_acc': 0.0, 'eval_train_move_acc': 1.0, 'eval_train_mod5_acc': 1.0, 'eval_train_mod4_acc': 0.236, 'eval_train_runtime': 0.5609, 'eval_train_samples_per_second': 1782.785, 'eval_train_steps_per_second': 28.525, 'epoch': 124.47}
{'loss': 0.0, 'learning_rate': 2.1648897426668606e-05, 'epoch': 125.53}
{'eval_eval_loss': 4.54658538728836e-06, 'eval_eval_token_acc': 0.9439481444000488, 'eval_eval_seq_acc': 0.0, 'eval_eval_move_acc': 1.0, 'eval_eval_mod5_acc': 1.0, 'eval_eval_mod4_acc': 0.261, 'eval_eval_runtime': 1.1199, 'eval_eval_samples_per_second': 1785.828, 'eval_eval_steps_per_second': 28.573, 'epoch': 125.53}
{'eval_train_loss': 3.3214078598575725e-08, 'eval_train_token_acc': 0.9458597645781743, 'eval_train_seq_acc': 0.0, 'eval_train_move_acc': 1.0, 'eval_train_mod5_acc': 1.0, 'eval_train_mod4_acc': 0.236, 'eval_train_runtime': 0.5602, 'eval_train_samples_per_second': 1785.067, 'eval_train_steps_per_second': 28.561, 'epoch': 125.53}
{'loss': 0.0, 'learning_rate': 2.148195600905887e-05, 'epoch': 126.6}
{'eval_eval_loss': 4.49434264737647e-06, 'eval_eval_token_acc': 0.9439481444000488, 'eval_eval_seq_acc': 0.0, 'eval_eval_move_acc': 1.0, 'eval_eval_mod5_acc': 1.0, 'eval_eval_mod4_acc': 0.261, 'eval_eval_runtime': 1.1203, 'eval_eval_samples_per_second': 1785.27, 'eval_eval_steps_per_second': 28.564, 'epoch': 126.6}
{'eval_train_loss': 2.9755110375617733e-08, 'eval_train_token_acc': 0.9458597645781743, 'eval_train_seq_acc': 0.0, 'eval_train_move_acc': 1.0, 'eval_train_mod5_acc': 1.0, 'eval_train_mod4_acc': 0.236, 'eval_train_runtime': 0.5603, 'eval_train_samples_per_second': 1784.64, 'eval_train_steps_per_second': 28.554, 'epoch': 126.6}
  Pushed checkpoint step-30000 to ijinyu1113/ft_mr4_70m_seed2_purenum
{'loss': 0.0, 'learning_rate': 2.1314021436425026e-05, 'epoch': 127.66}
{'eval_eval_loss': 4.76953618999687e-06, 'eval_eval_token_acc': 0.9439481444000488, 'eval_eval_seq_acc': 0.0, 'eval_eval_move_acc': 1.0, 'eval_eval_mod5_acc': 1.0, 'eval_eval_mod4_acc': 0.261, 'eval_eval_runtime': 1.1211, 'eval_eval_samples_per_second': 1783.956, 'eval_eval_steps_per_second': 28.543, 'epoch': 127.66}
{'eval_train_loss': 2.6817579268367808e-08, 'eval_train_token_acc': 0.9458597645781743, 'eval_train_seq_acc': 0.0, 'eval_train_move_acc': 1.0, 'eval_train_mod5_acc': 1.0, 'eval_train_mod4_acc': 0.236, 'eval_train_runtime': 0.5592, 'eval_train_samples_per_second': 1788.366, 'eval_train_steps_per_second': 28.614, 'epoch': 127.66}
{'loss': 0.0, 'learning_rate': 2.1145119439436072e-05, 'epoch': 128.72}
{'eval_eval_loss': 4.905506102659274e-06, 'eval_eval_token_acc': 0.9439481444000488, 'eval_eval_seq_acc': 0.0, 'eval_eval_move_acc': 1.0, 'eval_eval_mod5_acc': 1.0, 'eval_eval_mod4_acc': 0.261, 'eval_eval_runtime': 1.1224, 'eval_eval_samples_per_second': 1781.93, 'eval_eval_steps_per_second': 28.511, 'epoch': 128.72}
{'eval_train_loss': 2.447894154045116e-08, 'eval_train_token_acc': 0.9458597645781743, 'eval_train_seq_acc': 0.0, 'eval_train_move_acc': 1.0, 'eval_train_mod5_acc': 1.0, 'eval_train_mod4_acc': 0.236, 'eval_train_runtime': 0.5609, 'eval_train_samples_per_second': 1782.999, 'eval_train_steps_per_second': 28.528, 'epoch': 128.72}
{'loss': 0.0, 'learning_rate': 2.097527589698823e-05, 'epoch': 129.79}
{'eval_eval_loss': 5.049289484304609e-06, 'eval_eval_token_acc': 0.9439481444000488, 'eval_eval_seq_acc': 0.0, 'eval_eval_move_acc': 1.0, 'eval_eval_mod5_acc': 1.0, 'eval_eval_mod4_acc': 0.261, 'eval_eval_runtime': 1.1204, 'eval_eval_samples_per_second': 1785.036, 'eval_eval_steps_per_second': 28.561, 'epoch': 129.79}
{'eval_train_loss': 2.2163382240592e-08, 'eval_train_token_acc': 0.9458597645781743, 'eval_train_seq_acc': 0.0, 'eval_train_move_acc': 1.0, 'eval_train_mod5_acc': 1.0, 'eval_train_mod4_acc': 0.236, 'eval_train_runtime': 0.5603, 'eval_train_samples_per_second': 1784.878, 'eval_train_steps_per_second': 28.558, 'epoch': 129.79}
{'loss': 0.0, 'learning_rate': 2.080451683223983e-05, 'epoch': 130.85}
{'eval_eval_loss': 3.8846324059704784e-06, 'eval_eval_token_acc': 0.9439481444000488, 'eval_eval_seq_acc': 0.0, 'eval_eval_move_acc': 1.0, 'eval_eval_mod5_acc': 1.0, 'eval_eval_mod4_acc': 0.261, 'eval_eval_runtime': 1.1212, 'eval_eval_samples_per_second': 1783.771, 'eval_eval_steps_per_second': 28.54, 'epoch': 130.85}
{'eval_train_loss': 2.0364787189919298e-08, 'eval_train_token_acc': 0.9458597645781743, 'eval_train_seq_acc': 0.0, 'eval_train_move_acc': 1.0, 'eval_train_mod5_acc': 1.0, 'eval_train_mod4_acc': 0.236, 'eval_train_runtime': 0.5631, 'eval_train_samples_per_second': 1775.914, 'eval_train_steps_per_second': 28.415, 'epoch': 130.85}
  Pushed checkpoint step-31000 to ijinyu1113/ft_mr4_70m_seed2_purenum
{'loss': 0.0, 'learning_rate': 2.063286840862408e-05, 'epoch': 131.91}
{'eval_eval_loss': 4.596408871293534e-06, 'eval_eval_token_acc': 0.9439481444000488, 'eval_eval_seq_acc': 0.0, 'eval_eval_move_acc': 1.0, 'eval_eval_mod5_acc': 1.0, 'eval_eval_mod4_acc': 0.261, 'eval_eval_runtime': 1.1304, 'eval_eval_samples_per_second': 1769.283, 'eval_eval_steps_per_second': 28.309, 'epoch': 131.91}
{'eval_train_loss': 1.8695498482657058e-08, 'eval_train_token_acc': 0.9458597645781743, 'eval_train_seq_acc': 0.0, 'eval_train_move_acc': 1.0, 'eval_train_mod5_acc': 1.0, 'eval_train_mod4_acc': 0.236, 'eval_train_runtime': 0.5575, 'eval_train_samples_per_second': 1793.679, 'eval_train_steps_per_second': 28.699, 'epoch': 131.91}
{'loss': 0.0, 'learning_rate': 2.0460356925840325e-05, 'epoch': 132.98}
{'eval_eval_loss': 4.7138250920397695e-06, 'eval_eval_token_acc': 0.9439481444000488, 'eval_eval_seq_acc': 0.0, 'eval_eval_move_acc': 1.0, 'eval_eval_mod5_acc': 1.0, 'eval_eval_mod4_acc': 0.261, 'eval_eval_runtime': 1.1208, 'eval_eval_samples_per_second': 1784.492, 'eval_eval_steps_per_second': 28.552, 'epoch': 132.98}
{'eval_train_loss': 1.7768847726529202e-08, 'eval_train_token_acc': 0.9458597645781743, 'eval_train_seq_acc': 0.0, 'eval_train_move_acc': 1.0, 'eval_train_mod5_acc': 1.0, 'eval_train_mod4_acc': 0.236, 'eval_train_runtime': 0.5613, 'eval_train_samples_per_second': 1781.576, 'eval_train_steps_per_second': 28.505, 'epoch': 132.98}
{'loss': 0.0, 'learning_rate': 2.0287008815824495e-05, 'epoch': 134.04}
{'eval_eval_loss': 5.39313714398304e-06, 'eval_eval_token_acc': 0.9439481444000488, 'eval_eval_seq_acc': 0.0, 'eval_eval_move_acc': 1.0, 'eval_eval_mod5_acc': 1.0, 'eval_eval_mod4_acc': 0.261, 'eval_eval_runtime': 1.1229, 'eval_eval_samples_per_second': 1781.127, 'eval_eval_steps_per_second': 28.498, 'epoch': 134.04}
{'eval_train_loss': 1.7334549795577914e-08, 'eval_train_token_acc': 0.9458597645781743, 'eval_train_seq_acc': 0.0, 'eval_train_move_acc': 1.0, 'eval_train_mod5_acc': 1.0, 'eval_train_mod4_acc': 0.236, 'eval_train_runtime': 0.5612, 'eval_train_samples_per_second': 1781.942, 'eval_train_steps_per_second': 28.511, 'epoch': 134.04}
{'loss': 0.0, 'learning_rate': 2.0112850638699195e-05, 'epoch': 135.11}
{'eval_eval_loss': 4.394050847622566e-06, 'eval_eval_token_acc': 0.9439481444000488, 'eval_eval_seq_acc': 0.0, 'eval_eval_move_acc': 1.0, 'eval_eval_mod5_acc': 1.0, 'eval_eval_mod4_acc': 0.261, 'eval_eval_runtime': 1.1217, 'eval_eval_samples_per_second': 1783.079, 'eval_eval_steps_per_second': 28.529, 'epoch': 135.11}
{'eval_train_loss': 1.782574798880887e-08, 'eval_train_token_acc': 0.9458597645781743, 'eval_train_seq_acc': 0.0, 'eval_train_move_acc': 1.0, 'eval_train_mod5_acc': 1.0, 'eval_train_mod4_acc': 0.236, 'eval_train_runtime': 0.5616, 'eval_train_samples_per_second': 1780.533, 'eval_train_steps_per_second': 28.489, 'epoch': 135.11}
  Pushed checkpoint step-32000 to ijinyu1113/ft_mr4_70m_seed2_purenum
{'loss': 0.0, 'learning_rate': 1.9937909078704247e-05, 'epoch': 136.17}
{'eval_eval_loss': 5.655404493154492e-06, 'eval_eval_token_acc': 0.9439481444000488, 'eval_eval_seq_acc': 0.0, 'eval_eval_move_acc': 1.0, 'eval_eval_mod5_acc': 1.0, 'eval_eval_mod4_acc': 0.261, 'eval_eval_runtime': 1.118, 'eval_eval_samples_per_second': 1788.935, 'eval_eval_steps_per_second': 28.623, 'epoch': 136.17}
{'eval_train_loss': 1.7376576622041284e-08, 'eval_train_token_acc': 0.9458597645781743, 'eval_train_seq_acc': 0.0, 'eval_train_move_acc': 1.0, 'eval_train_mod5_acc': 1.0, 'eval_train_mod4_acc': 0.236, 'eval_train_runtime': 0.5578, 'eval_train_samples_per_second': 1792.9, 'eval_train_steps_per_second': 28.686, 'epoch': 136.17}
{'loss': 0.0016, 'learning_rate': 1.976221094010814e-05, 'epoch': 137.23}
{'eval_eval_loss': 9.802171553019434e-05, 'eval_eval_token_acc': 0.9439481444000488, 'eval_eval_seq_acc': 0.0, 'eval_eval_move_acc': 0.9985, 'eval_eval_mod5_acc': 0.9989994997498749, 'eval_eval_mod4_acc': 0.2606303151575788, 'eval_eval_runtime': 1.121, 'eval_eval_samples_per_second': 1784.155, 'eval_eval_steps_per_second': 28.546, 'epoch': 137.23}
{'eval_train_loss': 5.932856220169924e-05, 'eval_train_token_acc': 0.9458597645781743, 'eval_train_seq_acc': 0.0, 'eval_train_move_acc': 1.0, 'eval_train_mod5_acc': 1.0, 'eval_train_mod4_acc': 0.236, 'eval_train_runtime': 0.5608, 'eval_train_samples_per_second': 1783.01, 'eval_train_steps_per_second': 28.528, 'epoch': 137.23}
{'loss': 0.0001, 'learning_rate': 1.958578314310114e-05, 'epoch': 138.3}
{'eval_eval_loss': 5.564503953792155e-05, 'eval_eval_token_acc': 0.9439481444000488, 'eval_eval_seq_acc': 0.0, 'eval_eval_move_acc': 0.999, 'eval_eval_mod5_acc': 0.999, 'eval_eval_mod4_acc': 0.2605, 'eval_eval_runtime': 1.1214, 'eval_eval_samples_per_second': 1783.533, 'eval_eval_steps_per_second': 28.537, 'epoch': 138.3}
{'eval_train_loss': 1.571778193465434e-05, 'eval_train_token_acc': 0.9458597645781743, 'eval_train_seq_acc': 0.0, 'eval_train_move_acc': 1.0, 'eval_train_mod5_acc': 1.0, 'eval_train_mod4_acc': 0.236, 'eval_train_runtime': 0.5611, 'eval_train_samples_per_second': 1782.16, 'eval_train_steps_per_second': 28.515, 'epoch': 138.3}
{'loss': 0.0, 'learning_rate': 1.9408652719670622e-05, 'epoch': 139.36}
{'eval_eval_loss': 2.6842020815820433e-05, 'eval_eval_token_acc': 0.9439481444000488, 'eval_eval_seq_acc': 0.0, 'eval_eval_move_acc': 0.999, 'eval_eval_mod5_acc': 0.999, 'eval_eval_mod4_acc': 0.2605, 'eval_eval_runtime': 1.124, 'eval_eval_samples_per_second': 1779.408, 'eval_eval_steps_per_second': 28.471, 'epoch': 139.36}
{'eval_train_loss': 5.810963102703681e-06, 'eval_train_token_acc': 0.9458597645781743, 'eval_train_seq_acc': 0.0, 'eval_train_move_acc': 1.0, 'eval_train_mod5_acc': 1.0, 'eval_train_mod4_acc': 0.236, 'eval_train_runtime': 0.5622, 'eval_train_samples_per_second': 1778.873, 'eval_train_steps_per_second': 28.462, 'epoch': 139.36}
  Pushed checkpoint step-33000 to ijinyu1113/ft_mr4_70m_seed2_purenum
{'loss': 0.0, 'learning_rate': 1.923084680945927e-05, 'epoch': 140.43}
{'eval_eval_loss': 1.7344927982776426e-05, 'eval_eval_token_acc': 0.9439481444000488, 'eval_eval_seq_acc': 0.0, 'eval_eval_move_acc': 0.9995, 'eval_eval_mod5_acc': 0.9995, 'eval_eval_mod4_acc': 0.261, 'eval_eval_runtime': 1.1187, 'eval_eval_samples_per_second': 1787.808, 'eval_eval_steps_per_second': 28.605, 'epoch': 140.43}
{'eval_train_loss': 2.757934908004245e-06, 'eval_train_token_acc': 0.9458597645781743, 'eval_train_seq_acc': 0.0, 'eval_train_move_acc': 1.0, 'eval_train_mod5_acc': 1.0, 'eval_train_mod4_acc': 0.236, 'eval_train_runtime': 0.5583, 'eval_train_samples_per_second': 1791.224, 'eval_train_steps_per_second': 28.66, 'epoch': 140.43}
{'loss': 0.0, 'learning_rate': 1.905239265560677e-05, 'epoch': 141.49}
{'eval_eval_loss': 1.0494949492567685e-05, 'eval_eval_token_acc': 0.9439481444000488, 'eval_eval_seq_acc': 0.0, 'eval_eval_move_acc': 1.0, 'eval_eval_mod5_acc': 1.0, 'eval_eval_mod4_acc': 0.261, 'eval_eval_runtime': 1.1229, 'eval_eval_samples_per_second': 1781.094, 'eval_eval_steps_per_second': 28.498, 'epoch': 141.49}
{'eval_train_loss': 1.407210447723628e-06, 'eval_train_token_acc': 0.9458597645781743, 'eval_train_seq_acc': 0.0, 'eval_train_move_acc': 1.0, 'eval_train_mod5_acc': 1.0, 'eval_train_mod4_acc': 0.236, 'eval_train_runtime': 0.5614, 'eval_train_samples_per_second': 1781.168, 'eval_train_steps_per_second': 28.499, 'epoch': 141.49}
{'loss': 0.0, 'learning_rate': 1.887331760057568e-05, 'epoch': 142.55}
{'eval_eval_loss': 1.5774809071444906e-05, 'eval_eval_token_acc': 0.9439481444000488, 'eval_eval_seq_acc': 0.0, 'eval_eval_move_acc': 0.9995, 'eval_eval_mod5_acc': 0.9995, 'eval_eval_mod4_acc': 0.261, 'eval_eval_runtime': 1.1221, 'eval_eval_samples_per_second': 1782.321, 'eval_eval_steps_per_second': 28.517, 'epoch': 142.55}
{'eval_train_loss': 1.1706787290677312e-06, 'eval_train_token_acc': 0.9458597645781743, 'eval_train_seq_acc': 0.0, 'eval_train_move_acc': 1.0, 'eval_train_mod5_acc': 1.0, 'eval_train_mod4_acc': 0.236, 'eval_train_runtime': 0.5614, 'eval_train_samples_per_second': 1781.378, 'eval_train_steps_per_second': 28.502, 'epoch': 142.55}
{'loss': 0.0, 'learning_rate': 1.869364908196206e-05, 'epoch': 143.62}
{'eval_eval_loss': 9.874170245893765e-06, 'eval_eval_token_acc': 0.9439481444000488, 'eval_eval_seq_acc': 0.0, 'eval_eval_move_acc': 1.0, 'eval_eval_mod5_acc': 1.0, 'eval_eval_mod4_acc': 0.261, 'eval_eval_runtime': 1.1214, 'eval_eval_samples_per_second': 1783.492, 'eval_eval_steps_per_second': 28.536, 'epoch': 143.62}
{'eval_train_loss': 7.815776825736975e-07, 'eval_train_token_acc': 0.9458597645781743, 'eval_train_seq_acc': 0.0, 'eval_train_move_acc': 1.0, 'eval_train_mod5_acc': 1.0, 'eval_train_mod4_acc': 0.236, 'eval_train_runtime': 0.5616, 'eval_train_samples_per_second': 1780.541, 'eval_train_steps_per_second': 28.489, 'epoch': 143.62}
  Pushed checkpoint step-34000 to ijinyu1113/ft_mr4_70m_seed2_purenum
{'loss': 0.0, 'learning_rate': 1.85134146282915e-05, 'epoch': 144.68}
{'eval_eval_loss': 9.53516791923903e-06, 'eval_eval_token_acc': 0.9439481444000488, 'eval_eval_seq_acc': 0.0, 'eval_eval_move_acc': 1.0, 'eval_eval_mod5_acc': 1.0, 'eval_eval_mod4_acc': 0.261, 'eval_eval_runtime': 1.1183, 'eval_eval_samples_per_second': 1788.447, 'eval_eval_steps_per_second': 28.615, 'epoch': 144.68}
{'eval_train_loss': 6.311811944215151e-07, 'eval_train_token_acc': 0.9458597645781743, 'eval_train_seq_acc': 0.0, 'eval_train_move_acc': 1.0, 'eval_train_mod5_acc': 1.0, 'eval_train_mod4_acc': 0.236, 'eval_train_runtime': 0.5585, 'eval_train_samples_per_second': 1790.561, 'eval_train_steps_per_second': 28.649, 'epoch': 144.68}
{'loss': 0.0, 'learning_rate': 1.8332641854801276e-05, 'epoch': 145.74}
{'eval_eval_loss': 7.951623047119938e-06, 'eval_eval_token_acc': 0.9439481444000488, 'eval_eval_seq_acc': 0.0, 'eval_eval_move_acc': 1.0, 'eval_eval_mod5_acc': 1.0, 'eval_eval_mod4_acc': 0.261, 'eval_eval_runtime': 1.1222, 'eval_eval_samples_per_second': 1782.196, 'eval_eval_steps_per_second': 28.515, 'epoch': 145.74}
{'eval_train_loss': 4.945629257235851e-07, 'eval_train_token_acc': 0.9458597645781743, 'eval_train_seq_acc': 0.0, 'eval_train_move_acc': 1.0, 'eval_train_mod5_acc': 1.0, 'eval_train_mod4_acc': 0.236, 'eval_train_runtime': 0.5615, 'eval_train_samples_per_second': 1781.037, 'eval_train_steps_per_second': 28.497, 'epoch': 145.74}
{'loss': 0.0, 'learning_rate': 1.8151358459209167e-05, 'epoch': 146.81}
{'eval_eval_loss': 6.507479611173039e-06, 'eval_eval_token_acc': 0.9439481444000488, 'eval_eval_seq_acc': 0.0, 'eval_eval_move_acc': 1.0, 'eval_eval_mod5_acc': 1.0, 'eval_eval_mod4_acc': 0.261, 'eval_eval_runtime': 1.1209, 'eval_eval_samples_per_second': 1784.355, 'eval_eval_steps_per_second': 28.55, 'epoch': 146.81}
{'eval_train_loss': 3.917845390333241e-07, 'eval_train_token_acc': 0.9458597645781743, 'eval_train_seq_acc': 0.0, 'eval_train_move_acc': 1.0, 'eval_train_mod5_acc': 1.0, 'eval_train_mod4_acc': 0.236, 'eval_train_runtime': 0.5595, 'eval_train_samples_per_second': 1787.252, 'eval_train_steps_per_second': 28.596, 'epoch': 146.81}
{'loss': 0.0, 'learning_rate': 1.7969592217469675e-05, 'epoch': 147.87}
{'eval_eval_loss': 5.582185622188263e-06, 'eval_eval_token_acc': 0.9439481444000488, 'eval_eval_seq_acc': 0.0, 'eval_eval_move_acc': 1.0, 'eval_eval_mod5_acc': 1.0, 'eval_eval_mod4_acc': 0.261, 'eval_eval_runtime': 1.1207, 'eval_eval_samples_per_second': 1784.583, 'eval_eval_steps_per_second': 28.553, 'epoch': 147.87}
{'eval_train_loss': 3.239049704006902e-07, 'eval_train_token_acc': 0.9458597645781743, 'eval_train_seq_acc': 0.0, 'eval_train_move_acc': 1.0, 'eval_train_mod5_acc': 1.0, 'eval_train_mod4_acc': 0.236, 'eval_train_runtime': 0.5619, 'eval_train_samples_per_second': 1779.657, 'eval_train_steps_per_second': 28.475, 'epoch': 147.87}
  Pushed checkpoint step-35000 to ijinyu1113/ft_mr4_70m_seed2_purenum
{'loss': 0.0, 'learning_rate': 1.7787370979518197e-05, 'epoch': 148.94}
{'eval_eval_loss': 5.339286417438416e-06, 'eval_eval_token_acc': 0.9439481444000488, 'eval_eval_seq_acc': 0.0, 'eval_eval_move_acc': 1.0, 'eval_eval_mod5_acc': 1.0, 'eval_eval_mod4_acc': 0.261, 'eval_eval_runtime': 1.1195, 'eval_eval_samples_per_second': 1786.576, 'eval_eval_steps_per_second': 28.585, 'epoch': 148.94}
{'eval_train_loss': 2.7579656602938485e-07, 'eval_train_token_acc': 0.9458597645781743, 'eval_train_seq_acc': 0.0, 'eval_train_move_acc': 1.0, 'eval_train_mod5_acc': 1.0, 'eval_train_mod4_acc': 0.236, 'eval_train_runtime': 0.5579, 'eval_train_samples_per_second': 1792.501, 'eval_train_steps_per_second': 28.68, 'epoch': 148.94}
{'loss': 0.0, 'learning_rate': 1.760472266500396e-05, 'epoch': 150.0}
{'eval_eval_loss': 5.548141871258849e-06, 'eval_eval_token_acc': 0.9439481444000488, 'eval_eval_seq_acc': 0.0, 'eval_eval_move_acc': 1.0, 'eval_eval_mod5_acc': 1.0, 'eval_eval_mod4_acc': 0.261, 'eval_eval_runtime': 1.1344, 'eval_eval_samples_per_second': 1763.108, 'eval_eval_steps_per_second': 28.21, 'epoch': 150.0}
{'eval_train_loss': 2.3375824298454972e-07, 'eval_train_token_acc': 0.9458597645781743, 'eval_train_seq_acc': 0.0, 'eval_train_move_acc': 1.0, 'eval_train_mod5_acc': 1.0, 'eval_train_mod4_acc': 0.236, 'eval_train_runtime': 0.5616, 'eval_train_samples_per_second': 1780.637, 'eval_train_steps_per_second': 28.49, 'epoch': 150.0}
{'loss': 0.0, 'learning_rate': 1.742167525901215e-05, 'epoch': 151.06}
{'eval_eval_loss': 5.2606351346184965e-06, 'eval_eval_token_acc': 0.9439481444000488, 'eval_eval_seq_acc': 0.0, 'eval_eval_move_acc': 1.0, 'eval_eval_mod5_acc': 1.0, 'eval_eval_mod4_acc': 0.261, 'eval_eval_runtime': 1.1228, 'eval_eval_samples_per_second': 1781.201, 'eval_eval_steps_per_second': 28.499, 'epoch': 151.06}
{'eval_train_loss': 1.988010325248979e-07, 'eval_train_token_acc': 0.9458597645781743, 'eval_train_seq_acc': 0.0, 'eval_train_move_acc': 1.0, 'eval_train_mod5_acc': 1.0, 'eval_train_mod4_acc': 0.236, 'eval_train_runtime': 0.5619, 'eval_train_samples_per_second': 1779.781, 'eval_train_steps_per_second': 28.476, 'epoch': 151.06}
{'loss': 0.0, 'learning_rate': 1.723825680777615e-05, 'epoch': 152.13}
{'eval_eval_loss': 4.718493983091321e-06, 'eval_eval_token_acc': 0.9439481444000488, 'eval_eval_seq_acc': 0.0, 'eval_eval_move_acc': 1.0, 'eval_eval_mod5_acc': 1.0, 'eval_eval_mod4_acc': 0.261, 'eval_eval_runtime': 1.1182, 'eval_eval_samples_per_second': 1788.594, 'eval_eval_steps_per_second': 28.617, 'epoch': 152.13}
{'eval_train_loss': 1.6827299020860664e-07, 'eval_train_token_acc': 0.9458597645781743, 'eval_train_seq_acc': 0.0, 'eval_train_move_acc': 1.0, 'eval_train_mod5_acc': 1.0, 'eval_train_mod4_acc': 0.236, 'eval_train_runtime': 0.5604, 'eval_train_samples_per_second': 1784.323, 'eval_train_steps_per_second': 28.549, 'epoch': 152.13}
  Pushed checkpoint step-36000 to ijinyu1113/ft_mr4_70m_seed2_purenum
{'loss': 0.0, 'learning_rate': 1.705449541438028e-05, 'epoch': 153.19}
{'eval_eval_loss': 4.084347892785445e-06, 'eval_eval_token_acc': 0.9439481444000488, 'eval_eval_seq_acc': 0.0, 'eval_eval_move_acc': 1.0, 'eval_eval_mod5_acc': 1.0, 'eval_eval_mod4_acc': 0.261, 'eval_eval_runtime': 1.1219, 'eval_eval_samples_per_second': 1782.64, 'eval_eval_steps_per_second': 28.522, 'epoch': 153.19}
{'eval_train_loss': 1.491305425815881e-07, 'eval_train_token_acc': 0.9458597645781743, 'eval_train_seq_acc': 0.0, 'eval_train_move_acc': 1.0, 'eval_train_mod5_acc': 1.0, 'eval_train_mod4_acc': 0.236, 'eval_train_runtime': 0.5574, 'eval_train_samples_per_second': 1793.99, 'eval_train_steps_per_second': 28.704, 'epoch': 153.19}
{'loss': 0.0, 'learning_rate': 1.6870419234453938e-05, 'epoch': 154.26}
{'eval_eval_loss': 4.374758191261208e-06, 'eval_eval_token_acc': 0.9439481444000488, 'eval_eval_seq_acc': 0.0, 'eval_eval_move_acc': 1.0, 'eval_eval_mod5_acc': 1.0, 'eval_eval_mod4_acc': 0.261, 'eval_eval_runtime': 1.1198, 'eval_eval_samples_per_second': 1786.078, 'eval_eval_steps_per_second': 28.577, 'epoch': 154.26}
{'eval_train_loss': 1.2393807935495715e-07, 'eval_train_token_acc': 0.9458597645781743, 'eval_train_seq_acc': 0.0, 'eval_train_move_acc': 1.0, 'eval_train_mod5_acc': 1.0, 'eval_train_mod4_acc': 0.236, 'eval_train_runtime': 0.561, 'eval_train_samples_per_second': 1782.376, 'eval_train_steps_per_second': 28.518, 'epoch': 154.26}
{'loss': 0.0, 'learning_rate': 1.6686056471857595e-05, 'epoch': 155.32}
{'eval_eval_loss': 3.8976731957518496e-06, 'eval_eval_token_acc': 0.9439481444000488, 'eval_eval_seq_acc': 0.0, 'eval_eval_move_acc': 1.0, 'eval_eval_mod5_acc': 1.0, 'eval_eval_mod4_acc': 0.261, 'eval_eval_runtime': 1.1213, 'eval_eval_samples_per_second': 1783.588, 'eval_eval_steps_per_second': 28.537, 'epoch': 155.32}
{'eval_train_loss': 1.0849235820842296e-07, 'eval_train_token_acc': 0.9458597645781743, 'eval_train_seq_acc': 0.0, 'eval_train_move_acc': 1.0, 'eval_train_mod5_acc': 1.0, 'eval_train_mod4_acc': 0.236, 'eval_train_runtime': 0.5613, 'eval_train_samples_per_second': 1781.661, 'eval_train_steps_per_second': 28.507, 'epoch': 155.32}
{'loss': 0.0, 'learning_rate': 1.6501435374361478e-05, 'epoch': 156.38}
{'eval_eval_loss': 3.1117990602069767e-06, 'eval_eval_token_acc': 0.9439481444000488, 'eval_eval_seq_acc': 0.0, 'eval_eval_move_acc': 1.0, 'eval_eval_mod5_acc': 1.0, 'eval_eval_mod4_acc': 0.261, 'eval_eval_runtime': 1.1164, 'eval_eval_samples_per_second': 1791.416, 'eval_eval_steps_per_second': 28.663, 'epoch': 156.38}
{'eval_train_loss': 9.418668156513377e-08, 'eval_train_token_acc': 0.9458597645781743, 'eval_train_seq_acc': 0.0, 'eval_train_move_acc': 1.0, 'eval_train_mod5_acc': 1.0, 'eval_train_mod4_acc': 0.236, 'eval_train_runtime': 0.5597, 'eval_train_samples_per_second': 1786.814, 'eval_train_steps_per_second': 28.589, 'epoch': 156.38}
  Pushed checkpoint step-37000 to ijinyu1113/ft_mr4_70m_seed2_purenum
{'loss': 0.0, 'learning_rate': 1.6316584229317465e-05, 'epoch': 157.45}
{'eval_eval_loss': 3.5960447348770685e-06, 'eval_eval_token_acc': 0.9439481444000488, 'eval_eval_seq_acc': 0.0, 'eval_eval_move_acc': 1.0, 'eval_eval_mod5_acc': 1.0, 'eval_eval_mod4_acc': 0.261, 'eval_eval_runtime': 1.1186, 'eval_eval_samples_per_second': 1787.925, 'eval_eval_steps_per_second': 28.607, 'epoch': 157.45}
{'eval_train_loss': 8.180025901083354e-08, 'eval_train_token_acc': 0.9458597645781743, 'eval_train_seq_acc': 0.0, 'eval_train_move_acc': 1.0, 'eval_train_mod5_acc': 1.0, 'eval_train_mod4_acc': 0.236, 'eval_train_runtime': 0.5592, 'eval_train_samples_per_second': 1788.363, 'eval_train_steps_per_second': 28.614, 'epoch': 157.45}
{'loss': 0.0, 'learning_rate': 1.613153135932497e-05, 'epoch': 158.51}
{'eval_eval_loss': 3.586905449992628e-06, 'eval_eval_token_acc': 0.9439481444000488, 'eval_eval_seq_acc': 0.0, 'eval_eval_move_acc': 1.0, 'eval_eval_mod5_acc': 1.0, 'eval_eval_mod4_acc': 0.261, 'eval_eval_runtime': 1.1185, 'eval_eval_samples_per_second': 1788.048, 'eval_eval_steps_per_second': 28.609, 'epoch': 158.51}
{'eval_train_loss': 7.11574088541056e-08, 'eval_train_token_acc': 0.9458597645781743, 'eval_train_seq_acc': 0.0, 'eval_train_move_acc': 1.0, 'eval_train_mod5_acc': 1.0, 'eval_train_mod4_acc': 0.236, 'eval_train_runtime': 0.5607, 'eval_train_samples_per_second': 1783.437, 'eval_train_steps_per_second': 28.535, 'epoch': 158.51}
{'loss': 0.0, 'learning_rate': 1.594630511789137e-05, 'epoch': 159.57}
{'eval_eval_loss': 3.631084155131248e-06, 'eval_eval_token_acc': 0.9439481444000488, 'eval_eval_seq_acc': 0.0, 'eval_eval_move_acc': 1.0, 'eval_eval_mod5_acc': 1.0, 'eval_eval_mod4_acc': 0.261, 'eval_eval_runtime': 1.1218, 'eval_eval_samples_per_second': 1782.786, 'eval_eval_steps_per_second': 28.525, 'epoch': 159.57}
{'eval_train_loss': 6.217963033350316e-08, 'eval_train_token_acc': 0.9458597645781743, 'eval_train_seq_acc': 0.0, 'eval_train_move_acc': 1.0, 'eval_train_mod5_acc': 1.0, 'eval_train_mod4_acc': 0.236, 'eval_train_runtime': 0.5607, 'eval_train_samples_per_second': 1783.503, 'eval_train_steps_per_second': 28.536, 'epoch': 159.57}
{'loss': 0.0, 'learning_rate': 1.576093388508776e-05, 'epoch': 160.64}
{'eval_eval_loss': 3.239550096623134e-06, 'eval_eval_token_acc': 0.9439481444000488, 'eval_eval_seq_acc': 0.0, 'eval_eval_move_acc': 1.0, 'eval_eval_mod5_acc': 1.0, 'eval_eval_mod4_acc': 0.261, 'eval_eval_runtime': 1.1172, 'eval_eval_samples_per_second': 1790.266, 'eval_eval_steps_per_second': 28.644, 'epoch': 160.64}
{'eval_train_loss': 5.3695348611881855e-08, 'eval_train_token_acc': 0.9458597645781743, 'eval_train_seq_acc': 0.0, 'eval_train_move_acc': 1.0, 'eval_train_mod5_acc': 1.0, 'eval_train_mod4_acc': 0.236, 'eval_train_runtime': 0.5594, 'eval_train_samples_per_second': 1787.654, 'eval_train_steps_per_second': 28.602, 'epoch': 160.64}
  Pushed checkpoint step-38000 to ijinyu1113/ft_mr4_70m_seed2_purenum
{'loss': 0.0, 'learning_rate': 1.5575446063200546e-05, 'epoch': 161.7}
{'eval_eval_loss': 2.5479257601546124e-06, 'eval_eval_token_acc': 0.9439481444000488, 'eval_eval_seq_acc': 0.0, 'eval_eval_move_acc': 1.0, 'eval_eval_mod5_acc': 1.0, 'eval_eval_mod4_acc': 0.261, 'eval_eval_runtime': 1.1164, 'eval_eval_samples_per_second': 1791.416, 'eval_eval_steps_per_second': 28.663, 'epoch': 161.7}
{'eval_train_loss': 4.756407889772163e-08, 'eval_train_token_acc': 0.9458597645781743, 'eval_train_seq_acc': 0.0, 'eval_train_move_acc': 1.0, 'eval_train_mod5_acc': 1.0, 'eval_train_mod4_acc': 0.236, 'eval_train_runtime': 0.5577, 'eval_train_samples_per_second': 1792.957, 'eval_train_steps_per_second': 28.687, 'epoch': 161.7}
{'loss': 0.0, 'learning_rate': 1.5389870072379766e-05, 'epoch': 162.77}
{'eval_eval_loss': 2.4439821117994143e-06, 'eval_eval_token_acc': 0.9439481444000488, 'eval_eval_seq_acc': 0.0, 'eval_eval_move_acc': 1.0, 'eval_eval_mod5_acc': 1.0, 'eval_eval_mod4_acc': 0.261, 'eval_eval_runtime': 1.1165, 'eval_eval_samples_per_second': 1791.384, 'eval_eval_steps_per_second': 28.662, 'epoch': 162.77}
{'eval_train_loss': 4.222822624910805e-08, 'eval_train_token_acc': 0.9458597645781743, 'eval_train_seq_acc': 0.0, 'eval_train_move_acc': 1.0, 'eval_train_mod5_acc': 1.0, 'eval_train_mod4_acc': 0.236, 'eval_train_runtime': 0.5597, 'eval_train_samples_per_second': 1786.701, 'eval_train_steps_per_second': 28.587, 'epoch': 162.77}
{'loss': 0.0, 'learning_rate': 1.5204234346284535e-05, 'epoch': 163.83}
{'eval_eval_loss': 2.710118678805884e-06, 'eval_eval_token_acc': 0.9439481444000488, 'eval_eval_seq_acc': 0.0, 'eval_eval_move_acc': 1.0, 'eval_eval_mod5_acc': 1.0, 'eval_eval_mod4_acc': 0.261, 'eval_eval_runtime': 1.1194, 'eval_eval_samples_per_second': 1786.701, 'eval_eval_steps_per_second': 28.587, 'epoch': 163.83}
{'eval_train_loss': 3.65651580125359e-08, 'eval_train_token_acc': 0.9458597645781743, 'eval_train_seq_acc': 0.0, 'eval_train_move_acc': 1.0, 'eval_train_mod5_acc': 1.0, 'eval_train_mod4_acc': 0.236, 'eval_train_runtime': 0.561, 'eval_train_samples_per_second': 1782.638, 'eval_train_steps_per_second': 28.522, 'epoch': 163.83}
{'loss': 0.0, 'learning_rate': 1.501856732772654e-05, 'epoch': 164.89}
{'eval_eval_loss': 2.3553268420073437e-06, 'eval_eval_token_acc': 0.9439481444000488, 'eval_eval_seq_acc': 0.0, 'eval_eval_move_acc': 1.0, 'eval_eval_mod5_acc': 1.0, 'eval_eval_mod4_acc': 0.261, 'eval_eval_runtime': 1.118, 'eval_eval_samples_per_second': 1788.887, 'eval_eval_steps_per_second': 28.622, 'epoch': 164.89}
{'eval_train_loss': 3.226034550607437e-08, 'eval_train_token_acc': 0.9458597645781743, 'eval_train_seq_acc': 0.0, 'eval_train_move_acc': 1.0, 'eval_train_mod5_acc': 1.0, 'eval_train_mod4_acc': 0.236, 'eval_train_runtime': 0.5606, 'eval_train_samples_per_second': 1783.87, 'eval_train_steps_per_second': 28.542, 'epoch': 164.89}
  Pushed checkpoint step-39000 to ijinyu1113/ft_mr4_70m_seed2_purenum
{'loss': 0.0, 'learning_rate': 1.4832897464312018e-05, 'epoch': 165.96}
{'eval_eval_loss': 2.6321840778109618e-06, 'eval_eval_token_acc': 0.9439481444000488, 'eval_eval_seq_acc': 0.0, 'eval_eval_move_acc': 1.0, 'eval_eval_mod5_acc': 1.0, 'eval_eval_mod4_acc': 0.261, 'eval_eval_runtime': 1.1186, 'eval_eval_samples_per_second': 1787.909, 'eval_eval_steps_per_second': 28.607, 'epoch': 165.96}
{'eval_train_loss': 2.8565963816618023e-08, 'eval_train_token_acc': 0.9458597645781743, 'eval_train_seq_acc': 0.0, 'eval_train_move_acc': 1.0, 'eval_train_mod5_acc': 1.0, 'eval_train_mod4_acc': 0.236, 'eval_train_runtime': 0.5588, 'eval_train_samples_per_second': 1789.522, 'eval_train_steps_per_second': 28.632, 'epoch': 165.96}
{'loss': 0.0, 'learning_rate': 1.4647253204083116e-05, 'epoch': 167.02}
{'eval_eval_loss': 2.442326604068512e-06, 'eval_eval_token_acc': 0.9439481444000488, 'eval_eval_seq_acc': 0.0, 'eval_eval_move_acc': 1.0, 'eval_eval_mod5_acc': 1.0, 'eval_eval_mod4_acc': 0.261, 'eval_eval_runtime': 1.1198, 'eval_eval_samples_per_second': 1785.994, 'eval_eval_steps_per_second': 28.576, 'epoch': 167.02}
{'eval_train_loss': 2.4833051170958242e-08, 'eval_train_token_acc': 0.9458597645781743, 'eval_train_seq_acc': 0.0, 'eval_train_move_acc': 1.0, 'eval_train_mod5_acc': 1.0, 'eval_train_mod4_acc': 0.236, 'eval_train_runtime': 0.5607, 'eval_train_samples_per_second': 1783.371, 'eval_train_steps_per_second': 28.534, 'epoch': 167.02}
{'loss': 0.0, 'learning_rate': 1.446166299115909e-05, 'epoch': 168.09}
{'eval_eval_loss': 2.199810978709138e-06, 'eval_eval_token_acc': 0.9439481444000488, 'eval_eval_seq_acc': 0.0, 'eval_eval_move_acc': 1.0, 'eval_eval_mod5_acc': 1.0, 'eval_eval_mod4_acc': 0.261, 'eval_eval_runtime': 1.1196, 'eval_eval_samples_per_second': 1786.274, 'eval_eval_steps_per_second': 28.58, 'epoch': 168.09}
{'eval_train_loss': 2.195054449316558e-08, 'eval_train_token_acc': 0.9458597645781743, 'eval_train_seq_acc': 0.0, 'eval_train_move_acc': 1.0, 'eval_train_mod5_acc': 1.0, 'eval_train_mod4_acc': 0.236, 'eval_train_runtime': 0.5618, 'eval_train_samples_per_second': 1780.038, 'eval_train_steps_per_second': 28.481, 'epoch': 168.09}
{'loss': 0.0, 'learning_rate': 1.427615526137815e-05, 'epoch': 169.15}
{'eval_eval_loss': 2.3672907900618156e-06, 'eval_eval_token_acc': 0.9439481444000488, 'eval_eval_seq_acc': 0.0, 'eval_eval_move_acc': 1.0, 'eval_eval_mod5_acc': 1.0, 'eval_eval_mod4_acc': 0.261, 'eval_eval_runtime': 1.1193, 'eval_eval_samples_per_second': 1786.893, 'eval_eval_steps_per_second': 28.59, 'epoch': 169.15}
{'eval_train_loss': 1.9332544454186973e-08, 'eval_train_token_acc': 0.9458597645781743, 'eval_train_seq_acc': 0.0, 'eval_train_move_acc': 1.0, 'eval_train_mod5_acc': 1.0, 'eval_train_mod4_acc': 0.236, 'eval_train_runtime': 0.5593, 'eval_train_samples_per_second': 1787.981, 'eval_train_steps_per_second': 28.608, 'epoch': 169.15}
  Pushed checkpoint step-40000 to ijinyu1113/ft_mr4_70m_seed2_purenum
{'loss': 0.0, 'learning_rate': 1.4090758437940578e-05, 'epoch': 170.21}
{'eval_eval_loss': 2.0363129351608222e-06, 'eval_eval_token_acc': 0.9439481444000488, 'eval_eval_seq_acc': 0.0, 'eval_eval_move_acc': 1.0, 'eval_eval_mod5_acc': 1.0, 'eval_eval_mod4_acc': 0.261, 'eval_eval_runtime': 1.1198, 'eval_eval_samples_per_second': 1786.015, 'eval_eval_steps_per_second': 28.576, 'epoch': 170.21}
{'eval_train_loss': 1.6922873768976388e-08, 'eval_train_token_acc': 0.9458597645781743, 'eval_train_seq_acc': 0.0, 'eval_train_move_acc': 1.0, 'eval_train_mod5_acc': 1.0, 'eval_train_mod4_acc': 0.236, 'eval_train_runtime': 0.56, 'eval_train_samples_per_second': 1785.806, 'eval_train_steps_per_second': 28.573, 'epoch': 170.21}
{'loss': 0.0, 'learning_rate': 1.390550092705376e-05, 'epoch': 171.28}
{'eval_eval_loss': 1.8925600215879967e-06, 'eval_eval_token_acc': 0.9439481444000488, 'eval_eval_seq_acc': 0.0, 'eval_eval_move_acc': 1.0, 'eval_eval_mod5_acc': 1.0, 'eval_eval_mod4_acc': 0.261, 'eval_eval_runtime': 1.1181, 'eval_eval_samples_per_second': 1788.792, 'eval_eval_steps_per_second': 28.621, 'epoch': 171.28}
{'eval_train_loss': 1.517754810720362e-08, 'eval_train_token_acc': 0.9458597645781743, 'eval_train_seq_acc': 0.0, 'eval_train_move_acc': 1.0, 'eval_train_mod5_acc': 1.0, 'eval_train_mod4_acc': 0.236, 'eval_train_runtime': 0.5585, 'eval_train_samples_per_second': 1790.525, 'eval_train_steps_per_second': 28.648, 'epoch': 171.28}
{'loss': 0.0, 'learning_rate': 1.372041111357983e-05, 'epoch': 172.34}
{'eval_eval_loss': 2.0955937998223817e-06, 'eval_eval_token_acc': 0.9439481444000488, 'eval_eval_seq_acc': 0.0, 'eval_eval_move_acc': 1.0, 'eval_eval_mod5_acc': 1.0, 'eval_eval_mod4_acc': 0.261, 'eval_eval_runtime': 1.1168, 'eval_eval_samples_per_second': 1790.883, 'eval_eval_steps_per_second': 28.654, 'epoch': 172.34}
{'eval_train_loss': 1.3301237444807157e-08, 'eval_train_token_acc': 0.9458597645781743, 'eval_train_seq_acc': 0.0, 'eval_train_move_acc': 1.0, 'eval_train_mod5_acc': 1.0, 'eval_train_mod4_acc': 0.236, 'eval_train_runtime': 0.5579, 'eval_train_samples_per_second': 1792.503, 'eval_train_steps_per_second': 28.68, 'epoch': 172.34}
{'loss': 0.0, 'learning_rate': 1.3535517356686595e-05, 'epoch': 173.4}
{'eval_eval_loss': 1.8663155287867994e-06, 'eval_eval_token_acc': 0.9439481444000488, 'eval_eval_seq_acc': 0.0, 'eval_eval_move_acc': 1.0, 'eval_eval_mod5_acc': 1.0, 'eval_eval_mod4_acc': 0.261, 'eval_eval_runtime': 1.1219, 'eval_eval_samples_per_second': 1782.691, 'eval_eval_steps_per_second': 28.523, 'epoch': 173.4}
{'eval_train_loss': 1.1622247164666533e-08, 'eval_train_token_acc': 0.9458597645781743, 'eval_train_seq_acc': 0.0, 'eval_train_move_acc': 1.0, 'eval_train_mod5_acc': 1.0, 'eval_train_mod4_acc': 0.236, 'eval_train_runtime': 0.5605, 'eval_train_samples_per_second': 1784.163, 'eval_train_steps_per_second': 28.547, 'epoch': 173.4}
  Pushed checkpoint step-41000 to ijinyu1113/ft_mr4_70m_seed2_purenum
{'loss': 0.0, 'learning_rate': 1.335084798550238e-05, 'epoch': 174.47}
{'eval_eval_loss': 1.8088479691868997e-06, 'eval_eval_token_acc': 0.9439481444000488, 'eval_eval_seq_acc': 0.0, 'eval_eval_move_acc': 1.0, 'eval_eval_mod5_acc': 1.0, 'eval_eval_mod4_acc': 0.261, 'eval_eval_runtime': 1.1221, 'eval_eval_samples_per_second': 1782.415, 'eval_eval_steps_per_second': 28.519, 'epoch': 174.47}
{'eval_train_loss': 1.0234467495706667e-08, 'eval_train_token_acc': 0.9458597645781743, 'eval_train_seq_acc': 0.0, 'eval_train_move_acc': 1.0, 'eval_train_mod5_acc': 1.0, 'eval_train_mod4_acc': 0.236, 'eval_train_runtime': 0.5594, 'eval_train_samples_per_second': 1787.766, 'eval_train_steps_per_second': 28.604, 'epoch': 174.47}
{'loss': 0.0, 'learning_rate': 1.3166431294775487e-05, 'epoch': 175.53}
{'eval_eval_loss': 1.658379346736183e-06, 'eval_eval_token_acc': 0.9439481444000488, 'eval_eval_seq_acc': 0.0, 'eval_eval_move_acc': 1.0, 'eval_eval_mod5_acc': 1.0, 'eval_eval_mod4_acc': 0.261, 'eval_eval_runtime': 1.1197, 'eval_eval_samples_per_second': 1786.271, 'eval_eval_steps_per_second': 28.58, 'epoch': 175.53}
{'eval_train_loss': 9.154659252885722e-09, 'eval_train_token_acc': 0.9458597645781743, 'eval_train_seq_acc': 0.0, 'eval_train_move_acc': 1.0, 'eval_train_mod5_acc': 1.0, 'eval_train_mod4_acc': 0.236, 'eval_train_runtime': 0.5614, 'eval_train_samples_per_second': 1781.363, 'eval_train_steps_per_second': 28.502, 'epoch': 175.53}
{'loss': 0.0, 'learning_rate': 1.2982295540538918e-05, 'epoch': 176.6}
{'eval_eval_loss': 1.3786419685857254e-06, 'eval_eval_token_acc': 0.9439481444000488, 'eval_eval_seq_acc': 0.0, 'eval_eval_move_acc': 1.0, 'eval_eval_mod5_acc': 1.0, 'eval_eval_mod4_acc': 0.261, 'eval_eval_runtime': 1.1198, 'eval_eval_samples_per_second': 1786.075, 'eval_eval_steps_per_second': 28.577, 'epoch': 176.6}
{'eval_train_loss': 8.355067748766487e-09, 'eval_train_token_acc': 0.9458597645781743, 'eval_train_seq_acc': 0.0, 'eval_train_move_acc': 1.0, 'eval_train_mod5_acc': 1.0, 'eval_train_mod4_acc': 0.236, 'eval_train_runtime': 0.5617, 'eval_train_samples_per_second': 1780.397, 'eval_train_steps_per_second': 28.486, 'epoch': 176.6}
{'loss': 0.0, 'learning_rate': 1.279846893578104e-05, 'epoch': 177.66}
{'eval_eval_loss': 1.567283334225067e-06, 'eval_eval_token_acc': 0.9439481444000488, 'eval_eval_seq_acc': 0.0, 'eval_eval_move_acc': 1.0, 'eval_eval_mod5_acc': 1.0, 'eval_eval_mod4_acc': 0.261, 'eval_eval_runtime': 1.1202, 'eval_eval_samples_per_second': 1785.369, 'eval_eval_steps_per_second': 28.566, 'epoch': 177.66}
{'eval_train_loss': 7.539899371522552e-09, 'eval_train_token_acc': 0.9458597645781743, 'eval_train_seq_acc': 0.0, 'eval_train_move_acc': 1.0, 'eval_train_mod5_acc': 1.0, 'eval_train_mod4_acc': 0.236, 'eval_train_runtime': 0.5626, 'eval_train_samples_per_second': 1777.326, 'eval_train_steps_per_second': 28.437, 'epoch': 177.66}
  Pushed checkpoint step-42000 to ijinyu1113/ft_mr4_70m_seed2_purenum
{'loss': 0.0, 'learning_rate': 1.2614979646122818e-05, 'epoch': 178.72}
{'eval_eval_loss': 1.4764477782591712e-06, 'eval_eval_token_acc': 0.9439481444000488, 'eval_eval_seq_acc': 0.0, 'eval_eval_move_acc': 1.0, 'eval_eval_mod5_acc': 1.0, 'eval_eval_mod4_acc': 0.261, 'eval_eval_runtime': 1.119, 'eval_eval_samples_per_second': 1787.241, 'eval_eval_steps_per_second': 28.596, 'epoch': 178.72}
{'eval_train_loss': 6.964046672663926e-09, 'eval_train_token_acc': 0.9458597645781743, 'eval_train_seq_acc': 0.0, 'eval_train_move_acc': 1.0, 'eval_train_mod5_acc': 1.0, 'eval_train_mod4_acc': 0.236, 'eval_train_runtime': 0.5584, 'eval_train_samples_per_second': 1790.938, 'eval_train_steps_per_second': 28.655, 'epoch': 178.72}
{'loss': 0.0, 'learning_rate': 1.2431855785502335e-05, 'epoch': 179.79}
{'eval_eval_loss': 1.5907269244053168e-06, 'eval_eval_token_acc': 0.9439481444000488, 'eval_eval_seq_acc': 0.0, 'eval_eval_move_acc': 1.0, 'eval_eval_mod5_acc': 1.0, 'eval_eval_mod4_acc': 0.261, 'eval_eval_runtime': 1.1202, 'eval_eval_samples_per_second': 1785.406, 'eval_eval_steps_per_second': 28.566, 'epoch': 179.79}
{'eval_train_loss': 6.540178620895176e-09, 'eval_train_token_acc': 0.9458597645781743, 'eval_train_seq_acc': 0.0, 'eval_train_move_acc': 1.0, 'eval_train_mod5_acc': 1.0, 'eval_train_mod4_acc': 0.236, 'eval_train_runtime': 0.5614, 'eval_train_samples_per_second': 1781.311, 'eval_train_steps_per_second': 28.501, 'epoch': 179.79}
{'loss': 0.0, 'learning_rate': 1.2249125411867217e-05, 'epoch': 180.85}
{'eval_eval_loss': 1.1476626013973146e-06, 'eval_eval_token_acc': 0.9439481444000488, 'eval_eval_seq_acc': 0.0, 'eval_eval_move_acc': 1.0, 'eval_eval_mod5_acc': 1.0, 'eval_eval_mod4_acc': 0.261, 'eval_eval_runtime': 1.1191, 'eval_eval_samples_per_second': 1787.207, 'eval_eval_steps_per_second': 28.595, 'epoch': 180.85}
{'eval_train_loss': 6.373066963050178e-09, 'eval_train_token_acc': 0.9458597645781743, 'eval_train_seq_acc': 0.0, 'eval_train_move_acc': 1.0, 'eval_train_mod5_acc': 1.0, 'eval_train_mod4_acc': 0.236, 'eval_train_runtime': 0.558, 'eval_train_samples_per_second': 1792.012, 'eval_train_steps_per_second': 28.672, 'epoch': 180.85}
{'loss': 0.0, 'learning_rate': 1.2066816522875634e-05, 'epoch': 181.91}
{'eval_eval_loss': 1.4304647493190714e-06, 'eval_eval_token_acc': 0.9439481444000488, 'eval_eval_seq_acc': 0.0, 'eval_eval_move_acc': 1.0, 'eval_eval_mod5_acc': 1.0, 'eval_eval_mod4_acc': 0.261, 'eval_eval_runtime': 1.1238, 'eval_eval_samples_per_second': 1779.742, 'eval_eval_steps_per_second': 28.476, 'epoch': 181.91}
{'eval_train_loss': 6.47933218189678e-09, 'eval_train_token_acc': 0.9458597645781743, 'eval_train_seq_acc': 0.0, 'eval_train_move_acc': 1.0, 'eval_train_mod5_acc': 1.0, 'eval_train_mod4_acc': 0.236, 'eval_train_runtime': 0.5618, 'eval_train_samples_per_second': 1780.12, 'eval_train_steps_per_second': 28.482, 'epoch': 181.91}
  Pushed checkpoint step-43000 to ijinyu1113/ft_mr4_70m_seed2_purenum
{'loss': 0.0, 'learning_rate': 1.1884957051606551e-05, 'epoch': 182.98}
{'eval_eval_loss': 1.3655875363838277e-06, 'eval_eval_token_acc': 0.9439481444000488, 'eval_eval_seq_acc': 0.0, 'eval_eval_move_acc': 1.0, 'eval_eval_mod5_acc': 1.0, 'eval_eval_mod4_acc': 0.261, 'eval_eval_runtime': 1.1219, 'eval_eval_samples_per_second': 1782.62, 'eval_eval_steps_per_second': 28.522, 'epoch': 182.98}
{'eval_train_loss': 6.772105543007001e-09, 'eval_train_token_acc': 0.9458597645781743, 'eval_train_seq_acc': 0.0, 'eval_train_move_acc': 1.0, 'eval_train_mod5_acc': 1.0, 'eval_train_mod4_acc': 0.236, 'eval_train_runtime': 0.5575, 'eval_train_samples_per_second': 1793.695, 'eval_train_steps_per_second': 28.699, 'epoch': 182.98}
{'loss': 0.0, 'learning_rate': 1.1703574862279862e-05, 'epoch': 184.04}
{'eval_eval_loss': 1.6650276393193053e-06, 'eval_eval_token_acc': 0.9439481444000488, 'eval_eval_seq_acc': 0.0, 'eval_eval_move_acc': 1.0, 'eval_eval_mod5_acc': 1.0, 'eval_eval_mod4_acc': 0.261, 'eval_eval_runtime': 1.1171, 'eval_eval_samples_per_second': 1790.359, 'eval_eval_steps_per_second': 28.646, 'epoch': 184.04}
{'eval_train_loss': 7.322733974746143e-09, 'eval_train_token_acc': 0.9458597645781743, 'eval_train_seq_acc': 0.0, 'eval_train_move_acc': 1.0, 'eval_train_mod5_acc': 1.0, 'eval_train_mod4_acc': 0.236, 'eval_train_runtime': 0.5604, 'eval_train_samples_per_second': 1784.516, 'eval_train_steps_per_second': 28.552, 'epoch': 184.04}
{'loss': 0.0, 'learning_rate': 1.1522697745987076e-05, 'epoch': 185.11}
{'eval_eval_loss': 1.2819367611882626e-06, 'eval_eval_token_acc': 0.9439481444000488, 'eval_eval_seq_acc': 0.0, 'eval_eval_move_acc': 1.0, 'eval_eval_mod5_acc': 1.0, 'eval_eval_mod4_acc': 0.261, 'eval_eval_runtime': 1.1203, 'eval_eval_samples_per_second': 1785.194, 'eval_eval_steps_per_second': 28.563, 'epoch': 185.11}
{'eval_train_loss': 8.46286951627917e-09, 'eval_train_token_acc': 0.9458597645781743, 'eval_train_seq_acc': 0.0, 'eval_train_move_acc': 1.0, 'eval_train_mod5_acc': 1.0, 'eval_train_mod4_acc': 0.236, 'eval_train_runtime': 0.5601, 'eval_train_samples_per_second': 1785.294, 'eval_train_steps_per_second': 28.565, 'epoch': 185.11}
{'loss': 0.0, 'learning_rate': 1.1342353416433218e-05, 'epoch': 186.17}
{'eval_eval_loss': 2.426547553113778e-06, 'eval_eval_token_acc': 0.9439481444000488, 'eval_eval_seq_acc': 0.0, 'eval_eval_move_acc': 1.0, 'eval_eval_mod5_acc': 1.0, 'eval_eval_mod4_acc': 0.261, 'eval_eval_runtime': 1.1202, 'eval_eval_samples_per_second': 1785.412, 'eval_eval_steps_per_second': 28.567, 'epoch': 186.17}
{'eval_train_loss': 9.594741889884517e-09, 'eval_train_token_acc': 0.9458597645781743, 'eval_train_seq_acc': 0.0, 'eval_train_move_acc': 1.0, 'eval_train_mod5_acc': 1.0, 'eval_train_mod4_acc': 0.236, 'eval_train_runtime': 0.5595, 'eval_train_samples_per_second': 1787.211, 'eval_train_steps_per_second': 28.595, 'epoch': 186.17}
  Pushed checkpoint step-44000 to ijinyu1113/ft_mr4_70m_seed2_purenum
{'loss': 0.0, 'learning_rate': 1.1162569505690563e-05, 'epoch': 187.23}
{'eval_eval_loss': 1.9214162421121728e-06, 'eval_eval_token_acc': 0.9439481444000488, 'eval_eval_seq_acc': 0.0, 'eval_eval_move_acc': 1.0, 'eval_eval_mod5_acc': 1.0, 'eval_eval_mod4_acc': 0.261, 'eval_eval_runtime': 1.1167, 'eval_eval_samples_per_second': 1790.976, 'eval_eval_steps_per_second': 28.656, 'epoch': 187.23}
{'eval_train_loss': 1.0471765676811629e-08, 'eval_train_token_acc': 0.9458597645781743, 'eval_train_seq_acc': 0.0, 'eval_train_move_acc': 1.0, 'eval_train_mod5_acc': 1.0, 'eval_train_mod4_acc': 0.236, 'eval_train_runtime': 0.5574, 'eval_train_samples_per_second': 1793.977, 'eval_train_steps_per_second': 28.704, 'epoch': 187.23}
{'loss': 0.0, 'learning_rate': 1.0983373559964911e-05, 'epoch': 188.3}
{'eval_eval_loss': 1.0416345503472257e-05, 'eval_eval_token_acc': 0.9439481444000488, 'eval_eval_seq_acc': 0.0, 'eval_eval_move_acc': 0.9995, 'eval_eval_mod5_acc': 1.0, 'eval_eval_mod4_acc': 0.26113056528264134, 'eval_eval_runtime': 1.1195, 'eval_eval_samples_per_second': 1786.475, 'eval_eval_steps_per_second': 28.584, 'epoch': 188.3}
{'eval_train_loss': 1.3597088788230849e-08, 'eval_train_token_acc': 0.9458597645781743, 'eval_train_seq_acc': 0.0, 'eval_train_move_acc': 1.0, 'eval_train_mod5_acc': 1.0, 'eval_train_mod4_acc': 0.236, 'eval_train_runtime': 0.5602, 'eval_train_samples_per_second': 1784.957, 'eval_train_steps_per_second': 28.559, 'epoch': 188.3}
{'loss': 0.0, 'learning_rate': 1.0804793035374997e-05, 'epoch': 189.36}
{'eval_eval_loss': 2.7710620997822843e-06, 'eval_eval_token_acc': 0.9439481444000488, 'eval_eval_seq_acc': 0.0, 'eval_eval_move_acc': 1.0, 'eval_eval_mod5_acc': 1.0, 'eval_eval_mod4_acc': 0.261, 'eval_eval_runtime': 1.1223, 'eval_eval_samples_per_second': 1782.088, 'eval_eval_steps_per_second': 28.513, 'epoch': 189.36}
{'eval_train_loss': 1.0228231595021953e-08, 'eval_train_token_acc': 0.9458597645781743, 'eval_train_seq_acc': 0.0, 'eval_train_move_acc': 1.0, 'eval_train_mod5_acc': 1.0, 'eval_train_mod4_acc': 0.236, 'eval_train_runtime': 0.5599, 'eval_train_samples_per_second': 1786.064, 'eval_train_steps_per_second': 28.577, 'epoch': 189.36}
{'loss': 0.0004, 'learning_rate': 1.06268552937457e-05, 'epoch': 190.43}
{'eval_eval_loss': 7.380846363957971e-05, 'eval_eval_token_acc': 0.9439481444000488, 'eval_eval_seq_acc': 0.0, 'eval_eval_move_acc': 0.9985, 'eval_eval_mod5_acc': 0.9985, 'eval_eval_mod4_acc': 0.2605, 'eval_eval_runtime': 1.1188, 'eval_eval_samples_per_second': 1787.658, 'eval_eval_steps_per_second': 28.603, 'epoch': 190.43}
{'eval_train_loss': 1.7929176465258934e-05, 'eval_train_token_acc': 0.9458597645781743, 'eval_train_seq_acc': 0.0, 'eval_train_move_acc': 1.0, 'eval_train_mod5_acc': 1.0, 'eval_train_mod4_acc': 0.236, 'eval_train_runtime': 0.5601, 'eval_train_samples_per_second': 1785.49, 'eval_train_steps_per_second': 28.568, 'epoch': 190.43}
  Pushed checkpoint step-45000 to ijinyu1113/ft_mr4_70m_seed2_purenum
{'loss': 0.0, 'learning_rate': 1.0449587598415714e-05, 'epoch': 191.49}
{'eval_eval_loss': 1.0452355127199553e-05, 'eval_eval_token_acc': 0.9439481444000488, 'eval_eval_seq_acc': 0.0, 'eval_eval_move_acc': 0.9995, 'eval_eval_mod5_acc': 0.9995, 'eval_eval_mod4_acc': 0.261, 'eval_eval_runtime': 1.1178, 'eval_eval_samples_per_second': 1789.282, 'eval_eval_steps_per_second': 28.629, 'epoch': 191.49}
{'eval_train_loss': 7.627879199390009e-07, 'eval_train_token_acc': 0.9458597645781743, 'eval_train_seq_acc': 0.0, 'eval_train_move_acc': 1.0, 'eval_train_mod5_acc': 1.0, 'eval_train_mod4_acc': 0.236, 'eval_train_runtime': 0.5573, 'eval_train_samples_per_second': 1794.452, 'eval_train_steps_per_second': 28.711, 'epoch': 191.49}
{'loss': 0.0001, 'learning_rate': 1.0273017110060303e-05, 'epoch': 192.55}
{'eval_eval_loss': 8.703222556505352e-05, 'eval_eval_token_acc': 0.9439481444000488, 'eval_eval_seq_acc': 0.0, 'eval_eval_move_acc': 0.999, 'eval_eval_mod5_acc': 0.999, 'eval_eval_mod4_acc': 0.2605, 'eval_eval_runtime': 1.1214, 'eval_eval_samples_per_second': 1783.515, 'eval_eval_steps_per_second': 28.536, 'epoch': 192.55}
{'eval_train_loss': 0.00011290854308754206, 'eval_train_token_acc': 0.9458597645781743, 'eval_train_seq_acc': 0.0, 'eval_train_move_acc': 0.999, 'eval_train_mod5_acc': 0.999, 'eval_train_mod4_acc': 0.236, 'eval_train_runtime': 0.5601, 'eval_train_samples_per_second': 1785.41, 'eval_train_steps_per_second': 28.567, 'epoch': 192.55}
{'loss': 0.0001, 'learning_rate': 1.0097170882529782e-05, 'epoch': 193.62}
{'eval_eval_loss': 1.593373963260092e-05, 'eval_eval_token_acc': 0.9439481444000488, 'eval_eval_seq_acc': 0.0, 'eval_eval_move_acc': 1.0, 'eval_eval_mod5_acc': 1.0, 'eval_eval_mod4_acc': 0.261, 'eval_eval_runtime': 1.1209, 'eval_eval_samples_per_second': 1784.356, 'eval_eval_steps_per_second': 28.55, 'epoch': 193.62}
{'eval_train_loss': 6.654448952758685e-05, 'eval_train_token_acc': 0.9458597645781743, 'eval_train_seq_acc': 0.0, 'eval_train_move_acc': 0.999, 'eval_train_mod5_acc': 0.999, 'eval_train_mod4_acc': 0.236, 'eval_train_runtime': 0.5611, 'eval_train_samples_per_second': 1782.214, 'eval_train_steps_per_second': 28.515, 'epoch': 193.62}
{'loss': 0.0, 'learning_rate': 9.922075858704368e-06, 'epoch': 194.68}
{'eval_eval_loss': 5.878893716726452e-06, 'eval_eval_token_acc': 0.9439481444000488, 'eval_eval_seq_acc': 0.0, 'eval_eval_move_acc': 1.0, 'eval_eval_mod5_acc': 1.0, 'eval_eval_mod4_acc': 0.261, 'eval_eval_runtime': 1.1182, 'eval_eval_samples_per_second': 1788.628, 'eval_eval_steps_per_second': 28.618, 'epoch': 194.68}
{'eval_train_loss': 1.0949046327368706e-06, 'eval_train_token_acc': 0.9458597645781743, 'eval_train_seq_acc': 0.0, 'eval_train_move_acc': 1.0, 'eval_train_mod5_acc': 1.0, 'eval_train_mod4_acc': 0.236, 'eval_train_runtime': 0.5599, 'eval_train_samples_per_second': 1785.95, 'eval_train_steps_per_second': 28.575, 'epoch': 194.68}
  Pushed checkpoint step-46000 to ijinyu1113/ft_mr4_70m_seed2_purenum
{'loss': 0.0, 'learning_rate': 9.747758866366046e-06, 'epoch': 195.74}
{'eval_eval_loss': 5.564632829191396e-06, 'eval_eval_token_acc': 0.9439481444000488, 'eval_eval_seq_acc': 0.0, 'eval_eval_move_acc': 1.0, 'eval_eval_mod5_acc': 1.0, 'eval_eval_mod4_acc': 0.261, 'eval_eval_runtime': 1.1268, 'eval_eval_samples_per_second': 1774.894, 'eval_eval_steps_per_second': 28.398, 'epoch': 195.74}
{'eval_train_loss': 7.541617605966167e-07, 'eval_train_token_acc': 0.9458597645781743, 'eval_train_seq_acc': 0.0, 'eval_train_move_acc': 1.0, 'eval_train_mod5_acc': 1.0, 'eval_train_mod4_acc': 0.236, 'eval_train_runtime': 0.5582, 'eval_train_samples_per_second': 1791.352, 'eval_train_steps_per_second': 28.662, 'epoch': 195.74}
{'loss': 0.0, 'learning_rate': 9.574246614088038e-06, 'epoch': 196.81}
{'eval_eval_loss': 4.902700766251655e-06, 'eval_eval_token_acc': 0.9439481444000488, 'eval_eval_seq_acc': 0.0, 'eval_eval_move_acc': 1.0, 'eval_eval_mod5_acc': 1.0, 'eval_eval_mod4_acc': 0.261, 'eval_eval_runtime': 1.1199, 'eval_eval_samples_per_second': 1785.902, 'eval_eval_steps_per_second': 28.574, 'epoch': 196.81}
{'eval_train_loss': 6.06008200065844e-07, 'eval_train_token_acc': 0.9458597645781743, 'eval_train_seq_acc': 0.0, 'eval_train_move_acc': 1.0, 'eval_train_mod5_acc': 1.0, 'eval_train_mod4_acc': 0.236, 'eval_train_runtime': 0.5598, 'eval_train_samples_per_second': 1786.229, 'eval_train_steps_per_second': 28.58, 'epoch': 196.81}
{'loss': 0.0, 'learning_rate': 9.401565687142579e-06, 'epoch': 197.87}
{'eval_eval_loss': 4.8245483412756585e-06, 'eval_eval_token_acc': 0.9439481444000488, 'eval_eval_seq_acc': 0.0, 'eval_eval_move_acc': 1.0, 'eval_eval_mod5_acc': 1.0, 'eval_eval_mod4_acc': 0.261, 'eval_eval_runtime': 1.1197, 'eval_eval_samples_per_second': 1786.267, 'eval_eval_steps_per_second': 28.58, 'epoch': 197.87}
{'eval_train_loss': 5.146031298863818e-07, 'eval_train_token_acc': 0.9458597645781743, 'eval_train_seq_acc': 0.0, 'eval_train_move_acc': 1.0, 'eval_train_mod5_acc': 1.0, 'eval_train_mod4_acc': 0.236, 'eval_train_runtime': 0.5606, 'eval_train_samples_per_second': 1783.683, 'eval_train_steps_per_second': 28.539, 'epoch': 197.87}
{'loss': 0.0, 'learning_rate': 9.229742543427552e-06, 'epoch': 198.94}
{'eval_eval_loss': 4.370518126961542e-06, 'eval_eval_token_acc': 0.9439481444000488, 'eval_eval_seq_acc': 0.0, 'eval_eval_move_acc': 1.0, 'eval_eval_mod5_acc': 1.0, 'eval_eval_mod4_acc': 0.261, 'eval_eval_runtime': 1.1196, 'eval_eval_samples_per_second': 1786.373, 'eval_eval_steps_per_second': 28.582, 'epoch': 198.94}
{'eval_train_loss': 4.3330479115866183e-07, 'eval_train_token_acc': 0.9458597645781743, 'eval_train_seq_acc': 0.0, 'eval_train_move_acc': 1.0, 'eval_train_mod5_acc': 1.0, 'eval_train_mod4_acc': 0.236, 'eval_train_runtime': 0.5627, 'eval_train_samples_per_second': 1777.028, 'eval_train_steps_per_second': 28.432, 'epoch': 198.94}
  Pushed checkpoint step-47000 to ijinyu1113/ft_mr4_70m_seed2_purenum
{'loss': 0.0, 'learning_rate': 9.058803509412647e-06, 'epoch': 200.0}
{'eval_eval_loss': 4.723834081232781e-06, 'eval_eval_token_acc': 0.9439481444000488, 'eval_eval_seq_acc': 0.0, 'eval_eval_move_acc': 1.0, 'eval_eval_mod5_acc': 1.0, 'eval_eval_mod4_acc': 0.261, 'eval_eval_runtime': 1.1233, 'eval_eval_samples_per_second': 1780.534, 'eval_eval_steps_per_second': 28.489, 'epoch': 200.0}
{'eval_train_loss': 3.726810007265158e-07, 'eval_train_token_acc': 0.9458597645781743, 'eval_train_seq_acc': 0.0, 'eval_train_move_acc': 1.0, 'eval_train_mod5_acc': 1.0, 'eval_train_mod4_acc': 0.236, 'eval_train_runtime': 0.5591, 'eval_train_samples_per_second': 1788.476, 'eval_train_steps_per_second': 28.616, 'epoch': 200.0}
{'loss': 0.0, 'learning_rate': 8.888774776105679e-06, 'epoch': 201.06}
{'eval_eval_loss': 4.6054892663960345e-06, 'eval_eval_token_acc': 0.9439481444000488, 'eval_eval_seq_acc': 0.0, 'eval_eval_move_acc': 1.0, 'eval_eval_mod5_acc': 1.0, 'eval_eval_mod4_acc': 0.261, 'eval_eval_runtime': 1.1274, 'eval_eval_samples_per_second': 1774.067, 'eval_eval_steps_per_second': 28.385, 'epoch': 201.06}
{'eval_train_loss': 3.2893225920815894e-07, 'eval_train_token_acc': 0.9458597645781743, 'eval_train_seq_acc': 0.0, 'eval_train_move_acc': 1.0, 'eval_train_mod5_acc': 1.0, 'eval_train_mod4_acc': 0.236, 'eval_train_runtime': 0.5606, 'eval_train_samples_per_second': 1783.779, 'eval_train_steps_per_second': 28.54, 'epoch': 201.06}
{'loss': 0.0, 'learning_rate': 8.719682395039619e-06, 'epoch': 202.13}
{'eval_eval_loss': 4.573275418806588e-06, 'eval_eval_token_acc': 0.9439481444000488, 'eval_eval_seq_acc': 0.0, 'eval_eval_move_acc': 1.0, 'eval_eval_mod5_acc': 1.0, 'eval_eval_mod4_acc': 0.261, 'eval_eval_runtime': 1.1209, 'eval_eval_samples_per_second': 1784.352, 'eval_eval_steps_per_second': 28.55, 'epoch': 202.13}
{'eval_train_loss': 2.934438043666887e-07, 'eval_train_token_acc': 0.9458597645781743, 'eval_train_seq_acc': 0.0, 'eval_train_move_acc': 1.0, 'eval_train_mod5_acc': 1.0, 'eval_train_mod4_acc': 0.236, 'eval_train_runtime': 0.5619, 'eval_train_samples_per_second': 1779.722, 'eval_train_steps_per_second': 28.476, 'epoch': 202.13}
{'loss': 0.0, 'learning_rate': 8.551552274281049e-06, 'epoch': 203.19}
{'eval_eval_loss': 4.517568868322996e-06, 'eval_eval_token_acc': 0.9439481444000488, 'eval_eval_seq_acc': 0.0, 'eval_eval_move_acc': 1.0, 'eval_eval_mod5_acc': 1.0, 'eval_eval_mod4_acc': 0.261, 'eval_eval_runtime': 1.1216, 'eval_eval_samples_per_second': 1783.13, 'eval_eval_steps_per_second': 28.53, 'epoch': 203.19}
{'eval_train_loss': 2.6189530899500824e-07, 'eval_train_token_acc': 0.9458597645781743, 'eval_train_seq_acc': 0.0, 'eval_train_move_acc': 1.0, 'eval_train_mod5_acc': 1.0, 'eval_train_mod4_acc': 0.236, 'eval_train_runtime': 0.5614, 'eval_train_samples_per_second': 1781.395, 'eval_train_steps_per_second': 28.502, 'epoch': 203.19}
  Pushed checkpoint step-48000 to ijinyu1113/ft_mr4_70m_seed2_purenum
{'loss': 0.0, 'learning_rate': 8.384410174460525e-06, 'epoch': 204.26}
{'eval_eval_loss': 4.339098268246744e-06, 'eval_eval_token_acc': 0.9439481444000488, 'eval_eval_seq_acc': 0.0, 'eval_eval_move_acc': 1.0, 'eval_eval_mod5_acc': 1.0, 'eval_eval_mod4_acc': 0.261, 'eval_eval_runtime': 1.119, 'eval_eval_samples_per_second': 1787.3, 'eval_eval_steps_per_second': 28.597, 'epoch': 204.26}
{'eval_train_loss': 2.3314625252623955e-07, 'eval_train_token_acc': 0.9458597645781743, 'eval_train_seq_acc': 0.0, 'eval_train_move_acc': 1.0, 'eval_train_mod5_acc': 1.0, 'eval_train_mod4_acc': 0.236, 'eval_train_runtime': 0.5581, 'eval_train_samples_per_second': 1791.818, 'eval_train_steps_per_second': 28.669, 'epoch': 204.26}
{'loss': 0.0, 'learning_rate': 8.218281704825633e-06, 'epoch': 205.32}
{'eval_eval_loss': 4.454046575119719e-06, 'eval_eval_token_acc': 0.9439481444000488, 'eval_eval_seq_acc': 0.0, 'eval_eval_move_acc': 1.0, 'eval_eval_mod5_acc': 1.0, 'eval_eval_mod4_acc': 0.261, 'eval_eval_runtime': 1.1217, 'eval_eval_samples_per_second': 1782.973, 'eval_eval_steps_per_second': 28.528, 'epoch': 205.32}
{'eval_train_loss': 2.1109977410560532e-07, 'eval_train_token_acc': 0.9458597645781743, 'eval_train_seq_acc': 0.0, 'eval_train_move_acc': 1.0, 'eval_train_mod5_acc': 1.0, 'eval_train_mod4_acc': 0.236, 'eval_train_runtime': 0.5616, 'eval_train_samples_per_second': 1780.748, 'eval_train_steps_per_second': 28.492, 'epoch': 205.32}
{'loss': 0.0, 'learning_rate': 8.05319231931712e-06, 'epoch': 206.38}
{'eval_eval_loss': 4.363356310932431e-06, 'eval_eval_token_acc': 0.9439481444000488, 'eval_eval_seq_acc': 0.0, 'eval_eval_move_acc': 1.0, 'eval_eval_mod5_acc': 1.0, 'eval_eval_mod4_acc': 0.261, 'eval_eval_runtime': 1.1218, 'eval_eval_samples_per_second': 1782.81, 'eval_eval_steps_per_second': 28.525, 'epoch': 206.38}
{'eval_train_loss': 1.9158765951488022e-07, 'eval_train_token_acc': 0.9458597645781743, 'eval_train_seq_acc': 0.0, 'eval_train_move_acc': 1.0, 'eval_train_mod5_acc': 1.0, 'eval_train_mod4_acc': 0.236, 'eval_train_runtime': 0.5615, 'eval_train_samples_per_second': 1780.996, 'eval_train_steps_per_second': 28.496, 'epoch': 206.38}
{'loss': 0.0, 'learning_rate': 7.889167312668936e-06, 'epoch': 207.45}
{'eval_eval_loss': 4.2470815060369205e-06, 'eval_eval_token_acc': 0.9439481444000488, 'eval_eval_seq_acc': 0.0, 'eval_eval_move_acc': 1.0, 'eval_eval_mod5_acc': 1.0, 'eval_eval_mod4_acc': 0.261, 'eval_eval_runtime': 1.1194, 'eval_eval_samples_per_second': 1786.62, 'eval_eval_steps_per_second': 28.586, 'epoch': 207.45}
{'eval_train_loss': 1.697404883316267e-07, 'eval_train_token_acc': 0.9458597645781743, 'eval_train_seq_acc': 0.0, 'eval_train_move_acc': 1.0, 'eval_train_mod5_acc': 1.0, 'eval_train_mod4_acc': 0.236, 'eval_train_runtime': 0.5603, 'eval_train_samples_per_second': 1784.874, 'eval_train_steps_per_second': 28.558, 'epoch': 207.45}
  Pushed checkpoint step-49000 to ijinyu1113/ft_mr4_70m_seed2_purenum
{'loss': 0.0, 'learning_rate': 7.726231816532574e-06, 'epoch': 208.51}
{'eval_eval_loss': 4.047108177474001e-06, 'eval_eval_token_acc': 0.9439481444000488, 'eval_eval_seq_acc': 0.0, 'eval_eval_move_acc': 1.0, 'eval_eval_mod5_acc': 1.0, 'eval_eval_mod4_acc': 0.261, 'eval_eval_runtime': 1.1171, 'eval_eval_samples_per_second': 1790.273, 'eval_eval_steps_per_second': 28.644, 'epoch': 208.51}
{'eval_train_loss': 1.5135779563024698e-07, 'eval_train_token_acc': 0.9458597645781743, 'eval_train_seq_acc': 0.0, 'eval_train_move_acc': 1.0, 'eval_train_mod5_acc': 1.0, 'eval_train_mod4_acc': 0.236, 'eval_train_runtime': 0.5576, 'eval_train_samples_per_second': 1793.334, 'eval_train_steps_per_second': 28.693, 'epoch': 208.51}
{'loss': 0.0, 'learning_rate': 7.5644107956264455e-06, 'epoch': 209.57}
{'eval_eval_loss': 4.431877187016653e-06, 'eval_eval_token_acc': 0.9439481444000488, 'eval_eval_seq_acc': 0.0, 'eval_eval_move_acc': 1.0, 'eval_eval_mod5_acc': 1.0, 'eval_eval_mod4_acc': 0.261, 'eval_eval_runtime': 1.1215, 'eval_eval_samples_per_second': 1783.278, 'eval_eval_steps_per_second': 28.532, 'epoch': 209.57}
{'eval_train_loss': 1.3383605335093307e-07, 'eval_train_token_acc': 0.9458597645781743, 'eval_train_seq_acc': 0.0, 'eval_train_move_acc': 1.0, 'eval_train_mod5_acc': 1.0, 'eval_train_mod4_acc': 0.236, 'eval_train_runtime': 0.5594, 'eval_train_samples_per_second': 1787.535, 'eval_train_steps_per_second': 28.601, 'epoch': 209.57}
{'loss': 0.0, 'learning_rate': 7.40372904391086e-06, 'epoch': 210.64}
{'eval_eval_loss': 4.280115263100015e-06, 'eval_eval_token_acc': 0.9439481444000488, 'eval_eval_seq_acc': 0.0, 'eval_eval_move_acc': 1.0, 'eval_eval_mod5_acc': 1.0, 'eval_eval_mod4_acc': 0.261, 'eval_eval_runtime': 1.1224, 'eval_eval_samples_per_second': 1781.915, 'eval_eval_steps_per_second': 28.511, 'epoch': 210.64}
{'eval_train_loss': 1.2347111066901562e-07, 'eval_train_token_acc': 0.9458597645781743, 'eval_train_seq_acc': 0.0, 'eval_train_move_acc': 1.0, 'eval_train_mod5_acc': 1.0, 'eval_train_mod4_acc': 0.236, 'eval_train_runtime': 0.5615, 'eval_train_samples_per_second': 1781.093, 'eval_train_steps_per_second': 28.497, 'epoch': 210.64}
{'loss': 0.0, 'learning_rate': 7.244211180789079e-06, 'epoch': 211.7}
{'eval_eval_loss': 4.2692590795923024e-06, 'eval_eval_token_acc': 0.9439481444000488, 'eval_eval_seq_acc': 0.0, 'eval_eval_move_acc': 1.0, 'eval_eval_mod5_acc': 1.0, 'eval_eval_mod4_acc': 0.261, 'eval_eval_runtime': 1.1212, 'eval_eval_samples_per_second': 1783.75, 'eval_eval_steps_per_second': 28.54, 'epoch': 211.7}
{'eval_train_loss': 1.0957916884990482e-07, 'eval_train_token_acc': 0.9458597645781743, 'eval_train_seq_acc': 0.0, 'eval_train_move_acc': 1.0, 'eval_train_mod5_acc': 1.0, 'eval_train_mod4_acc': 0.236, 'eval_train_runtime': 0.5606, 'eval_train_samples_per_second': 1783.699, 'eval_train_steps_per_second': 28.539, 'epoch': 211.7}
  Pushed checkpoint step-50000 to ijinyu1113/ft_mr4_70m_seed2_purenum
{'loss': 0.0, 'learning_rate': 7.085881647335225e-06, 'epoch': 212.77}
{'eval_eval_loss': 4.188787443126785e-06, 'eval_eval_token_acc': 0.9439481444000488, 'eval_eval_seq_acc': 0.0, 'eval_eval_move_acc': 1.0, 'eval_eval_mod5_acc': 1.0, 'eval_eval_mod4_acc': 0.261, 'eval_eval_runtime': 1.1192, 'eval_eval_samples_per_second': 1787.024, 'eval_eval_steps_per_second': 28.592, 'epoch': 212.77}
{'eval_train_loss': 9.991236993300845e-08, 'eval_train_token_acc': 0.9458597645781743, 'eval_train_seq_acc': 0.0, 'eval_train_move_acc': 1.0, 'eval_train_mod5_acc': 1.0, 'eval_train_mod4_acc': 0.236, 'eval_train_runtime': 0.5576, 'eval_train_samples_per_second': 1793.439, 'eval_train_steps_per_second': 28.695, 'epoch': 212.77}
{'loss': 0.0, 'learning_rate': 6.928764702549411e-06, 'epoch': 213.83}
{'eval_eval_loss': 4.331185664341319e-06, 'eval_eval_token_acc': 0.9439481444000488, 'eval_eval_seq_acc': 0.0, 'eval_eval_move_acc': 1.0, 'eval_eval_mod5_acc': 1.0, 'eval_eval_mod4_acc': 0.261, 'eval_eval_runtime': 1.121, 'eval_eval_samples_per_second': 1784.172, 'eval_eval_steps_per_second': 28.547, 'epoch': 213.83}
{'eval_train_loss': 9.102318188070058e-08, 'eval_train_token_acc': 0.9458597645781743, 'eval_train_seq_acc': 0.0, 'eval_train_move_acc': 1.0, 'eval_train_mod5_acc': 1.0, 'eval_train_mod4_acc': 0.236, 'eval_train_runtime': 0.5611, 'eval_train_samples_per_second': 1782.176, 'eval_train_steps_per_second': 28.515, 'epoch': 213.83}
{'loss': 0.0, 'learning_rate': 6.772884419640854e-06, 'epoch': 214.89}
{'eval_eval_loss': 4.4874923332827166e-06, 'eval_eval_token_acc': 0.9439481444000488, 'eval_eval_seq_acc': 0.0, 'eval_eval_move_acc': 1.0, 'eval_eval_mod5_acc': 1.0, 'eval_eval_mod4_acc': 0.261, 'eval_eval_runtime': 1.1213, 'eval_eval_samples_per_second': 1783.722, 'eval_eval_steps_per_second': 28.54, 'epoch': 214.89}
{'eval_train_loss': 8.346334823272628e-08, 'eval_train_token_acc': 0.9458597645781743, 'eval_train_seq_acc': 0.0, 'eval_train_move_acc': 1.0, 'eval_train_mod5_acc': 1.0, 'eval_train_mod4_acc': 0.236, 'eval_train_runtime': 0.5603, 'eval_train_samples_per_second': 1784.793, 'eval_train_steps_per_second': 28.557, 'epoch': 214.89}
{'loss': 0.0, 'learning_rate': 6.618264682339377e-06, 'epoch': 215.96}
{'eval_eval_loss': 4.254625764588127e-06, 'eval_eval_token_acc': 0.9439481444000488, 'eval_eval_seq_acc': 0.0, 'eval_eval_move_acc': 1.0, 'eval_eval_mod5_acc': 1.0, 'eval_eval_mod4_acc': 0.261, 'eval_eval_runtime': 1.1218, 'eval_eval_samples_per_second': 1782.904, 'eval_eval_steps_per_second': 28.526, 'epoch': 215.96}
{'eval_train_loss': 7.597920159696514e-08, 'eval_train_token_acc': 0.9458597645781743, 'eval_train_seq_acc': 0.0, 'eval_train_move_acc': 1.0, 'eval_train_mod5_acc': 1.0, 'eval_train_mod4_acc': 0.236, 'eval_train_runtime': 0.5613, 'eval_train_samples_per_second': 1781.56, 'eval_train_steps_per_second': 28.505, 'epoch': 215.96}
  Pushed checkpoint step-51000 to ijinyu1113/ft_mr4_70m_seed2_purenum
{'loss': 0.0, 'learning_rate': 6.464929181236033e-06, 'epoch': 217.02}
{'eval_eval_loss': 4.287881893105805e-06, 'eval_eval_token_acc': 0.9439481444000488, 'eval_eval_seq_acc': 0.0, 'eval_eval_move_acc': 1.0, 'eval_eval_mod5_acc': 1.0, 'eval_eval_mod4_acc': 0.261, 'eval_eval_runtime': 1.1182, 'eval_eval_samples_per_second': 1788.517, 'eval_eval_steps_per_second': 28.616, 'epoch': 217.02}
{'eval_train_loss': 6.918696726643248e-08, 'eval_train_token_acc': 0.9458597645781743, 'eval_train_seq_acc': 0.0, 'eval_train_move_acc': 1.0, 'eval_train_mod5_acc': 1.0, 'eval_train_mod4_acc': 0.236, 'eval_train_runtime': 0.5585, 'eval_train_samples_per_second': 1790.609, 'eval_train_steps_per_second': 28.65, 'epoch': 217.02}
{'loss': 0.0, 'learning_rate': 6.312901410153208e-06, 'epoch': 218.09}
{'eval_eval_loss': 4.075541255588178e-06, 'eval_eval_token_acc': 0.9439481444000488, 'eval_eval_seq_acc': 0.0, 'eval_eval_move_acc': 1.0, 'eval_eval_mod5_acc': 1.0, 'eval_eval_mod4_acc': 0.261, 'eval_eval_runtime': 1.1237, 'eval_eval_samples_per_second': 1779.826, 'eval_eval_steps_per_second': 28.477, 'epoch': 218.09}
{'eval_train_loss': 6.300796684399756e-08, 'eval_train_token_acc': 0.9458597645781743, 'eval_train_seq_acc': 0.0, 'eval_train_move_acc': 1.0, 'eval_train_mod5_acc': 1.0, 'eval_train_mod4_acc': 0.236, 'eval_train_runtime': 0.559, 'eval_train_samples_per_second': 1788.828, 'eval_train_steps_per_second': 28.621, 'epoch': 218.09}
{'loss': 0.0, 'learning_rate': 6.162204662544992e-06, 'epoch': 219.15}
{'eval_eval_loss': 3.848959295282839e-06, 'eval_eval_token_acc': 0.9439481444000488, 'eval_eval_seq_acc': 0.0, 'eval_eval_move_acc': 1.0, 'eval_eval_mod5_acc': 1.0, 'eval_eval_mod4_acc': 0.261, 'eval_eval_runtime': 1.1219, 'eval_eval_samples_per_second': 1782.732, 'eval_eval_steps_per_second': 28.524, 'epoch': 219.15}
{'eval_train_loss': 5.714832340686371e-08, 'eval_train_token_acc': 0.9458597645781743, 'eval_train_seq_acc': 0.0, 'eval_train_move_acc': 1.0, 'eval_train_mod5_acc': 1.0, 'eval_train_mod4_acc': 0.236, 'eval_train_runtime': 0.5624, 'eval_train_samples_per_second': 1778.093, 'eval_train_steps_per_second': 28.449, 'epoch': 219.15}
{'loss': 0.0, 'learning_rate': 6.0128620279281635e-06, 'epoch': 220.21}
{'eval_eval_loss': 3.670015075840638e-06, 'eval_eval_token_acc': 0.9439481444000488, 'eval_eval_seq_acc': 0.0, 'eval_eval_move_acc': 1.0, 'eval_eval_mod5_acc': 1.0, 'eval_eval_mod4_acc': 0.261, 'eval_eval_runtime': 1.1204, 'eval_eval_samples_per_second': 1785.087, 'eval_eval_steps_per_second': 28.561, 'epoch': 220.21}
{'eval_train_loss': 5.1977785631152074e-08, 'eval_train_token_acc': 0.9458597645781743, 'eval_train_seq_acc': 0.0, 'eval_train_move_acc': 1.0, 'eval_train_mod5_acc': 1.0, 'eval_train_mod4_acc': 0.236, 'eval_train_runtime': 0.56, 'eval_train_samples_per_second': 1785.705, 'eval_train_steps_per_second': 28.571, 'epoch': 220.21}
  Pushed checkpoint step-52000 to ijinyu1113/ft_mr4_70m_seed2_purenum
{'loss': 0.0, 'learning_rate': 5.864896388344442e-06, 'epoch': 221.28}
{'eval_eval_loss': 3.853520865959581e-06, 'eval_eval_token_acc': 0.9439481444000488, 'eval_eval_seq_acc': 0.0, 'eval_eval_move_acc': 1.0, 'eval_eval_mod5_acc': 1.0, 'eval_eval_mod4_acc': 0.261, 'eval_eval_runtime': 1.1178, 'eval_eval_samples_per_second': 1789.153, 'eval_eval_steps_per_second': 28.626, 'epoch': 221.28}
{'eval_train_loss': 4.766962646840511e-08, 'eval_train_token_acc': 0.9458597645781743, 'eval_train_seq_acc': 0.0, 'eval_train_move_acc': 1.0, 'eval_train_mod5_acc': 1.0, 'eval_train_mod4_acc': 0.236, 'eval_train_runtime': 0.5578, 'eval_train_samples_per_second': 1792.881, 'eval_train_steps_per_second': 28.686, 'epoch': 221.28}
{'loss': 0.0, 'learning_rate': 5.71833041485457e-06, 'epoch': 222.34}
{'eval_eval_loss': 3.807969960689661e-06, 'eval_eval_token_acc': 0.9439481444000488, 'eval_eval_seq_acc': 0.0, 'eval_eval_move_acc': 1.0, 'eval_eval_mod5_acc': 1.0, 'eval_eval_mod4_acc': 0.261, 'eval_eval_runtime': 1.1222, 'eval_eval_samples_per_second': 1782.242, 'eval_eval_steps_per_second': 28.516, 'epoch': 222.34}
{'eval_train_loss': 4.357390537279571e-08, 'eval_train_token_acc': 0.9458597645781743, 'eval_train_seq_acc': 0.0, 'eval_train_move_acc': 1.0, 'eval_train_mod5_acc': 1.0, 'eval_train_mod4_acc': 0.236, 'eval_train_runtime': 0.5616, 'eval_train_samples_per_second': 1780.772, 'eval_train_steps_per_second': 28.492, 'epoch': 222.34}
{'loss': 0.0, 'learning_rate': 5.573186564064649e-06, 'epoch': 223.4}
{'eval_eval_loss': 3.650460485005169e-06, 'eval_eval_token_acc': 0.9439481444000488, 'eval_eval_seq_acc': 0.0, 'eval_eval_move_acc': 1.0, 'eval_eval_mod5_acc': 1.0, 'eval_eval_mod4_acc': 0.261, 'eval_eval_runtime': 1.1193, 'eval_eval_samples_per_second': 1786.776, 'eval_eval_steps_per_second': 28.588, 'epoch': 223.4}
{'eval_train_loss': 4.009803333815398e-08, 'eval_train_token_acc': 0.9458597645781743, 'eval_train_seq_acc': 0.0, 'eval_train_move_acc': 1.0, 'eval_train_mod5_acc': 1.0, 'eval_train_mod4_acc': 0.236, 'eval_train_runtime': 0.5602, 'eval_train_samples_per_second': 1785.043, 'eval_train_steps_per_second': 28.561, 'epoch': 223.4}
{'loss': 0.0, 'learning_rate': 5.429487074685418e-06, 'epoch': 224.47}
{'eval_eval_loss': 3.535008318067412e-06, 'eval_eval_token_acc': 0.9439481444000488, 'eval_eval_seq_acc': 0.0, 'eval_eval_move_acc': 1.0, 'eval_eval_mod5_acc': 1.0, 'eval_eval_mod4_acc': 0.261, 'eval_eval_runtime': 1.1213, 'eval_eval_samples_per_second': 1783.681, 'eval_eval_steps_per_second': 28.539, 'epoch': 224.47}
{'eval_train_loss': 3.621224564653858e-08, 'eval_train_token_acc': 0.9458597645781743, 'eval_train_seq_acc': 0.0, 'eval_train_move_acc': 1.0, 'eval_train_mod5_acc': 1.0, 'eval_train_mod4_acc': 0.236, 'eval_train_runtime': 0.5625, 'eval_train_samples_per_second': 1777.895, 'eval_train_steps_per_second': 28.446, 'epoch': 224.47}
  Pushed checkpoint step-53000 to ijinyu1113/ft_mr4_70m_seed2_purenum
{'loss': 0.0, 'learning_rate': 5.287253964124826e-06, 'epoch': 225.53}
{'eval_eval_loss': 3.159438620059518e-06, 'eval_eval_token_acc': 0.9439481444000488, 'eval_eval_seq_acc': 0.0, 'eval_eval_move_acc': 1.0, 'eval_eval_mod5_acc': 1.0, 'eval_eval_mod4_acc': 0.261, 'eval_eval_runtime': 1.1203, 'eval_eval_samples_per_second': 1785.204, 'eval_eval_steps_per_second': 28.563, 'epoch': 225.53}
{'eval_train_loss': 3.261257930375905e-08, 'eval_train_token_acc': 0.9458597645781743, 'eval_train_seq_acc': 0.0, 'eval_train_move_acc': 1.0, 'eval_train_mod5_acc': 1.0, 'eval_train_mod4_acc': 0.236, 'eval_train_runtime': 0.5581, 'eval_train_samples_per_second': 1791.872, 'eval_train_steps_per_second': 28.67, 'epoch': 225.53}
{'loss': 0.0, 'learning_rate': 5.1465090251146084e-06, 'epoch': 226.6}
{'eval_eval_loss': 3.3707246984704398e-06, 'eval_eval_token_acc': 0.9439481444000488, 'eval_eval_seq_acc': 0.0, 'eval_eval_move_acc': 1.0, 'eval_eval_mod5_acc': 1.0, 'eval_eval_mod4_acc': 0.261, 'eval_eval_runtime': 1.122, 'eval_eval_samples_per_second': 1782.605, 'eval_eval_steps_per_second': 28.522, 'epoch': 226.6}
{'eval_train_loss': 3.017818173134401e-08, 'eval_train_token_acc': 0.9458597645781743, 'eval_train_seq_acc': 0.0, 'eval_train_move_acc': 1.0, 'eval_train_mod5_acc': 1.0, 'eval_train_mod4_acc': 0.236, 'eval_train_runtime': 0.5617, 'eval_train_samples_per_second': 1780.447, 'eval_train_steps_per_second': 28.487, 'epoch': 226.6}
{'loss': 0.0, 'learning_rate': 5.007273822371196e-06, 'epoch': 227.66}
{'eval_eval_loss': 3.3171704671985935e-06, 'eval_eval_token_acc': 0.9439481444000488, 'eval_eval_seq_acc': 0.0, 'eval_eval_move_acc': 1.0, 'eval_eval_mod5_acc': 1.0, 'eval_eval_mod4_acc': 0.261, 'eval_eval_runtime': 1.1208, 'eval_eval_samples_per_second': 1784.5, 'eval_eval_steps_per_second': 28.552, 'epoch': 227.66}
{'eval_train_loss': 2.7767985244508964e-08, 'eval_train_token_acc': 0.9458597645781743, 'eval_train_seq_acc': 0.0, 'eval_train_move_acc': 1.0, 'eval_train_mod5_acc': 1.0, 'eval_train_mod4_acc': 0.236, 'eval_train_runtime': 0.5604, 'eval_train_samples_per_second': 1784.595, 'eval_train_steps_per_second': 28.554, 'epoch': 227.66}
{'loss': 0.0, 'learning_rate': 4.869569689291626e-06, 'epoch': 228.72}
{'eval_eval_loss': 3.136286750304862e-06, 'eval_eval_token_acc': 0.9439481444000488, 'eval_eval_seq_acc': 0.0, 'eval_eval_move_acc': 1.0, 'eval_eval_mod5_acc': 1.0, 'eval_eval_mod4_acc': 0.261, 'eval_eval_runtime': 1.1181, 'eval_eval_samples_per_second': 1788.769, 'eval_eval_steps_per_second': 28.62, 'epoch': 228.72}
{'eval_train_loss': 2.5180257878787415e-08, 'eval_train_token_acc': 0.9458597645781743, 'eval_train_seq_acc': 0.0, 'eval_train_move_acc': 1.0, 'eval_train_mod5_acc': 1.0, 'eval_train_mod4_acc': 0.236, 'eval_train_runtime': 0.5586, 'eval_train_samples_per_second': 1790.086, 'eval_train_steps_per_second': 28.641, 'epoch': 228.72}
  Pushed checkpoint step-54000 to ijinyu1113/ft_mr4_70m_seed2_purenum
{'loss': 0.0, 'learning_rate': 4.733417724684879e-06, 'epoch': 229.79}
{'eval_eval_loss': 3.030869947906467e-06, 'eval_eval_token_acc': 0.9439481444000488, 'eval_eval_seq_acc': 0.0, 'eval_eval_move_acc': 1.0, 'eval_eval_mod5_acc': 1.0, 'eval_eval_mod4_acc': 0.261, 'eval_eval_runtime': 1.1168, 'eval_eval_samples_per_second': 1790.873, 'eval_eval_steps_per_second': 28.654, 'epoch': 229.79}
{'eval_train_loss': 2.3071525134810145e-08, 'eval_train_token_acc': 0.9458597645781743, 'eval_train_seq_acc': 0.0, 'eval_train_move_acc': 1.0, 'eval_train_mod5_acc': 1.0, 'eval_train_mod4_acc': 0.236, 'eval_train_runtime': 0.5577, 'eval_train_samples_per_second': 1792.952, 'eval_train_steps_per_second': 28.687, 'epoch': 229.79}
{'loss': 0.0, 'learning_rate': 4.598838789539128e-06, 'epoch': 230.85}
{'eval_eval_loss': 2.8780636966985185e-06, 'eval_eval_token_acc': 0.9439481444000488, 'eval_eval_seq_acc': 0.0, 'eval_eval_move_acc': 1.0, 'eval_eval_mod5_acc': 1.0, 'eval_eval_mod4_acc': 0.261, 'eval_eval_runtime': 1.1216, 'eval_eval_samples_per_second': 1783.244, 'eval_eval_steps_per_second': 28.532, 'epoch': 230.85}
{'eval_train_loss': 2.1391402427184403e-08, 'eval_train_token_acc': 0.9458597645781743, 'eval_train_seq_acc': 0.0, 'eval_train_move_acc': 1.0, 'eval_train_mod5_acc': 1.0, 'eval_train_mod4_acc': 0.236, 'eval_train_runtime': 0.5623, 'eval_train_samples_per_second': 1778.526, 'eval_train_steps_per_second': 28.456, 'epoch': 230.85}
{'loss': 0.0, 'learning_rate': 4.46585350382548e-06, 'epoch': 231.91}
{'eval_eval_loss': 2.922986595876864e-06, 'eval_eval_token_acc': 0.9439481444000488, 'eval_eval_seq_acc': 0.0, 'eval_eval_move_acc': 1.0, 'eval_eval_mod5_acc': 1.0, 'eval_eval_mod4_acc': 0.261, 'eval_eval_runtime': 1.1218, 'eval_eval_samples_per_second': 1782.841, 'eval_eval_steps_per_second': 28.525, 'epoch': 231.91}
{'eval_train_loss': 1.9615184143617626e-08, 'eval_train_token_acc': 0.9458597645781743, 'eval_train_seq_acc': 0.0, 'eval_train_move_acc': 1.0, 'eval_train_mod5_acc': 1.0, 'eval_train_mod4_acc': 0.236, 'eval_train_runtime': 0.5608, 'eval_train_samples_per_second': 1783.042, 'eval_train_steps_per_second': 28.529, 'epoch': 231.91}
{'loss': 0.0, 'learning_rate': 4.334482243338589e-06, 'epoch': 232.98}
{'eval_eval_loss': 2.7744233648263616e-06, 'eval_eval_token_acc': 0.9439481444000488, 'eval_eval_seq_acc': 0.0, 'eval_eval_move_acc': 1.0, 'eval_eval_mod5_acc': 1.0, 'eval_eval_mod4_acc': 0.261, 'eval_eval_runtime': 1.1228, 'eval_eval_samples_per_second': 1781.329, 'eval_eval_steps_per_second': 28.501, 'epoch': 232.98}
{'eval_train_loss': 1.79215682294398e-08, 'eval_train_token_acc': 0.9458597645781743, 'eval_train_seq_acc': 0.0, 'eval_train_move_acc': 1.0, 'eval_train_mod5_acc': 1.0, 'eval_train_mod4_acc': 0.236, 'eval_train_runtime': 0.5625, 'eval_train_samples_per_second': 1777.849, 'eval_train_steps_per_second': 28.446, 'epoch': 232.98}
  Pushed checkpoint step-55000 to ijinyu1113/ft_mr4_70m_seed2_purenum
{'loss': 0.0, 'learning_rate': 4.204745136574737e-06, 'epoch': 234.04}
{'eval_eval_loss': 2.844227083187434e-06, 'eval_eval_token_acc': 0.9439481444000488, 'eval_eval_seq_acc': 0.0, 'eval_eval_move_acc': 1.0, 'eval_eval_mod5_acc': 1.0, 'eval_eval_mod4_acc': 0.261, 'eval_eval_runtime': 1.1176, 'eval_eval_samples_per_second': 1789.606, 'eval_eval_steps_per_second': 28.634, 'epoch': 234.04}
{'eval_train_loss': 1.6441724426385917e-08, 'eval_train_token_acc': 0.9458597645781743, 'eval_train_seq_acc': 0.0, 'eval_train_move_acc': 1.0, 'eval_train_mod5_acc': 1.0, 'eval_train_mod4_acc': 0.236, 'eval_train_runtime': 0.5573, 'eval_train_samples_per_second': 1794.246, 'eval_train_steps_per_second': 28.708, 'epoch': 234.04}
{'loss': 0.0, 'learning_rate': 4.076662061647747e-06, 'epoch': 235.11}
{'eval_eval_loss': 2.6003990569734015e-06, 'eval_eval_token_acc': 0.9439481444000488, 'eval_eval_seq_acc': 0.0, 'eval_eval_move_acc': 1.0, 'eval_eval_mod5_acc': 1.0, 'eval_eval_mod4_acc': 0.261, 'eval_eval_runtime': 1.1219, 'eval_eval_samples_per_second': 1782.678, 'eval_eval_steps_per_second': 28.523, 'epoch': 235.11}
{'eval_train_loss': 1.492440304673437e-08, 'eval_train_token_acc': 0.9458597645781743, 'eval_train_seq_acc': 0.0, 'eval_train_move_acc': 1.0, 'eval_train_mod5_acc': 1.0, 'eval_train_mod4_acc': 0.236, 'eval_train_runtime': 0.5612, 'eval_train_samples_per_second': 1781.889, 'eval_train_steps_per_second': 28.51, 'epoch': 235.11}
{'loss': 0.0, 'learning_rate': 3.950252643243317e-06, 'epoch': 236.17}
{'eval_eval_loss': 2.620093482619268e-06, 'eval_eval_token_acc': 0.9439481444000488, 'eval_eval_seq_acc': 0.0, 'eval_eval_move_acc': 1.0, 'eval_eval_mod5_acc': 1.0, 'eval_eval_mod4_acc': 0.261, 'eval_eval_runtime': 1.1196, 'eval_eval_samples_per_second': 1786.303, 'eval_eval_steps_per_second': 28.581, 'epoch': 236.17}
{'eval_train_loss': 1.3509033891523359e-08, 'eval_train_token_acc': 0.9458597645781743, 'eval_train_seq_acc': 0.0, 'eval_train_move_acc': 1.0, 'eval_train_mod5_acc': 1.0, 'eval_train_mod4_acc': 0.236, 'eval_train_runtime': 0.5601, 'eval_train_samples_per_second': 1785.39, 'eval_train_steps_per_second': 28.566, 'epoch': 236.17}
{'loss': 0.0, 'learning_rate': 3.825536249612147e-06, 'epoch': 237.23}
{'eval_eval_loss': 2.2509184418595396e-06, 'eval_eval_token_acc': 0.9439481444000488, 'eval_eval_seq_acc': 0.0, 'eval_eval_move_acc': 1.0, 'eval_eval_mod5_acc': 1.0, 'eval_eval_mod4_acc': 0.261, 'eval_eval_runtime': 1.1217, 'eval_eval_samples_per_second': 1783.016, 'eval_eval_steps_per_second': 28.528, 'epoch': 237.23}
{'eval_train_loss': 1.2492968437527452e-08, 'eval_train_token_acc': 0.9458597645781743, 'eval_train_seq_acc': 0.0, 'eval_train_move_acc': 1.0, 'eval_train_mod5_acc': 1.0, 'eval_train_mod4_acc': 0.236, 'eval_train_runtime': 0.561, 'eval_train_samples_per_second': 1782.493, 'eval_train_steps_per_second': 28.52, 'epoch': 237.23}
  Pushed checkpoint step-56000 to ijinyu1113/ft_mr4_70m_seed2_purenum
{'loss': 0.0, 'learning_rate': 3.702531989602354e-06, 'epoch': 238.3}
{'eval_eval_loss': 2.1756256955995923e-06, 'eval_eval_token_acc': 0.9439481444000488, 'eval_eval_seq_acc': 0.0, 'eval_eval_move_acc': 1.0, 'eval_eval_mod5_acc': 1.0, 'eval_eval_mod4_acc': 0.261, 'eval_eval_runtime': 1.1187, 'eval_eval_samples_per_second': 1787.731, 'eval_eval_steps_per_second': 28.604, 'epoch': 238.3}
{'eval_train_loss': 1.1598242366517297e-08, 'eval_train_token_acc': 0.9458597645781743, 'eval_train_seq_acc': 0.0, 'eval_train_move_acc': 1.0, 'eval_train_mod5_acc': 1.0, 'eval_train_mod4_acc': 0.236, 'eval_train_runtime': 0.5589, 'eval_train_samples_per_second': 1789.089, 'eval_train_steps_per_second': 28.625, 'epoch': 238.3}
{'loss': 0.0, 'learning_rate': 3.5812587097316712e-06, 'epoch': 239.36}
{'eval_eval_loss': 1.879239334812155e-06, 'eval_eval_token_acc': 0.9439481444000488, 'eval_eval_seq_acc': 0.0, 'eval_eval_move_acc': 1.0, 'eval_eval_mod5_acc': 1.0, 'eval_eval_mod4_acc': 0.261, 'eval_eval_runtime': 1.1217, 'eval_eval_samples_per_second': 1782.944, 'eval_eval_steps_per_second': 28.527, 'epoch': 239.36}
{'eval_train_loss': 1.0732083666198378e-08, 'eval_train_token_acc': 0.9458597645781743, 'eval_train_seq_acc': 0.0, 'eval_train_move_acc': 1.0, 'eval_train_mod5_acc': 1.0, 'eval_train_mod4_acc': 0.236, 'eval_train_runtime': 0.5608, 'eval_train_samples_per_second': 1783.192, 'eval_train_steps_per_second': 28.531, 'epoch': 239.36}
{'loss': 0.0, 'learning_rate': 3.461734991299779e-06, 'epoch': 240.43}
{'eval_eval_loss': 1.8309381175640738e-06, 'eval_eval_token_acc': 0.9439481444000488, 'eval_eval_seq_acc': 0.0, 'eval_eval_move_acc': 1.0, 'eval_eval_mod5_acc': 1.0, 'eval_eval_mod4_acc': 0.261, 'eval_eval_runtime': 1.1208, 'eval_eval_samples_per_second': 1784.518, 'eval_eval_steps_per_second': 28.552, 'epoch': 240.43}
{'eval_train_loss': 9.999108208091911e-09, 'eval_train_token_acc': 0.9458597645781743, 'eval_train_seq_acc': 0.0, 'eval_train_move_acc': 1.0, 'eval_train_mod5_acc': 1.0, 'eval_train_mod4_acc': 0.236, 'eval_train_runtime': 0.5603, 'eval_train_samples_per_second': 1784.665, 'eval_train_steps_per_second': 28.555, 'epoch': 240.43}
{'loss': 0.0, 'learning_rate': 3.343979147541352e-06, 'epoch': 241.49}
{'eval_eval_loss': 1.7800458635974792e-06, 'eval_eval_token_acc': 0.9439481444000488, 'eval_eval_seq_acc': 0.0, 'eval_eval_move_acc': 1.0, 'eval_eval_mod5_acc': 1.0, 'eval_eval_mod4_acc': 0.261, 'eval_eval_runtime': 1.1222, 'eval_eval_samples_per_second': 1782.242, 'eval_eval_steps_per_second': 28.516, 'epoch': 241.49}
{'eval_train_loss': 9.377981946556702e-09, 'eval_train_token_acc': 0.9458597645781743, 'eval_train_seq_acc': 0.0, 'eval_train_move_acc': 1.0, 'eval_train_mod5_acc': 1.0, 'eval_train_mod4_acc': 0.236, 'eval_train_runtime': 0.5625, 'eval_train_samples_per_second': 1777.832, 'eval_train_steps_per_second': 28.445, 'epoch': 241.49}
  Pushed checkpoint step-57000 to ijinyu1113/ft_mr4_70m_seed2_purenum
{'loss': 0.0, 'learning_rate': 3.2280092208200853e-06, 'epoch': 242.55}
{'eval_eval_loss': 1.717750592433731e-06, 'eval_eval_token_acc': 0.9439481444000488, 'eval_eval_seq_acc': 0.0, 'eval_eval_move_acc': 1.0, 'eval_eval_mod5_acc': 1.0, 'eval_eval_mod4_acc': 0.261, 'eval_eval_runtime': 1.1273, 'eval_eval_samples_per_second': 1774.112, 'eval_eval_steps_per_second': 28.386, 'epoch': 242.55}
{'eval_train_loss': 8.72866223744495e-09, 'eval_train_token_acc': 0.9458597645781743, 'eval_train_seq_acc': 0.0, 'eval_train_move_acc': 1.0, 'eval_train_mod5_acc': 1.0, 'eval_train_mod4_acc': 0.236, 'eval_train_runtime': 0.5601, 'eval_train_samples_per_second': 1785.462, 'eval_train_steps_per_second': 28.567, 'epoch': 242.55}
{'loss': 0.0, 'learning_rate': 3.1138429798643182e-06, 'epoch': 243.62}
{'eval_eval_loss': 1.8112330053554615e-06, 'eval_eval_token_acc': 0.9439481444000488, 'eval_eval_seq_acc': 0.0, 'eval_eval_move_acc': 1.0, 'eval_eval_mod5_acc': 1.0, 'eval_eval_mod4_acc': 0.261, 'eval_eval_runtime': 1.122, 'eval_eval_samples_per_second': 1782.538, 'eval_eval_steps_per_second': 28.521, 'epoch': 243.62}
{'eval_train_loss': 8.210486512894022e-09, 'eval_train_token_acc': 0.9458597645781743, 'eval_train_seq_acc': 0.0, 'eval_train_move_acc': 1.0, 'eval_train_mod5_acc': 1.0, 'eval_train_mod4_acc': 0.236, 'eval_train_runtime': 0.5605, 'eval_train_samples_per_second': 1784.199, 'eval_train_steps_per_second': 28.547, 'epoch': 243.62}
{'loss': 0.0, 'learning_rate': 3.0014979170444963e-06, 'epoch': 244.68}
{'eval_eval_loss': 1.7770280464901589e-06, 'eval_eval_token_acc': 0.9439481444000488, 'eval_eval_seq_acc': 0.0, 'eval_eval_move_acc': 1.0, 'eval_eval_mod5_acc': 1.0, 'eval_eval_mod4_acc': 0.261, 'eval_eval_runtime': 1.1193, 'eval_eval_samples_per_second': 1786.853, 'eval_eval_steps_per_second': 28.59, 'epoch': 244.68}
{'eval_train_loss': 7.73105934825935e-09, 'eval_train_token_acc': 0.9458597645781743, 'eval_train_seq_acc': 0.0, 'eval_train_move_acc': 1.0, 'eval_train_mod5_acc': 1.0, 'eval_train_mod4_acc': 0.236, 'eval_train_runtime': 0.5608, 'eval_train_samples_per_second': 1783.037, 'eval_train_steps_per_second': 28.529, 'epoch': 244.68}
{'loss': 0.0, 'learning_rate': 2.8909912456930587e-06, 'epoch': 245.74}
{'eval_eval_loss': 1.6831686480145436e-06, 'eval_eval_token_acc': 0.9439481444000488, 'eval_eval_seq_acc': 0.0, 'eval_eval_move_acc': 1.0, 'eval_eval_mod5_acc': 1.0, 'eval_eval_mod4_acc': 0.261, 'eval_eval_runtime': 1.1195, 'eval_eval_samples_per_second': 1786.54, 'eval_eval_steps_per_second': 28.585, 'epoch': 245.74}
{'eval_train_loss': 7.391467882200686e-09, 'eval_train_token_acc': 0.9458597645781743, 'eval_train_seq_acc': 0.0, 'eval_train_move_acc': 1.0, 'eval_train_mod5_acc': 1.0, 'eval_train_mod4_acc': 0.236, 'eval_train_runtime': 0.5601, 'eval_train_samples_per_second': 1785.465, 'eval_train_steps_per_second': 28.567, 'epoch': 245.74}
  Pushed checkpoint step-58000 to ijinyu1113/ft_mr4_70m_seed2_purenum
{'loss': 0.0, 'learning_rate': 2.7823398974670004e-06, 'epoch': 246.81}
{'eval_eval_loss': 1.5694103012720007e-06, 'eval_eval_token_acc': 0.9439481444000488, 'eval_eval_seq_acc': 0.0, 'eval_eval_move_acc': 1.0, 'eval_eval_mod5_acc': 1.0, 'eval_eval_mod4_acc': 0.261, 'eval_eval_runtime': 1.1202, 'eval_eval_samples_per_second': 1785.449, 'eval_eval_steps_per_second': 28.567, 'epoch': 246.81}
{'eval_train_loss': 6.998686519210651e-09, 'eval_train_token_acc': 0.9458597645781743, 'eval_train_seq_acc': 0.0, 'eval_train_move_acc': 1.0, 'eval_train_mod5_acc': 1.0, 'eval_train_mod4_acc': 0.236, 'eval_train_runtime': 0.5576, 'eval_train_samples_per_second': 1793.502, 'eval_train_steps_per_second': 28.696, 'epoch': 246.81}
{'loss': 0.0, 'learning_rate': 2.675560519753659e-06, 'epoch': 247.87}
{'eval_eval_loss': 1.6490511143274489e-06, 'eval_eval_token_acc': 0.9439481444000488, 'eval_eval_seq_acc': 0.0, 'eval_eval_move_acc': 1.0, 'eval_eval_mod5_acc': 1.0, 'eval_eval_mod4_acc': 0.261, 'eval_eval_runtime': 1.1204, 'eval_eval_samples_per_second': 1785.125, 'eval_eval_steps_per_second': 28.562, 'epoch': 247.87}
{'eval_train_loss': 6.6387118025090786e-09, 'eval_train_token_acc': 0.9458597645781743, 'eval_train_seq_acc': 0.0, 'eval_train_move_acc': 1.0, 'eval_train_mod5_acc': 1.0, 'eval_train_mod4_acc': 0.236, 'eval_train_runtime': 0.5625, 'eval_train_samples_per_second': 1777.829, 'eval_train_steps_per_second': 28.445, 'epoch': 247.87}
{'loss': 0.0, 'learning_rate': 2.5706694731200194e-06, 'epoch': 248.94}
{'eval_eval_loss': 1.5744178654131247e-06, 'eval_eval_token_acc': 0.9439481444000488, 'eval_eval_seq_acc': 0.0, 'eval_eval_move_acc': 1.0, 'eval_eval_mod5_acc': 1.0, 'eval_eval_mod4_acc': 0.261, 'eval_eval_runtime': 1.1218, 'eval_eval_samples_per_second': 1782.824, 'eval_eval_steps_per_second': 28.525, 'epoch': 248.94}
{'eval_train_loss': 6.365263427454693e-09, 'eval_train_token_acc': 0.9458597645781743, 'eval_train_seq_acc': 0.0, 'eval_train_move_acc': 1.0, 'eval_train_mod5_acc': 1.0, 'eval_train_mod4_acc': 0.236, 'eval_train_runtime': 0.5613, 'eval_train_samples_per_second': 1781.505, 'eval_train_steps_per_second': 28.504, 'epoch': 248.94}
{'loss': 0.0, 'learning_rate': 2.467682828805956e-06, 'epoch': 250.0}
{'eval_eval_loss': 1.5023346122688963e-06, 'eval_eval_token_acc': 0.9439481444000488, 'eval_eval_seq_acc': 0.0, 'eval_eval_move_acc': 1.0, 'eval_eval_mod5_acc': 1.0, 'eval_eval_mod4_acc': 0.261, 'eval_eval_runtime': 1.1243, 'eval_eval_samples_per_second': 1778.909, 'eval_eval_steps_per_second': 28.463, 'epoch': 250.0}
{'eval_train_loss': 6.138349828432865e-09, 'eval_train_token_acc': 0.9458597645781743, 'eval_train_seq_acc': 0.0, 'eval_train_move_acc': 1.0, 'eval_train_mod5_acc': 1.0, 'eval_train_mod4_acc': 0.236, 'eval_train_runtime': 0.5628, 'eval_train_samples_per_second': 1776.95, 'eval_train_steps_per_second': 28.431, 'epoch': 250.0}
  Pushed checkpoint step-59000 to ijinyu1113/ft_mr4_70m_seed2_purenum
{'loss': 0.0, 'learning_rate': 2.3666163662618575e-06, 'epoch': 251.06}
{'eval_eval_loss': 1.452681658520305e-06, 'eval_eval_token_acc': 0.9439481444000488, 'eval_eval_seq_acc': 0.0, 'eval_eval_move_acc': 1.0, 'eval_eval_mod5_acc': 1.0, 'eval_eval_mod4_acc': 0.261, 'eval_eval_runtime': 1.1268, 'eval_eval_samples_per_second': 1774.881, 'eval_eval_steps_per_second': 28.398, 'epoch': 251.06}
{'eval_train_loss': 5.9401372709544376e-09, 'eval_train_token_acc': 0.9458597645781743, 'eval_train_seq_acc': 0.0, 'eval_train_move_acc': 1.0, 'eval_train_mod5_acc': 1.0, 'eval_train_mod4_acc': 0.236, 'eval_train_runtime': 0.5578, 'eval_train_samples_per_second': 1792.717, 'eval_train_steps_per_second': 28.683, 'epoch': 251.06}
{'loss': 0.0, 'learning_rate': 2.267485570730894e-06, 'epoch': 252.13}
{'eval_eval_loss': 1.5915990161374793e-06, 'eval_eval_token_acc': 0.9439481444000488, 'eval_eval_seq_acc': 0.0, 'eval_eval_move_acc': 1.0, 'eval_eval_mod5_acc': 1.0, 'eval_eval_mod4_acc': 0.261, 'eval_eval_runtime': 1.1178, 'eval_eval_samples_per_second': 1789.156, 'eval_eval_steps_per_second': 28.626, 'epoch': 252.13}
{'eval_train_loss': 5.824468463089261e-09, 'eval_train_token_acc': 0.9458597645781743, 'eval_train_seq_acc': 0.0, 'eval_train_move_acc': 1.0, 'eval_train_mod5_acc': 1.0, 'eval_train_mod4_acc': 0.236, 'eval_train_runtime': 0.5591, 'eval_train_samples_per_second': 1788.501, 'eval_train_steps_per_second': 28.616, 'epoch': 252.13}
{'loss': 0.0, 'learning_rate': 2.170305630876408e-06, 'epoch': 253.19}
{'eval_eval_loss': 1.4072902558837086e-06, 'eval_eval_token_acc': 0.9439481444000488, 'eval_eval_seq_acc': 0.0, 'eval_eval_move_acc': 1.0, 'eval_eval_mod5_acc': 1.0, 'eval_eval_mod4_acc': 0.261, 'eval_eval_runtime': 1.1194, 'eval_eval_samples_per_second': 1786.676, 'eval_eval_steps_per_second': 28.587, 'epoch': 253.19}
{'eval_train_loss': 5.8334492791800585e-09, 'eval_train_token_acc': 0.9458597645781743, 'eval_train_seq_acc': 0.0, 'eval_train_move_acc': 1.0, 'eval_train_mod5_acc': 1.0, 'eval_train_mod4_acc': 0.236, 'eval_train_runtime': 0.5613, 'eval_train_samples_per_second': 1781.437, 'eval_train_steps_per_second': 28.503, 'epoch': 253.19}
{'loss': 0.0, 'learning_rate': 2.0750914364547357e-06, 'epoch': 254.26}
{'eval_eval_loss': 1.3803518186250585e-06, 'eval_eval_token_acc': 0.9439481444000488, 'eval_eval_seq_acc': 0.0, 'eval_eval_move_acc': 1.0, 'eval_eval_mod5_acc': 1.0, 'eval_eval_mod4_acc': 0.261, 'eval_eval_runtime': 1.1195, 'eval_eval_samples_per_second': 1786.563, 'eval_eval_steps_per_second': 28.585, 'epoch': 254.26}
{'eval_train_loss': 5.7303153333521095e-09, 'eval_train_token_acc': 0.9458597645781743, 'eval_train_seq_acc': 0.0, 'eval_train_move_acc': 1.0, 'eval_train_mod5_acc': 1.0, 'eval_train_mod4_acc': 0.236, 'eval_train_runtime': 0.5593, 'eval_train_samples_per_second': 1788.087, 'eval_train_steps_per_second': 28.609, 'epoch': 254.26}
  Pushed checkpoint step-60000 to ijinyu1113/ft_mr4_70m_seed2_purenum
{'loss': 0.0, 'learning_rate': 1.9818575760337995e-06, 'epoch': 255.32}
{'eval_eval_loss': 1.3844779687133268e-06, 'eval_eval_token_acc': 0.9439481444000488, 'eval_eval_seq_acc': 0.0, 'eval_eval_move_acc': 1.0, 'eval_eval_mod5_acc': 1.0, 'eval_eval_mod4_acc': 0.261, 'eval_eval_runtime': 1.1159, 'eval_eval_samples_per_second': 1792.328, 'eval_eval_steps_per_second': 28.677, 'epoch': 255.32}
{'eval_train_loss': 5.895619104023808e-09, 'eval_train_token_acc': 0.9458597645781743, 'eval_train_seq_acc': 0.0, 'eval_train_move_acc': 1.0, 'eval_train_mod5_acc': 1.0, 'eval_train_mod4_acc': 0.236, 'eval_train_runtime': 0.5578, 'eval_train_samples_per_second': 1792.775, 'eval_train_steps_per_second': 28.684, 'epoch': 255.32}
{'loss': 0.0, 'learning_rate': 1.8906183347578975e-06, 'epoch': 256.38}
{'eval_eval_loss': 1.2994493090445758e-06, 'eval_eval_token_acc': 0.9439481444000488, 'eval_eval_seq_acc': 0.0, 'eval_eval_move_acc': 1.0, 'eval_eval_mod5_acc': 1.0, 'eval_eval_mod4_acc': 0.261, 'eval_eval_runtime': 1.1202, 'eval_eval_samples_per_second': 1785.329, 'eval_eval_steps_per_second': 28.565, 'epoch': 256.38}
{'eval_train_loss': 5.964346350140204e-09, 'eval_train_token_acc': 0.9458597645781743, 'eval_train_seq_acc': 0.0, 'eval_train_move_acc': 1.0, 'eval_train_mod5_acc': 1.0, 'eval_train_mod4_acc': 0.236, 'eval_train_runtime': 0.5601, 'eval_train_samples_per_second': 1785.407, 'eval_train_steps_per_second': 28.567, 'epoch': 256.38}
{'loss': 0.0, 'learning_rate': 1.8013876921589363e-06, 'epoch': 257.45}
{'eval_eval_loss': 1.2642433375731343e-06, 'eval_eval_token_acc': 0.9439481444000488, 'eval_eval_seq_acc': 0.0, 'eval_eval_move_acc': 1.0, 'eval_eval_mod5_acc': 1.0, 'eval_eval_mod4_acc': 0.261, 'eval_eval_runtime': 1.1203, 'eval_eval_samples_per_second': 1785.284, 'eval_eval_steps_per_second': 28.565, 'epoch': 257.45}
{'eval_train_loss': 6.001221741769314e-09, 'eval_train_token_acc': 0.9458597645781743, 'eval_train_seq_acc': 0.0, 'eval_train_move_acc': 1.0, 'eval_train_mod5_acc': 1.0, 'eval_train_mod4_acc': 0.236, 'eval_train_runtime': 0.562, 'eval_train_samples_per_second': 1779.421, 'eval_train_steps_per_second': 28.471, 'epoch': 257.45}
{'loss': 0.0, 'learning_rate': 1.7141793200145234e-06, 'epoch': 258.51}
{'eval_eval_loss': 1.1842935236927588e-06, 'eval_eval_token_acc': 0.9439481444000488, 'eval_eval_seq_acc': 0.0, 'eval_eval_move_acc': 1.0, 'eval_eval_mod5_acc': 1.0, 'eval_eval_mod4_acc': 0.261, 'eval_eval_runtime': 1.1205, 'eval_eval_samples_per_second': 1784.89, 'eval_eval_steps_per_second': 28.558, 'epoch': 258.51}
{'eval_train_loss': 6.126070761780511e-09, 'eval_train_token_acc': 0.9458597645781743, 'eval_train_seq_acc': 0.0, 'eval_train_move_acc': 1.0, 'eval_train_mod5_acc': 1.0, 'eval_train_mod4_acc': 0.236, 'eval_train_runtime': 0.5596, 'eval_train_samples_per_second': 1786.932, 'eval_train_steps_per_second': 28.591, 'epoch': 258.51}
  Pushed checkpoint step-61000 to ijinyu1113/ft_mr4_70m_seed2_purenum
{'loss': 0.0, 'learning_rate': 1.6290065802531878e-06, 'epoch': 259.57}
{'eval_eval_loss': 1.115796408157621e-06, 'eval_eval_token_acc': 0.9439481444000488, 'eval_eval_seq_acc': 0.0, 'eval_eval_move_acc': 1.0, 'eval_eval_mod5_acc': 1.0, 'eval_eval_mod4_acc': 0.261, 'eval_eval_runtime': 1.1195, 'eval_eval_samples_per_second': 1786.536, 'eval_eval_steps_per_second': 28.585, 'epoch': 259.57}
{'eval_train_loss': 6.322757872823104e-09, 'eval_train_token_acc': 0.9458597645781743, 'eval_train_seq_acc': 0.0, 'eval_train_move_acc': 1.0, 'eval_train_mod5_acc': 1.0, 'eval_train_mod4_acc': 0.236, 'eval_train_runtime': 0.5596, 'eval_train_samples_per_second': 1787.107, 'eval_train_steps_per_second': 28.594, 'epoch': 259.57}
{'loss': 0.0, 'learning_rate': 1.5458825229070995e-06, 'epoch': 260.64}
{'eval_eval_loss': 1.262603859686351e-06, 'eval_eval_token_acc': 0.9439481444000488, 'eval_eval_seq_acc': 0.0, 'eval_eval_move_acc': 1.0, 'eval_eval_mod5_acc': 1.0, 'eval_eval_mod4_acc': 0.261, 'eval_eval_runtime': 1.1209, 'eval_eval_samples_per_second': 1784.279, 'eval_eval_steps_per_second': 28.548, 'epoch': 260.64}
{'eval_train_loss': 6.7161374239788074e-09, 'eval_train_token_acc': 0.9458597645781743, 'eval_train_seq_acc': 0.0, 'eval_train_move_acc': 1.0, 'eval_train_mod5_acc': 1.0, 'eval_train_mod4_acc': 0.236, 'eval_train_runtime': 0.5605, 'eval_train_samples_per_second': 1784.031, 'eval_train_steps_per_second': 28.545, 'epoch': 260.64}
{'loss': 0.0, 'learning_rate': 1.4648198841125453e-06, 'epoch': 261.7}
{'eval_eval_loss': 1.1382114735170035e-06, 'eval_eval_token_acc': 0.9439481444000488, 'eval_eval_seq_acc': 0.0, 'eval_eval_move_acc': 1.0, 'eval_eval_mod5_acc': 1.0, 'eval_eval_mod4_acc': 0.261, 'eval_eval_runtime': 1.1209, 'eval_eval_samples_per_second': 1784.298, 'eval_eval_steps_per_second': 28.549, 'epoch': 261.7}
{'eval_train_loss': 7.234229215669075e-09, 'eval_train_token_acc': 0.9458597645781743, 'eval_train_seq_acc': 0.0, 'eval_train_move_acc': 1.0, 'eval_train_mod5_acc': 1.0, 'eval_train_mod4_acc': 0.236, 'eval_train_runtime': 0.5592, 'eval_train_samples_per_second': 1788.256, 'eval_train_steps_per_second': 28.612, 'epoch': 261.7}
{'loss': 0.0, 'learning_rate': 1.385831084158543e-06, 'epoch': 262.77}
{'eval_eval_loss': 1.1077105455115088e-06, 'eval_eval_token_acc': 0.9439481444000488, 'eval_eval_seq_acc': 0.0, 'eval_eval_move_acc': 1.0, 'eval_eval_mod5_acc': 1.0, 'eval_eval_mod4_acc': 0.261, 'eval_eval_runtime': 1.1212, 'eval_eval_samples_per_second': 1783.855, 'eval_eval_steps_per_second': 28.542, 'epoch': 262.77}
{'eval_train_loss': 7.84446907431402e-09, 'eval_train_token_acc': 0.9458597645781743, 'eval_train_seq_acc': 0.0, 'eval_train_move_acc': 1.0, 'eval_train_mod5_acc': 1.0, 'eval_train_mod4_acc': 0.236, 'eval_train_runtime': 0.5602, 'eval_train_samples_per_second': 1785.154, 'eval_train_steps_per_second': 28.562, 'epoch': 262.77}
  Pushed checkpoint step-62000 to ijinyu1113/ft_mr4_70m_seed2_purenum
{'loss': 0.0, 'learning_rate': 1.308928225583797e-06, 'epoch': 263.83}
{'eval_eval_loss': 1.0580446314634173e-06, 'eval_eval_token_acc': 0.9439481444000488, 'eval_eval_seq_acc': 0.0, 'eval_eval_move_acc': 1.0, 'eval_eval_mod5_acc': 1.0, 'eval_eval_mod4_acc': 0.261, 'eval_eval_runtime': 1.1248, 'eval_eval_samples_per_second': 1778.143, 'eval_eval_steps_per_second': 28.45, 'epoch': 263.83}
{'eval_train_loss': 8.136066931285768e-09, 'eval_train_token_acc': 0.9458597645781743, 'eval_train_seq_acc': 0.0, 'eval_train_move_acc': 1.0, 'eval_train_mod5_acc': 1.0, 'eval_train_mod4_acc': 0.236, 'eval_train_runtime': 0.5613, 'eval_train_samples_per_second': 1781.459, 'eval_train_steps_per_second': 28.503, 'epoch': 263.83}
{'loss': 0.0, 'learning_rate': 1.234123091322389e-06, 'epoch': 264.89}
{'eval_eval_loss': 1.0589315024844836e-06, 'eval_eval_token_acc': 0.9439481444000488, 'eval_eval_seq_acc': 0.0, 'eval_eval_move_acc': 1.0, 'eval_eval_mod5_acc': 1.0, 'eval_eval_mod4_acc': 0.261, 'eval_eval_runtime': 1.1212, 'eval_eval_samples_per_second': 1783.836, 'eval_eval_steps_per_second': 28.541, 'epoch': 264.89}
{'eval_train_loss': 8.434597909001695e-09, 'eval_train_token_acc': 0.9458597645781743, 'eval_train_seq_acc': 0.0, 'eval_train_move_acc': 1.0, 'eval_train_mod5_acc': 1.0, 'eval_train_mod4_acc': 0.236, 'eval_train_runtime': 0.5624, 'eval_train_samples_per_second': 1778.017, 'eval_train_steps_per_second': 28.448, 'epoch': 264.89}
{'loss': 0.0, 'learning_rate': 1.1614271428984087e-06, 'epoch': 265.96}
{'eval_eval_loss': 1.018332113744691e-06, 'eval_eval_token_acc': 0.9439481444000488, 'eval_eval_seq_acc': 0.0, 'eval_eval_move_acc': 1.0, 'eval_eval_mod5_acc': 1.0, 'eval_eval_mod4_acc': 0.261, 'eval_eval_runtime': 1.1215, 'eval_eval_samples_per_second': 1783.308, 'eval_eval_steps_per_second': 28.533, 'epoch': 265.96}
{'eval_train_loss': 8.798554773647993e-09, 'eval_train_token_acc': 0.9458597645781743, 'eval_train_seq_acc': 0.0, 'eval_train_move_acc': 1.0, 'eval_train_mod5_acc': 1.0, 'eval_train_mod4_acc': 0.236, 'eval_train_runtime': 0.5605, 'eval_train_samples_per_second': 1784.169, 'eval_train_steps_per_second': 28.547, 'epoch': 265.96}
{'loss': 0.0, 'learning_rate': 1.0908515186698253e-06, 'epoch': 267.02}
{'eval_eval_loss': 9.563417506797123e-07, 'eval_eval_token_acc': 0.9439481444000488, 'eval_eval_seq_acc': 0.0, 'eval_eval_move_acc': 1.0, 'eval_eval_mod5_acc': 1.0, 'eval_eval_mod4_acc': 0.261, 'eval_eval_runtime': 1.1211, 'eval_eval_samples_per_second': 1783.931, 'eval_eval_steps_per_second': 28.543, 'epoch': 267.02}
{'eval_train_loss': 7.064359319741698e-09, 'eval_train_token_acc': 0.9458597645781743, 'eval_train_seq_acc': 0.0, 'eval_train_move_acc': 1.0, 'eval_train_mod5_acc': 1.0, 'eval_train_mod4_acc': 0.236, 'eval_train_runtime': 0.56, 'eval_train_samples_per_second': 1785.646, 'eval_train_steps_per_second': 28.57, 'epoch': 267.02}
  Pushed checkpoint step-63000 to ijinyu1113/ft_mr4_70m_seed2_purenum
{'loss': 0.0, 'learning_rate': 1.0224070321219065e-06, 'epoch': 268.09}
{'eval_eval_loss': 9.894660024656332e-07, 'eval_eval_token_acc': 0.9439481444000488, 'eval_eval_seq_acc': 0.0, 'eval_eval_move_acc': 1.0, 'eval_eval_mod5_acc': 1.0, 'eval_eval_mod4_acc': 0.261, 'eval_eval_runtime': 1.1215, 'eval_eval_samples_per_second': 1783.384, 'eval_eval_steps_per_second': 28.534, 'epoch': 268.09}
{'eval_train_loss': 6.750483283468611e-09, 'eval_train_token_acc': 0.9458597645781743, 'eval_train_seq_acc': 0.0, 'eval_train_move_acc': 1.0, 'eval_train_mod5_acc': 1.0, 'eval_train_mod4_acc': 0.236, 'eval_train_runtime': 0.5613, 'eval_train_samples_per_second': 1781.492, 'eval_train_steps_per_second': 28.504, 'epoch': 268.09}
{'loss': 0.0, 'learning_rate': 9.56104170210379e-07, 'epoch': 269.15}
{'eval_eval_loss': 9.589870160198188e-07, 'eval_eval_token_acc': 0.9439481444000488, 'eval_eval_seq_acc': 0.0, 'eval_eval_move_acc': 1.0, 'eval_eval_mod5_acc': 1.0, 'eval_eval_mod4_acc': 0.261, 'eval_eval_runtime': 1.1203, 'eval_eval_samples_per_second': 1785.252, 'eval_eval_steps_per_second': 28.564, 'epoch': 269.15}
{'eval_train_loss': 6.834349530748796e-09, 'eval_train_token_acc': 0.9458597645781743, 'eval_train_seq_acc': 0.0, 'eval_train_move_acc': 1.0, 'eval_train_mod5_acc': 1.0, 'eval_train_mod4_acc': 0.236, 'eval_train_runtime': 0.5621, 'eval_train_samples_per_second': 1779.18, 'eval_train_steps_per_second': 28.467, 'epoch': 269.15}
{'loss': 0.0, 'learning_rate': 8.919530917546354e-07, 'epoch': 270.21}
{'eval_eval_loss': 8.796387760412472e-07, 'eval_eval_token_acc': 0.9439481444000488, 'eval_eval_seq_acc': 0.0, 'eval_eval_move_acc': 1.0, 'eval_eval_mod5_acc': 1.0, 'eval_eval_mod4_acc': 0.261, 'eval_eval_runtime': 1.1222, 'eval_eval_samples_per_second': 1782.221, 'eval_eval_steps_per_second': 28.516, 'epoch': 270.21}
{'eval_train_loss': 6.976735633656972e-09, 'eval_train_token_acc': 0.9458597645781743, 'eval_train_seq_acc': 0.0, 'eval_train_move_acc': 1.0, 'eval_train_mod5_acc': 1.0, 'eval_train_mod4_acc': 0.236, 'eval_train_runtime': 0.5603, 'eval_train_samples_per_second': 1784.793, 'eval_train_steps_per_second': 28.557, 'epoch': 270.21}
{'loss': 0.0, 'learning_rate': 8.299636258812199e-07, 'epoch': 271.28}
{'eval_eval_loss': 8.612595365775633e-07, 'eval_eval_token_acc': 0.9439481444000488, 'eval_eval_seq_acc': 0.0, 'eval_eval_move_acc': 1.0, 'eval_eval_mod5_acc': 1.0, 'eval_eval_mod4_acc': 0.261, 'eval_eval_runtime': 1.1205, 'eval_eval_samples_per_second': 1784.953, 'eval_eval_steps_per_second': 28.559, 'epoch': 271.28}
{'eval_train_loss': 7.1068826379416805e-09, 'eval_train_token_acc': 0.9458597645781743, 'eval_train_seq_acc': 0.0, 'eval_train_move_acc': 1.0, 'eval_train_mod5_acc': 1.0, 'eval_train_mod4_acc': 0.236, 'eval_train_runtime': 0.5606, 'eval_train_samples_per_second': 1783.814, 'eval_train_steps_per_second': 28.541, 'epoch': 271.28}
  Pushed checkpoint step-64000 to ijinyu1113/ft_mr4_70m_seed2_purenum
{'loss': 0.0, 'learning_rate': 7.701452705178236e-07, 'epoch': 272.34}
{'eval_eval_loss': 8.782479312685609e-07, 'eval_eval_token_acc': 0.9439481444000488, 'eval_eval_seq_acc': 0.0, 'eval_eval_move_acc': 1.0, 'eval_eval_mod5_acc': 1.0, 'eval_eval_mod4_acc': 0.261, 'eval_eval_runtime': 1.122, 'eval_eval_samples_per_second': 1782.598, 'eval_eval_steps_per_second': 28.522, 'epoch': 272.34}
{'eval_train_loss': 7.237049626240832e-09, 'eval_train_token_acc': 0.9458597645781743, 'eval_train_seq_acc': 0.0, 'eval_train_move_acc': 1.0, 'eval_train_mod5_acc': 1.0, 'eval_train_mod4_acc': 0.236, 'eval_train_runtime': 0.5613, 'eval_train_samples_per_second': 1781.507, 'eval_train_steps_per_second': 28.504, 'epoch': 272.34}
{'loss': 0.0, 'learning_rate': 7.125071909380315e-07, 'epoch': 273.4}
{'eval_eval_loss': 8.017794925763155e-07, 'eval_eval_token_acc': 0.9439481444000488, 'eval_eval_seq_acc': 0.0, 'eval_eval_move_acc': 1.0, 'eval_eval_mod5_acc': 1.0, 'eval_eval_mod4_acc': 0.261, 'eval_eval_runtime': 1.1189, 'eval_eval_samples_per_second': 1787.403, 'eval_eval_steps_per_second': 28.598, 'epoch': 273.4}
{'eval_train_loss': 7.347393804479907e-09, 'eval_train_token_acc': 0.9458597645781743, 'eval_train_seq_acc': 0.0, 'eval_train_move_acc': 1.0, 'eval_train_mod5_acc': 1.0, 'eval_train_mod4_acc': 0.236, 'eval_train_runtime': 0.5612, 'eval_train_samples_per_second': 1781.995, 'eval_train_steps_per_second': 28.512, 'epoch': 273.4}
{'loss': 0.0, 'learning_rate': 6.570582183570212e-07, 'epoch': 274.47}
{'eval_eval_loss': 7.66753657899244e-07, 'eval_eval_token_acc': 0.9439481444000488, 'eval_eval_seq_acc': 0.0, 'eval_eval_move_acc': 1.0, 'eval_eval_mod5_acc': 1.0, 'eval_eval_mod4_acc': 0.261, 'eval_eval_runtime': 1.1231, 'eval_eval_samples_per_second': 1780.85, 'eval_eval_steps_per_second': 28.494, 'epoch': 274.47}
{'eval_train_loss': 7.2581403109950315e-09, 'eval_train_token_acc': 0.9458597645781743, 'eval_train_seq_acc': 0.0, 'eval_train_move_acc': 1.0, 'eval_train_mod5_acc': 1.0, 'eval_train_mod4_acc': 0.236, 'eval_train_runtime': 0.5605, 'eval_train_samples_per_second': 1784.148, 'eval_train_steps_per_second': 28.546, 'epoch': 274.47}
{'loss': 0.0, 'learning_rate': 6.038068485784731e-07, 'epoch': 275.53}
{'eval_eval_loss': 7.529664003413927e-07, 'eval_eval_token_acc': 0.9439481444000488, 'eval_eval_seq_acc': 0.0, 'eval_eval_move_acc': 1.0, 'eval_eval_mod5_acc': 1.0, 'eval_eval_mod4_acc': 0.261, 'eval_eval_runtime': 1.1212, 'eval_eval_samples_per_second': 1783.814, 'eval_eval_steps_per_second': 28.541, 'epoch': 275.53}
{'eval_train_loss': 7.296680593071869e-09, 'eval_train_token_acc': 0.9458597645781743, 'eval_train_seq_acc': 0.0, 'eval_train_move_acc': 1.0, 'eval_train_mod5_acc': 1.0, 'eval_train_mod4_acc': 0.236, 'eval_train_runtime': 0.5612, 'eval_train_samples_per_second': 1781.978, 'eval_train_steps_per_second': 28.512, 'epoch': 275.53}
  Pushed checkpoint step-65000 to ijinyu1113/ft_mr4_70m_seed2_purenum
{'loss': 0.0, 'learning_rate': 5.527612406928457e-07, 'epoch': 276.6}
{'eval_eval_loss': 8.414991157223994e-07, 'eval_eval_token_acc': 0.9439481444000488, 'eval_eval_seq_acc': 0.0, 'eval_eval_move_acc': 1.0, 'eval_eval_mod5_acc': 1.0, 'eval_eval_mod4_acc': 0.261, 'eval_eval_runtime': 1.1229, 'eval_eval_samples_per_second': 1781.121, 'eval_eval_steps_per_second': 28.498, 'epoch': 276.6}
{'eval_train_loss': 7.278401437105231e-09, 'eval_train_token_acc': 0.9458597645781743, 'eval_train_seq_acc': 0.0, 'eval_train_move_acc': 1.0, 'eval_train_mod5_acc': 1.0, 'eval_train_mod4_acc': 0.236, 'eval_train_runtime': 0.5603, 'eval_train_samples_per_second': 1784.875, 'eval_train_steps_per_second': 28.558, 'epoch': 276.6}
{'loss': 0.0, 'learning_rate': 5.039292158272595e-07, 'epoch': 277.66}
{'eval_eval_loss': 7.779503903293516e-07, 'eval_eval_token_acc': 0.9439481444000488, 'eval_eval_seq_acc': 0.0, 'eval_eval_move_acc': 1.0, 'eval_eval_mod5_acc': 1.0, 'eval_eval_mod4_acc': 0.261, 'eval_eval_runtime': 1.1243, 'eval_eval_samples_per_second': 1778.882, 'eval_eval_steps_per_second': 28.462, 'epoch': 277.66}
{'eval_train_loss': 7.27200655248339e-09, 'eval_train_token_acc': 0.9458597645781743, 'eval_train_seq_acc': 0.0, 'eval_train_move_acc': 1.0, 'eval_train_mod5_acc': 1.0, 'eval_train_mod4_acc': 0.236, 'eval_train_runtime': 0.5621, 'eval_train_samples_per_second': 1778.928, 'eval_train_steps_per_second': 28.463, 'epoch': 277.66}
{'loss': 0.0, 'learning_rate': 4.573182559471523e-07, 'epoch': 278.72}
{'eval_eval_loss': 7.921975111457868e-07, 'eval_eval_token_acc': 0.9439481444000488, 'eval_eval_seq_acc': 0.0, 'eval_eval_move_acc': 1.0, 'eval_eval_mod5_acc': 1.0, 'eval_eval_mod4_acc': 0.261, 'eval_eval_runtime': 1.1241, 'eval_eval_samples_per_second': 1779.171, 'eval_eval_steps_per_second': 28.467, 'epoch': 278.72}
{'eval_train_loss': 7.2777242010602095e-09, 'eval_train_token_acc': 0.9458597645781743, 'eval_train_seq_acc': 0.0, 'eval_train_move_acc': 1.0, 'eval_train_mod5_acc': 1.0, 'eval_train_mod4_acc': 0.236, 'eval_train_runtime': 0.5627, 'eval_train_samples_per_second': 1777.219, 'eval_train_steps_per_second': 28.436, 'epoch': 278.72}
{'loss': 0.0, 'learning_rate': 4.1293550270990745e-07, 'epoch': 279.79}
{'eval_eval_loss': 8.228379897445848e-07, 'eval_eval_token_acc': 0.9439481444000488, 'eval_eval_seq_acc': 0.0, 'eval_eval_move_acc': 1.0, 'eval_eval_mod5_acc': 1.0, 'eval_eval_mod4_acc': 0.261, 'eval_eval_runtime': 1.1223, 'eval_eval_samples_per_second': 1782.044, 'eval_eval_steps_per_second': 28.513, 'epoch': 279.79}
{'eval_train_loss': 7.346298680488417e-09, 'eval_train_token_acc': 0.9458597645781743, 'eval_train_seq_acc': 0.0, 'eval_train_move_acc': 1.0, 'eval_train_mod5_acc': 1.0, 'eval_train_mod4_acc': 0.236, 'eval_train_runtime': 0.5615, 'eval_train_samples_per_second': 1780.826, 'eval_train_steps_per_second': 28.493, 'epoch': 279.79}
  Pushed checkpoint step-66000 to ijinyu1113/ft_mr4_70m_seed2_purenum
{'loss': 0.0, 'learning_rate': 3.707877563706158e-07, 'epoch': 280.85}
{'eval_eval_loss': 7.885510626692849e-07, 'eval_eval_token_acc': 0.9439481444000488, 'eval_eval_seq_acc': 0.0, 'eval_eval_move_acc': 1.0, 'eval_eval_mod5_acc': 1.0, 'eval_eval_mod4_acc': 0.261, 'eval_eval_runtime': 1.1233, 'eval_eval_samples_per_second': 1780.479, 'eval_eval_steps_per_second': 28.488, 'epoch': 280.85}
{'eval_train_loss': 7.249458366942463e-09, 'eval_train_token_acc': 0.9458597645781743, 'eval_train_seq_acc': 0.0, 'eval_train_move_acc': 1.0, 'eval_train_mod5_acc': 1.0, 'eval_train_mod4_acc': 0.236, 'eval_train_runtime': 0.5614, 'eval_train_samples_per_second': 1781.115, 'eval_train_steps_per_second': 28.498, 'epoch': 280.85}
{'loss': 0.0, 'learning_rate': 3.308814747401567e-07, 'epoch': 281.91}
{'eval_eval_loss': 8.22772165065544e-07, 'eval_eval_token_acc': 0.9439481444000488, 'eval_eval_seq_acc': 0.0, 'eval_eval_move_acc': 1.0, 'eval_eval_mod5_acc': 1.0, 'eval_eval_mod4_acc': 0.261, 'eval_eval_runtime': 1.1237, 'eval_eval_samples_per_second': 1779.807, 'eval_eval_steps_per_second': 28.477, 'epoch': 281.91}
{'eval_train_loss': 7.120674272442784e-09, 'eval_train_token_acc': 0.9458597645781743, 'eval_train_seq_acc': 0.0, 'eval_train_move_acc': 1.0, 'eval_train_mod5_acc': 1.0, 'eval_train_mod4_acc': 0.236, 'eval_train_runtime': 0.5638, 'eval_train_samples_per_second': 1773.68, 'eval_train_steps_per_second': 28.379, 'epoch': 281.91}
{'loss': 0.0, 'learning_rate': 2.9322277219574145e-07, 'epoch': 282.98}
{'eval_eval_loss': 8.252962402366393e-07, 'eval_eval_token_acc': 0.9439481444000488, 'eval_eval_seq_acc': 0.0, 'eval_eval_move_acc': 1.0, 'eval_eval_mod5_acc': 1.0, 'eval_eval_mod4_acc': 0.261, 'eval_eval_runtime': 1.1222, 'eval_eval_samples_per_second': 1782.289, 'eval_eval_steps_per_second': 28.517, 'epoch': 282.98}
{'eval_train_loss': 7.110339872440363e-09, 'eval_train_token_acc': 0.9458597645781743, 'eval_train_seq_acc': 0.0, 'eval_train_move_acc': 1.0, 'eval_train_mod5_acc': 1.0, 'eval_train_mod4_acc': 0.236, 'eval_train_runtime': 0.561, 'eval_train_samples_per_second': 1782.493, 'eval_train_steps_per_second': 28.52, 'epoch': 282.98}
{'loss': 0.0, 'learning_rate': 2.578174187440707e-07, 'epoch': 284.04}
{'eval_eval_loss': 8.421737902608584e-07, 'eval_eval_token_acc': 0.9439481444000488, 'eval_eval_seq_acc': 0.0, 'eval_eval_move_acc': 1.0, 'eval_eval_mod5_acc': 1.0, 'eval_eval_mod4_acc': 0.261, 'eval_eval_runtime': 1.122, 'eval_eval_samples_per_second': 1782.549, 'eval_eval_steps_per_second': 28.521, 'epoch': 284.04}
{'eval_train_loss': 7.086098374742278e-09, 'eval_train_token_acc': 0.9458597645781743, 'eval_train_seq_acc': 0.0, 'eval_train_move_acc': 1.0, 'eval_train_mod5_acc': 1.0, 'eval_train_mod4_acc': 0.236, 'eval_train_runtime': 0.5607, 'eval_train_samples_per_second': 1783.635, 'eval_train_steps_per_second': 28.538, 'epoch': 284.04}
  Pushed checkpoint step-67000 to ijinyu1113/ft_mr4_70m_seed2_purenum
{'loss': 0.0, 'learning_rate': 2.2467083913728036e-07, 'epoch': 285.11}
{'eval_eval_loss': 8.110204703370982e-07, 'eval_eval_token_acc': 0.9439481444000488, 'eval_eval_seq_acc': 0.0, 'eval_eval_move_acc': 1.0, 'eval_eval_mod5_acc': 1.0, 'eval_eval_mod4_acc': 0.261, 'eval_eval_runtime': 1.1231, 'eval_eval_samples_per_second': 1780.726, 'eval_eval_steps_per_second': 28.492, 'epoch': 285.11}
{'eval_train_loss': 7.075870112061011e-09, 'eval_train_token_acc': 0.9458597645781743, 'eval_train_seq_acc': 0.0, 'eval_train_move_acc': 1.0, 'eval_train_mod5_acc': 1.0, 'eval_train_mod4_acc': 0.236, 'eval_train_runtime': 0.5606, 'eval_train_samples_per_second': 1783.911, 'eval_train_steps_per_second': 28.543, 'epoch': 285.11}
{'loss': 0.0, 'learning_rate': 1.9378811204174617e-07, 'epoch': 286.17}
{'eval_eval_loss': 8.504811148668523e-07, 'eval_eval_token_acc': 0.9439481444000488, 'eval_eval_seq_acc': 0.0, 'eval_eval_move_acc': 1.0, 'eval_eval_mod5_acc': 1.0, 'eval_eval_mod4_acc': 0.261, 'eval_eval_runtime': 1.1231, 'eval_eval_samples_per_second': 1780.769, 'eval_eval_steps_per_second': 28.492, 'epoch': 286.17}
{'eval_train_loss': 6.989052891981373e-09, 'eval_train_token_acc': 0.9458597645781743, 'eval_train_seq_acc': 0.0, 'eval_train_move_acc': 1.0, 'eval_train_mod5_acc': 1.0, 'eval_train_mod4_acc': 0.236, 'eval_train_runtime': 0.5621, 'eval_train_samples_per_second': 1779.05, 'eval_train_steps_per_second': 28.465, 'epoch': 286.17}
{'loss': 0.0, 'learning_rate': 1.6517396925995797e-07, 'epoch': 287.23}
{'eval_eval_loss': 8.099927981675137e-07, 'eval_eval_token_acc': 0.9439481444000488, 'eval_eval_seq_acc': 0.0, 'eval_eval_move_acc': 1.0, 'eval_eval_mod5_acc': 1.0, 'eval_eval_mod4_acc': 0.261, 'eval_eval_runtime': 1.1237, 'eval_eval_samples_per_second': 1779.848, 'eval_eval_steps_per_second': 28.478, 'epoch': 287.23}
{'eval_train_loss': 6.987129097524303e-09, 'eval_train_token_acc': 0.9458597645781743, 'eval_train_seq_acc': 0.0, 'eval_train_move_acc': 1.0, 'eval_train_mod5_acc': 1.0, 'eval_train_mod4_acc': 0.236, 'eval_train_runtime': 0.5613, 'eval_train_samples_per_second': 1781.488, 'eval_train_steps_per_second': 28.504, 'epoch': 287.23}
{'loss': 0.0, 'learning_rate': 1.3883279500551295e-07, 'epoch': 288.3}
{'eval_eval_loss': 8.102228434836434e-07, 'eval_eval_token_acc': 0.9439481444000488, 'eval_eval_seq_acc': 0.0, 'eval_eval_move_acc': 1.0, 'eval_eval_mod5_acc': 1.0, 'eval_eval_mod4_acc': 0.261, 'eval_eval_runtime': 1.119, 'eval_eval_samples_per_second': 1787.336, 'eval_eval_steps_per_second': 28.597, 'epoch': 288.3}
{'eval_train_loss': 7.006916380447592e-09, 'eval_train_token_acc': 0.9458597645781743, 'eval_train_seq_acc': 0.0, 'eval_train_move_acc': 1.0, 'eval_train_mod5_acc': 1.0, 'eval_train_mod4_acc': 0.236, 'eval_train_runtime': 0.5605, 'eval_train_samples_per_second': 1784.223, 'eval_train_steps_per_second': 28.548, 'epoch': 288.3}
  Pushed checkpoint step-68000 to ijinyu1113/ft_mr4_70m_seed2_purenum
{'loss': 0.0, 'learning_rate': 1.1476862523137122e-07, 'epoch': 289.36}
{'eval_eval_loss': 8.270114904007642e-07, 'eval_eval_token_acc': 0.9439481444000488, 'eval_eval_seq_acc': 0.0, 'eval_eval_move_acc': 1.0, 'eval_eval_mod5_acc': 1.0, 'eval_eval_mod4_acc': 0.261, 'eval_eval_runtime': 1.1232, 'eval_eval_samples_per_second': 1780.627, 'eval_eval_steps_per_second': 28.49, 'epoch': 289.36}
{'eval_train_loss': 6.9906307409439705e-09, 'eval_train_token_acc': 0.9458597645781743, 'eval_train_seq_acc': 0.0, 'eval_train_move_acc': 1.0, 'eval_train_mod5_acc': 1.0, 'eval_train_mod4_acc': 0.236, 'eval_train_runtime': 0.56, 'eval_train_samples_per_second': 1785.751, 'eval_train_steps_per_second': 28.572, 'epoch': 289.36}
{'loss': 0.0, 'learning_rate': 9.298514701147898e-08, 'epoch': 290.43}
{'eval_eval_loss': 8.185193109966349e-07, 'eval_eval_token_acc': 0.9439481444000488, 'eval_eval_seq_acc': 0.0, 'eval_eval_move_acc': 1.0, 'eval_eval_mod5_acc': 1.0, 'eval_eval_mod4_acc': 0.261, 'eval_eval_runtime': 1.1217, 'eval_eval_samples_per_second': 1782.985, 'eval_eval_steps_per_second': 28.528, 'epoch': 290.43}
{'eval_train_loss': 6.986435430178517e-09, 'eval_train_token_acc': 0.9458597645781743, 'eval_train_seq_acc': 0.0, 'eval_train_move_acc': 1.0, 'eval_train_mod5_acc': 1.0, 'eval_train_mod4_acc': 0.236, 'eval_train_runtime': 0.5625, 'eval_train_samples_per_second': 1777.729, 'eval_train_steps_per_second': 28.444, 'epoch': 290.43}
{'loss': 0.0, 'learning_rate': 7.348569797583527e-08, 'epoch': 291.49}
{'eval_eval_loss': 8.240954230132047e-07, 'eval_eval_token_acc': 0.9439481444000488, 'eval_eval_seq_acc': 0.0, 'eval_eval_move_acc': 1.0, 'eval_eval_mod5_acc': 1.0, 'eval_eval_mod4_acc': 0.261, 'eval_eval_runtime': 1.1246, 'eval_eval_samples_per_second': 1778.396, 'eval_eval_steps_per_second': 28.454, 'epoch': 291.49}
{'eval_train_loss': 6.994389067926932e-09, 'eval_train_token_acc': 0.9458597645781743, 'eval_train_seq_acc': 0.0, 'eval_train_move_acc': 1.0, 'eval_train_mod5_acc': 1.0, 'eval_train_mod4_acc': 0.236, 'eval_train_runtime': 0.5668, 'eval_train_samples_per_second': 1764.344, 'eval_train_steps_per_second': 28.23, 'epoch': 291.49}
{'loss': 0.0, 'learning_rate': 5.627326579911107e-08, 'epoch': 292.55}
{'eval_eval_loss': 8.251888630184112e-07, 'eval_eval_token_acc': 0.9439481444000488, 'eval_eval_seq_acc': 0.0, 'eval_eval_move_acc': 1.0, 'eval_eval_mod5_acc': 1.0, 'eval_eval_mod4_acc': 0.261, 'eval_eval_runtime': 1.1254, 'eval_eval_samples_per_second': 1777.192, 'eval_eval_steps_per_second': 28.435, 'epoch': 292.55}
{'eval_train_loss': 6.961894616352993e-09, 'eval_train_token_acc': 0.9458597645781743, 'eval_train_seq_acc': 0.0, 'eval_train_move_acc': 1.0, 'eval_train_mod5_acc': 1.0, 'eval_train_mod4_acc': 0.236, 'eval_train_runtime': 0.5622, 'eval_train_samples_per_second': 1778.589, 'eval_train_steps_per_second': 28.457, 'epoch': 292.55}
  Pushed checkpoint step-69000 to ijinyu1113/ft_mr4_70m_seed2_purenum
{'loss': 0.0, 'learning_rate': 4.135048774287553e-08, 'epoch': 293.62}
{'eval_eval_loss': 8.253740588770597e-07, 'eval_eval_token_acc': 0.9439481444000488, 'eval_eval_seq_acc': 0.0, 'eval_eval_move_acc': 1.0, 'eval_eval_mod5_acc': 1.0, 'eval_eval_mod4_acc': 0.261, 'eval_eval_runtime': 1.1302, 'eval_eval_samples_per_second': 1769.648, 'eval_eval_steps_per_second': 28.314, 'epoch': 293.62}
{'eval_train_loss': 6.955911402428683e-09, 'eval_train_token_acc': 0.9458597645781743, 'eval_train_seq_acc': 0.0, 'eval_train_move_acc': 1.0, 'eval_train_mod5_acc': 1.0, 'eval_train_mod4_acc': 0.236, 'eval_train_runtime': 0.5598, 'eval_train_samples_per_second': 1786.485, 'eval_train_steps_per_second': 28.584, 'epoch': 293.62}
{'loss': 0.0, 'learning_rate': 2.8719650251529116e-08, 'epoch': 294.68}
{'eval_eval_loss': 8.284795853796822e-07, 'eval_eval_token_acc': 0.9439481444000488, 'eval_eval_seq_acc': 0.0, 'eval_eval_move_acc': 1.0, 'eval_eval_mod5_acc': 1.0, 'eval_eval_mod4_acc': 0.261, 'eval_eval_runtime': 1.1209, 'eval_eval_samples_per_second': 1784.306, 'eval_eval_steps_per_second': 28.549, 'epoch': 294.68}
{'eval_train_loss': 6.945807484726174e-09, 'eval_train_token_acc': 0.9458597645781743, 'eval_train_seq_acc': 0.0, 'eval_train_move_acc': 1.0, 'eval_train_mod5_acc': 1.0, 'eval_train_mod4_acc': 0.236, 'eval_train_runtime': 0.5605, 'eval_train_samples_per_second': 1784.095, 'eval_train_steps_per_second': 28.546, 'epoch': 294.68}
{'loss': 0.0, 'learning_rate': 1.8382688601967234e-08, 'epoch': 295.74}
{'eval_eval_loss': 8.265171231869317e-07, 'eval_eval_token_acc': 0.9439481444000488, 'eval_eval_seq_acc': 0.0, 'eval_eval_move_acc': 1.0, 'eval_eval_mod5_acc': 1.0, 'eval_eval_mod4_acc': 0.261, 'eval_eval_runtime': 1.1212, 'eval_eval_samples_per_second': 1783.852, 'eval_eval_steps_per_second': 28.542, 'epoch': 295.74}
{'eval_train_loss': 6.9498402588408226e-09, 'eval_train_token_acc': 0.9458597645781743, 'eval_train_seq_acc': 0.0, 'eval_train_move_acc': 1.0, 'eval_train_mod5_acc': 1.0, 'eval_train_mod4_acc': 0.236, 'eval_train_runtime': 0.5609, 'eval_train_samples_per_second': 1782.885, 'eval_train_steps_per_second': 28.526, 'epoch': 295.74}
{'loss': 0.0, 'learning_rate': 1.03411866070674e-08, 'epoch': 296.81}
{'eval_eval_loss': 8.273910339084978e-07, 'eval_eval_token_acc': 0.9439481444000488, 'eval_eval_seq_acc': 0.0, 'eval_eval_move_acc': 1.0, 'eval_eval_mod5_acc': 1.0, 'eval_eval_mod4_acc': 0.261, 'eval_eval_runtime': 1.1188, 'eval_eval_samples_per_second': 1787.571, 'eval_eval_steps_per_second': 28.601, 'epoch': 296.81}
{'eval_train_loss': 6.9478085507057585e-09, 'eval_train_token_acc': 0.9458597645781743, 'eval_train_seq_acc': 0.0, 'eval_train_move_acc': 1.0, 'eval_train_mod5_acc': 1.0, 'eval_train_mod4_acc': 0.236, 'eval_train_runtime': 0.5603, 'eval_train_samples_per_second': 1784.888, 'eval_train_steps_per_second': 28.558, 'epoch': 296.81}
  Pushed checkpoint step-70000 to ijinyu1113/ft_mr4_70m_seed2_purenum
{'loss': 0.0, 'learning_rate': 4.596376373016686e-09, 'epoch': 297.87}
{'eval_eval_loss': 8.275041523120308e-07, 'eval_eval_token_acc': 0.9439481444000488, 'eval_eval_seq_acc': 0.0, 'eval_eval_move_acc': 1.0, 'eval_eval_mod5_acc': 1.0, 'eval_eval_mod4_acc': 0.261, 'eval_eval_runtime': 1.1254, 'eval_eval_samples_per_second': 1777.124, 'eval_eval_steps_per_second': 28.434, 'epoch': 297.87}
{'eval_train_loss': 6.947801001189191e-09, 'eval_train_token_acc': 0.9458597645781743, 'eval_train_seq_acc': 0.0, 'eval_train_move_acc': 1.0, 'eval_train_mod5_acc': 1.0, 'eval_train_mod4_acc': 0.236, 'eval_train_runtime': 0.5605, 'eval_train_samples_per_second': 1784.258, 'eval_train_steps_per_second': 28.548, 'epoch': 297.87}
{'loss': 0.0, 'learning_rate': 1.149138110534409e-09, 'epoch': 298.94}
{'eval_eval_loss': 8.276567200482532e-07, 'eval_eval_token_acc': 0.9439481444000488, 'eval_eval_seq_acc': 0.0, 'eval_eval_move_acc': 1.0, 'eval_eval_mod5_acc': 1.0, 'eval_eval_mod4_acc': 0.261, 'eval_eval_runtime': 1.1193, 'eval_eval_samples_per_second': 1786.88, 'eval_eval_steps_per_second': 28.59, 'epoch': 298.94}
{'eval_train_loss': 6.949836262037934e-09, 'eval_train_token_acc': 0.9458597645781743, 'eval_train_seq_acc': 0.0, 'eval_train_move_acc': 1.0, 'eval_train_mod5_acc': 1.0, 'eval_train_mod4_acc': 0.236, 'eval_train_runtime': 0.5599, 'eval_train_samples_per_second': 1785.971, 'eval_train_steps_per_second': 28.576, 'epoch': 298.94}
{'loss': 0.0, 'learning_rate': 0.0, 'epoch': 300.0}
{'eval_eval_loss': 8.27558380933624e-07, 'eval_eval_token_acc': 0.9439481444000488, 'eval_eval_seq_acc': 0.0, 'eval_eval_move_acc': 1.0, 'eval_eval_mod5_acc': 1.0, 'eval_eval_mod4_acc': 0.261, 'eval_eval_runtime': 1.1284, 'eval_eval_samples_per_second': 1772.458, 'eval_eval_steps_per_second': 28.359, 'epoch': 300.0}
{'eval_train_loss': 6.949836262037934e-09, 'eval_train_token_acc': 0.9458597645781743, 'eval_train_seq_acc': 0.0, 'eval_train_move_acc': 1.0, 'eval_train_mod5_acc': 1.0, 'eval_train_mod4_acc': 0.236, 'eval_train_runtime': 0.5612, 'eval_train_samples_per_second': 1781.748, 'eval_train_steps_per_second': 28.508, 'epoch': 300.0}
{'train_runtime': 6455.1571, 'train_samples_per_second': 697.117, 'train_steps_per_second': 10.922, 'train_loss': 2.2873464522601226, 'epoch': 300.0}
  Pushed checkpoint step-70500 to ijinyu1113/ft_mr4_70m_seed2_purenum
Final eval: {'eval_loss': 8.27558380933624e-07, 'eval_token_acc': 0.9439481444000488, 'eval_seq_acc': 0.0, 'eval_move_acc': 1.0, 'eval_mod5_acc': 1.0, 'eval_mod4_acc': 0.261, 'eval_runtime': 1.1247, 'eval_samples_per_second': 1778.21, 'eval_steps_per_second': 28.451, 'epoch': 300.0}
Final train: {'train_loss': 6.949836262037934e-09, 'train_token_acc': 0.9458597645781743, 'train_seq_acc': 0.0, 'train_move_acc': 1.0, 'train_mod5_acc': 1.0, 'train_mod4_acc': 0.236, 'train_runtime': 0.5618, 'train_samples_per_second': 1779.952, 'train_steps_per_second': 28.479, 'epoch': 300.0}
