=== array task 7: mr=6 seed=2 size=70m lr=3e-5 eval=250 save=1000 ===
Config: max_remove=6, seed=2, model=70m (EleutherAI/pythia-70m-deduped), lr=3e-05
HF_REPO=ijinyu1113/ft_mr6_70m_seed2_purenum
TRAIN_FILE=../data/purenums/6_train.jsonl
EVAL_FILE=../data/purenums/6_eval.jsonl
METRICS_JSONL=new_result/purenum_metrics/mr6_70m_seed2.jsonl
Using base checkpoint: step143000
train: 15000 examples, eval: 2000 examples
train_acc subset: 1000 examples
train size=15000, steps/epoch=235, epochs=300 → ~70500 total steps
{'loss': 647.0399, 'learning_rate': 1.0638297872340427e-06, 'epoch': 1.06}
{'eval_eval_loss': 0.13532625138759613, 'eval_eval_token_acc': 0.9455557846978758, 'eval_eval_seq_acc': 0.0, 'eval_eval_move_acc': 0.1325, 'eval_eval_mod7_acc': 0.1495, 'eval_eval_mod4_acc': 0.2375, 'eval_eval_runtime': 1.145, 'eval_eval_samples_per_second': 1746.787, 'eval_eval_steps_per_second': 27.949, 'epoch': 1.06}
{'eval_train_loss': 0.13344016671180725, 'eval_train_token_acc': 0.9460857220118983, 'eval_train_seq_acc': 0.0, 'eval_train_move_acc': 0.139, 'eval_train_mod7_acc': 0.161, 'eval_train_mod4_acc': 0.283, 'eval_train_runtime': 0.5572, 'eval_train_samples_per_second': 1794.737, 'eval_train_steps_per_second': 28.716, 'epoch': 1.06}
{'loss': 0.0377, 'learning_rate': 2.1276595744680853e-06, 'epoch': 2.13}
{'eval_eval_loss': 0.03391097113490105, 'eval_eval_token_acc': 0.9462002474737059, 'eval_eval_seq_acc': 0.0, 'eval_eval_move_acc': 0.1245, 'eval_eval_mod7_acc': 0.1245, 'eval_eval_mod4_acc': 0.2465, 'eval_eval_runtime': 1.1131, 'eval_eval_samples_per_second': 1796.732, 'eval_eval_steps_per_second': 28.748, 'epoch': 2.13}
{'eval_train_loss': 0.03324685990810394, 'eval_train_token_acc': 0.94671106003245, 'eval_train_seq_acc': 0.0, 'eval_train_move_acc': 0.139, 'eval_train_mod7_acc': 0.139, 'eval_train_mod4_acc': 0.248, 'eval_train_runtime': 0.5565, 'eval_train_samples_per_second': 1796.823, 'eval_train_steps_per_second': 28.749, 'epoch': 2.13}
{'loss': 0.0333, 'learning_rate': 3.1914893617021277e-06, 'epoch': 3.19}
{'eval_eval_loss': 0.033634163439273834, 'eval_eval_token_acc': 0.9462002474737059, 'eval_eval_seq_acc': 0.0, 'eval_eval_move_acc': 0.1405, 'eval_eval_mod7_acc': 0.1435, 'eval_eval_mod4_acc': 0.249, 'eval_eval_runtime': 1.1108, 'eval_eval_samples_per_second': 1800.548, 'eval_eval_steps_per_second': 28.809, 'epoch': 3.19}
{'eval_train_loss': 0.033066075295209885, 'eval_train_token_acc': 0.94671106003245, 'eval_train_seq_acc': 0.0, 'eval_train_move_acc': 0.145, 'eval_train_mod7_acc': 0.148, 'eval_train_mod4_acc': 0.28, 'eval_train_runtime': 0.555, 'eval_train_samples_per_second': 1801.924, 'eval_train_steps_per_second': 28.831, 'epoch': 3.19}
  Pushed checkpoint step-1000 to ijinyu1113/ft_mr6_70m_seed2_purenum
{'loss': 0.0332, 'learning_rate': 4.255319148936171e-06, 'epoch': 4.26}
{'eval_eval_loss': 0.03353026136755943, 'eval_eval_token_acc': 0.9462002474737059, 'eval_eval_seq_acc': 0.0, 'eval_eval_move_acc': 0.151, 'eval_eval_mod7_acc': 0.151, 'eval_eval_mod4_acc': 0.2585, 'eval_eval_runtime': 1.1149, 'eval_eval_samples_per_second': 1793.96, 'eval_eval_steps_per_second': 28.703, 'epoch': 4.26}
{'eval_train_loss': 0.03308441862463951, 'eval_train_token_acc': 0.94671106003245, 'eval_train_seq_acc': 0.0, 'eval_train_move_acc': 0.128, 'eval_train_mod7_acc': 0.128, 'eval_train_mod4_acc': 0.24, 'eval_train_runtime': 0.5555, 'eval_train_samples_per_second': 1800.079, 'eval_train_steps_per_second': 28.801, 'epoch': 4.26}
{'loss': 0.0334, 'learning_rate': 5.319148936170213e-06, 'epoch': 5.32}
{'eval_eval_loss': 0.03370419517159462, 'eval_eval_token_acc': 0.9462002474737059, 'eval_eval_seq_acc': 0.0, 'eval_eval_move_acc': 0.1305, 'eval_eval_mod7_acc': 1.0, 'eval_eval_mod4_acc': 0.2567049808429119, 'eval_eval_runtime': 1.1154, 'eval_eval_samples_per_second': 1793.072, 'eval_eval_steps_per_second': 28.689, 'epoch': 5.32}
{'eval_train_loss': 0.03297971934080124, 'eval_train_token_acc': 0.94671106003245, 'eval_train_seq_acc': 0.0, 'eval_train_move_acc': 0.153, 'eval_train_mod7_acc': 1.0, 'eval_train_mod4_acc': 0.2549019607843137, 'eval_train_runtime': 0.5576, 'eval_train_samples_per_second': 1793.542, 'eval_train_steps_per_second': 28.697, 'epoch': 5.32}
{'loss': 0.0358, 'learning_rate': 6.3829787234042555e-06, 'epoch': 6.38}
{'eval_eval_loss': 0.033821191638708115, 'eval_eval_token_acc': 0.9462002474737059, 'eval_eval_seq_acc': 0.0, 'eval_eval_move_acc': 0.145, 'eval_eval_mod7_acc': 0.145, 'eval_eval_mod4_acc': 0.254, 'eval_eval_runtime': 1.1172, 'eval_eval_samples_per_second': 1790.184, 'eval_eval_steps_per_second': 28.643, 'epoch': 6.38}
{'eval_train_loss': 0.03334756940603256, 'eval_train_token_acc': 0.94671106003245, 'eval_train_seq_acc': 0.0, 'eval_train_move_acc': 0.137, 'eval_train_mod7_acc': 0.137, 'eval_train_mod4_acc': 0.275, 'eval_train_runtime': 0.5587, 'eval_train_samples_per_second': 1790.01, 'eval_train_steps_per_second': 28.64, 'epoch': 6.38}
{'loss': 0.0332, 'learning_rate': 7.446808510638298e-06, 'epoch': 7.45}
{'eval_eval_loss': 0.034053780138492584, 'eval_eval_token_acc': 0.9462002474737059, 'eval_eval_seq_acc': 0.0, 'eval_eval_move_acc': 0.1305, 'eval_eval_mod7_acc': 1.0, 'eval_eval_mod4_acc': 0.2567049808429119, 'eval_eval_runtime': 1.1151, 'eval_eval_samples_per_second': 1793.616, 'eval_eval_steps_per_second': 28.698, 'epoch': 7.45}
{'eval_train_loss': 0.033198464661836624, 'eval_train_token_acc': 0.94671106003245, 'eval_train_seq_acc': 0.0, 'eval_train_move_acc': 0.153, 'eval_train_mod7_acc': 1.0, 'eval_train_mod4_acc': 0.2549019607843137, 'eval_train_runtime': 0.5579, 'eval_train_samples_per_second': 1792.58, 'eval_train_steps_per_second': 28.681, 'epoch': 7.45}
  Pushed checkpoint step-2000 to ijinyu1113/ft_mr6_70m_seed2_purenum
{'loss': 0.038, 'learning_rate': 8.510638297872341e-06, 'epoch': 8.51}
{'eval_eval_loss': 0.03373352810740471, 'eval_eval_token_acc': 0.9462002474737059, 'eval_eval_seq_acc': 0.0, 'eval_eval_move_acc': 0.128, 'eval_eval_mod7_acc': 0.6790450928381963, 'eval_eval_mod4_acc': 0.26525198938992045, 'eval_eval_runtime': 1.1176, 'eval_eval_samples_per_second': 1789.507, 'eval_eval_steps_per_second': 28.632, 'epoch': 8.51}
{'eval_train_loss': 0.033006973564624786, 'eval_train_token_acc': 0.94671106003245, 'eval_train_seq_acc': 0.0, 'eval_train_move_acc': 0.156, 'eval_train_mod7_acc': 0.7722772277227723, 'eval_train_mod4_acc': 0.23267326732673269, 'eval_train_runtime': 0.5593, 'eval_train_samples_per_second': 1788.107, 'eval_train_steps_per_second': 28.61, 'epoch': 8.51}
{'loss': 0.0332, 'learning_rate': 9.574468085106385e-06, 'epoch': 9.57}
{'eval_eval_loss': 0.033597152680158615, 'eval_eval_token_acc': 0.9462002474737059, 'eval_eval_seq_acc': 0.0, 'eval_eval_move_acc': 0.1485, 'eval_eval_mod7_acc': 0.1485, 'eval_eval_mod4_acc': 0.242, 'eval_eval_runtime': 1.1178, 'eval_eval_samples_per_second': 1789.261, 'eval_eval_steps_per_second': 28.628, 'epoch': 9.57}
{'eval_train_loss': 0.03291738033294678, 'eval_train_token_acc': 0.94671106003245, 'eval_train_seq_acc': 0.0, 'eval_train_move_acc': 0.15, 'eval_train_mod7_acc': 0.15, 'eval_train_mod4_acc': 0.241, 'eval_train_runtime': 0.5586, 'eval_train_samples_per_second': 1790.169, 'eval_train_steps_per_second': 28.643, 'epoch': 9.57}
{'loss': 0.0332, 'learning_rate': 1.0638297872340426e-05, 'epoch': 10.64}
{'eval_eval_loss': 0.033687759190797806, 'eval_eval_token_acc': 0.9462002474737059, 'eval_eval_seq_acc': 0.0, 'eval_eval_move_acc': 0.1365, 'eval_eval_mod7_acc': 0.2355, 'eval_eval_mod4_acc': 0.269, 'eval_eval_runtime': 1.1166, 'eval_eval_samples_per_second': 1791.193, 'eval_eval_steps_per_second': 28.659, 'epoch': 10.64}
{'eval_train_loss': 0.032970428466796875, 'eval_train_token_acc': 0.94671106003245, 'eval_train_seq_acc': 0.0, 'eval_train_move_acc': 0.157, 'eval_train_mod7_acc': 0.28, 'eval_train_mod4_acc': 0.242, 'eval_train_runtime': 0.5603, 'eval_train_samples_per_second': 1784.866, 'eval_train_steps_per_second': 28.558, 'epoch': 10.64}
{'loss': 0.0333, 'learning_rate': 1.170212765957447e-05, 'epoch': 11.7}
{'eval_eval_loss': 0.03381120413541794, 'eval_eval_token_acc': 0.9462002474737059, 'eval_eval_seq_acc': 0.0, 'eval_eval_move_acc': 0.1255, 'eval_eval_mod7_acc': 0.1255, 'eval_eval_mod4_acc': 0.2465, 'eval_eval_runtime': 1.1158, 'eval_eval_samples_per_second': 1792.441, 'eval_eval_steps_per_second': 28.679, 'epoch': 11.7}
{'eval_train_loss': 0.03313938155770302, 'eval_train_token_acc': 0.94671106003245, 'eval_train_seq_acc': 0.0, 'eval_train_move_acc': 0.155, 'eval_train_mod7_acc': 0.155, 'eval_train_mod4_acc': 0.248, 'eval_train_runtime': 0.5593, 'eval_train_samples_per_second': 1788.008, 'eval_train_steps_per_second': 28.608, 'epoch': 11.7}
  Pushed checkpoint step-3000 to ijinyu1113/ft_mr6_70m_seed2_purenum
{'loss': 0.0334, 'learning_rate': 1.2765957446808511e-05, 'epoch': 12.77}
{'eval_eval_loss': 0.033697083592414856, 'eval_eval_token_acc': 0.9462002474737059, 'eval_eval_seq_acc': 0.0, 'eval_eval_move_acc': 0.1375, 'eval_eval_mod7_acc': 0.1741608613046232, 'eval_eval_mod4_acc': 0.25839138695376823, 'eval_eval_runtime': 1.1188, 'eval_eval_samples_per_second': 1787.663, 'eval_eval_steps_per_second': 28.603, 'epoch': 12.77}
{'eval_train_loss': 0.03302641212940216, 'eval_train_token_acc': 0.94671106003245, 'eval_train_seq_acc': 0.0, 'eval_train_move_acc': 0.162, 'eval_train_mod7_acc': 0.2004950495049505, 'eval_train_mod4_acc': 0.2537128712871287, 'eval_train_runtime': 0.5584, 'eval_train_samples_per_second': 1790.928, 'eval_train_steps_per_second': 28.655, 'epoch': 12.77}
{'loss': 0.0332, 'learning_rate': 1.3829787234042554e-05, 'epoch': 13.83}
{'eval_eval_loss': 0.03382483497262001, 'eval_eval_token_acc': 0.9462002474737059, 'eval_eval_seq_acc': 0.0, 'eval_eval_move_acc': 0.143, 'eval_eval_mod7_acc': 0.15092348284960422, 'eval_eval_mod4_acc': 0.23799472295514512, 'eval_eval_runtime': 1.1175, 'eval_eval_samples_per_second': 1789.68, 'eval_eval_steps_per_second': 28.635, 'epoch': 13.83}
{'eval_train_loss': 0.03285795450210571, 'eval_train_token_acc': 0.94671106003245, 'eval_train_seq_acc': 0.0, 'eval_train_move_acc': 0.159, 'eval_train_mod7_acc': 0.1689691817215728, 'eval_train_mod4_acc': 0.24229543039319873, 'eval_train_runtime': 0.5653, 'eval_train_samples_per_second': 1768.936, 'eval_train_steps_per_second': 28.303, 'epoch': 13.83}
{'loss': 0.0331, 'learning_rate': 1.4893617021276596e-05, 'epoch': 14.89}
{'eval_eval_loss': 0.03396976366639137, 'eval_eval_token_acc': 0.9462002474737059, 'eval_eval_seq_acc': 0.0, 'eval_eval_move_acc': 0.142, 'eval_eval_mod7_acc': 0.17046818727490998, 'eval_eval_mod4_acc': 0.24909963985594238, 'eval_eval_runtime': 1.1185, 'eval_eval_samples_per_second': 1788.129, 'eval_eval_steps_per_second': 28.61, 'epoch': 14.89}
{'eval_train_loss': 0.032672394067049026, 'eval_train_token_acc': 0.94671106003245, 'eval_train_seq_acc': 0.0, 'eval_train_move_acc': 0.173, 'eval_train_mod7_acc': 0.20868516284680338, 'eval_train_mod4_acc': 0.24849215922798554, 'eval_train_runtime': 0.5592, 'eval_train_samples_per_second': 1788.335, 'eval_train_steps_per_second': 28.613, 'epoch': 14.89}
{'loss': 0.0333, 'learning_rate': 1.5957446808510637e-05, 'epoch': 15.96}
{'eval_eval_loss': 0.0342380590736866, 'eval_eval_token_acc': 0.9462002474737059, 'eval_eval_seq_acc': 0.0, 'eval_eval_move_acc': 0.1445, 'eval_eval_mod7_acc': 0.1445, 'eval_eval_mod4_acc': 0.253, 'eval_eval_runtime': 1.1175, 'eval_eval_samples_per_second': 1789.784, 'eval_eval_steps_per_second': 28.637, 'epoch': 15.96}
{'eval_train_loss': 0.03292079269886017, 'eval_train_token_acc': 0.94671106003245, 'eval_train_seq_acc': 0.0, 'eval_train_move_acc': 0.139, 'eval_train_mod7_acc': 0.139, 'eval_train_mod4_acc': 0.274, 'eval_train_runtime': 0.5592, 'eval_train_samples_per_second': 1788.145, 'eval_train_steps_per_second': 28.61, 'epoch': 15.96}
  Pushed checkpoint step-4000 to ijinyu1113/ft_mr6_70m_seed2_purenum
{'loss': 0.0366, 'learning_rate': 1.7021276595744682e-05, 'epoch': 17.02}
{'eval_eval_loss': 0.03386542573571205, 'eval_eval_token_acc': 0.9462002474737059, 'eval_eval_seq_acc': 0.0, 'eval_eval_move_acc': 0.1495, 'eval_eval_mod7_acc': 0.31567944250871083, 'eval_eval_mod4_acc': 0.2515679442508711, 'eval_eval_runtime': 1.12, 'eval_eval_samples_per_second': 1785.671, 'eval_eval_steps_per_second': 28.571, 'epoch': 17.02}
{'eval_train_loss': 0.03263157978653908, 'eval_train_token_acc': 0.94671106003245, 'eval_train_seq_acc': 0.0, 'eval_train_move_acc': 0.19, 'eval_train_mod7_acc': 0.3559556786703601, 'eval_train_mod4_acc': 0.2299168975069252, 'eval_train_runtime': 0.5586, 'eval_train_samples_per_second': 1790.189, 'eval_train_steps_per_second': 28.643, 'epoch': 17.02}
{'loss': 0.033, 'learning_rate': 1.8085106382978724e-05, 'epoch': 18.09}
{'eval_eval_loss': 0.0342278890311718, 'eval_eval_token_acc': 0.9462002474737059, 'eval_eval_seq_acc': 0.0, 'eval_eval_move_acc': 0.1415, 'eval_eval_mod7_acc': 0.14164164164164164, 'eval_eval_mod4_acc': 0.25825825825825827, 'eval_eval_runtime': 1.1205, 'eval_eval_samples_per_second': 1784.922, 'eval_eval_steps_per_second': 28.559, 'epoch': 18.09}
{'eval_train_loss': 0.03270862624049187, 'eval_train_token_acc': 0.94671106003245, 'eval_train_seq_acc': 0.0, 'eval_train_move_acc': 0.176, 'eval_train_mod7_acc': 0.17670682730923695, 'eval_train_mod4_acc': 0.2459839357429719, 'eval_train_runtime': 0.5614, 'eval_train_samples_per_second': 1781.324, 'eval_train_steps_per_second': 28.501, 'epoch': 18.09}
{'loss': 0.0329, 'learning_rate': 1.914893617021277e-05, 'epoch': 19.15}
{'eval_eval_loss': 0.03422267735004425, 'eval_eval_token_acc': 0.9462002474737059, 'eval_eval_seq_acc': 0.0, 'eval_eval_move_acc': 0.1305, 'eval_eval_mod7_acc': 0.2030590717299578, 'eval_eval_mod4_acc': 0.2631856540084388, 'eval_eval_runtime': 1.1202, 'eval_eval_samples_per_second': 1785.349, 'eval_eval_steps_per_second': 28.566, 'epoch': 19.15}
{'eval_train_loss': 0.0321357436478138, 'eval_train_token_acc': 0.94671106003245, 'eval_train_seq_acc': 0.0, 'eval_train_move_acc': 0.221, 'eval_train_mod7_acc': 0.2987551867219917, 'eval_train_mod4_acc': 0.24066390041493776, 'eval_train_runtime': 0.5582, 'eval_train_samples_per_second': 1791.396, 'eval_train_steps_per_second': 28.662, 'epoch': 19.15}
{'loss': 0.0329, 'learning_rate': 2.0212765957446807e-05, 'epoch': 20.21}
{'eval_eval_loss': 0.034523338079452515, 'eval_eval_token_acc': 0.9462002474737059, 'eval_eval_seq_acc': 0.0, 'eval_eval_move_acc': 0.129, 'eval_eval_mod7_acc': 0.2152395915161037, 'eval_eval_mod4_acc': 0.27572663000785547, 'eval_eval_runtime': 1.1185, 'eval_eval_samples_per_second': 1788.157, 'eval_eval_steps_per_second': 28.611, 'epoch': 20.21}
{'eval_train_loss': 0.03198227286338806, 'eval_train_token_acc': 0.94671106003245, 'eval_train_seq_acc': 0.0, 'eval_train_move_acc': 0.214, 'eval_train_mod7_acc': 0.3323216995447648, 'eval_train_mod4_acc': 0.2488619119878604, 'eval_train_runtime': 0.5612, 'eval_train_samples_per_second': 1781.928, 'eval_train_steps_per_second': 28.511, 'epoch': 20.21}
  Pushed checkpoint step-5000 to ijinyu1113/ft_mr6_70m_seed2_purenum
{'loss': 0.0329, 'learning_rate': 2.1276595744680852e-05, 'epoch': 21.28}
{'eval_eval_loss': 0.035290829837322235, 'eval_eval_token_acc': 0.9462002474737059, 'eval_eval_seq_acc': 0.0, 'eval_eval_move_acc': 0.1295, 'eval_eval_mod7_acc': 0.14207650273224043, 'eval_eval_mod4_acc': 0.25191256830601094, 'eval_eval_runtime': 1.1173, 'eval_eval_samples_per_second': 1790.054, 'eval_eval_steps_per_second': 28.641, 'epoch': 21.28}
{'eval_train_loss': 0.03336578235030174, 'eval_train_token_acc': 0.94671106003245, 'eval_train_seq_acc': 0.0, 'eval_train_move_acc': 0.178, 'eval_train_mod7_acc': 0.1941112322791712, 'eval_train_mod4_acc': 0.23991275899672845, 'eval_train_runtime': 0.5584, 'eval_train_samples_per_second': 1790.696, 'eval_train_steps_per_second': 28.651, 'epoch': 21.28}
{'loss': 0.033, 'learning_rate': 2.2340425531914894e-05, 'epoch': 22.34}
{'eval_eval_loss': 0.034175463020801544, 'eval_eval_token_acc': 0.9462002474737059, 'eval_eval_seq_acc': 0.0, 'eval_eval_move_acc': 0.135, 'eval_eval_mod7_acc': 0.1892875715028601, 'eval_eval_mod4_acc': 0.26157046281851276, 'eval_eval_runtime': 1.12, 'eval_eval_samples_per_second': 1785.687, 'eval_eval_steps_per_second': 28.571, 'epoch': 22.34}
{'eval_train_loss': 0.032284900546073914, 'eval_train_token_acc': 0.94671106003245, 'eval_train_seq_acc': 0.0, 'eval_train_move_acc': 0.213, 'eval_train_mod7_acc': 0.26570545829042225, 'eval_train_mod4_acc': 0.2420185375901133, 'eval_train_runtime': 0.5645, 'eval_train_samples_per_second': 1771.531, 'eval_train_steps_per_second': 28.344, 'epoch': 22.34}
{'loss': 0.0329, 'learning_rate': 2.340425531914894e-05, 'epoch': 23.4}
{'eval_eval_loss': 0.03477572277188301, 'eval_eval_token_acc': 0.9462002474737059, 'eval_eval_seq_acc': 0.0, 'eval_eval_move_acc': 0.1245, 'eval_eval_mod7_acc': 0.13008130081300814, 'eval_eval_mod4_acc': 0.2652439024390244, 'eval_eval_runtime': 1.1223, 'eval_eval_samples_per_second': 1782.103, 'eval_eval_steps_per_second': 28.514, 'epoch': 23.4}
{'eval_train_loss': 0.032422490417957306, 'eval_train_token_acc': 0.94671106003245, 'eval_train_seq_acc': 0.0, 'eval_train_move_acc': 0.212, 'eval_train_mod7_acc': 0.21703853955375255, 'eval_train_mod4_acc': 0.24036511156186613, 'eval_train_runtime': 0.562, 'eval_train_samples_per_second': 1779.245, 'eval_train_steps_per_second': 28.468, 'epoch': 23.4}
{'loss': 0.0328, 'learning_rate': 2.4468085106382977e-05, 'epoch': 24.47}
{'eval_eval_loss': 0.03472684323787689, 'eval_eval_token_acc': 0.9462002474737059, 'eval_eval_seq_acc': 0.0, 'eval_eval_move_acc': 0.1315, 'eval_eval_mod7_acc': 0.1732233502538071, 'eval_eval_mod4_acc': 0.24555837563451777, 'eval_eval_runtime': 1.1211, 'eval_eval_samples_per_second': 1784.006, 'eval_eval_steps_per_second': 28.544, 'epoch': 24.47}
{'eval_train_loss': 0.03199358657002449, 'eval_train_token_acc': 0.94671106003245, 'eval_train_seq_acc': 0.0, 'eval_train_move_acc': 0.225, 'eval_train_mod7_acc': 0.2880299251870324, 'eval_train_mod4_acc': 0.2456359102244389, 'eval_train_runtime': 0.5605, 'eval_train_samples_per_second': 1784.231, 'eval_train_steps_per_second': 28.548, 'epoch': 24.47}
  Pushed checkpoint step-6000 to ijinyu1113/ft_mr6_70m_seed2_purenum
{'loss': 0.0329, 'learning_rate': 2.5531914893617022e-05, 'epoch': 25.53}
{'eval_eval_loss': 0.03432653471827507, 'eval_eval_token_acc': 0.9462002474737059, 'eval_eval_seq_acc': 0.0, 'eval_eval_move_acc': 0.1165, 'eval_eval_mod7_acc': 0.14066776135741654, 'eval_eval_mod4_acc': 0.2512315270935961, 'eval_eval_runtime': 1.1193, 'eval_eval_samples_per_second': 1786.893, 'eval_eval_steps_per_second': 28.59, 'epoch': 25.53}
{'eval_train_loss': 0.031942546367645264, 'eval_train_token_acc': 0.94671106003245, 'eval_train_seq_acc': 0.0, 'eval_train_move_acc': 0.219, 'eval_train_mod7_acc': 0.24516129032258063, 'eval_train_mod4_acc': 0.22688172043010751, 'eval_train_runtime': 0.5587, 'eval_train_samples_per_second': 1789.833, 'eval_train_steps_per_second': 28.637, 'epoch': 25.53}
{'loss': 0.0327, 'learning_rate': 2.6595744680851064e-05, 'epoch': 26.6}
{'eval_eval_loss': 0.034564170986413956, 'eval_eval_token_acc': 0.9462002474737059, 'eval_eval_seq_acc': 0.0, 'eval_eval_move_acc': 0.1305, 'eval_eval_mod7_acc': 0.16485225505443235, 'eval_eval_mod4_acc': 0.2524624157594609, 'eval_eval_runtime': 1.1178, 'eval_eval_samples_per_second': 1789.296, 'eval_eval_steps_per_second': 28.629, 'epoch': 26.6}
{'eval_train_loss': 0.032085318118333817, 'eval_train_token_acc': 0.94671106003245, 'eval_train_seq_acc': 0.0, 'eval_train_move_acc': 0.211, 'eval_train_mod7_acc': 0.24127310061601642, 'eval_train_mod4_acc': 0.2464065708418891, 'eval_train_runtime': 0.5598, 'eval_train_samples_per_second': 1786.246, 'eval_train_steps_per_second': 28.58, 'epoch': 26.6}
{'loss': 0.0328, 'learning_rate': 2.765957446808511e-05, 'epoch': 27.66}
{'eval_eval_loss': 0.034598853439092636, 'eval_eval_token_acc': 0.9462002474737059, 'eval_eval_seq_acc': 0.0, 'eval_eval_move_acc': 0.1235, 'eval_eval_mod7_acc': 0.15911542610571736, 'eval_eval_mod4_acc': 0.2594390507011866, 'eval_eval_runtime': 1.118, 'eval_eval_samples_per_second': 1788.92, 'eval_eval_steps_per_second': 28.623, 'epoch': 27.66}
{'eval_train_loss': 0.031691230833530426, 'eval_train_token_acc': 0.94671106003245, 'eval_train_seq_acc': 0.0, 'eval_train_move_acc': 0.234, 'eval_train_mod7_acc': 0.26834381551362685, 'eval_train_mod4_acc': 0.24423480083857443, 'eval_train_runtime': 0.5619, 'eval_train_samples_per_second': 1779.806, 'eval_train_steps_per_second': 28.477, 'epoch': 27.66}
{'loss': 0.0326, 'learning_rate': 2.872340425531915e-05, 'epoch': 28.72}
{'eval_eval_loss': 0.035039205104112625, 'eval_eval_token_acc': 0.9462002474737059, 'eval_eval_seq_acc': 0.0, 'eval_eval_move_acc': 0.1495, 'eval_eval_mod7_acc': 0.19156883671291355, 'eval_eval_mod4_acc': 0.23745997865528282, 'eval_eval_runtime': 1.1179, 'eval_eval_samples_per_second': 1789.096, 'eval_eval_steps_per_second': 28.626, 'epoch': 28.72}
{'eval_train_loss': 0.03241371735930443, 'eval_train_token_acc': 0.94671106003245, 'eval_train_seq_acc': 0.0, 'eval_train_move_acc': 0.199, 'eval_train_mod7_acc': 0.2346723044397463, 'eval_train_mod4_acc': 0.2463002114164905, 'eval_train_runtime': 0.5609, 'eval_train_samples_per_second': 1782.799, 'eval_train_steps_per_second': 28.525, 'epoch': 28.72}
  Pushed checkpoint step-7000 to ijinyu1113/ft_mr6_70m_seed2_purenum
{'loss': 0.0327, 'learning_rate': 2.9787234042553192e-05, 'epoch': 29.79}
{'eval_eval_loss': 0.034836359322071075, 'eval_eval_token_acc': 0.9462002474737059, 'eval_eval_seq_acc': 0.0, 'eval_eval_move_acc': 0.139, 'eval_eval_mod7_acc': 0.16436170212765958, 'eval_eval_mod4_acc': 0.25, 'eval_eval_runtime': 1.1229, 'eval_eval_samples_per_second': 1781.068, 'eval_eval_steps_per_second': 28.497, 'epoch': 29.79}
{'eval_train_loss': 0.03193485364317894, 'eval_train_token_acc': 0.94671106003245, 'eval_train_seq_acc': 0.0, 'eval_train_move_acc': 0.22, 'eval_train_mod7_acc': 0.24789915966386555, 'eval_train_mod4_acc': 0.2415966386554622, 'eval_train_runtime': 0.5611, 'eval_train_samples_per_second': 1782.259, 'eval_train_steps_per_second': 28.516, 'epoch': 29.79}
{'loss': 0.0327, 'learning_rate': 2.9999264548228676e-05, 'epoch': 30.85}
{'eval_eval_loss': 0.034382279962301254, 'eval_eval_token_acc': 0.9462002474737059, 'eval_eval_seq_acc': 0.0, 'eval_eval_move_acc': 0.1295, 'eval_eval_mod7_acc': 0.1644398766700925, 'eval_eval_mod4_acc': 0.2564234326824255, 'eval_eval_runtime': 1.1176, 'eval_eval_samples_per_second': 1789.486, 'eval_eval_steps_per_second': 28.632, 'epoch': 30.85}
{'eval_train_loss': 0.03207740932703018, 'eval_train_token_acc': 0.94671106003245, 'eval_train_seq_acc': 0.0, 'eval_train_move_acc': 0.207, 'eval_train_mod7_acc': 0.2310838445807771, 'eval_train_mod4_acc': 0.23415132924335377, 'eval_train_runtime': 0.5608, 'eval_train_samples_per_second': 1783.072, 'eval_train_steps_per_second': 28.529, 'epoch': 30.85}
{'loss': 0.0327, 'learning_rate': 2.9996276899008885e-05, 'epoch': 31.91}
{'eval_eval_loss': 0.03498163819313049, 'eval_eval_token_acc': 0.9462002474737059, 'eval_eval_seq_acc': 0.0, 'eval_eval_move_acc': 0.1325, 'eval_eval_mod7_acc': 0.15912557193695984, 'eval_eval_mod4_acc': 0.26385358413828164, 'eval_eval_runtime': 1.1197, 'eval_eval_samples_per_second': 1786.219, 'eval_eval_steps_per_second': 28.58, 'epoch': 31.91}
{'eval_train_loss': 0.031978145241737366, 'eval_train_token_acc': 0.94671106003245, 'eval_train_seq_acc': 0.0, 'eval_train_move_acc': 0.215, 'eval_train_mod7_acc': 0.23959390862944163, 'eval_train_mod4_acc': 0.24873096446700507, 'eval_train_runtime': 0.5611, 'eval_train_samples_per_second': 1782.126, 'eval_train_steps_per_second': 28.514, 'epoch': 31.91}
{'loss': 0.0326, 'learning_rate': 2.9990991544015662e-05, 'epoch': 32.98}
{'eval_eval_loss': 0.03477822244167328, 'eval_eval_token_acc': 0.9462002474737059, 'eval_eval_seq_acc': 0.0, 'eval_eval_move_acc': 0.1325, 'eval_eval_mod7_acc': 0.14181057038199896, 'eval_eval_mod4_acc': 0.24071166928309787, 'eval_eval_runtime': 1.1241, 'eval_eval_samples_per_second': 1779.219, 'eval_eval_steps_per_second': 28.468, 'epoch': 32.98}
{'eval_train_loss': 0.032210804522037506, 'eval_train_token_acc': 0.94671106003245, 'eval_train_seq_acc': 0.0, 'eval_train_move_acc': 0.195, 'eval_train_mod7_acc': 0.20435684647302904, 'eval_train_mod4_acc': 0.23858921161825727, 'eval_train_runtime': 0.5618, 'eval_train_samples_per_second': 1779.94, 'eval_train_steps_per_second': 28.479, 'epoch': 32.98}
  Pushed checkpoint step-8000 to ijinyu1113/ft_mr6_70m_seed2_purenum
{'loss': 0.0327, 'learning_rate': 2.9983409293062717e-05, 'epoch': 34.04}
{'eval_eval_loss': 0.03502146154642105, 'eval_eval_token_acc': 0.9462002474737059, 'eval_eval_seq_acc': 0.0, 'eval_eval_move_acc': 0.128, 'eval_eval_mod7_acc': 0.17933491686460806, 'eval_eval_mod4_acc': 0.26365795724465557, 'eval_eval_runtime': 1.124, 'eval_eval_samples_per_second': 1779.392, 'eval_eval_steps_per_second': 28.47, 'epoch': 34.04}
{'eval_train_loss': 0.031884051859378815, 'eval_train_token_acc': 0.94671106003245, 'eval_train_seq_acc': 0.0, 'eval_train_move_acc': 0.217, 'eval_train_mod7_acc': 0.27713625866050806, 'eval_train_mod4_acc': 0.2540415704387991, 'eval_train_runtime': 0.5612, 'eval_train_samples_per_second': 1781.786, 'eval_train_steps_per_second': 28.509, 'epoch': 34.04}
{'loss': 0.0326, 'learning_rate': 2.9973531307890522e-05, 'epoch': 35.11}
{'eval_eval_loss': 0.035135626792907715, 'eval_eval_token_acc': 0.946208840310717, 'eval_eval_seq_acc': 0.0, 'eval_eval_move_acc': 0.129, 'eval_eval_mod7_acc': 0.19203099059214168, 'eval_eval_mod4_acc': 0.2728278915329275, 'eval_eval_runtime': 1.1219, 'eval_eval_samples_per_second': 1782.701, 'eval_eval_steps_per_second': 28.523, 'epoch': 35.11}
{'eval_train_loss': 0.03159370273351669, 'eval_train_token_acc': 0.94671106003245, 'eval_train_seq_acc': 0.0, 'eval_train_move_acc': 0.222, 'eval_train_mod7_acc': 0.28555917480998916, 'eval_train_mod4_acc': 0.24212812160694897, 'eval_train_runtime': 0.5604, 'eval_train_samples_per_second': 1784.451, 'eval_train_steps_per_second': 28.551, 'epoch': 35.11}
{'loss': 0.0325, 'learning_rate': 2.9961359101988298e-05, 'epoch': 36.17}
{'eval_eval_loss': 0.03521062433719635, 'eval_eval_token_acc': 0.9462002474737059, 'eval_eval_seq_acc': 0.0, 'eval_eval_move_acc': 0.131, 'eval_eval_mod7_acc': 0.15076142131979695, 'eval_eval_mod4_acc': 0.2517766497461929, 'eval_eval_runtime': 1.1201, 'eval_eval_samples_per_second': 1785.618, 'eval_eval_steps_per_second': 28.57, 'epoch': 36.17}
{'eval_train_loss': 0.031826913356781006, 'eval_train_token_acc': 0.94671106003245, 'eval_train_seq_acc': 0.0, 'eval_train_move_acc': 0.22, 'eval_train_mod7_acc': 0.2399193548387097, 'eval_train_mod4_acc': 0.2550403225806452, 'eval_train_runtime': 0.5598, 'eval_train_samples_per_second': 1786.268, 'eval_train_steps_per_second': 28.58, 'epoch': 36.17}
{'loss': 0.0325, 'learning_rate': 2.9946894540362144e-05, 'epoch': 37.23}
{'eval_eval_loss': 0.03510098159313202, 'eval_eval_token_acc': 0.9462002474737059, 'eval_eval_seq_acc': 0.0, 'eval_eval_move_acc': 0.138, 'eval_eval_mod7_acc': 0.1790895447723862, 'eval_eval_mod4_acc': 0.25012506253126565, 'eval_eval_runtime': 1.1205, 'eval_eval_samples_per_second': 1784.934, 'eval_eval_steps_per_second': 28.559, 'epoch': 37.23}
{'eval_train_loss': 0.03168453276157379, 'eval_train_token_acc': 0.94671106003245, 'eval_train_seq_acc': 0.0, 'eval_train_move_acc': 0.228, 'eval_train_mod7_acc': 0.2680722891566265, 'eval_train_mod4_acc': 0.2540160642570281, 'eval_train_runtime': 0.5612, 'eval_train_samples_per_second': 1781.83, 'eval_train_steps_per_second': 28.509, 'epoch': 37.23}
  Pushed checkpoint step-9000 to ijinyu1113/ft_mr6_70m_seed2_purenum
{'loss': 0.0325, 'learning_rate': 2.9930139839249263e-05, 'epoch': 38.3}
{'eval_eval_loss': 0.035839591175317764, 'eval_eval_token_acc': 0.9462002474737059, 'eval_eval_seq_acc': 0.0, 'eval_eval_move_acc': 0.134, 'eval_eval_mod7_acc': 0.15, 'eval_eval_mod4_acc': 0.2565, 'eval_eval_runtime': 1.1187, 'eval_eval_samples_per_second': 1787.736, 'eval_eval_steps_per_second': 28.604, 'epoch': 38.3}
{'eval_train_loss': 0.03229474648833275, 'eval_train_token_acc': 0.94671106003245, 'eval_train_seq_acc': 0.0, 'eval_train_move_acc': 0.234, 'eval_train_mod7_acc': 0.25125125125125125, 'eval_train_mod4_acc': 0.2502502502502503, 'eval_train_runtime': 0.5589, 'eval_train_samples_per_second': 1789.312, 'eval_train_steps_per_second': 28.629, 'epoch': 38.3}
{'loss': 0.0325, 'learning_rate': 2.9911097565778392e-05, 'epoch': 39.36}
{'eval_eval_loss': 0.03568393737077713, 'eval_eval_token_acc': 0.9462002474737059, 'eval_eval_seq_acc': 0.0, 'eval_eval_move_acc': 0.1155, 'eval_eval_mod7_acc': 0.31717171717171716, 'eval_eval_mod4_acc': 0.2494949494949495, 'eval_eval_runtime': 1.1204, 'eval_eval_samples_per_second': 1785.12, 'eval_eval_steps_per_second': 28.562, 'epoch': 39.36}
{'eval_train_loss': 0.0319746658205986, 'eval_train_token_acc': 0.94671106003245, 'eval_train_seq_acc': 0.0, 'eval_train_move_acc': 0.192, 'eval_train_mod7_acc': 0.4145873320537428, 'eval_train_mod4_acc': 0.2514395393474088, 'eval_train_runtime': 0.5606, 'eval_train_samples_per_second': 1783.663, 'eval_train_steps_per_second': 28.539, 'epoch': 39.36}
{'loss': 0.0326, 'learning_rate': 2.98897706375765e-05, 'epoch': 40.43}
{'eval_eval_loss': 0.03567032143473625, 'eval_eval_token_acc': 0.9462002474737059, 'eval_eval_seq_acc': 0.0, 'eval_eval_move_acc': 0.1335, 'eval_eval_mod7_acc': 0.18590108015918136, 'eval_eval_mod4_acc': 0.25071063104036384, 'eval_eval_runtime': 1.1205, 'eval_eval_samples_per_second': 1784.987, 'eval_eval_steps_per_second': 28.56, 'epoch': 40.43}
{'eval_train_loss': 0.03231201320886612, 'eval_train_token_acc': 0.94671106003245, 'eval_train_seq_acc': 0.0, 'eval_train_move_acc': 0.205, 'eval_train_mod7_acc': 0.26042841037204056, 'eval_train_mod4_acc': 0.24239007891770012, 'eval_train_runtime': 0.5621, 'eval_train_samples_per_second': 1779.149, 'eval_train_steps_per_second': 28.466, 'epoch': 40.43}
{'loss': 0.0324, 'learning_rate': 2.9866162322321703e-05, 'epoch': 41.49}
{'eval_eval_loss': 0.03602149337530136, 'eval_eval_token_acc': 0.9462002474737059, 'eval_eval_seq_acc': 0.0, 'eval_eval_move_acc': 0.1265, 'eval_eval_mod7_acc': 0.175, 'eval_eval_mod4_acc': 0.2657608695652174, 'eval_eval_runtime': 1.1218, 'eval_eval_samples_per_second': 1782.824, 'eval_eval_steps_per_second': 28.525, 'epoch': 41.49}
{'eval_train_loss': 0.03171214461326599, 'eval_train_token_acc': 0.94671106003245, 'eval_train_seq_acc': 0.0, 'eval_train_move_acc': 0.231, 'eval_train_mod7_acc': 0.2838569880823402, 'eval_train_mod4_acc': 0.2513542795232936, 'eval_train_runtime': 0.5613, 'eval_train_samples_per_second': 1781.628, 'eval_train_steps_per_second': 28.506, 'epoch': 41.49}
  Pushed checkpoint step-10000 to ijinyu1113/ft_mr6_70m_seed2_purenum
{'loss': 0.0322, 'learning_rate': 2.9840276237242647e-05, 'epoch': 42.55}
{'eval_eval_loss': 0.03564789146184921, 'eval_eval_token_acc': 0.9462002474737059, 'eval_eval_seq_acc': 0.0, 'eval_eval_move_acc': 0.128, 'eval_eval_mod7_acc': 0.1469248291571754, 'eval_eval_mod4_acc': 0.2488610478359909, 'eval_eval_runtime': 1.1222, 'eval_eval_samples_per_second': 1782.268, 'eval_eval_steps_per_second': 28.516, 'epoch': 42.55}
{'eval_train_loss': 0.03174037113785744, 'eval_train_token_acc': 0.94671106003245, 'eval_train_seq_acc': 0.0, 'eval_train_move_acc': 0.211, 'eval_train_mod7_acc': 0.23555555555555555, 'eval_train_mod4_acc': 0.2544444444444444, 'eval_train_runtime': 0.5604, 'eval_train_samples_per_second': 1784.424, 'eval_train_steps_per_second': 28.551, 'epoch': 42.55}
{'loss': 0.0322, 'learning_rate': 2.981211634856424e-05, 'epoch': 43.62}
{'eval_eval_loss': 0.03518611937761307, 'eval_eval_token_acc': 0.9462002474737059, 'eval_eval_seq_acc': 0.0, 'eval_eval_move_acc': 0.1315, 'eval_eval_mod7_acc': 0.18005390835579516, 'eval_eval_mod4_acc': 0.2722371967654987, 'eval_eval_runtime': 1.1207, 'eval_eval_samples_per_second': 1784.579, 'eval_eval_steps_per_second': 28.553, 'epoch': 43.62}
{'eval_train_loss': 0.031583935022354126, 'eval_train_token_acc': 0.94671106003245, 'eval_train_seq_acc': 0.0, 'eval_train_move_acc': 0.211, 'eval_train_mod7_acc': 0.2604501607717042, 'eval_train_mod4_acc': 0.2604501607717042, 'eval_train_runtime': 0.5635, 'eval_train_samples_per_second': 1774.709, 'eval_train_steps_per_second': 28.395, 'epoch': 43.62}
{'loss': 0.0322, 'learning_rate': 2.9781686970899998e-05, 'epoch': 44.68}
{'eval_eval_loss': 0.03613938018679619, 'eval_eval_token_acc': 0.9462002474737059, 'eval_eval_seq_acc': 0.0, 'eval_eval_move_acc': 0.13, 'eval_eval_mod7_acc': 0.16247139588100687, 'eval_eval_mod4_acc': 0.2562929061784897, 'eval_eval_runtime': 1.1218, 'eval_eval_samples_per_second': 1782.912, 'eval_eval_steps_per_second': 28.527, 'epoch': 44.68}
{'eval_train_loss': 0.031589437276124954, 'eval_train_token_acc': 0.94671106003245, 'eval_train_seq_acc': 0.0, 'eval_train_move_acc': 0.227, 'eval_train_mod7_acc': 0.27147766323024053, 'eval_train_mod4_acc': 0.24169530355097366, 'eval_train_runtime': 0.5602, 'eval_train_samples_per_second': 1785.103, 'eval_train_steps_per_second': 28.562, 'epoch': 44.68}
{'loss': 0.032, 'learning_rate': 2.9748992766590924e-05, 'epoch': 45.74}
{'eval_eval_loss': 0.03512417525053024, 'eval_eval_token_acc': 0.9462002474737059, 'eval_eval_seq_acc': 0.0, 'eval_eval_move_acc': 0.1225, 'eval_eval_mod7_acc': 0.15160349854227406, 'eval_eval_mod4_acc': 0.2583090379008746, 'eval_eval_runtime': 1.1232, 'eval_eval_samples_per_second': 1780.583, 'eval_eval_steps_per_second': 28.489, 'epoch': 45.74}
{'eval_train_loss': 0.031219251453876495, 'eval_train_token_acc': 0.94671106003245, 'eval_train_seq_acc': 0.0, 'eval_train_move_acc': 0.241, 'eval_train_mod7_acc': 0.2875586854460094, 'eval_train_mod4_acc': 0.24882629107981222, 'eval_train_runtime': 0.5608, 'eval_train_samples_per_second': 1783.076, 'eval_train_steps_per_second': 28.529, 'epoch': 45.74}
  Pushed checkpoint step-11000 to ijinyu1113/ft_mr6_70m_seed2_purenum
{'loss': 0.032, 'learning_rate': 2.971403874499117e-05, 'epoch': 46.81}
{'eval_eval_loss': 0.035713229328393936, 'eval_eval_token_acc': 0.9462002474737059, 'eval_eval_seq_acc': 0.0, 'eval_eval_move_acc': 0.1275, 'eval_eval_mod7_acc': 0.16297662976629768, 'eval_eval_mod4_acc': 0.25030750307503075, 'eval_eval_runtime': 1.1209, 'eval_eval_samples_per_second': 1784.357, 'eval_eval_steps_per_second': 28.55, 'epoch': 46.81}
{'eval_train_loss': 0.031402237713336945, 'eval_train_token_acc': 0.94671106003245, 'eval_train_seq_acc': 0.0, 'eval_train_move_acc': 0.241, 'eval_train_mod7_acc': 0.2917166866746699, 'eval_train_mod4_acc': 0.2533013205282113, 'eval_train_runtime': 0.5617, 'eval_train_samples_per_second': 1780.321, 'eval_train_steps_per_second': 28.485, 'epoch': 46.81}
{'loss': 0.0321, 'learning_rate': 2.967683026170052e-05, 'epoch': 47.87}
{'eval_eval_loss': 0.035913169384002686, 'eval_eval_token_acc': 0.9462002474737059, 'eval_eval_seq_acc': 0.0, 'eval_eval_move_acc': 0.119, 'eval_eval_mod7_acc': 0.19280380176510523, 'eval_eval_mod4_acc': 0.27494908350305497, 'eval_eval_runtime': 1.1215, 'eval_eval_samples_per_second': 1783.392, 'eval_eval_steps_per_second': 28.534, 'epoch': 47.87}
{'eval_train_loss': 0.03070744313299656, 'eval_train_token_acc': 0.94671106003245, 'eval_train_seq_acc': 0.0, 'eval_train_move_acc': 0.241, 'eval_train_mod7_acc': 0.34966887417218545, 'eval_train_mod4_acc': 0.2675496688741722, 'eval_train_runtime': 0.561, 'eval_train_samples_per_second': 1782.404, 'eval_train_steps_per_second': 28.518, 'epoch': 47.87}
{'loss': 0.0319, 'learning_rate': 2.963737301774379e-05, 'epoch': 48.94}
{'eval_eval_loss': 0.03546915203332901, 'eval_eval_token_acc': 0.9462002474737059, 'eval_eval_seq_acc': 0.0, 'eval_eval_move_acc': 0.137, 'eval_eval_mod7_acc': 0.1737012987012987, 'eval_eval_mod4_acc': 0.2619047619047619, 'eval_eval_runtime': 1.1227, 'eval_eval_samples_per_second': 1781.404, 'eval_eval_steps_per_second': 28.502, 'epoch': 48.94}
{'eval_train_loss': 0.030740752816200256, 'eval_train_token_acc': 0.94671106003245, 'eval_train_seq_acc': 0.0, 'eval_train_move_acc': 0.254, 'eval_train_mod7_acc': 0.29894736842105263, 'eval_train_mod4_acc': 0.23789473684210527, 'eval_train_runtime': 0.5609, 'eval_train_samples_per_second': 1783.002, 'eval_train_steps_per_second': 28.528, 'epoch': 48.94}
{'loss': 0.0317, 'learning_rate': 2.959567305869736e-05, 'epoch': 50.0}
{'eval_eval_loss': 0.03568689897656441, 'eval_eval_token_acc': 0.9462002474737059, 'eval_eval_seq_acc': 0.0, 'eval_eval_move_acc': 0.1275, 'eval_eval_mod7_acc': 0.18809005083514888, 'eval_eval_mod4_acc': 0.2737835875090777, 'eval_eval_runtime': 1.1216, 'eval_eval_samples_per_second': 1783.224, 'eval_eval_steps_per_second': 28.532, 'epoch': 50.0}
{'eval_train_loss': 0.030718449503183365, 'eval_train_token_acc': 0.94671106003245, 'eval_train_seq_acc': 0.0, 'eval_train_move_acc': 0.271, 'eval_train_mod7_acc': 0.3793584379358438, 'eval_train_mod4_acc': 0.2482566248256625, 'eval_train_runtime': 0.5599, 'eval_train_samples_per_second': 1786.13, 'eval_train_steps_per_second': 28.578, 'epoch': 50.0}
  Pushed checkpoint step-12000 to ijinyu1113/ft_mr6_70m_seed2_purenum
{'loss': 0.0316, 'learning_rate': 2.955173677376284e-05, 'epoch': 51.06}
{'eval_eval_loss': 0.0374557189643383, 'eval_eval_token_acc': 0.9462002474737059, 'eval_eval_seq_acc': 0.0, 'eval_eval_move_acc': 0.1465, 'eval_eval_mod7_acc': 0.2606177606177606, 'eval_eval_mod4_acc': 0.2644787644787645, 'eval_eval_runtime': 1.12, 'eval_eval_samples_per_second': 1785.734, 'eval_eval_steps_per_second': 28.572, 'epoch': 51.06}
{'eval_train_loss': 0.030157525092363358, 'eval_train_token_acc': 0.94671106003245, 'eval_train_seq_acc': 0.0, 'eval_train_move_acc': 0.274, 'eval_train_mod7_acc': 0.4044943820224719, 'eval_train_mod4_acc': 0.2272159800249688, 'eval_train_runtime': 0.5602, 'eval_train_samples_per_second': 1784.987, 'eval_train_steps_per_second': 28.56, 'epoch': 51.06}
{'loss': 0.0314, 'learning_rate': 2.9505570894788162e-05, 'epoch': 52.13}
{'eval_eval_loss': 0.03781859949231148, 'eval_eval_token_acc': 0.9462002474737059, 'eval_eval_seq_acc': 0.0, 'eval_eval_move_acc': 0.135, 'eval_eval_mod7_acc': 0.15672451193058567, 'eval_eval_mod4_acc': 0.25813449023861174, 'eval_eval_runtime': 1.1259, 'eval_eval_samples_per_second': 1776.318, 'eval_eval_steps_per_second': 28.421, 'epoch': 52.13}
{'eval_train_loss': 0.030022235587239265, 'eval_train_token_acc': 0.94671106003245, 'eval_train_seq_acc': 0.0, 'eval_train_move_acc': 0.268, 'eval_train_mod7_acc': 0.296137339055794, 'eval_train_mod4_acc': 0.24678111587982832, 'eval_train_runtime': 0.5591, 'eval_train_samples_per_second': 1788.451, 'eval_train_steps_per_second': 28.615, 'epoch': 52.13}
{'loss': 0.0311, 'learning_rate': 2.9457182495236116e-05, 'epoch': 53.19}
{'eval_eval_loss': 0.037820231169462204, 'eval_eval_token_acc': 0.9462002474737059, 'eval_eval_seq_acc': 0.0, 'eval_eval_move_acc': 0.1365, 'eval_eval_mod7_acc': 0.2113095238095238, 'eval_eval_mod4_acc': 0.2619047619047619, 'eval_eval_runtime': 1.1206, 'eval_eval_samples_per_second': 1784.704, 'eval_eval_steps_per_second': 28.555, 'epoch': 53.19}
{'eval_train_loss': 0.029306313022971153, 'eval_train_token_acc': 0.94671106003245, 'eval_train_seq_acc': 0.0, 'eval_train_move_acc': 0.292, 'eval_train_mod7_acc': 0.3605051664753157, 'eval_train_mod4_acc': 0.22502870264064295, 'eval_train_runtime': 0.5609, 'eval_train_samples_per_second': 1782.873, 'eval_train_steps_per_second': 28.526, 'epoch': 53.19}
{'loss': 0.0309, 'learning_rate': 2.9406578989100573e-05, 'epoch': 54.26}
{'eval_eval_loss': 0.03698834404349327, 'eval_eval_token_acc': 0.9462002474737059, 'eval_eval_seq_acc': 0.0, 'eval_eval_move_acc': 0.1375, 'eval_eval_mod7_acc': 0.2069910897875257, 'eval_eval_mod4_acc': 0.23989033584647018, 'eval_eval_runtime': 1.12, 'eval_eval_samples_per_second': 1785.743, 'eval_eval_steps_per_second': 28.572, 'epoch': 54.26}
{'eval_train_loss': 0.0296944472938776, 'eval_train_token_acc': 0.94671106003245, 'eval_train_seq_acc': 0.0, 'eval_train_move_acc': 0.289, 'eval_train_mod7_acc': 0.3748411689961881, 'eval_train_mod4_acc': 0.2337992376111817, 'eval_train_runtime': 0.56, 'eval_train_samples_per_second': 1785.558, 'eval_train_steps_per_second': 28.569, 'epoch': 54.26}
  Pushed checkpoint step-13000 to ijinyu1113/ft_mr6_70m_seed2_purenum
{'loss': 0.0303, 'learning_rate': 2.9353768129770526e-05, 'epoch': 55.32}
{'eval_eval_loss': 0.03744281083345413, 'eval_eval_token_acc': 0.9462002474737059, 'eval_eval_seq_acc': 0.0, 'eval_eval_move_acc': 0.1565, 'eval_eval_mod7_acc': 0.2012745618693574, 'eval_eval_mod4_acc': 0.2527881040892193, 'eval_eval_runtime': 1.1198, 'eval_eval_samples_per_second': 1786.088, 'eval_eval_steps_per_second': 28.577, 'epoch': 55.32}
{'eval_train_loss': 0.028485143557190895, 'eval_train_token_acc': 0.94671106003245, 'eval_train_seq_acc': 0.0, 'eval_train_move_acc': 0.326, 'eval_train_mod7_acc': 0.36363636363636365, 'eval_train_mod4_acc': 0.2361546499477534, 'eval_train_runtime': 0.5617, 'eval_train_samples_per_second': 1780.445, 'eval_train_steps_per_second': 28.487, 'epoch': 55.32}
{'loss': 0.0286, 'learning_rate': 2.929875800884212e-05, 'epoch': 56.38}
{'eval_eval_loss': 0.03489000350236893, 'eval_eval_token_acc': 0.9462002474737059, 'eval_eval_seq_acc': 0.0, 'eval_eval_move_acc': 0.218, 'eval_eval_mod7_acc': 0.24847476428175264, 'eval_eval_mod4_acc': 0.24292845257903495, 'eval_eval_runtime': 1.1225, 'eval_eval_samples_per_second': 1781.744, 'eval_eval_steps_per_second': 28.508, 'epoch': 56.38}
{'eval_train_loss': 0.02582499012351036, 'eval_train_token_acc': 0.94671106003245, 'eval_train_seq_acc': 0.0, 'eval_train_move_acc': 0.367, 'eval_train_mod7_acc': 0.39978448275862066, 'eval_train_mod4_acc': 0.24892241379310345, 'eval_train_runtime': 0.5657, 'eval_train_samples_per_second': 1767.655, 'eval_train_steps_per_second': 28.282, 'epoch': 56.38}
{'loss': 0.0248, 'learning_rate': 2.9241557054878875e-05, 'epoch': 57.45}
{'eval_eval_loss': 0.029550781473517418, 'eval_eval_token_acc': 0.9462002474737059, 'eval_eval_seq_acc': 0.0, 'eval_eval_move_acc': 0.312, 'eval_eval_mod7_acc': 0.34650785056848943, 'eval_eval_mod4_acc': 0.2425554953979426, 'eval_eval_runtime': 1.1363, 'eval_eval_samples_per_second': 1760.151, 'eval_eval_steps_per_second': 28.162, 'epoch': 57.45}
{'eval_train_loss': 0.02205573581159115, 'eval_train_token_acc': 0.94671106003245, 'eval_train_seq_acc': 0.0, 'eval_train_move_acc': 0.464, 'eval_train_mod7_acc': 0.4880083420229406, 'eval_train_mod4_acc': 0.2283628779979145, 'eval_train_runtime': 0.5656, 'eval_train_samples_per_second': 1768.006, 'eval_train_steps_per_second': 28.288, 'epoch': 57.45}
{'loss': 0.0186, 'learning_rate': 2.9182174032120284e-05, 'epoch': 58.51}
{'eval_eval_loss': 0.01926913857460022, 'eval_eval_token_acc': 0.9462002474737059, 'eval_eval_seq_acc': 0.0, 'eval_eval_move_acc': 0.549, 'eval_eval_mod7_acc': 0.5766839378238342, 'eval_eval_mod4_acc': 0.26424870466321243, 'eval_eval_runtime': 1.1212, 'eval_eval_samples_per_second': 1783.79, 'eval_eval_steps_per_second': 28.541, 'epoch': 58.51}
{'eval_train_loss': 0.014028960838913918, 'eval_train_token_acc': 0.94671106003245, 'eval_train_seq_acc': 0.0, 'eval_train_move_acc': 0.685, 'eval_train_mod7_acc': 0.7024291497975709, 'eval_train_mod4_acc': 0.22773279352226722, 'eval_train_runtime': 0.5597, 'eval_train_samples_per_second': 1786.742, 'eval_train_steps_per_second': 28.588, 'epoch': 58.51}
  Pushed checkpoint step-14000 to ijinyu1113/ft_mr6_70m_seed2_purenum
{'loss': 0.0116, 'learning_rate': 2.9120618039138956e-05, 'epoch': 59.57}
{'eval_eval_loss': 0.009891834110021591, 'eval_eval_token_acc': 0.9462002474737059, 'eval_eval_seq_acc': 0.0, 'eval_eval_move_acc': 0.759, 'eval_eval_mod7_acc': 0.7969569779643232, 'eval_eval_mod4_acc': 0.24711437565582373, 'eval_eval_runtime': 1.1231, 'eval_eval_samples_per_second': 1780.768, 'eval_eval_steps_per_second': 28.492, 'epoch': 59.57}
{'eval_train_loss': 0.0057248277589678764, 'eval_train_token_acc': 0.94671106003245, 'eval_train_seq_acc': 0.0, 'eval_train_move_acc': 0.87, 'eval_train_mod7_acc': 0.8868501529051988, 'eval_train_mod4_acc': 0.24057084607543322, 'eval_train_runtime': 0.5625, 'eval_train_samples_per_second': 1777.644, 'eval_train_steps_per_second': 28.442, 'epoch': 59.57}
{'loss': 0.0059, 'learning_rate': 2.9056898507446553e-05, 'epoch': 60.64}
{'eval_eval_loss': 0.0071521177887916565, 'eval_eval_token_acc': 0.9462002474737059, 'eval_eval_seq_acc': 0.0, 'eval_eval_move_acc': 0.828, 'eval_eval_mod7_acc': 0.8446255731023943, 'eval_eval_mod4_acc': 0.24197656647987772, 'eval_eval_runtime': 1.1244, 'eval_eval_samples_per_second': 1778.786, 'eval_eval_steps_per_second': 28.461, 'epoch': 60.64}
{'eval_train_loss': 0.003771372139453888, 'eval_train_token_acc': 0.94671106003245, 'eval_train_seq_acc': 0.0, 'eval_train_move_acc': 0.91, 'eval_train_mod7_acc': 0.914572864321608, 'eval_train_mod4_acc': 0.2442211055276382, 'eval_train_runtime': 0.5607, 'eval_train_samples_per_second': 1783.333, 'eval_train_steps_per_second': 28.533, 'epoch': 60.64}
{'loss': 0.003, 'learning_rate': 2.8991025200048707e-05, 'epoch': 61.7}
{'eval_eval_loss': 0.010126132518053055, 'eval_eval_token_acc': 0.9462002474737059, 'eval_eval_seq_acc': 0.0, 'eval_eval_move_acc': 0.7925, 'eval_eval_mod7_acc': 0.8029381965552178, 'eval_eval_mod4_acc': 0.2548125633232016, 'eval_eval_runtime': 1.1264, 'eval_eval_samples_per_second': 1775.57, 'eval_eval_steps_per_second': 28.409, 'epoch': 61.7}
{'eval_train_loss': 0.006012010853737593, 'eval_train_token_acc': 0.94671106003245, 'eval_train_seq_acc': 0.0, 'eval_train_move_acc': 0.865, 'eval_train_mod7_acc': 0.8710976837865055, 'eval_train_mod4_acc': 0.23464249748237664, 'eval_train_runtime': 0.5649, 'eval_train_samples_per_second': 1770.295, 'eval_train_steps_per_second': 28.325, 'epoch': 61.7}
{'loss': 0.0025, 'learning_rate': 2.892300820994915e-05, 'epoch': 62.77}
{'eval_eval_loss': 0.0028841234743595123, 'eval_eval_token_acc': 0.9462002474737059, 'eval_eval_seq_acc': 0.0, 'eval_eval_move_acc': 0.942, 'eval_eval_mod7_acc': 0.9544072948328267, 'eval_eval_mod4_acc': 0.24924012158054712, 'eval_eval_runtime': 1.1191, 'eval_eval_samples_per_second': 1787.084, 'eval_eval_steps_per_second': 28.593, 'epoch': 62.77}
{'eval_train_loss': 0.0014948496827855706, 'eval_train_token_acc': 0.94671106003245, 'eval_train_seq_acc': 0.0, 'eval_train_move_acc': 0.975, 'eval_train_mod7_acc': 0.9779338014042126, 'eval_train_mod4_acc': 0.23671013039117353, 'eval_train_runtime': 0.562, 'eval_train_samples_per_second': 1779.476, 'eval_train_steps_per_second': 28.472, 'epoch': 62.77}
  Pushed checkpoint step-15000 to ijinyu1113/ft_mr6_70m_seed2_purenum
{'loss': 0.0013, 'learning_rate': 2.8852857958603282e-05, 'epoch': 63.83}
{'eval_eval_loss': 0.0014518123352900147, 'eval_eval_token_acc': 0.9462002474737059, 'eval_eval_seq_acc': 0.0, 'eval_eval_move_acc': 0.9705, 'eval_eval_mod7_acc': 0.9709854927463731, 'eval_eval_mod4_acc': 0.24912456228114058, 'eval_eval_runtime': 1.1239, 'eval_eval_samples_per_second': 1779.553, 'eval_eval_steps_per_second': 28.473, 'epoch': 63.83}
{'eval_train_loss': 0.000499835005030036, 'eval_train_token_acc': 0.94671106003245, 'eval_train_seq_acc': 0.0, 'eval_train_move_acc': 0.986, 'eval_train_mod7_acc': 0.986, 'eval_train_mod4_acc': 0.237, 'eval_train_runtime': 0.5623, 'eval_train_samples_per_second': 1778.383, 'eval_train_steps_per_second': 28.454, 'epoch': 63.83}
{'loss': 0.0011, 'learning_rate': 2.878058519432141e-05, 'epoch': 64.89}
{'eval_eval_loss': 0.0019244722789153457, 'eval_eval_token_acc': 0.9462002474737059, 'eval_eval_seq_acc': 0.0, 'eval_eval_move_acc': 0.9635, 'eval_eval_mod7_acc': 0.9663991975927784, 'eval_eval_mod4_acc': 0.24874623871614845, 'eval_eval_runtime': 1.132, 'eval_eval_samples_per_second': 1766.764, 'eval_eval_steps_per_second': 28.268, 'epoch': 64.89}
{'eval_train_loss': 0.0006730353343300521, 'eval_train_token_acc': 0.94671106003245, 'eval_train_seq_acc': 0.0, 'eval_train_move_acc': 0.986, 'eval_train_mod7_acc': 0.986, 'eval_train_mod4_acc': 0.241, 'eval_train_runtime': 0.5638, 'eval_train_samples_per_second': 1773.755, 'eval_train_steps_per_second': 28.38, 'epoch': 64.89}
{'loss': 0.0017, 'learning_rate': 2.87062009906219e-05, 'epoch': 65.96}
{'eval_eval_loss': 0.0017997890245169401, 'eval_eval_token_acc': 0.9462002474737059, 'eval_eval_seq_acc': 0.0, 'eval_eval_move_acc': 0.9625, 'eval_eval_mod7_acc': 0.9683098591549296, 'eval_eval_mod4_acc': 0.2454728370221328, 'eval_eval_runtime': 1.1166, 'eval_eval_samples_per_second': 1791.077, 'eval_eval_steps_per_second': 28.657, 'epoch': 65.96}
{'eval_train_loss': 0.000568498857319355, 'eval_train_token_acc': 0.94671106003245, 'eval_train_seq_acc': 0.0, 'eval_train_move_acc': 0.993, 'eval_train_mod7_acc': 0.993993993993994, 'eval_train_mod4_acc': 0.23523523523523523, 'eval_train_runtime': 0.5577, 'eval_train_samples_per_second': 1793.158, 'eval_train_steps_per_second': 28.691, 'epoch': 65.96}
{'loss': 0.0006, 'learning_rate': 2.862971674453453e-05, 'epoch': 67.02}
{'eval_eval_loss': 0.001335702370852232, 'eval_eval_token_acc': 0.9462002474737059, 'eval_eval_seq_acc': 0.0, 'eval_eval_move_acc': 0.976, 'eval_eval_mod7_acc': 0.9789368104312939, 'eval_eval_mod4_acc': 0.24573721163490472, 'eval_eval_runtime': 1.1192, 'eval_eval_samples_per_second': 1786.915, 'eval_eval_steps_per_second': 28.591, 'epoch': 67.02}
{'eval_train_loss': 0.00028018042212352157, 'eval_train_token_acc': 0.94671106003245, 'eval_train_seq_acc': 0.0, 'eval_train_move_acc': 0.996, 'eval_train_mod7_acc': 0.996, 'eval_train_mod4_acc': 0.238, 'eval_train_runtime': 0.5595, 'eval_train_samples_per_second': 1787.271, 'eval_train_steps_per_second': 28.596, 'epoch': 67.02}
  Pushed checkpoint step-16000 to ijinyu1113/ft_mr6_70m_seed2_purenum
{'loss': 0.0011, 'learning_rate': 2.8551144174854237e-05, 'epoch': 68.09}
{'eval_eval_loss': 0.0013720504939556122, 'eval_eval_token_acc': 0.9462002474737059, 'eval_eval_seq_acc': 0.0, 'eval_eval_move_acc': 0.9695, 'eval_eval_mod7_acc': 0.9729051680883091, 'eval_eval_mod4_acc': 0.2483692925238334, 'eval_eval_runtime': 1.1127, 'eval_eval_samples_per_second': 1797.454, 'eval_eval_steps_per_second': 28.759, 'epoch': 68.09}
{'eval_train_loss': 0.0004665254964493215, 'eval_train_token_acc': 0.94671106003245, 'eval_train_seq_acc': 0.0, 'eval_train_move_acc': 0.99, 'eval_train_mod7_acc': 0.99, 'eval_train_mod4_acc': 0.234, 'eval_train_runtime': 0.5572, 'eval_train_samples_per_second': 1794.587, 'eval_train_steps_per_second': 28.713, 'epoch': 68.09}
{'loss': 0.0014, 'learning_rate': 2.8470495320345588e-05, 'epoch': 69.15}
{'eval_eval_loss': 0.004054154269397259, 'eval_eval_token_acc': 0.9462002474737059, 'eval_eval_seq_acc': 0.0, 'eval_eval_move_acc': 0.91, 'eval_eval_mod7_acc': 0.935251798561151, 'eval_eval_mod4_acc': 0.25436793422404935, 'eval_eval_runtime': 1.121, 'eval_eval_samples_per_second': 1784.046, 'eval_eval_steps_per_second': 28.545, 'epoch': 69.15}
{'eval_train_loss': 0.002463428070768714, 'eval_train_token_acc': 0.94671106003245, 'eval_train_seq_acc': 0.0, 'eval_train_move_acc': 0.951, 'eval_train_mod7_acc': 0.9635258358662614, 'eval_train_mod4_acc': 0.23302938196555217, 'eval_train_runtime': 0.5599, 'eval_train_samples_per_second': 1786.186, 'eval_train_steps_per_second': 28.579, 'epoch': 69.15}
{'loss': 0.0007, 'learning_rate': 2.838778253789822e-05, 'epoch': 70.21}
{'eval_eval_loss': 0.002632739255204797, 'eval_eval_token_acc': 0.9462002474737059, 'eval_eval_seq_acc': 0.0, 'eval_eval_move_acc': 0.947, 'eval_eval_mod7_acc': 0.9512807634354595, 'eval_eval_mod4_acc': 0.24811652435961828, 'eval_eval_runtime': 1.1177, 'eval_eval_samples_per_second': 1789.387, 'eval_eval_steps_per_second': 28.63, 'epoch': 70.21}
{'eval_train_loss': 0.0014059607638046145, 'eval_train_token_acc': 0.94671106003245, 'eval_train_seq_acc': 0.0, 'eval_train_move_acc': 0.972, 'eval_train_mod7_acc': 0.972972972972973, 'eval_train_mod4_acc': 0.24224224224224225, 'eval_train_runtime': 0.56, 'eval_train_samples_per_second': 1785.855, 'eval_train_steps_per_second': 28.574, 'epoch': 70.21}
{'loss': 0.0011, 'learning_rate': 2.830301850063354e-05, 'epoch': 71.28}
{'eval_eval_loss': 0.0016413386911153793, 'eval_eval_token_acc': 0.9462002474737059, 'eval_eval_seq_acc': 0.0, 'eval_eval_move_acc': 0.9665, 'eval_eval_mod7_acc': 0.9698946312092324, 'eval_eval_mod4_acc': 0.24385348720521827, 'eval_eval_runtime': 1.1174, 'eval_eval_samples_per_second': 1789.858, 'eval_eval_steps_per_second': 28.638, 'epoch': 71.28}
{'eval_train_loss': 0.0007360780728049576, 'eval_train_token_acc': 0.94671106003245, 'eval_train_seq_acc': 0.0, 'eval_train_move_acc': 0.987, 'eval_train_mod7_acc': 0.9889779559118237, 'eval_train_mod4_acc': 0.23346693386773548, 'eval_train_runtime': 0.5601, 'eval_train_samples_per_second': 1785.407, 'eval_train_steps_per_second': 28.567, 'epoch': 71.28}
  Pushed checkpoint step-17000 to ijinyu1113/ft_mr6_70m_seed2_purenum
{'loss': 0.0006, 'learning_rate': 2.8216216195962963e-05, 'epoch': 72.34}
{'eval_eval_loss': 0.0008444930426776409, 'eval_eval_token_acc': 0.9462002474737059, 'eval_eval_seq_acc': 0.0, 'eval_eval_move_acc': 0.984, 'eval_eval_mod7_acc': 0.9844922461230615, 'eval_eval_mod4_acc': 0.24612306153076538, 'eval_eval_runtime': 1.1147, 'eval_eval_samples_per_second': 1794.187, 'eval_eval_steps_per_second': 28.707, 'epoch': 72.34}
{'eval_train_loss': 0.0004208725586067885, 'eval_train_token_acc': 0.94671106003245, 'eval_train_seq_acc': 0.0, 'eval_train_move_acc': 0.995, 'eval_train_mod7_acc': 0.995995995995996, 'eval_train_mod4_acc': 0.23523523523523523, 'eval_train_runtime': 0.5585, 'eval_train_samples_per_second': 1790.418, 'eval_train_steps_per_second': 28.647, 'epoch': 72.34}
{'loss': 0.001, 'learning_rate': 2.812738892359801e-05, 'epoch': 73.4}
{'eval_eval_loss': 0.0017322245985269547, 'eval_eval_token_acc': 0.9462002474737059, 'eval_eval_seq_acc': 0.0, 'eval_eval_move_acc': 0.964, 'eval_eval_mod7_acc': 0.9659318637274549, 'eval_eval_mod4_acc': 0.25100200400801603, 'eval_eval_runtime': 1.1276, 'eval_eval_samples_per_second': 1773.737, 'eval_eval_steps_per_second': 28.38, 'epoch': 73.4}
{'eval_train_loss': 0.0009717671782709658, 'eval_train_token_acc': 0.94671106003245, 'eval_train_seq_acc': 0.0, 'eval_train_move_acc': 0.982, 'eval_train_mod7_acc': 0.9839679358717435, 'eval_train_mod4_acc': 0.23446893787575152, 'eval_train_runtime': 0.5641, 'eval_train_samples_per_second': 1772.585, 'eval_train_steps_per_second': 28.361, 'epoch': 73.4}
{'loss': 0.0006, 'learning_rate': 2.8036550293512534e-05, 'epoch': 74.47}
{'eval_eval_loss': 0.0008024442358873785, 'eval_eval_token_acc': 0.9462002474737059, 'eval_eval_seq_acc': 0.0, 'eval_eval_move_acc': 0.982, 'eval_eval_mod7_acc': 0.9849548645937813, 'eval_eval_mod4_acc': 0.24674022066198595, 'eval_eval_runtime': 1.1248, 'eval_eval_samples_per_second': 1778.031, 'eval_eval_steps_per_second': 28.448, 'epoch': 74.47}
{'eval_train_loss': 0.0001947040727827698, 'eval_train_token_acc': 0.94671106003245, 'eval_train_seq_acc': 0.0, 'eval_train_move_acc': 0.997, 'eval_train_mod7_acc': 0.997997997997998, 'eval_train_mod4_acc': 0.23723723723723725, 'eval_train_runtime': 0.563, 'eval_train_samples_per_second': 1776.28, 'eval_train_steps_per_second': 28.42, 'epoch': 74.47}
{'loss': 0.0005, 'learning_rate': 2.7943714223857438e-05, 'epoch': 75.53}
{'eval_eval_loss': 0.0010317983105778694, 'eval_eval_token_acc': 0.9462002474737059, 'eval_eval_seq_acc': 0.0, 'eval_eval_move_acc': 0.977, 'eval_eval_mod7_acc': 0.9814163736815671, 'eval_eval_mod4_acc': 0.245605223505776, 'eval_eval_runtime': 1.1193, 'eval_eval_samples_per_second': 1786.819, 'eval_eval_steps_per_second': 28.589, 'epoch': 75.53}
{'eval_train_loss': 0.00012178489851066843, 'eval_train_token_acc': 0.94671106003245, 'eval_train_seq_acc': 0.0, 'eval_train_move_acc': 0.998, 'eval_train_mod7_acc': 0.998998998998999, 'eval_train_mod4_acc': 0.23723723723723725, 'eval_train_runtime': 0.5615, 'eval_train_samples_per_second': 1780.969, 'eval_train_steps_per_second': 28.496, 'epoch': 75.53}
  Pushed checkpoint step-18000 to ijinyu1113/ft_mr6_70m_seed2_purenum
{'loss': 0.0004, 'learning_rate': 2.7848894938828134e-05, 'epoch': 76.6}
{'eval_eval_loss': 0.0006286816787905991, 'eval_eval_token_acc': 0.9462002474737059, 'eval_eval_seq_acc': 0.0, 'eval_eval_move_acc': 0.9925, 'eval_eval_mod7_acc': 0.9925, 'eval_eval_mod4_acc': 0.2485, 'eval_eval_runtime': 1.1157, 'eval_eval_samples_per_second': 1792.558, 'eval_eval_steps_per_second': 28.681, 'epoch': 76.6}
{'eval_train_loss': 0.00014208194625098258, 'eval_train_token_acc': 0.94671106003245, 'eval_train_seq_acc': 0.0, 'eval_train_move_acc': 0.997, 'eval_train_mod7_acc': 0.997, 'eval_train_mod4_acc': 0.236, 'eval_train_runtime': 0.5581, 'eval_train_samples_per_second': 1791.648, 'eval_train_steps_per_second': 28.666, 'epoch': 76.6}
{'loss': 0.0012, 'learning_rate': 2.7752106966485177e-05, 'epoch': 77.66}
{'eval_eval_loss': 0.00039190222742035985, 'eval_eval_token_acc': 0.9462002474737059, 'eval_eval_seq_acc': 0.0, 'eval_eval_move_acc': 0.995, 'eval_eval_mod7_acc': 0.995, 'eval_eval_mod4_acc': 0.2465, 'eval_eval_runtime': 1.1199, 'eval_eval_samples_per_second': 1785.942, 'eval_eval_steps_per_second': 28.575, 'epoch': 77.66}
{'eval_train_loss': 8.054015052039176e-05, 'eval_train_token_acc': 0.94671106003245, 'eval_train_seq_acc': 0.0, 'eval_train_move_acc': 0.998, 'eval_train_mod7_acc': 0.998, 'eval_train_mod4_acc': 0.236, 'eval_train_runtime': 0.561, 'eval_train_samples_per_second': 1782.457, 'eval_train_steps_per_second': 28.519, 'epoch': 77.66}
{'loss': 0.0002, 'learning_rate': 2.7653365136528246e-05, 'epoch': 78.72}
{'eval_eval_loss': 0.000644194835331291, 'eval_eval_token_acc': 0.9462002474737059, 'eval_eval_seq_acc': 0.0, 'eval_eval_move_acc': 0.9935, 'eval_eval_mod7_acc': 0.9935, 'eval_eval_mod4_acc': 0.247, 'eval_eval_runtime': 1.1235, 'eval_eval_samples_per_second': 1780.123, 'eval_eval_steps_per_second': 28.482, 'epoch': 78.72}
{'eval_train_loss': 0.00021772785112261772, 'eval_train_token_acc': 0.94671106003245, 'eval_train_seq_acc': 0.0, 'eval_train_move_acc': 0.997, 'eval_train_mod7_acc': 0.997, 'eval_train_mod4_acc': 0.235, 'eval_train_runtime': 0.5625, 'eval_train_samples_per_second': 1777.934, 'eval_train_steps_per_second': 28.447, 'epoch': 78.72}
{'loss': 0.001, 'learning_rate': 2.7552684578024e-05, 'epoch': 79.79}
{'eval_eval_loss': 0.0006301712710410357, 'eval_eval_token_acc': 0.9462002474737059, 'eval_eval_seq_acc': 0.0, 'eval_eval_move_acc': 0.9915, 'eval_eval_mod7_acc': 0.9924924924924925, 'eval_eval_mod4_acc': 0.24674674674674674, 'eval_eval_runtime': 1.1247, 'eval_eval_samples_per_second': 1778.212, 'eval_eval_steps_per_second': 28.451, 'epoch': 79.79}
{'eval_train_loss': 0.0001057089539244771, 'eval_train_token_acc': 0.94671106003245, 'eval_train_seq_acc': 0.0, 'eval_train_move_acc': 0.999, 'eval_train_mod7_acc': 0.999, 'eval_train_mod4_acc': 0.237, 'eval_train_runtime': 0.5622, 'eval_train_samples_per_second': 1778.838, 'eval_train_steps_per_second': 28.461, 'epoch': 79.79}
  Pushed checkpoint step-19000 to ijinyu1113/ft_mr6_70m_seed2_purenum
{'loss': 0.0001, 'learning_rate': 2.7450080717087995e-05, 'epoch': 80.85}
{'eval_eval_loss': 0.000519735214766115, 'eval_eval_token_acc': 0.9462002474737059, 'eval_eval_seq_acc': 0.0, 'eval_eval_move_acc': 0.994, 'eval_eval_mod7_acc': 0.9964912280701754, 'eval_eval_mod4_acc': 0.24761904761904763, 'eval_eval_runtime': 1.1156, 'eval_eval_samples_per_second': 1792.726, 'eval_eval_steps_per_second': 28.684, 'epoch': 80.85}
{'eval_train_loss': 1.601147960172966e-05, 'eval_train_token_acc': 0.94671106003245, 'eval_train_seq_acc': 0.0, 'eval_train_move_acc': 1.0, 'eval_train_mod7_acc': 1.0, 'eval_train_mod4_acc': 0.237, 'eval_train_runtime': 0.557, 'eval_train_samples_per_second': 1795.48, 'eval_train_steps_per_second': 28.728, 'epoch': 80.85}
{'loss': 0.0008, 'learning_rate': 2.7345569274521162e-05, 'epoch': 81.91}
{'eval_eval_loss': 0.0010818039299920201, 'eval_eval_token_acc': 0.9462002474737059, 'eval_eval_seq_acc': 0.0, 'eval_eval_move_acc': 0.981, 'eval_eval_mod7_acc': 0.9849397590361446, 'eval_eval_mod4_acc': 0.24899598393574296, 'eval_eval_runtime': 1.1209, 'eval_eval_samples_per_second': 1784.248, 'eval_eval_steps_per_second': 28.548, 'epoch': 81.91}
{'eval_train_loss': 0.000512863218318671, 'eval_train_token_acc': 0.94671106003245, 'eval_train_seq_acc': 0.0, 'eval_train_move_acc': 0.994, 'eval_train_mod7_acc': 0.994994994994995, 'eval_train_mod4_acc': 0.23323323323323322, 'eval_train_runtime': 0.5623, 'eval_train_samples_per_second': 1778.333, 'eval_train_steps_per_second': 28.453, 'epoch': 81.91}
{'loss': 0.0005, 'learning_rate': 2.7239166263401055e-05, 'epoch': 82.98}
{'eval_eval_loss': 0.0008308113901875913, 'eval_eval_token_acc': 0.9462002474737059, 'eval_eval_seq_acc': 0.0, 'eval_eval_move_acc': 0.988, 'eval_eval_mod7_acc': 0.988, 'eval_eval_mod4_acc': 0.244, 'eval_eval_runtime': 1.1205, 'eval_eval_samples_per_second': 1784.993, 'eval_eval_steps_per_second': 28.56, 'epoch': 82.98}
{'eval_train_loss': 0.0001264048187294975, 'eval_train_token_acc': 0.94671106003245, 'eval_train_seq_acc': 0.0, 'eval_train_move_acc': 0.998, 'eval_train_mod7_acc': 0.998, 'eval_train_mod4_acc': 0.236, 'eval_train_runtime': 0.5607, 'eval_train_samples_per_second': 1783.553, 'eval_train_steps_per_second': 28.537, 'epoch': 82.98}
{'loss': 0.0003, 'learning_rate': 2.7130887986628354e-05, 'epoch': 84.04}
{'eval_eval_loss': 0.0014762395294383168, 'eval_eval_token_acc': 0.9462002474737059, 'eval_eval_seq_acc': 0.0, 'eval_eval_move_acc': 0.9765, 'eval_eval_mod7_acc': 0.9819004524886877, 'eval_eval_mod4_acc': 0.2458521870286576, 'eval_eval_runtime': 1.1223, 'eval_eval_samples_per_second': 1782.079, 'eval_eval_steps_per_second': 28.513, 'epoch': 84.04}
{'eval_train_loss': 0.0009614443988539279, 'eval_train_token_acc': 0.94671106003245, 'eval_train_seq_acc': 0.0, 'eval_train_move_acc': 0.981, 'eval_train_mod7_acc': 0.9839518555667001, 'eval_train_mod4_acc': 0.23771313941825475, 'eval_train_runtime': 0.5609, 'eval_train_samples_per_second': 1782.917, 'eval_train_steps_per_second': 28.527, 'epoch': 84.04}
  Pushed checkpoint step-20000 to ijinyu1113/ft_mr6_70m_seed2_purenum
{'loss': 0.001, 'learning_rate': 2.7020751034428975e-05, 'epoch': 85.11}
{'eval_eval_loss': 0.002020736923441291, 'eval_eval_token_acc': 0.9462002474737059, 'eval_eval_seq_acc': 0.0, 'eval_eval_move_acc': 0.9695, 'eval_eval_mod7_acc': 0.9733935742971888, 'eval_eval_mod4_acc': 0.25, 'eval_eval_runtime': 1.1254, 'eval_eval_samples_per_second': 1777.163, 'eval_eval_steps_per_second': 28.435, 'epoch': 85.11}
{'eval_train_loss': 0.0005839065415784717, 'eval_train_token_acc': 0.94671106003245, 'eval_train_seq_acc': 0.0, 'eval_train_move_acc': 0.987, 'eval_train_mod7_acc': 0.987987987987988, 'eval_train_mod4_acc': 0.23423423423423423, 'eval_train_runtime': 0.5621, 'eval_train_samples_per_second': 1778.982, 'eval_train_steps_per_second': 28.464, 'epoch': 85.11}
{'loss': 0.0006, 'learning_rate': 2.690877228181215e-05, 'epoch': 86.17}
{'eval_eval_loss': 0.00046380137791857123, 'eval_eval_token_acc': 0.9462002474737059, 'eval_eval_seq_acc': 0.0, 'eval_eval_move_acc': 0.9935, 'eval_eval_mod7_acc': 0.9944944944944945, 'eval_eval_mod4_acc': 0.24674674674674674, 'eval_eval_runtime': 1.1199, 'eval_eval_samples_per_second': 1785.897, 'eval_eval_steps_per_second': 28.574, 'epoch': 86.17}
{'eval_train_loss': 8.914643694879487e-05, 'eval_train_token_acc': 0.94671106003245, 'eval_train_seq_acc': 0.0, 'eval_train_move_acc': 0.998, 'eval_train_mod7_acc': 0.998, 'eval_train_mod4_acc': 0.239, 'eval_train_runtime': 0.5586, 'eval_train_samples_per_second': 1790.258, 'eval_train_steps_per_second': 28.644, 'epoch': 86.17}
{'loss': 0.0007, 'learning_rate': 2.6794968885984824e-05, 'epoch': 87.23}
{'eval_eval_loss': 0.001487503875978291, 'eval_eval_token_acc': 0.9462002474737059, 'eval_eval_seq_acc': 0.0, 'eval_eval_move_acc': 0.981, 'eval_eval_mod7_acc': 0.9839518555667001, 'eval_eval_mod4_acc': 0.24824473420260781, 'eval_eval_runtime': 1.1193, 'eval_eval_samples_per_second': 1786.818, 'eval_eval_steps_per_second': 28.589, 'epoch': 87.23}
{'eval_train_loss': 0.00040332291973754764, 'eval_train_token_acc': 0.94671106003245, 'eval_train_seq_acc': 0.0, 'eval_train_move_acc': 0.992, 'eval_train_mod7_acc': 0.992992992992993, 'eval_train_mod4_acc': 0.23623623623623624, 'eval_train_runtime': 0.5607, 'eval_train_samples_per_second': 1783.598, 'eval_train_steps_per_second': 28.538, 'epoch': 87.23}
{'loss': 0.0001, 'learning_rate': 2.6679358283722907e-05, 'epoch': 88.3}
{'eval_eval_loss': 0.000497701927088201, 'eval_eval_token_acc': 0.9462002474737059, 'eval_eval_seq_acc': 0.0, 'eval_eval_move_acc': 0.9965, 'eval_eval_mod7_acc': 0.9965, 'eval_eval_mod4_acc': 0.247, 'eval_eval_runtime': 1.1215, 'eval_eval_samples_per_second': 1783.329, 'eval_eval_steps_per_second': 28.533, 'epoch': 88.3}
{'eval_train_loss': 1.4459758858720306e-05, 'eval_train_token_acc': 0.94671106003245, 'eval_train_seq_acc': 0.0, 'eval_train_move_acc': 1.0, 'eval_train_mod7_acc': 1.0, 'eval_train_mod4_acc': 0.237, 'eval_train_runtime': 0.5606, 'eval_train_samples_per_second': 1783.829, 'eval_train_steps_per_second': 28.541, 'epoch': 88.3}
  Pushed checkpoint step-21000 to ijinyu1113/ft_mr6_70m_seed2_purenum
{'loss': 0.0, 'learning_rate': 2.6561958188699604e-05, 'epoch': 89.36}
{'eval_eval_loss': 0.0003664595424197614, 'eval_eval_token_acc': 0.9462002474737059, 'eval_eval_seq_acc': 0.0, 'eval_eval_move_acc': 0.9975, 'eval_eval_mod7_acc': 0.9975, 'eval_eval_mod4_acc': 0.2475, 'eval_eval_runtime': 1.1161, 'eval_eval_samples_per_second': 1791.913, 'eval_eval_steps_per_second': 28.671, 'epoch': 89.36}
{'eval_train_loss': 5.160549790161895e-06, 'eval_train_token_acc': 0.94671106003245, 'eval_train_seq_acc': 0.0, 'eval_train_move_acc': 1.0, 'eval_train_mod7_acc': 1.0, 'eval_train_mod4_acc': 0.237, 'eval_train_runtime': 0.5567, 'eval_train_samples_per_second': 1796.271, 'eval_train_steps_per_second': 28.74, 'epoch': 89.36}
{'loss': 0.0, 'learning_rate': 2.644278658877136e-05, 'epoch': 90.43}
{'eval_eval_loss': 0.00048632771358825266, 'eval_eval_token_acc': 0.9462002474737059, 'eval_eval_seq_acc': 0.0, 'eval_eval_move_acc': 0.9975, 'eval_eval_mod7_acc': 0.9975, 'eval_eval_mod4_acc': 0.2475, 'eval_eval_runtime': 1.1195, 'eval_eval_samples_per_second': 1786.553, 'eval_eval_steps_per_second': 28.585, 'epoch': 90.43}
{'eval_train_loss': 3.526138243614696e-06, 'eval_train_token_acc': 0.94671106003245, 'eval_train_seq_acc': 0.0, 'eval_train_move_acc': 1.0, 'eval_train_mod7_acc': 1.0, 'eval_train_mod4_acc': 0.237, 'eval_train_runtime': 0.5643, 'eval_train_samples_per_second': 1772.06, 'eval_train_steps_per_second': 28.353, 'epoch': 90.43}
{'loss': 0.0, 'learning_rate': 2.63218617432218e-05, 'epoch': 91.49}
{'eval_eval_loss': 0.00044988238369114697, 'eval_eval_token_acc': 0.9462002474737059, 'eval_eval_seq_acc': 0.0, 'eval_eval_move_acc': 0.9975, 'eval_eval_mod7_acc': 0.9975, 'eval_eval_mod4_acc': 0.2475, 'eval_eval_runtime': 1.1239, 'eval_eval_samples_per_second': 1779.577, 'eval_eval_steps_per_second': 28.473, 'epoch': 91.49}
{'eval_train_loss': 1.7041096498360275e-06, 'eval_train_token_acc': 0.94671106003245, 'eval_train_seq_acc': 0.0, 'eval_train_move_acc': 1.0, 'eval_train_mod7_acc': 1.0, 'eval_train_mod4_acc': 0.237, 'eval_train_runtime': 0.5618, 'eval_train_samples_per_second': 1780.01, 'eval_train_steps_per_second': 28.48, 'epoch': 91.49}
{'loss': 0.0, 'learning_rate': 2.6199202179964063e-05, 'epoch': 92.55}
{'eval_eval_loss': 0.00044674103264696896, 'eval_eval_token_acc': 0.9462002474737059, 'eval_eval_seq_acc': 0.0, 'eval_eval_move_acc': 0.9975, 'eval_eval_mod7_acc': 0.9975, 'eval_eval_mod4_acc': 0.2475, 'eval_eval_runtime': 1.1239, 'eval_eval_samples_per_second': 1779.479, 'eval_eval_steps_per_second': 28.472, 'epoch': 92.55}
{'eval_train_loss': 1.4783147435082356e-06, 'eval_train_token_acc': 0.94671106003245, 'eval_train_seq_acc': 0.0, 'eval_train_move_acc': 1.0, 'eval_train_mod7_acc': 1.0, 'eval_train_mod4_acc': 0.237, 'eval_train_runtime': 0.5622, 'eval_train_samples_per_second': 1778.653, 'eval_train_steps_per_second': 28.458, 'epoch': 92.55}
  Pushed checkpoint step-22000 to ijinyu1113/ft_mr6_70m_seed2_purenum
{'loss': 0.0, 'learning_rate': 2.6074826692701983e-05, 'epoch': 93.62}
{'eval_eval_loss': 0.0004474260495044291, 'eval_eval_token_acc': 0.9462002474737059, 'eval_eval_seq_acc': 0.0, 'eval_eval_move_acc': 0.9975, 'eval_eval_mod7_acc': 0.9975, 'eval_eval_mod4_acc': 0.2475, 'eval_eval_runtime': 1.116, 'eval_eval_samples_per_second': 1792.179, 'eval_eval_steps_per_second': 28.675, 'epoch': 93.62}
{'eval_train_loss': 1.3259032130008563e-06, 'eval_train_token_acc': 0.94671106003245, 'eval_train_seq_acc': 0.0, 'eval_train_move_acc': 1.0, 'eval_train_mod7_acc': 1.0, 'eval_train_mod4_acc': 0.237, 'eval_train_runtime': 0.5558, 'eval_train_samples_per_second': 1799.296, 'eval_train_steps_per_second': 28.789, 'epoch': 93.62}
{'loss': 0.0, 'learning_rate': 2.594875433805055e-05, 'epoch': 94.68}
{'eval_eval_loss': 0.00044161491678096354, 'eval_eval_token_acc': 0.9462002474737059, 'eval_eval_seq_acc': 0.0, 'eval_eval_move_acc': 0.9975, 'eval_eval_mod7_acc': 0.9975, 'eval_eval_mod4_acc': 0.2475, 'eval_eval_runtime': 1.116, 'eval_eval_samples_per_second': 1792.043, 'eval_eval_steps_per_second': 28.673, 'epoch': 94.68}
{'eval_train_loss': 1.2068937849107897e-06, 'eval_train_token_acc': 0.94671106003245, 'eval_train_seq_acc': 0.0, 'eval_train_move_acc': 1.0, 'eval_train_mod7_acc': 1.0, 'eval_train_mod4_acc': 0.237, 'eval_train_runtime': 0.5573, 'eval_train_samples_per_second': 1794.44, 'eval_train_steps_per_second': 28.711, 'epoch': 94.68}
{'loss': 0.0, 'learning_rate': 2.5821004432616087e-05, 'epoch': 95.74}
{'eval_eval_loss': 0.0004350404778961092, 'eval_eval_token_acc': 0.9462002474737059, 'eval_eval_seq_acc': 0.0, 'eval_eval_move_acc': 0.9975, 'eval_eval_mod7_acc': 0.9975, 'eval_eval_mod4_acc': 0.2475, 'eval_eval_runtime': 1.1193, 'eval_eval_samples_per_second': 1786.784, 'eval_eval_steps_per_second': 28.589, 'epoch': 95.74}
{'eval_train_loss': 1.0108968808708596e-06, 'eval_train_token_acc': 0.94671106003245, 'eval_train_seq_acc': 0.0, 'eval_train_move_acc': 1.0, 'eval_train_mod7_acc': 1.0, 'eval_train_mod4_acc': 0.237, 'eval_train_runtime': 0.5605, 'eval_train_samples_per_second': 1784.214, 'eval_train_steps_per_second': 28.547, 'epoch': 95.74}
{'loss': 0.0, 'learning_rate': 2.5691596550036588e-05, 'epoch': 96.81}
{'eval_eval_loss': 0.0004307955678086728, 'eval_eval_token_acc': 0.9462002474737059, 'eval_eval_seq_acc': 0.0, 'eval_eval_move_acc': 0.9975, 'eval_eval_mod7_acc': 0.9975, 'eval_eval_mod4_acc': 0.2475, 'eval_eval_runtime': 1.1234, 'eval_eval_samples_per_second': 1780.388, 'eval_eval_steps_per_second': 28.486, 'epoch': 96.81}
{'eval_train_loss': 9.657410373620223e-07, 'eval_train_token_acc': 0.94671106003245, 'eval_train_seq_acc': 0.0, 'eval_train_move_acc': 1.0, 'eval_train_mod7_acc': 1.0, 'eval_train_mod4_acc': 0.237, 'eval_train_runtime': 0.5635, 'eval_train_samples_per_second': 1774.598, 'eval_train_steps_per_second': 28.394, 'epoch': 96.81}
  Pushed checkpoint step-23000 to ijinyu1113/ft_mr6_70m_seed2_purenum
{'loss': 0.0, 'learning_rate': 2.5560550517982677e-05, 'epoch': 97.87}
{'eval_eval_loss': 0.0004264536255504936, 'eval_eval_token_acc': 0.9462002474737059, 'eval_eval_seq_acc': 0.0, 'eval_eval_move_acc': 0.9975, 'eval_eval_mod7_acc': 0.9975, 'eval_eval_mod4_acc': 0.2475, 'eval_eval_runtime': 1.1253, 'eval_eval_samples_per_second': 1777.225, 'eval_eval_steps_per_second': 28.436, 'epoch': 97.87}
{'eval_train_loss': 8.312925956488471e-07, 'eval_train_token_acc': 0.94671106003245, 'eval_train_seq_acc': 0.0, 'eval_train_move_acc': 1.0, 'eval_train_mod7_acc': 1.0, 'eval_train_mod4_acc': 0.237, 'eval_train_runtime': 0.5631, 'eval_train_samples_per_second': 1775.779, 'eval_train_steps_per_second': 28.412, 'epoch': 97.87}
{'loss': 0.0, 'learning_rate': 2.5427886415119635e-05, 'epoch': 98.94}
{'eval_eval_loss': 0.0004212976200506091, 'eval_eval_token_acc': 0.9462002474737059, 'eval_eval_seq_acc': 0.0, 'eval_eval_move_acc': 0.9975, 'eval_eval_mod7_acc': 0.9975, 'eval_eval_mod4_acc': 0.2475, 'eval_eval_runtime': 1.1222, 'eval_eval_samples_per_second': 1782.275, 'eval_eval_steps_per_second': 28.516, 'epoch': 98.94}
{'eval_train_loss': 7.614237347297603e-07, 'eval_train_token_acc': 0.94671106003245, 'eval_train_seq_acc': 0.0, 'eval_train_move_acc': 1.0, 'eval_train_mod7_acc': 1.0, 'eval_train_mod4_acc': 0.237, 'eval_train_runtime': 0.5659, 'eval_train_samples_per_second': 1767.206, 'eval_train_steps_per_second': 28.275, 'epoch': 98.94}
{'loss': 0.0, 'learning_rate': 2.5293624568031008e-05, 'epoch': 100.0}
{'eval_eval_loss': 0.0004195444053038955, 'eval_eval_token_acc': 0.9462002474737059, 'eval_eval_seq_acc': 0.0, 'eval_eval_move_acc': 0.9975, 'eval_eval_mod7_acc': 0.9975, 'eval_eval_mod4_acc': 0.2475, 'eval_eval_runtime': 1.1231, 'eval_eval_samples_per_second': 1780.716, 'eval_eval_steps_per_second': 28.491, 'epoch': 100.0}
{'eval_train_loss': 6.940032335478463e-07, 'eval_train_token_acc': 0.94671106003245, 'eval_train_seq_acc': 0.0, 'eval_train_move_acc': 1.0, 'eval_train_mod7_acc': 1.0, 'eval_train_mod4_acc': 0.237, 'eval_train_runtime': 0.5633, 'eval_train_samples_per_second': 1775.122, 'eval_train_steps_per_second': 28.402, 'epoch': 100.0}
{'loss': 0.0, 'learning_rate': 2.515778554810415e-05, 'epoch': 101.06}
{'eval_eval_loss': 0.00041659301496110857, 'eval_eval_token_acc': 0.9462002474737059, 'eval_eval_seq_acc': 0.0, 'eval_eval_move_acc': 0.9975, 'eval_eval_mod7_acc': 0.9975, 'eval_eval_mod4_acc': 0.2475, 'eval_eval_runtime': 1.1227, 'eval_eval_samples_per_second': 1781.435, 'eval_eval_steps_per_second': 28.503, 'epoch': 101.06}
{'eval_train_loss': 6.027527774676855e-07, 'eval_train_token_acc': 0.94671106003245, 'eval_train_seq_acc': 0.0, 'eval_train_move_acc': 1.0, 'eval_train_mod7_acc': 1.0, 'eval_train_mod4_acc': 0.237, 'eval_train_runtime': 0.562, 'eval_train_samples_per_second': 1779.377, 'eval_train_steps_per_second': 28.47, 'epoch': 101.06}
  Pushed checkpoint step-24000 to ijinyu1113/ft_mr6_70m_seed2_purenum
{'loss': 0.0, 'learning_rate': 2.5020390168378374e-05, 'epoch': 102.13}
{'eval_eval_loss': 0.0004088202549610287, 'eval_eval_token_acc': 0.9462002474737059, 'eval_eval_seq_acc': 0.0, 'eval_eval_move_acc': 0.9975, 'eval_eval_mod7_acc': 0.9975, 'eval_eval_mod4_acc': 0.2475, 'eval_eval_runtime': 1.1254, 'eval_eval_samples_per_second': 1777.12, 'eval_eval_steps_per_second': 28.434, 'epoch': 102.13}
{'eval_train_loss': 5.464602281790576e-07, 'eval_train_token_acc': 0.94671106003245, 'eval_train_seq_acc': 0.0, 'eval_train_move_acc': 1.0, 'eval_train_mod7_acc': 1.0, 'eval_train_mod4_acc': 0.237, 'eval_train_runtime': 0.5613, 'eval_train_samples_per_second': 1781.572, 'eval_train_steps_per_second': 28.505, 'epoch': 102.13}
{'loss': 0.0, 'learning_rate': 2.4881459480355942e-05, 'epoch': 103.19}
{'eval_eval_loss': 0.00040834155515767634, 'eval_eval_token_acc': 0.9462002474737059, 'eval_eval_seq_acc': 0.0, 'eval_eval_move_acc': 0.9975, 'eval_eval_mod7_acc': 0.9975, 'eval_eval_mod4_acc': 0.2475, 'eval_eval_runtime': 1.1206, 'eval_eval_samples_per_second': 1784.735, 'eval_eval_steps_per_second': 28.556, 'epoch': 103.19}
{'eval_train_loss': 5.151958362148434e-07, 'eval_train_token_acc': 0.94671106003245, 'eval_train_seq_acc': 0.0, 'eval_train_move_acc': 1.0, 'eval_train_mod7_acc': 1.0, 'eval_train_mod4_acc': 0.237, 'eval_train_runtime': 0.5598, 'eval_train_samples_per_second': 1786.327, 'eval_train_steps_per_second': 28.581, 'epoch': 103.19}
{'loss': 0.0, 'learning_rate': 2.4741014770776632e-05, 'epoch': 104.26}
{'eval_eval_loss': 0.00040330435149371624, 'eval_eval_token_acc': 0.9462002474737059, 'eval_eval_seq_acc': 0.0, 'eval_eval_move_acc': 0.9975, 'eval_eval_mod7_acc': 0.9975, 'eval_eval_mod4_acc': 0.2475, 'eval_eval_runtime': 1.1201, 'eval_eval_samples_per_second': 1785.607, 'eval_eval_steps_per_second': 28.57, 'epoch': 104.26}
{'eval_train_loss': 4.667280109060812e-07, 'eval_train_token_acc': 0.94671106003245, 'eval_train_seq_acc': 0.0, 'eval_train_move_acc': 1.0, 'eval_train_mod7_acc': 1.0, 'eval_train_mod4_acc': 0.237, 'eval_train_runtime': 0.5587, 'eval_train_samples_per_second': 1790.027, 'eval_train_steps_per_second': 28.64, 'epoch': 104.26}
{'loss': 0.0, 'learning_rate': 2.4599077558356208e-05, 'epoch': 105.32}
{'eval_eval_loss': 0.00040006774361245334, 'eval_eval_token_acc': 0.9462002474737059, 'eval_eval_seq_acc': 0.0, 'eval_eval_move_acc': 0.9975, 'eval_eval_mod7_acc': 0.9975, 'eval_eval_mod4_acc': 0.2475, 'eval_eval_runtime': 1.1219, 'eval_eval_samples_per_second': 1782.643, 'eval_eval_steps_per_second': 28.522, 'epoch': 105.32}
{'eval_train_loss': 4.23723065523518e-07, 'eval_train_token_acc': 0.94671106003245, 'eval_train_seq_acc': 0.0, 'eval_train_move_acc': 1.0, 'eval_train_mod7_acc': 1.0, 'eval_train_mod4_acc': 0.237, 'eval_train_runtime': 0.5614, 'eval_train_samples_per_second': 1781.124, 'eval_train_steps_per_second': 28.498, 'epoch': 105.32}
  Pushed checkpoint step-25000 to ijinyu1113/ft_mr6_70m_seed2_purenum
{'loss': 0.0, 'learning_rate': 2.445566959048934e-05, 'epoch': 106.38}
{'eval_eval_loss': 0.0003954547573812306, 'eval_eval_token_acc': 0.9462002474737059, 'eval_eval_seq_acc': 0.0, 'eval_eval_move_acc': 0.9975, 'eval_eval_mod7_acc': 0.9975, 'eval_eval_mod4_acc': 0.2475, 'eval_eval_runtime': 1.1223, 'eval_eval_samples_per_second': 1782.102, 'eval_eval_steps_per_second': 28.514, 'epoch': 106.38}
{'eval_train_loss': 3.756347268790705e-07, 'eval_train_token_acc': 0.94671106003245, 'eval_train_seq_acc': 0.0, 'eval_train_move_acc': 1.0, 'eval_train_mod7_acc': 1.0, 'eval_train_mod4_acc': 0.237, 'eval_train_runtime': 0.5613, 'eval_train_samples_per_second': 1781.533, 'eval_train_steps_per_second': 28.505, 'epoch': 106.38}
{'loss': 0.0, 'learning_rate': 2.4310812839917536e-05, 'epoch': 107.45}
{'eval_eval_loss': 0.0003861236618831754, 'eval_eval_token_acc': 0.9462002474737059, 'eval_eval_seq_acc': 0.0, 'eval_eval_move_acc': 0.9975, 'eval_eval_mod7_acc': 0.9975, 'eval_eval_mod4_acc': 0.2475, 'eval_eval_runtime': 1.1241, 'eval_eval_samples_per_second': 1779.174, 'eval_eval_steps_per_second': 28.467, 'epoch': 107.45}
{'eval_train_loss': 3.419726226638886e-07, 'eval_train_token_acc': 0.94671106003245, 'eval_train_seq_acc': 0.0, 'eval_train_move_acc': 1.0, 'eval_train_mod7_acc': 1.0, 'eval_train_mod4_acc': 0.237, 'eval_train_runtime': 0.5629, 'eval_train_samples_per_second': 1776.565, 'eval_train_steps_per_second': 28.425, 'epoch': 107.45}
{'loss': 0.0, 'learning_rate': 2.416452950136248e-05, 'epoch': 108.51}
{'eval_eval_loss': 0.0003905961930286139, 'eval_eval_token_acc': 0.9462002474737059, 'eval_eval_seq_acc': 0.0, 'eval_eval_move_acc': 0.9975, 'eval_eval_mod7_acc': 0.9975, 'eval_eval_mod4_acc': 0.2475, 'eval_eval_runtime': 1.1219, 'eval_eval_samples_per_second': 1782.743, 'eval_eval_steps_per_second': 28.524, 'epoch': 108.51}
{'eval_train_loss': 3.1996174243431597e-07, 'eval_train_token_acc': 0.94671106003245, 'eval_train_seq_acc': 0.0, 'eval_train_move_acc': 1.0, 'eval_train_mod7_acc': 1.0, 'eval_train_mod4_acc': 0.237, 'eval_train_runtime': 0.5606, 'eval_train_samples_per_second': 1783.67, 'eval_train_steps_per_second': 28.539, 'epoch': 108.51}
{'loss': 0.0, 'learning_rate': 2.401684198812541e-05, 'epoch': 109.57}
{'eval_eval_loss': 0.00038561035762540996, 'eval_eval_token_acc': 0.9462002474737059, 'eval_eval_seq_acc': 0.0, 'eval_eval_move_acc': 0.9975, 'eval_eval_mod7_acc': 0.9975, 'eval_eval_mod4_acc': 0.2475, 'eval_eval_runtime': 1.12, 'eval_eval_samples_per_second': 1785.778, 'eval_eval_steps_per_second': 28.572, 'epoch': 109.57}
{'eval_train_loss': 2.860355721168162e-07, 'eval_train_token_acc': 0.94671106003245, 'eval_train_seq_acc': 0.0, 'eval_train_move_acc': 1.0, 'eval_train_mod7_acc': 1.0, 'eval_train_mod4_acc': 0.237, 'eval_train_runtime': 0.5597, 'eval_train_samples_per_second': 1786.594, 'eval_train_steps_per_second': 28.586, 'epoch': 109.57}
  Pushed checkpoint step-26000 to ijinyu1113/ft_mr6_70m_seed2_purenum
{'loss': 0.0, 'learning_rate': 2.386777292865297e-05, 'epoch': 110.64}
{'eval_eval_loss': 0.00037641506060026586, 'eval_eval_token_acc': 0.9462002474737059, 'eval_eval_seq_acc': 0.0, 'eval_eval_move_acc': 0.9975, 'eval_eval_mod7_acc': 0.9975, 'eval_eval_mod4_acc': 0.2475, 'eval_eval_runtime': 1.1155, 'eval_eval_samples_per_second': 1792.912, 'eval_eval_steps_per_second': 28.687, 'epoch': 110.64}
{'eval_train_loss': 2.596354136130685e-07, 'eval_train_token_acc': 0.94671106003245, 'eval_train_seq_acc': 0.0, 'eval_train_move_acc': 1.0, 'eval_train_mod7_acc': 1.0, 'eval_train_mod4_acc': 0.237, 'eval_train_runtime': 0.5573, 'eval_train_samples_per_second': 1794.359, 'eval_train_steps_per_second': 28.71, 'epoch': 110.64}
{'loss': 0.0, 'learning_rate': 2.371734516307015e-05, 'epoch': 111.7}
{'eval_eval_loss': 0.00037283002166077495, 'eval_eval_token_acc': 0.9462002474737059, 'eval_eval_seq_acc': 0.0, 'eval_eval_move_acc': 0.9975, 'eval_eval_mod7_acc': 0.9975, 'eval_eval_mod4_acc': 0.2475, 'eval_eval_runtime': 1.1214, 'eval_eval_samples_per_second': 1783.53, 'eval_eval_steps_per_second': 28.536, 'epoch': 111.7}
{'eval_train_loss': 2.3227345025134127e-07, 'eval_train_token_acc': 0.94671106003245, 'eval_train_seq_acc': 0.0, 'eval_train_move_acc': 1.0, 'eval_train_mod7_acc': 1.0, 'eval_train_mod4_acc': 0.237, 'eval_train_runtime': 0.5613, 'eval_train_samples_per_second': 1781.655, 'eval_train_steps_per_second': 28.506, 'epoch': 111.7}
{'loss': 0.0, 'learning_rate': 2.3565581739680718e-05, 'epoch': 112.77}
{'eval_eval_loss': 0.0003651972801890224, 'eval_eval_token_acc': 0.9462002474737059, 'eval_eval_seq_acc': 0.0, 'eval_eval_move_acc': 0.9975, 'eval_eval_mod7_acc': 0.9975, 'eval_eval_mod4_acc': 0.2475, 'eval_eval_runtime': 1.1214, 'eval_eval_samples_per_second': 1783.443, 'eval_eval_steps_per_second': 28.535, 'epoch': 112.77}
{'eval_train_loss': 2.0777613940481388e-07, 'eval_train_token_acc': 0.94671106003245, 'eval_train_seq_acc': 0.0, 'eval_train_move_acc': 1.0, 'eval_train_mod7_acc': 1.0, 'eval_train_mod4_acc': 0.237, 'eval_train_runtime': 0.5632, 'eval_train_samples_per_second': 1775.461, 'eval_train_steps_per_second': 28.407, 'epoch': 112.77}
{'loss': 0.0, 'learning_rate': 2.3412505911435827e-05, 'epoch': 113.83}
{'eval_eval_loss': 0.00036380538949742913, 'eval_eval_token_acc': 0.9462002474737059, 'eval_eval_seq_acc': 0.0, 'eval_eval_move_acc': 0.9975, 'eval_eval_mod7_acc': 0.9975, 'eval_eval_mod4_acc': 0.2475, 'eval_eval_runtime': 1.1267, 'eval_eval_samples_per_second': 1775.061, 'eval_eval_steps_per_second': 28.401, 'epoch': 113.83}
{'eval_train_loss': 1.9018783348201396e-07, 'eval_train_token_acc': 0.94671106003245, 'eval_train_seq_acc': 0.0, 'eval_train_move_acc': 1.0, 'eval_train_mod7_acc': 1.0, 'eval_train_mod4_acc': 0.237, 'eval_train_runtime': 0.5653, 'eval_train_samples_per_second': 1768.86, 'eval_train_steps_per_second': 28.302, 'epoch': 113.83}
  Pushed checkpoint step-27000 to ijinyu1113/ft_mr6_70m_seed2_purenum
{'loss': 0.0, 'learning_rate': 2.3258141132371215e-05, 'epoch': 114.89}
{'eval_eval_loss': 0.000364409206667915, 'eval_eval_token_acc': 0.9462002474737059, 'eval_eval_seq_acc': 0.0, 'eval_eval_move_acc': 0.9975, 'eval_eval_mod7_acc': 0.9975, 'eval_eval_mod4_acc': 0.2475, 'eval_eval_runtime': 1.1178, 'eval_eval_samples_per_second': 1789.301, 'eval_eval_steps_per_second': 28.629, 'epoch': 114.89}
{'eval_train_loss': 1.7596971702005249e-07, 'eval_train_token_acc': 0.94671106003245, 'eval_train_seq_acc': 0.0, 'eval_train_move_acc': 1.0, 'eval_train_mod7_acc': 1.0, 'eval_train_mod4_acc': 0.237, 'eval_train_runtime': 0.5576, 'eval_train_samples_per_second': 1793.379, 'eval_train_steps_per_second': 28.694, 'epoch': 114.89}
{'loss': 0.0, 'learning_rate': 2.3102511054013615e-05, 'epoch': 115.96}
{'eval_eval_loss': 0.0003586315724533051, 'eval_eval_token_acc': 0.9462002474737059, 'eval_eval_seq_acc': 0.0, 'eval_eval_move_acc': 0.9975, 'eval_eval_mod7_acc': 0.9975, 'eval_eval_mod4_acc': 0.2475, 'eval_eval_runtime': 1.1214, 'eval_eval_samples_per_second': 1783.412, 'eval_eval_steps_per_second': 28.535, 'epoch': 115.96}
{'eval_train_loss': 1.5196229696812225e-07, 'eval_train_token_acc': 0.94671106003245, 'eval_train_seq_acc': 0.0, 'eval_train_move_acc': 1.0, 'eval_train_mod7_acc': 1.0, 'eval_train_mod4_acc': 0.237, 'eval_train_runtime': 0.563, 'eval_train_samples_per_second': 1776.183, 'eval_train_steps_per_second': 28.419, 'epoch': 115.96}
{'loss': 0.0, 'learning_rate': 2.2945639521756923e-05, 'epoch': 117.02}
{'eval_eval_loss': 0.00036461895797401667, 'eval_eval_token_acc': 0.9462002474737059, 'eval_eval_seq_acc': 0.0, 'eval_eval_move_acc': 0.998, 'eval_eval_mod7_acc': 0.998, 'eval_eval_mod4_acc': 0.248, 'eval_eval_runtime': 1.125, 'eval_eval_samples_per_second': 1777.831, 'eval_eval_steps_per_second': 28.445, 'epoch': 117.02}
{'eval_train_loss': 1.4339902065785282e-07, 'eval_train_token_acc': 0.94671106003245, 'eval_train_seq_acc': 0.0, 'eval_train_move_acc': 1.0, 'eval_train_mod7_acc': 1.0, 'eval_train_mod4_acc': 0.237, 'eval_train_runtime': 0.5637, 'eval_train_samples_per_second': 1773.894, 'eval_train_steps_per_second': 28.382, 'epoch': 117.02}
{'loss': 0.0, 'learning_rate': 2.278755057120863e-05, 'epoch': 118.09}
{'eval_eval_loss': 0.00035745196510106325, 'eval_eval_token_acc': 0.9462002474737059, 'eval_eval_seq_acc': 0.0, 'eval_eval_move_acc': 0.998, 'eval_eval_mod7_acc': 0.998, 'eval_eval_mod4_acc': 0.248, 'eval_eval_runtime': 1.1266, 'eval_eval_samples_per_second': 1775.321, 'eval_eval_steps_per_second': 28.405, 'epoch': 118.09}
{'eval_train_loss': 1.3040342139447603e-07, 'eval_train_token_acc': 0.94671106003245, 'eval_train_seq_acc': 0.0, 'eval_train_move_acc': 1.0, 'eval_train_mod7_acc': 1.0, 'eval_train_mod4_acc': 0.237, 'eval_train_runtime': 0.5609, 'eval_train_samples_per_second': 1782.883, 'eval_train_steps_per_second': 28.526, 'epoch': 118.09}
  Pushed checkpoint step-28000 to ijinyu1113/ft_mr6_70m_seed2_purenum
{'loss': 0.0, 'learning_rate': 2.2628268424507127e-05, 'epoch': 119.15}
{'eval_eval_loss': 0.00034876028075814247, 'eval_eval_token_acc': 0.9462002474737059, 'eval_eval_seq_acc': 0.0, 'eval_eval_move_acc': 0.998, 'eval_eval_mod7_acc': 0.998, 'eval_eval_mod4_acc': 0.248, 'eval_eval_runtime': 1.1156, 'eval_eval_samples_per_second': 1792.721, 'eval_eval_steps_per_second': 28.684, 'epoch': 119.15}
{'eval_train_loss': 1.1259484011816312e-07, 'eval_train_token_acc': 0.94671106003245, 'eval_train_seq_acc': 0.0, 'eval_train_move_acc': 1.0, 'eval_train_mod7_acc': 1.0, 'eval_train_mod4_acc': 0.237, 'eval_train_runtime': 0.5578, 'eval_train_samples_per_second': 1792.749, 'eval_train_steps_per_second': 28.684, 'epoch': 119.15}
{'loss': 0.0, 'learning_rate': 2.2467817486610425e-05, 'epoch': 120.21}
{'eval_eval_loss': 0.00034191657323390245, 'eval_eval_token_acc': 0.9462002474737059, 'eval_eval_seq_acc': 0.0, 'eval_eval_move_acc': 0.998, 'eval_eval_mod7_acc': 0.998, 'eval_eval_mod4_acc': 0.248, 'eval_eval_runtime': 1.1213, 'eval_eval_samples_per_second': 1783.621, 'eval_eval_steps_per_second': 28.538, 'epoch': 120.21}
{'eval_train_loss': 1.0121455318312655e-07, 'eval_train_token_acc': 0.94671106003245, 'eval_train_seq_acc': 0.0, 'eval_train_move_acc': 1.0, 'eval_train_mod7_acc': 1.0, 'eval_train_mod4_acc': 0.237, 'eval_train_runtime': 0.5615, 'eval_train_samples_per_second': 1781.093, 'eval_train_steps_per_second': 28.497, 'epoch': 120.21}
{'loss': 0.0, 'learning_rate': 2.2306222341556868e-05, 'epoch': 121.28}
{'eval_eval_loss': 0.00034579343628138304, 'eval_eval_token_acc': 0.9462002474737059, 'eval_eval_seq_acc': 0.0, 'eval_eval_move_acc': 0.998, 'eval_eval_mod7_acc': 0.998, 'eval_eval_mod4_acc': 0.248, 'eval_eval_runtime': 1.1246, 'eval_eval_samples_per_second': 1778.34, 'eval_eval_steps_per_second': 28.453, 'epoch': 121.28}
{'eval_train_loss': 9.466131700719416e-08, 'eval_train_token_acc': 0.94671106003245, 'eval_train_seq_acc': 0.0, 'eval_train_move_acc': 1.0, 'eval_train_mod7_acc': 1.0, 'eval_train_mod4_acc': 0.237, 'eval_train_runtime': 0.5626, 'eval_train_samples_per_second': 1777.314, 'eval_train_steps_per_second': 28.437, 'epoch': 121.28}
{'loss': 0.0, 'learning_rate': 2.214350774869842e-05, 'epoch': 122.34}
{'eval_eval_loss': 0.0003376876702532172, 'eval_eval_token_acc': 0.9462002474737059, 'eval_eval_seq_acc': 0.0, 'eval_eval_move_acc': 0.998, 'eval_eval_mod7_acc': 0.998, 'eval_eval_mod4_acc': 0.248, 'eval_eval_runtime': 1.1238, 'eval_eval_samples_per_second': 1779.644, 'eval_eval_steps_per_second': 28.474, 'epoch': 122.34}
{'eval_train_loss': 8.46493577455476e-08, 'eval_train_token_acc': 0.94671106003245, 'eval_train_seq_acc': 0.0, 'eval_train_move_acc': 1.0, 'eval_train_mod7_acc': 1.0, 'eval_train_mod4_acc': 0.237, 'eval_train_runtime': 0.5627, 'eval_train_samples_per_second': 1777.0, 'eval_train_steps_per_second': 28.432, 'epoch': 122.34}
  Pushed checkpoint step-29000 to ijinyu1113/ft_mr6_70m_seed2_purenum
{'loss': 0.0, 'learning_rate': 2.197969863890705e-05, 'epoch': 123.4}
{'eval_eval_loss': 0.0003393400402273983, 'eval_eval_token_acc': 0.9462002474737059, 'eval_eval_seq_acc': 0.0, 'eval_eval_move_acc': 0.998, 'eval_eval_mod7_acc': 0.998, 'eval_eval_mod4_acc': 0.248, 'eval_eval_runtime': 1.1166, 'eval_eval_samples_per_second': 1791.231, 'eval_eval_steps_per_second': 28.66, 'epoch': 123.4}
{'eval_train_loss': 7.619517816692678e-08, 'eval_train_token_acc': 0.94671106003245, 'eval_train_seq_acc': 0.0, 'eval_train_move_acc': 1.0, 'eval_train_mod7_acc': 1.0, 'eval_train_mod4_acc': 0.237, 'eval_train_runtime': 0.5574, 'eval_train_samples_per_second': 1794.081, 'eval_train_steps_per_second': 28.705, 'epoch': 123.4}
{'loss': 0.0, 'learning_rate': 2.1814820110754875e-05, 'epoch': 124.47}
{'eval_eval_loss': 0.00034021722967736423, 'eval_eval_token_acc': 0.9462002474737059, 'eval_eval_seq_acc': 0.0, 'eval_eval_move_acc': 0.998, 'eval_eval_mod7_acc': 0.998, 'eval_eval_mod4_acc': 0.248, 'eval_eval_runtime': 1.1226, 'eval_eval_samples_per_second': 1781.591, 'eval_eval_steps_per_second': 28.505, 'epoch': 124.47}
{'eval_train_loss': 6.745576541788978e-08, 'eval_train_token_acc': 0.94671106003245, 'eval_train_seq_acc': 0.0, 'eval_train_move_acc': 1.0, 'eval_train_mod7_acc': 1.0, 'eval_train_mod4_acc': 0.237, 'eval_train_runtime': 0.5623, 'eval_train_samples_per_second': 1778.321, 'eval_train_steps_per_second': 28.453, 'epoch': 124.47}
{'loss': 0.0, 'learning_rate': 2.1648897426668606e-05, 'epoch': 125.53}
{'eval_eval_loss': 0.0003337051603011787, 'eval_eval_token_acc': 0.9462002474737059, 'eval_eval_seq_acc': 0.0, 'eval_eval_move_acc': 0.998, 'eval_eval_mod7_acc': 0.998, 'eval_eval_mod4_acc': 0.248, 'eval_eval_runtime': 1.1233, 'eval_eval_samples_per_second': 1780.46, 'eval_eval_steps_per_second': 28.487, 'epoch': 125.53}
{'eval_train_loss': 6.226786553042984e-08, 'eval_train_token_acc': 0.94671106003245, 'eval_train_seq_acc': 0.0, 'eval_train_move_acc': 1.0, 'eval_train_mod7_acc': 1.0, 'eval_train_mod4_acc': 0.237, 'eval_train_runtime': 0.561, 'eval_train_samples_per_second': 1782.571, 'eval_train_steps_per_second': 28.521, 'epoch': 125.53}
{'loss': 0.0, 'learning_rate': 2.148195600905887e-05, 'epoch': 126.6}
{'eval_eval_loss': 0.00033790786983445287, 'eval_eval_token_acc': 0.9462002474737059, 'eval_eval_seq_acc': 0.0, 'eval_eval_move_acc': 0.998, 'eval_eval_mod7_acc': 0.998, 'eval_eval_mod4_acc': 0.248, 'eval_eval_runtime': 1.1205, 'eval_eval_samples_per_second': 1784.929, 'eval_eval_steps_per_second': 28.559, 'epoch': 126.6}
{'eval_train_loss': 5.537968661428749e-08, 'eval_train_token_acc': 0.94671106003245, 'eval_train_seq_acc': 0.0, 'eval_train_move_acc': 1.0, 'eval_train_mod7_acc': 1.0, 'eval_train_mod4_acc': 0.237, 'eval_train_runtime': 0.5601, 'eval_train_samples_per_second': 1785.33, 'eval_train_steps_per_second': 28.565, 'epoch': 126.6}
  Pushed checkpoint step-30000 to ijinyu1113/ft_mr6_70m_seed2_purenum
{'loss': 0.0, 'learning_rate': 2.1314021436425026e-05, 'epoch': 127.66}
{'eval_eval_loss': 0.00032778712920844555, 'eval_eval_token_acc': 0.9462002474737059, 'eval_eval_seq_acc': 0.0, 'eval_eval_move_acc': 0.998, 'eval_eval_mod7_acc': 0.998, 'eval_eval_mod4_acc': 0.248, 'eval_eval_runtime': 1.1155, 'eval_eval_samples_per_second': 1792.926, 'eval_eval_steps_per_second': 28.687, 'epoch': 127.66}
{'eval_train_loss': 4.857181323814075e-08, 'eval_train_token_acc': 0.94671106003245, 'eval_train_seq_acc': 0.0, 'eval_train_move_acc': 1.0, 'eval_train_mod7_acc': 1.0, 'eval_train_mod4_acc': 0.237, 'eval_train_runtime': 0.558, 'eval_train_samples_per_second': 1792.101, 'eval_train_steps_per_second': 28.674, 'epoch': 127.66}
{'loss': 0.0, 'learning_rate': 2.1145119439436072e-05, 'epoch': 128.72}
{'eval_eval_loss': 0.00033265590900555253, 'eval_eval_token_acc': 0.9462002474737059, 'eval_eval_seq_acc': 0.0, 'eval_eval_move_acc': 0.998, 'eval_eval_mod7_acc': 0.998, 'eval_eval_mod4_acc': 0.248, 'eval_eval_runtime': 1.123, 'eval_eval_samples_per_second': 1780.978, 'eval_eval_steps_per_second': 28.496, 'epoch': 128.72}
{'eval_train_loss': 4.44700489765637e-08, 'eval_train_token_acc': 0.94671106003245, 'eval_train_seq_acc': 0.0, 'eval_train_move_acc': 1.0, 'eval_train_mod7_acc': 1.0, 'eval_train_mod4_acc': 0.237, 'eval_train_runtime': 0.5624, 'eval_train_samples_per_second': 1778.198, 'eval_train_steps_per_second': 28.451, 'epoch': 128.72}
{'loss': 0.0, 'learning_rate': 2.097527589698823e-05, 'epoch': 129.79}
{'eval_eval_loss': 0.00032614939846098423, 'eval_eval_token_acc': 0.9462002474737059, 'eval_eval_seq_acc': 0.0, 'eval_eval_move_acc': 0.998, 'eval_eval_mod7_acc': 0.998, 'eval_eval_mod4_acc': 0.248, 'eval_eval_runtime': 1.1282, 'eval_eval_samples_per_second': 1772.809, 'eval_eval_steps_per_second': 28.365, 'epoch': 129.79}
{'eval_train_loss': 4.010299292644959e-08, 'eval_train_token_acc': 0.94671106003245, 'eval_train_seq_acc': 0.0, 'eval_train_move_acc': 1.0, 'eval_train_mod7_acc': 1.0, 'eval_train_mod4_acc': 0.237, 'eval_train_runtime': 0.5624, 'eval_train_samples_per_second': 1778.088, 'eval_train_steps_per_second': 28.449, 'epoch': 129.79}
{'loss': 0.0, 'learning_rate': 2.080451683223983e-05, 'epoch': 130.85}
{'eval_eval_loss': 0.0003247976419515908, 'eval_eval_token_acc': 0.9462002474737059, 'eval_eval_seq_acc': 0.0, 'eval_eval_move_acc': 0.998, 'eval_eval_mod7_acc': 0.998, 'eval_eval_mod4_acc': 0.248, 'eval_eval_runtime': 1.1202, 'eval_eval_samples_per_second': 1785.397, 'eval_eval_steps_per_second': 28.566, 'epoch': 130.85}
{'eval_train_loss': 3.572715456812148e-08, 'eval_train_token_acc': 0.94671106003245, 'eval_train_seq_acc': 0.0, 'eval_train_move_acc': 1.0, 'eval_train_mod7_acc': 1.0, 'eval_train_mod4_acc': 0.237, 'eval_train_runtime': 0.5612, 'eval_train_samples_per_second': 1781.986, 'eval_train_steps_per_second': 28.512, 'epoch': 130.85}
  Pushed checkpoint step-31000 to ijinyu1113/ft_mr6_70m_seed2_purenum
{'loss': 0.0, 'learning_rate': 2.063286840862408e-05, 'epoch': 131.91}
{'eval_eval_loss': 0.00032410089625045657, 'eval_eval_token_acc': 0.9462002474737059, 'eval_eval_seq_acc': 0.0, 'eval_eval_move_acc': 0.998, 'eval_eval_mod7_acc': 0.998, 'eval_eval_mod4_acc': 0.248, 'eval_eval_runtime': 1.114, 'eval_eval_samples_per_second': 1795.393, 'eval_eval_steps_per_second': 28.726, 'epoch': 131.91}
{'eval_train_loss': 3.286503158506093e-08, 'eval_train_token_acc': 0.94671106003245, 'eval_train_seq_acc': 0.0, 'eval_train_move_acc': 1.0, 'eval_train_mod7_acc': 1.0, 'eval_train_mod4_acc': 0.237, 'eval_train_runtime': 0.5581, 'eval_train_samples_per_second': 1791.9, 'eval_train_steps_per_second': 28.67, 'epoch': 131.91}
{'loss': 0.0, 'learning_rate': 2.0460356925840325e-05, 'epoch': 132.98}
{'eval_eval_loss': 0.00031982248765416443, 'eval_eval_token_acc': 0.9462002474737059, 'eval_eval_seq_acc': 0.0, 'eval_eval_move_acc': 0.998, 'eval_eval_mod7_acc': 0.998, 'eval_eval_mod4_acc': 0.248, 'eval_eval_runtime': 1.1221, 'eval_eval_samples_per_second': 1782.413, 'eval_eval_steps_per_second': 28.519, 'epoch': 132.98}
{'eval_train_loss': 2.896060991020022e-08, 'eval_train_token_acc': 0.94671106003245, 'eval_train_seq_acc': 0.0, 'eval_train_move_acc': 1.0, 'eval_train_mod7_acc': 1.0, 'eval_train_mod4_acc': 0.237, 'eval_train_runtime': 0.562, 'eval_train_samples_per_second': 1779.455, 'eval_train_steps_per_second': 28.471, 'epoch': 132.98}
{'loss': 0.0, 'learning_rate': 2.0287008815824495e-05, 'epoch': 134.04}
{'eval_eval_loss': 0.00032553341588936746, 'eval_eval_token_acc': 0.9462002474737059, 'eval_eval_seq_acc': 0.0, 'eval_eval_move_acc': 0.998, 'eval_eval_mod7_acc': 0.998, 'eval_eval_mod4_acc': 0.248, 'eval_eval_runtime': 1.1259, 'eval_eval_samples_per_second': 1776.313, 'eval_eval_steps_per_second': 28.421, 'epoch': 134.04}
{'eval_train_loss': 2.7360753662719617e-08, 'eval_train_token_acc': 0.94671106003245, 'eval_train_seq_acc': 0.0, 'eval_train_move_acc': 1.0, 'eval_train_mod7_acc': 1.0, 'eval_train_mod4_acc': 0.237, 'eval_train_runtime': 0.5636, 'eval_train_samples_per_second': 1774.244, 'eval_train_steps_per_second': 28.388, 'epoch': 134.04}
{'loss': 0.0, 'learning_rate': 2.0112850638699195e-05, 'epoch': 135.11}
{'eval_eval_loss': 0.00032201988506130874, 'eval_eval_token_acc': 0.9462002474737059, 'eval_eval_seq_acc': 0.0, 'eval_eval_move_acc': 0.998, 'eval_eval_mod7_acc': 0.998, 'eval_eval_mod4_acc': 0.248, 'eval_eval_runtime': 1.1217, 'eval_eval_samples_per_second': 1782.998, 'eval_eval_steps_per_second': 28.528, 'epoch': 135.11}
{'eval_train_loss': 2.4885201455049355e-08, 'eval_train_token_acc': 0.94671106003245, 'eval_train_seq_acc': 0.0, 'eval_train_move_acc': 1.0, 'eval_train_mod7_acc': 1.0, 'eval_train_mod4_acc': 0.237, 'eval_train_runtime': 0.5613, 'eval_train_samples_per_second': 1781.715, 'eval_train_steps_per_second': 28.507, 'epoch': 135.11}
  Pushed checkpoint step-32000 to ijinyu1113/ft_mr6_70m_seed2_purenum
{'loss': 0.0, 'learning_rate': 1.9937909078704247e-05, 'epoch': 136.17}
{'eval_eval_loss': 0.0003230686124879867, 'eval_eval_token_acc': 0.9462002474737059, 'eval_eval_seq_acc': 0.0, 'eval_eval_move_acc': 0.998, 'eval_eval_mod7_acc': 0.998, 'eval_eval_mod4_acc': 0.248, 'eval_eval_runtime': 1.1147, 'eval_eval_samples_per_second': 1794.278, 'eval_eval_steps_per_second': 28.708, 'epoch': 136.17}
{'eval_train_loss': 2.3371418578221892e-08, 'eval_train_token_acc': 0.94671106003245, 'eval_train_seq_acc': 0.0, 'eval_train_move_acc': 1.0, 'eval_train_mod7_acc': 1.0, 'eval_train_mod4_acc': 0.237, 'eval_train_runtime': 0.5583, 'eval_train_samples_per_second': 1791.154, 'eval_train_steps_per_second': 28.658, 'epoch': 136.17}
{'loss': 0.0, 'learning_rate': 1.976221094010814e-05, 'epoch': 137.23}
{'eval_eval_loss': 0.00032275894773192704, 'eval_eval_token_acc': 0.9462002474737059, 'eval_eval_seq_acc': 0.0, 'eval_eval_move_acc': 0.998, 'eval_eval_mod7_acc': 0.998, 'eval_eval_mod4_acc': 0.248, 'eval_eval_runtime': 1.1211, 'eval_eval_samples_per_second': 1783.929, 'eval_eval_steps_per_second': 28.543, 'epoch': 137.23}
{'eval_train_loss': 2.13924753467154e-08, 'eval_train_token_acc': 0.94671106003245, 'eval_train_seq_acc': 0.0, 'eval_train_move_acc': 1.0, 'eval_train_mod7_acc': 1.0, 'eval_train_mod4_acc': 0.237, 'eval_train_runtime': 0.5616, 'eval_train_samples_per_second': 1780.657, 'eval_train_steps_per_second': 28.491, 'epoch': 137.23}
{'loss': 0.0, 'learning_rate': 1.958578314310114e-05, 'epoch': 138.3}
{'eval_eval_loss': 0.00031170074362307787, 'eval_eval_token_acc': 0.9462002474737059, 'eval_eval_seq_acc': 0.0, 'eval_eval_move_acc': 0.998, 'eval_eval_mod7_acc': 0.998, 'eval_eval_mod4_acc': 0.248, 'eval_eval_runtime': 1.1202, 'eval_eval_samples_per_second': 1785.475, 'eval_eval_steps_per_second': 28.568, 'epoch': 138.3}
{'eval_train_loss': 2.0100605624406853e-08, 'eval_train_token_acc': 0.94671106003245, 'eval_train_seq_acc': 0.0, 'eval_train_move_acc': 1.0, 'eval_train_mod7_acc': 1.0, 'eval_train_mod4_acc': 0.237, 'eval_train_runtime': 0.5618, 'eval_train_samples_per_second': 1779.883, 'eval_train_steps_per_second': 28.478, 'epoch': 138.3}
{'loss': 0.0, 'learning_rate': 1.9408652719670622e-05, 'epoch': 139.36}
{'eval_eval_loss': 0.00031546829268336296, 'eval_eval_token_acc': 0.9462002474737059, 'eval_eval_seq_acc': 0.0, 'eval_eval_move_acc': 0.998, 'eval_eval_mod7_acc': 0.998, 'eval_eval_mod4_acc': 0.248, 'eval_eval_runtime': 1.1212, 'eval_eval_samples_per_second': 1783.86, 'eval_eval_steps_per_second': 28.542, 'epoch': 139.36}
{'eval_train_loss': 1.9534473594262636e-08, 'eval_train_token_acc': 0.94671106003245, 'eval_train_seq_acc': 0.0, 'eval_train_move_acc': 1.0, 'eval_train_mod7_acc': 1.0, 'eval_train_mod4_acc': 0.237, 'eval_train_runtime': 0.5616, 'eval_train_samples_per_second': 1780.752, 'eval_train_steps_per_second': 28.492, 'epoch': 139.36}
  Pushed checkpoint step-33000 to ijinyu1113/ft_mr6_70m_seed2_purenum
{'loss': 0.0, 'learning_rate': 1.923084680945927e-05, 'epoch': 140.43}
{'eval_eval_loss': 0.0003124047361779958, 'eval_eval_token_acc': 0.9462002474737059, 'eval_eval_seq_acc': 0.0, 'eval_eval_move_acc': 0.998, 'eval_eval_mod7_acc': 0.998, 'eval_eval_mod4_acc': 0.248, 'eval_eval_runtime': 1.1227, 'eval_eval_samples_per_second': 1781.423, 'eval_eval_steps_per_second': 28.503, 'epoch': 140.43}
{'eval_train_loss': 1.9080660607073696e-08, 'eval_train_token_acc': 0.94671106003245, 'eval_train_seq_acc': 0.0, 'eval_train_move_acc': 1.0, 'eval_train_mod7_acc': 1.0, 'eval_train_mod4_acc': 0.237, 'eval_train_runtime': 0.5613, 'eval_train_samples_per_second': 1781.717, 'eval_train_steps_per_second': 28.507, 'epoch': 140.43}
{'loss': 0.0, 'learning_rate': 1.905239265560677e-05, 'epoch': 141.49}
{'eval_eval_loss': 0.0003138469182886183, 'eval_eval_token_acc': 0.9462002474737059, 'eval_eval_seq_acc': 0.0, 'eval_eval_move_acc': 0.998, 'eval_eval_mod7_acc': 0.998, 'eval_eval_mod4_acc': 0.248, 'eval_eval_runtime': 1.123, 'eval_eval_samples_per_second': 1780.904, 'eval_eval_steps_per_second': 28.494, 'epoch': 141.49}
{'eval_train_loss': 1.8930270684336392e-08, 'eval_train_token_acc': 0.94671106003245, 'eval_train_seq_acc': 0.0, 'eval_train_move_acc': 1.0, 'eval_train_mod7_acc': 1.0, 'eval_train_mod4_acc': 0.237, 'eval_train_runtime': 0.5631, 'eval_train_samples_per_second': 1775.791, 'eval_train_steps_per_second': 28.413, 'epoch': 141.49}
{'loss': 0.0, 'learning_rate': 1.887331760057568e-05, 'epoch': 142.55}
{'eval_eval_loss': 0.0003002896555699408, 'eval_eval_token_acc': 0.9462002474737059, 'eval_eval_seq_acc': 0.0, 'eval_eval_move_acc': 0.998, 'eval_eval_mod7_acc': 0.998, 'eval_eval_mod4_acc': 0.248, 'eval_eval_runtime': 1.1224, 'eval_eval_samples_per_second': 1781.843, 'eval_eval_steps_per_second': 28.509, 'epoch': 142.55}
{'eval_train_loss': 1.7763220228061982e-08, 'eval_train_token_acc': 0.94671106003245, 'eval_train_seq_acc': 0.0, 'eval_train_move_acc': 1.0, 'eval_train_mod7_acc': 1.0, 'eval_train_mod4_acc': 0.237, 'eval_train_runtime': 0.5617, 'eval_train_samples_per_second': 1780.282, 'eval_train_steps_per_second': 28.485, 'epoch': 142.55}
{'loss': 0.0, 'learning_rate': 1.869364908196206e-05, 'epoch': 143.62}
{'eval_eval_loss': 0.0003145071677863598, 'eval_eval_token_acc': 0.9462002474737059, 'eval_eval_seq_acc': 0.0, 'eval_eval_move_acc': 0.998, 'eval_eval_mod7_acc': 0.998, 'eval_eval_mod4_acc': 0.248, 'eval_eval_runtime': 1.1226, 'eval_eval_samples_per_second': 1781.637, 'eval_eval_steps_per_second': 28.506, 'epoch': 143.62}
{'eval_train_loss': 1.8469584972535813e-08, 'eval_train_token_acc': 0.94671106003245, 'eval_train_seq_acc': 0.0, 'eval_train_move_acc': 1.0, 'eval_train_mod7_acc': 1.0, 'eval_train_mod4_acc': 0.237, 'eval_train_runtime': 0.5632, 'eval_train_samples_per_second': 1775.42, 'eval_train_steps_per_second': 28.407, 'epoch': 143.62}
  Pushed checkpoint step-34000 to ijinyu1113/ft_mr6_70m_seed2_purenum
{'loss': 0.0038, 'learning_rate': 1.85134146282915e-05, 'epoch': 144.68}
{'eval_eval_loss': 0.0012319297529757023, 'eval_eval_token_acc': 0.9462002474737059, 'eval_eval_seq_acc': 0.0, 'eval_eval_move_acc': 0.982, 'eval_eval_mod7_acc': 0.982982982982983, 'eval_eval_mod4_acc': 0.24924924924924924, 'eval_eval_runtime': 1.123, 'eval_eval_samples_per_second': 1780.904, 'eval_eval_steps_per_second': 28.494, 'epoch': 144.68}
{'eval_train_loss': 0.00029222280136309564, 'eval_train_token_acc': 0.94671106003245, 'eval_train_seq_acc': 0.0, 'eval_train_move_acc': 0.995, 'eval_train_mod7_acc': 0.995, 'eval_train_mod4_acc': 0.236, 'eval_train_runtime': 0.5632, 'eval_train_samples_per_second': 1775.633, 'eval_train_steps_per_second': 28.41, 'epoch': 144.68}
{'loss': 0.0004, 'learning_rate': 1.8332641854801276e-05, 'epoch': 145.74}
{'eval_eval_loss': 0.0003626186808105558, 'eval_eval_token_acc': 0.9462002474737059, 'eval_eval_seq_acc': 0.0, 'eval_eval_move_acc': 0.997, 'eval_eval_mod7_acc': 0.9974987493746873, 'eval_eval_mod4_acc': 0.24712356178089045, 'eval_eval_runtime': 1.1208, 'eval_eval_samples_per_second': 1784.371, 'eval_eval_steps_per_second': 28.55, 'epoch': 145.74}
{'eval_train_loss': 1.6049099940573797e-05, 'eval_train_token_acc': 0.94671106003245, 'eval_train_seq_acc': 0.0, 'eval_train_move_acc': 1.0, 'eval_train_mod7_acc': 1.0, 'eval_train_mod4_acc': 0.237, 'eval_train_runtime': 0.5615, 'eval_train_samples_per_second': 1780.972, 'eval_train_steps_per_second': 28.496, 'epoch': 145.74}
{'loss': 0.0, 'learning_rate': 1.8151358459209167e-05, 'epoch': 146.81}
{'eval_eval_loss': 0.000234342718613334, 'eval_eval_token_acc': 0.9462002474737059, 'eval_eval_seq_acc': 0.0, 'eval_eval_move_acc': 0.998, 'eval_eval_mod7_acc': 0.9984992496248124, 'eval_eval_mod4_acc': 0.2466233116558279, 'eval_eval_runtime': 1.1198, 'eval_eval_samples_per_second': 1786.075, 'eval_eval_steps_per_second': 28.577, 'epoch': 146.81}
{'eval_train_loss': 4.869475105806487e-06, 'eval_train_token_acc': 0.94671106003245, 'eval_train_seq_acc': 0.0, 'eval_train_move_acc': 1.0, 'eval_train_mod7_acc': 1.0, 'eval_train_mod4_acc': 0.237, 'eval_train_runtime': 0.5649, 'eval_train_samples_per_second': 1770.206, 'eval_train_steps_per_second': 28.323, 'epoch': 146.81}
{'loss': 0.0, 'learning_rate': 1.7969592217469675e-05, 'epoch': 147.87}
{'eval_eval_loss': 0.0003513558185659349, 'eval_eval_token_acc': 0.9462002474737059, 'eval_eval_seq_acc': 0.0, 'eval_eval_move_acc': 0.9975, 'eval_eval_mod7_acc': 0.9975, 'eval_eval_mod4_acc': 0.2475, 'eval_eval_runtime': 1.124, 'eval_eval_samples_per_second': 1779.392, 'eval_eval_steps_per_second': 28.47, 'epoch': 147.87}
{'eval_train_loss': 1.235935314980452e-06, 'eval_train_token_acc': 0.94671106003245, 'eval_train_seq_acc': 0.0, 'eval_train_move_acc': 1.0, 'eval_train_mod7_acc': 1.0, 'eval_train_mod4_acc': 0.237, 'eval_train_runtime': 0.5643, 'eval_train_samples_per_second': 1772.133, 'eval_train_steps_per_second': 28.354, 'epoch': 147.87}
  Pushed checkpoint step-35000 to ijinyu1113/ft_mr6_70m_seed2_purenum
{'loss': 0.0, 'learning_rate': 1.7787370979518197e-05, 'epoch': 148.94}
{'eval_eval_loss': 0.000353378476575017, 'eval_eval_token_acc': 0.9462002474737059, 'eval_eval_seq_acc': 0.0, 'eval_eval_move_acc': 0.9975, 'eval_eval_mod7_acc': 0.9975, 'eval_eval_mod4_acc': 0.2475, 'eval_eval_runtime': 1.1275, 'eval_eval_samples_per_second': 1773.874, 'eval_eval_steps_per_second': 28.382, 'epoch': 148.94}
{'eval_train_loss': 9.099447879634681e-07, 'eval_train_token_acc': 0.94671106003245, 'eval_train_seq_acc': 0.0, 'eval_train_move_acc': 1.0, 'eval_train_mod7_acc': 1.0, 'eval_train_mod4_acc': 0.237, 'eval_train_runtime': 0.5633, 'eval_train_samples_per_second': 1775.109, 'eval_train_steps_per_second': 28.402, 'epoch': 148.94}
{'loss': 0.0, 'learning_rate': 1.760472266500396e-05, 'epoch': 150.0}
{'eval_eval_loss': 0.000346582499332726, 'eval_eval_token_acc': 0.9462002474737059, 'eval_eval_seq_acc': 0.0, 'eval_eval_move_acc': 0.9975, 'eval_eval_mod7_acc': 0.9975, 'eval_eval_mod4_acc': 0.2475, 'eval_eval_runtime': 1.123, 'eval_eval_samples_per_second': 1780.986, 'eval_eval_steps_per_second': 28.496, 'epoch': 150.0}
{'eval_train_loss': 7.465082489943597e-07, 'eval_train_token_acc': 0.94671106003245, 'eval_train_seq_acc': 0.0, 'eval_train_move_acc': 1.0, 'eval_train_mod7_acc': 1.0, 'eval_train_mod4_acc': 0.237, 'eval_train_runtime': 0.5625, 'eval_train_samples_per_second': 1777.708, 'eval_train_steps_per_second': 28.443, 'epoch': 150.0}
{'loss': 0.0, 'learning_rate': 1.742167525901215e-05, 'epoch': 151.06}
{'eval_eval_loss': 0.00034451644751243293, 'eval_eval_token_acc': 0.9462002474737059, 'eval_eval_seq_acc': 0.0, 'eval_eval_move_acc': 0.9975, 'eval_eval_mod7_acc': 0.9975, 'eval_eval_mod4_acc': 0.2475, 'eval_eval_runtime': 1.1211, 'eval_eval_samples_per_second': 1783.953, 'eval_eval_steps_per_second': 28.543, 'epoch': 151.06}
{'eval_train_loss': 6.528264862026845e-07, 'eval_train_token_acc': 0.94671106003245, 'eval_train_seq_acc': 0.0, 'eval_train_move_acc': 1.0, 'eval_train_mod7_acc': 1.0, 'eval_train_mod4_acc': 0.237, 'eval_train_runtime': 0.5608, 'eval_train_samples_per_second': 1783.098, 'eval_train_steps_per_second': 28.53, 'epoch': 151.06}
{'loss': 0.0, 'learning_rate': 1.723825680777615e-05, 'epoch': 152.13}
{'eval_eval_loss': 0.0003418424166738987, 'eval_eval_token_acc': 0.9462002474737059, 'eval_eval_seq_acc': 0.0, 'eval_eval_move_acc': 0.9975, 'eval_eval_mod7_acc': 0.9975, 'eval_eval_mod4_acc': 0.2475, 'eval_eval_runtime': 1.1203, 'eval_eval_samples_per_second': 1785.244, 'eval_eval_steps_per_second': 28.564, 'epoch': 152.13}
{'eval_train_loss': 5.347079650164233e-07, 'eval_train_token_acc': 0.94671106003245, 'eval_train_seq_acc': 0.0, 'eval_train_move_acc': 1.0, 'eval_train_mod7_acc': 1.0, 'eval_train_mod4_acc': 0.237, 'eval_train_runtime': 0.5591, 'eval_train_samples_per_second': 1788.596, 'eval_train_steps_per_second': 28.618, 'epoch': 152.13}
  Pushed checkpoint step-36000 to ijinyu1113/ft_mr6_70m_seed2_purenum
{'loss': 0.0, 'learning_rate': 1.705449541438028e-05, 'epoch': 153.19}
{'eval_eval_loss': 0.0003406523901503533, 'eval_eval_token_acc': 0.9462002474737059, 'eval_eval_seq_acc': 0.0, 'eval_eval_move_acc': 0.9975, 'eval_eval_mod7_acc': 0.9975, 'eval_eval_mod4_acc': 0.2475, 'eval_eval_runtime': 1.119, 'eval_eval_samples_per_second': 1787.303, 'eval_eval_steps_per_second': 28.597, 'epoch': 153.19}
{'eval_train_loss': 4.6812502318971383e-07, 'eval_train_token_acc': 0.94671106003245, 'eval_train_seq_acc': 0.0, 'eval_train_move_acc': 1.0, 'eval_train_mod7_acc': 1.0, 'eval_train_mod4_acc': 0.237, 'eval_train_runtime': 0.5588, 'eval_train_samples_per_second': 1789.535, 'eval_train_steps_per_second': 28.633, 'epoch': 153.19}
{'loss': 0.0, 'learning_rate': 1.6870419234453938e-05, 'epoch': 154.26}
{'eval_eval_loss': 0.0003377049579285085, 'eval_eval_token_acc': 0.9462002474737059, 'eval_eval_seq_acc': 0.0, 'eval_eval_move_acc': 0.9975, 'eval_eval_mod7_acc': 0.9975, 'eval_eval_mod4_acc': 0.2475, 'eval_eval_runtime': 1.1222, 'eval_eval_samples_per_second': 1782.284, 'eval_eval_steps_per_second': 28.517, 'epoch': 154.26}
{'eval_train_loss': 4.339134989095328e-07, 'eval_train_token_acc': 0.94671106003245, 'eval_train_seq_acc': 0.0, 'eval_train_move_acc': 1.0, 'eval_train_mod7_acc': 1.0, 'eval_train_mod4_acc': 0.237, 'eval_train_runtime': 0.5614, 'eval_train_samples_per_second': 1781.294, 'eval_train_steps_per_second': 28.501, 'epoch': 154.26}
{'loss': 0.0, 'learning_rate': 1.6686056471857595e-05, 'epoch': 155.32}
{'eval_eval_loss': 0.0003354421933181584, 'eval_eval_token_acc': 0.9462002474737059, 'eval_eval_seq_acc': 0.0, 'eval_eval_move_acc': 0.9975, 'eval_eval_mod7_acc': 0.9975, 'eval_eval_mod4_acc': 0.2475, 'eval_eval_runtime': 1.1248, 'eval_eval_samples_per_second': 1778.051, 'eval_eval_steps_per_second': 28.449, 'epoch': 155.32}
{'eval_train_loss': 3.846157312636933e-07, 'eval_train_token_acc': 0.94671106003245, 'eval_train_seq_acc': 0.0, 'eval_train_move_acc': 1.0, 'eval_train_mod7_acc': 1.0, 'eval_train_mod4_acc': 0.237, 'eval_train_runtime': 0.5661, 'eval_train_samples_per_second': 1766.352, 'eval_train_steps_per_second': 28.262, 'epoch': 155.32}
{'loss': 0.0, 'learning_rate': 1.6501435374361478e-05, 'epoch': 156.38}
{'eval_eval_loss': 0.00033250756678171456, 'eval_eval_token_acc': 0.9462002474737059, 'eval_eval_seq_acc': 0.0, 'eval_eval_move_acc': 0.9975, 'eval_eval_mod7_acc': 0.9975, 'eval_eval_mod4_acc': 0.2475, 'eval_eval_runtime': 1.1196, 'eval_eval_samples_per_second': 1786.372, 'eval_eval_steps_per_second': 28.582, 'epoch': 156.38}
{'eval_train_loss': 3.282533782567043e-07, 'eval_train_token_acc': 0.94671106003245, 'eval_train_seq_acc': 0.0, 'eval_train_move_acc': 1.0, 'eval_train_mod7_acc': 1.0, 'eval_train_mod4_acc': 0.237, 'eval_train_runtime': 0.5619, 'eval_train_samples_per_second': 1779.568, 'eval_train_steps_per_second': 28.473, 'epoch': 156.38}
  Pushed checkpoint step-37000 to ijinyu1113/ft_mr6_70m_seed2_purenum
{'loss': 0.0, 'learning_rate': 1.6316584229317465e-05, 'epoch': 157.45}
{'eval_eval_loss': 0.00033195625292137265, 'eval_eval_token_acc': 0.9462002474737059, 'eval_eval_seq_acc': 0.0, 'eval_eval_move_acc': 0.9975, 'eval_eval_mod7_acc': 0.9975, 'eval_eval_mod4_acc': 0.2475, 'eval_eval_runtime': 1.1181, 'eval_eval_samples_per_second': 1788.745, 'eval_eval_steps_per_second': 28.62, 'epoch': 157.45}
{'eval_train_loss': 3.0835036568532814e-07, 'eval_train_token_acc': 0.94671106003245, 'eval_train_seq_acc': 0.0, 'eval_train_move_acc': 1.0, 'eval_train_mod7_acc': 1.0, 'eval_train_mod4_acc': 0.237, 'eval_train_runtime': 0.5603, 'eval_train_samples_per_second': 1784.645, 'eval_train_steps_per_second': 28.554, 'epoch': 157.45}
{'loss': 0.0, 'learning_rate': 1.613153135932497e-05, 'epoch': 158.51}
{'eval_eval_loss': 0.00032543516135774553, 'eval_eval_token_acc': 0.9462002474737059, 'eval_eval_seq_acc': 0.0, 'eval_eval_move_acc': 0.9975, 'eval_eval_mod7_acc': 0.9975, 'eval_eval_mod4_acc': 0.2475, 'eval_eval_runtime': 1.1248, 'eval_eval_samples_per_second': 1778.141, 'eval_eval_steps_per_second': 28.45, 'epoch': 158.51}
{'eval_train_loss': 2.663592226781475e-07, 'eval_train_token_acc': 0.94671106003245, 'eval_train_seq_acc': 0.0, 'eval_train_move_acc': 1.0, 'eval_train_mod7_acc': 1.0, 'eval_train_mod4_acc': 0.237, 'eval_train_runtime': 0.564, 'eval_train_samples_per_second': 1773.044, 'eval_train_steps_per_second': 28.369, 'epoch': 158.51}
{'loss': 0.0, 'learning_rate': 1.594630511789137e-05, 'epoch': 159.57}
{'eval_eval_loss': 0.0003202399529982358, 'eval_eval_token_acc': 0.9462002474737059, 'eval_eval_seq_acc': 0.0, 'eval_eval_move_acc': 0.9975, 'eval_eval_mod7_acc': 0.9975, 'eval_eval_mod4_acc': 0.2475, 'eval_eval_runtime': 1.1199, 'eval_eval_samples_per_second': 1785.815, 'eval_eval_steps_per_second': 28.573, 'epoch': 159.57}
{'eval_train_loss': 2.3286796135835175e-07, 'eval_train_token_acc': 0.94671106003245, 'eval_train_seq_acc': 0.0, 'eval_train_move_acc': 1.0, 'eval_train_mod7_acc': 1.0, 'eval_train_mod4_acc': 0.237, 'eval_train_runtime': 0.5601, 'eval_train_samples_per_second': 1785.534, 'eval_train_steps_per_second': 28.569, 'epoch': 159.57}
{'loss': 0.0, 'learning_rate': 1.576093388508776e-05, 'epoch': 160.64}
{'eval_eval_loss': 0.00031973363365978, 'eval_eval_token_acc': 0.9462002474737059, 'eval_eval_seq_acc': 0.0, 'eval_eval_move_acc': 0.9975, 'eval_eval_mod7_acc': 0.9975, 'eval_eval_mod4_acc': 0.2475, 'eval_eval_runtime': 1.1225, 'eval_eval_samples_per_second': 1781.733, 'eval_eval_steps_per_second': 28.508, 'epoch': 160.64}
{'eval_train_loss': 2.1553729823153844e-07, 'eval_train_token_acc': 0.94671106003245, 'eval_train_seq_acc': 0.0, 'eval_train_move_acc': 1.0, 'eval_train_mod7_acc': 1.0, 'eval_train_mod4_acc': 0.237, 'eval_train_runtime': 0.5612, 'eval_train_samples_per_second': 1781.795, 'eval_train_steps_per_second': 28.509, 'epoch': 160.64}
  Pushed checkpoint step-38000 to ijinyu1113/ft_mr6_70m_seed2_purenum
{'loss': 0.0, 'learning_rate': 1.5575446063200546e-05, 'epoch': 161.7}
{'eval_eval_loss': 0.00031588334240950644, 'eval_eval_token_acc': 0.9462002474737059, 'eval_eval_seq_acc': 0.0, 'eval_eval_move_acc': 0.9975, 'eval_eval_mod7_acc': 0.9975, 'eval_eval_mod4_acc': 0.2475, 'eval_eval_runtime': 1.1267, 'eval_eval_samples_per_second': 1775.041, 'eval_eval_steps_per_second': 28.401, 'epoch': 161.7}
{'eval_train_loss': 2.0016841517644934e-07, 'eval_train_token_acc': 0.94671106003245, 'eval_train_seq_acc': 0.0, 'eval_train_move_acc': 1.0, 'eval_train_mod7_acc': 1.0, 'eval_train_mod4_acc': 0.237, 'eval_train_runtime': 0.5606, 'eval_train_samples_per_second': 1783.649, 'eval_train_steps_per_second': 28.538, 'epoch': 161.7}
{'loss': 0.0, 'learning_rate': 1.5389870072379766e-05, 'epoch': 162.77}
{'eval_eval_loss': 0.00031557324109598994, 'eval_eval_token_acc': 0.9462002474737059, 'eval_eval_seq_acc': 0.0, 'eval_eval_move_acc': 0.9975, 'eval_eval_mod7_acc': 0.9975, 'eval_eval_mod4_acc': 0.2475, 'eval_eval_runtime': 1.1226, 'eval_eval_samples_per_second': 1781.602, 'eval_eval_steps_per_second': 28.506, 'epoch': 162.77}
{'eval_train_loss': 1.7998196710777847e-07, 'eval_train_token_acc': 0.94671106003245, 'eval_train_seq_acc': 0.0, 'eval_train_move_acc': 1.0, 'eval_train_mod7_acc': 1.0, 'eval_train_mod4_acc': 0.237, 'eval_train_runtime': 0.5616, 'eval_train_samples_per_second': 1780.716, 'eval_train_steps_per_second': 28.491, 'epoch': 162.77}
{'loss': 0.0, 'learning_rate': 1.5204234346284535e-05, 'epoch': 163.83}
{'eval_eval_loss': 0.00031269557075574994, 'eval_eval_token_acc': 0.9462002474737059, 'eval_eval_seq_acc': 0.0, 'eval_eval_move_acc': 0.998, 'eval_eval_mod7_acc': 0.998, 'eval_eval_mod4_acc': 0.248, 'eval_eval_runtime': 1.1209, 'eval_eval_samples_per_second': 1784.22, 'eval_eval_steps_per_second': 28.548, 'epoch': 163.83}
{'eval_train_loss': 1.658792996295233e-07, 'eval_train_token_acc': 0.94671106003245, 'eval_train_seq_acc': 0.0, 'eval_train_move_acc': 1.0, 'eval_train_mod7_acc': 1.0, 'eval_train_mod4_acc': 0.237, 'eval_train_runtime': 0.5609, 'eval_train_samples_per_second': 1782.694, 'eval_train_steps_per_second': 28.523, 'epoch': 163.83}
{'loss': 0.0, 'learning_rate': 1.501856732772654e-05, 'epoch': 164.89}
{'eval_eval_loss': 0.00030742865055799484, 'eval_eval_token_acc': 0.9462002474737059, 'eval_eval_seq_acc': 0.0, 'eval_eval_move_acc': 0.998, 'eval_eval_mod7_acc': 0.998, 'eval_eval_mod4_acc': 0.248, 'eval_eval_runtime': 1.1237, 'eval_eval_samples_per_second': 1779.851, 'eval_eval_steps_per_second': 28.478, 'epoch': 164.89}
{'eval_train_loss': 1.5265125341556995e-07, 'eval_train_token_acc': 0.94671106003245, 'eval_train_seq_acc': 0.0, 'eval_train_move_acc': 1.0, 'eval_train_mod7_acc': 1.0, 'eval_train_mod4_acc': 0.237, 'eval_train_runtime': 0.5625, 'eval_train_samples_per_second': 1777.662, 'eval_train_steps_per_second': 28.443, 'epoch': 164.89}
  Pushed checkpoint step-39000 to ijinyu1113/ft_mr6_70m_seed2_purenum
{'loss': 0.0, 'learning_rate': 1.4832897464312018e-05, 'epoch': 165.96}
{'eval_eval_loss': 0.0003057216526940465, 'eval_eval_token_acc': 0.9462002474737059, 'eval_eval_seq_acc': 0.0, 'eval_eval_move_acc': 0.998, 'eval_eval_mod7_acc': 0.998, 'eval_eval_mod4_acc': 0.248, 'eval_eval_runtime': 1.1231, 'eval_eval_samples_per_second': 1780.771, 'eval_eval_steps_per_second': 28.492, 'epoch': 165.96}
{'eval_train_loss': 1.3984080737827753e-07, 'eval_train_token_acc': 0.94671106003245, 'eval_train_seq_acc': 0.0, 'eval_train_move_acc': 1.0, 'eval_train_mod7_acc': 1.0, 'eval_train_mod4_acc': 0.237, 'eval_train_runtime': 0.5598, 'eval_train_samples_per_second': 1786.463, 'eval_train_steps_per_second': 28.583, 'epoch': 165.96}
{'loss': 0.0, 'learning_rate': 1.4647253204083116e-05, 'epoch': 167.02}
{'eval_eval_loss': 0.00030467004398815334, 'eval_eval_token_acc': 0.9462002474737059, 'eval_eval_seq_acc': 0.0, 'eval_eval_move_acc': 0.998, 'eval_eval_mod7_acc': 0.998, 'eval_eval_mod4_acc': 0.248, 'eval_eval_runtime': 1.124, 'eval_eval_samples_per_second': 1779.388, 'eval_eval_steps_per_second': 28.47, 'epoch': 167.02}
{'eval_train_loss': 1.3012788713240298e-07, 'eval_train_token_acc': 0.94671106003245, 'eval_train_seq_acc': 0.0, 'eval_train_move_acc': 1.0, 'eval_train_mod7_acc': 1.0, 'eval_train_mod4_acc': 0.237, 'eval_train_runtime': 0.5649, 'eval_train_samples_per_second': 1770.206, 'eval_train_steps_per_second': 28.323, 'epoch': 167.02}
{'loss': 0.0, 'learning_rate': 1.446166299115909e-05, 'epoch': 168.09}
{'eval_eval_loss': 0.0003036432608496398, 'eval_eval_token_acc': 0.9462002474737059, 'eval_eval_seq_acc': 0.0, 'eval_eval_move_acc': 0.998, 'eval_eval_mod7_acc': 0.998, 'eval_eval_mod4_acc': 0.248, 'eval_eval_runtime': 1.1253, 'eval_eval_samples_per_second': 1777.368, 'eval_eval_steps_per_second': 28.438, 'epoch': 168.09}
{'eval_train_loss': 1.2291016560084245e-07, 'eval_train_token_acc': 0.94671106003245, 'eval_train_seq_acc': 0.0, 'eval_train_move_acc': 1.0, 'eval_train_mod7_acc': 1.0, 'eval_train_mod4_acc': 0.237, 'eval_train_runtime': 0.564, 'eval_train_samples_per_second': 1773.165, 'eval_train_steps_per_second': 28.371, 'epoch': 168.09}
{'loss': 0.0, 'learning_rate': 1.427615526137815e-05, 'epoch': 169.15}
{'eval_eval_loss': 0.00029786748928017914, 'eval_eval_token_acc': 0.9462002474737059, 'eval_eval_seq_acc': 0.0, 'eval_eval_move_acc': 0.998, 'eval_eval_mod7_acc': 0.998, 'eval_eval_mod4_acc': 0.248, 'eval_eval_runtime': 1.124, 'eval_eval_samples_per_second': 1779.292, 'eval_eval_steps_per_second': 28.469, 'epoch': 169.15}
{'eval_train_loss': 1.1225519358504243e-07, 'eval_train_token_acc': 0.94671106003245, 'eval_train_seq_acc': 0.0, 'eval_train_move_acc': 1.0, 'eval_train_mod7_acc': 1.0, 'eval_train_mod4_acc': 0.237, 'eval_train_runtime': 0.5604, 'eval_train_samples_per_second': 1784.405, 'eval_train_steps_per_second': 28.55, 'epoch': 169.15}
  Pushed checkpoint step-40000 to ijinyu1113/ft_mr6_70m_seed2_purenum
{'loss': 0.0, 'learning_rate': 1.4090758437940578e-05, 'epoch': 170.21}
{'eval_eval_loss': 0.0002955115051008761, 'eval_eval_token_acc': 0.9462002474737059, 'eval_eval_seq_acc': 0.0, 'eval_eval_move_acc': 0.998, 'eval_eval_mod7_acc': 0.998, 'eval_eval_mod4_acc': 0.248, 'eval_eval_runtime': 1.117, 'eval_eval_samples_per_second': 1790.577, 'eval_eval_steps_per_second': 28.649, 'epoch': 170.21}
{'eval_train_loss': 1.0410522577330994e-07, 'eval_train_token_acc': 0.94671106003245, 'eval_train_seq_acc': 0.0, 'eval_train_move_acc': 1.0, 'eval_train_mod7_acc': 1.0, 'eval_train_mod4_acc': 0.237, 'eval_train_runtime': 0.5586, 'eval_train_samples_per_second': 1790.349, 'eval_train_steps_per_second': 28.646, 'epoch': 170.21}
{'loss': 0.0, 'learning_rate': 1.390550092705376e-05, 'epoch': 171.28}
{'eval_eval_loss': 0.0002938483376055956, 'eval_eval_token_acc': 0.9462002474737059, 'eval_eval_seq_acc': 0.0, 'eval_eval_move_acc': 0.998, 'eval_eval_mod7_acc': 0.998, 'eval_eval_mod4_acc': 0.248, 'eval_eval_runtime': 1.1221, 'eval_eval_samples_per_second': 1782.339, 'eval_eval_steps_per_second': 28.517, 'epoch': 171.28}
{'eval_train_loss': 9.687303048622198e-08, 'eval_train_token_acc': 0.94671106003245, 'eval_train_seq_acc': 0.0, 'eval_train_move_acc': 1.0, 'eval_train_mod7_acc': 1.0, 'eval_train_mod4_acc': 0.237, 'eval_train_runtime': 0.5618, 'eval_train_samples_per_second': 1779.835, 'eval_train_steps_per_second': 28.477, 'epoch': 171.28}
{'loss': 0.0, 'learning_rate': 1.372041111357983e-05, 'epoch': 172.34}
{'eval_eval_loss': 0.00029194020316936076, 'eval_eval_token_acc': 0.9462002474737059, 'eval_eval_seq_acc': 0.0, 'eval_eval_move_acc': 0.998, 'eval_eval_mod7_acc': 0.998, 'eval_eval_mod4_acc': 0.248, 'eval_eval_runtime': 1.1228, 'eval_eval_samples_per_second': 1781.285, 'eval_eval_steps_per_second': 28.501, 'epoch': 172.34}
{'eval_train_loss': 8.908148885211631e-08, 'eval_train_token_acc': 0.94671106003245, 'eval_train_seq_acc': 0.0, 'eval_train_move_acc': 1.0, 'eval_train_mod7_acc': 1.0, 'eval_train_mod4_acc': 0.237, 'eval_train_runtime': 0.5627, 'eval_train_samples_per_second': 1777.238, 'eval_train_steps_per_second': 28.436, 'epoch': 172.34}
{'loss': 0.0, 'learning_rate': 1.3535517356686595e-05, 'epoch': 173.4}
{'eval_eval_loss': 0.0002862466499209404, 'eval_eval_token_acc': 0.9462002474737059, 'eval_eval_seq_acc': 0.0, 'eval_eval_move_acc': 0.998, 'eval_eval_mod7_acc': 0.998, 'eval_eval_mod4_acc': 0.248, 'eval_eval_runtime': 1.1197, 'eval_eval_samples_per_second': 1786.212, 'eval_eval_steps_per_second': 28.579, 'epoch': 173.4}
{'eval_train_loss': 8.330935941103235e-08, 'eval_train_token_acc': 0.94671106003245, 'eval_train_seq_acc': 0.0, 'eval_train_move_acc': 1.0, 'eval_train_mod7_acc': 1.0, 'eval_train_mod4_acc': 0.237, 'eval_train_runtime': 0.563, 'eval_train_samples_per_second': 1776.183, 'eval_train_steps_per_second': 28.419, 'epoch': 173.4}
  Pushed checkpoint step-41000 to ijinyu1113/ft_mr6_70m_seed2_purenum
{'loss': 0.0, 'learning_rate': 1.335084798550238e-05, 'epoch': 174.47}
{'eval_eval_loss': 0.00028839564765803516, 'eval_eval_token_acc': 0.9462002474737059, 'eval_eval_seq_acc': 0.0, 'eval_eval_move_acc': 0.998, 'eval_eval_mod7_acc': 0.998, 'eval_eval_mod4_acc': 0.248, 'eval_eval_runtime': 1.1174, 'eval_eval_samples_per_second': 1789.889, 'eval_eval_steps_per_second': 28.638, 'epoch': 174.47}
{'eval_train_loss': 7.932755607953368e-08, 'eval_train_token_acc': 0.94671106003245, 'eval_train_seq_acc': 0.0, 'eval_train_move_acc': 1.0, 'eval_train_mod7_acc': 1.0, 'eval_train_mod4_acc': 0.237, 'eval_train_runtime': 0.56, 'eval_train_samples_per_second': 1785.635, 'eval_train_steps_per_second': 28.57, 'epoch': 174.47}
{'loss': 0.0, 'learning_rate': 1.3166431294775487e-05, 'epoch': 175.53}
{'eval_eval_loss': 0.0002904798311647028, 'eval_eval_token_acc': 0.9462002474737059, 'eval_eval_seq_acc': 0.0, 'eval_eval_move_acc': 0.998, 'eval_eval_mod7_acc': 0.998, 'eval_eval_mod4_acc': 0.248, 'eval_eval_runtime': 1.1337, 'eval_eval_samples_per_second': 1764.129, 'eval_eval_steps_per_second': 28.226, 'epoch': 175.53}
{'eval_train_loss': 7.355298947686606e-08, 'eval_train_token_acc': 0.94671106003245, 'eval_train_seq_acc': 0.0, 'eval_train_move_acc': 1.0, 'eval_train_mod7_acc': 1.0, 'eval_train_mod4_acc': 0.237, 'eval_train_runtime': 0.5709, 'eval_train_samples_per_second': 1751.625, 'eval_train_steps_per_second': 28.026, 'epoch': 175.53}
{'loss': 0.0, 'learning_rate': 1.2982295540538918e-05, 'epoch': 176.6}
{'eval_eval_loss': 0.0002854951599147171, 'eval_eval_token_acc': 0.9462002474737059, 'eval_eval_seq_acc': 0.0, 'eval_eval_move_acc': 0.998, 'eval_eval_mod7_acc': 0.998, 'eval_eval_mod4_acc': 0.248, 'eval_eval_runtime': 1.1316, 'eval_eval_samples_per_second': 1767.373, 'eval_eval_steps_per_second': 28.278, 'epoch': 176.6}
{'eval_train_loss': 6.92836934490515e-08, 'eval_train_token_acc': 0.94671106003245, 'eval_train_seq_acc': 0.0, 'eval_train_move_acc': 1.0, 'eval_train_mod7_acc': 1.0, 'eval_train_mod4_acc': 0.237, 'eval_train_runtime': 0.5639, 'eval_train_samples_per_second': 1773.434, 'eval_train_steps_per_second': 28.375, 'epoch': 176.6}
{'loss': 0.0, 'learning_rate': 1.279846893578104e-05, 'epoch': 177.66}
{'eval_eval_loss': 0.0002806798729579896, 'eval_eval_token_acc': 0.9462002474737059, 'eval_eval_seq_acc': 0.0, 'eval_eval_move_acc': 0.998, 'eval_eval_mod7_acc': 0.998, 'eval_eval_mod4_acc': 0.248, 'eval_eval_runtime': 1.1326, 'eval_eval_samples_per_second': 1765.775, 'eval_eval_steps_per_second': 28.252, 'epoch': 177.66}
{'eval_train_loss': 6.317211642681286e-08, 'eval_train_token_acc': 0.94671106003245, 'eval_train_seq_acc': 0.0, 'eval_train_move_acc': 1.0, 'eval_train_mod7_acc': 1.0, 'eval_train_mod4_acc': 0.237, 'eval_train_runtime': 0.5668, 'eval_train_samples_per_second': 1764.223, 'eval_train_steps_per_second': 28.228, 'epoch': 177.66}
  Pushed checkpoint step-42000 to ijinyu1113/ft_mr6_70m_seed2_purenum
{'loss': 0.0, 'learning_rate': 1.2614979646122818e-05, 'epoch': 178.72}
{'eval_eval_loss': 0.0002798775676637888, 'eval_eval_token_acc': 0.9462002474737059, 'eval_eval_seq_acc': 0.0, 'eval_eval_move_acc': 0.998, 'eval_eval_mod7_acc': 0.998, 'eval_eval_mod4_acc': 0.248, 'eval_eval_runtime': 1.1243, 'eval_eval_samples_per_second': 1778.907, 'eval_eval_steps_per_second': 28.463, 'epoch': 178.72}
{'eval_train_loss': 5.9200328195174734e-08, 'eval_train_token_acc': 0.94671106003245, 'eval_train_seq_acc': 0.0, 'eval_train_move_acc': 1.0, 'eval_train_mod7_acc': 1.0, 'eval_train_mod4_acc': 0.237, 'eval_train_runtime': 0.5617, 'eval_train_samples_per_second': 1780.244, 'eval_train_steps_per_second': 28.484, 'epoch': 178.72}
{'loss': 0.0, 'learning_rate': 1.2431855785502335e-05, 'epoch': 179.79}
{'eval_eval_loss': 0.0002741514181252569, 'eval_eval_token_acc': 0.9462002474737059, 'eval_eval_seq_acc': 0.0, 'eval_eval_move_acc': 0.998, 'eval_eval_mod7_acc': 0.998, 'eval_eval_mod4_acc': 0.248, 'eval_eval_runtime': 1.1276, 'eval_eval_samples_per_second': 1773.678, 'eval_eval_steps_per_second': 28.379, 'epoch': 179.79}
{'eval_train_loss': 5.419081716695473e-08, 'eval_train_token_acc': 0.94671106003245, 'eval_train_seq_acc': 0.0, 'eval_train_move_acc': 1.0, 'eval_train_mod7_acc': 1.0, 'eval_train_mod4_acc': 0.237, 'eval_train_runtime': 0.5645, 'eval_train_samples_per_second': 1771.539, 'eval_train_steps_per_second': 28.345, 'epoch': 179.79}
{'loss': 0.0, 'learning_rate': 1.2249125411867217e-05, 'epoch': 180.85}
{'eval_eval_loss': 0.0002695027505978942, 'eval_eval_token_acc': 0.9462002474737059, 'eval_eval_seq_acc': 0.0, 'eval_eval_move_acc': 0.998, 'eval_eval_mod7_acc': 0.998, 'eval_eval_mod4_acc': 0.248, 'eval_eval_runtime': 1.1375, 'eval_eval_samples_per_second': 1758.208, 'eval_eval_steps_per_second': 28.131, 'epoch': 180.85}
{'eval_train_loss': 5.0085379399433805e-08, 'eval_train_token_acc': 0.94671106003245, 'eval_train_seq_acc': 0.0, 'eval_train_move_acc': 1.0, 'eval_train_mod7_acc': 1.0, 'eval_train_mod4_acc': 0.237, 'eval_train_runtime': 0.5702, 'eval_train_samples_per_second': 1753.728, 'eval_train_steps_per_second': 28.06, 'epoch': 180.85}
{'loss': 0.0, 'learning_rate': 1.2066816522875634e-05, 'epoch': 181.91}
{'eval_eval_loss': 0.0002730663982219994, 'eval_eval_token_acc': 0.9462002474737059, 'eval_eval_seq_acc': 0.0, 'eval_eval_move_acc': 0.998, 'eval_eval_mod7_acc': 0.998, 'eval_eval_mod4_acc': 0.248, 'eval_eval_runtime': 1.1249, 'eval_eval_samples_per_second': 1777.916, 'eval_eval_steps_per_second': 28.447, 'epoch': 181.91}
{'eval_train_loss': 4.6845578083321016e-08, 'eval_train_token_acc': 0.94671106003245, 'eval_train_seq_acc': 0.0, 'eval_train_move_acc': 1.0, 'eval_train_mod7_acc': 1.0, 'eval_train_mod4_acc': 0.237, 'eval_train_runtime': 0.564, 'eval_train_samples_per_second': 1773.186, 'eval_train_steps_per_second': 28.371, 'epoch': 181.91}
  Pushed checkpoint step-43000 to ijinyu1113/ft_mr6_70m_seed2_purenum
{'loss': 0.0, 'learning_rate': 1.1884957051606551e-05, 'epoch': 182.98}
{'eval_eval_loss': 0.00026682010502554476, 'eval_eval_token_acc': 0.9462002474737059, 'eval_eval_seq_acc': 0.0, 'eval_eval_move_acc': 0.998, 'eval_eval_mod7_acc': 0.998, 'eval_eval_mod4_acc': 0.248, 'eval_eval_runtime': 1.1211, 'eval_eval_samples_per_second': 1783.998, 'eval_eval_steps_per_second': 28.544, 'epoch': 182.98}
{'eval_train_loss': 4.3154308571047295e-08, 'eval_train_token_acc': 0.94671106003245, 'eval_train_seq_acc': 0.0, 'eval_train_move_acc': 1.0, 'eval_train_mod7_acc': 1.0, 'eval_train_mod4_acc': 0.237, 'eval_train_runtime': 0.5616, 'eval_train_samples_per_second': 1780.703, 'eval_train_steps_per_second': 28.491, 'epoch': 182.98}
{'loss': 0.0, 'learning_rate': 1.1703574862279862e-05, 'epoch': 184.04}
{'eval_eval_loss': 0.00026352819986641407, 'eval_eval_token_acc': 0.9462002474737059, 'eval_eval_seq_acc': 0.0, 'eval_eval_move_acc': 0.998, 'eval_eval_mod7_acc': 0.998, 'eval_eval_mod4_acc': 0.248, 'eval_eval_runtime': 1.1226, 'eval_eval_samples_per_second': 1781.611, 'eval_eval_steps_per_second': 28.506, 'epoch': 184.04}
{'eval_train_loss': 4.0130661460580086e-08, 'eval_train_token_acc': 0.94671106003245, 'eval_train_seq_acc': 0.0, 'eval_train_move_acc': 1.0, 'eval_train_mod7_acc': 1.0, 'eval_train_mod4_acc': 0.237, 'eval_train_runtime': 0.5623, 'eval_train_samples_per_second': 1778.455, 'eval_train_steps_per_second': 28.455, 'epoch': 184.04}
{'loss': 0.0, 'learning_rate': 1.1522697745987076e-05, 'epoch': 185.11}
{'eval_eval_loss': 0.00026619521668180823, 'eval_eval_token_acc': 0.9462002474737059, 'eval_eval_seq_acc': 0.0, 'eval_eval_move_acc': 0.998, 'eval_eval_mod7_acc': 0.998, 'eval_eval_mod4_acc': 0.248, 'eval_eval_runtime': 1.1352, 'eval_eval_samples_per_second': 1761.869, 'eval_eval_steps_per_second': 28.19, 'epoch': 185.11}
{'eval_train_loss': 3.7803509655987e-08, 'eval_train_token_acc': 0.94671106003245, 'eval_train_seq_acc': 0.0, 'eval_train_move_acc': 1.0, 'eval_train_mod7_acc': 1.0, 'eval_train_mod4_acc': 0.237, 'eval_train_runtime': 0.5621, 'eval_train_samples_per_second': 1778.907, 'eval_train_steps_per_second': 28.463, 'epoch': 185.11}
{'loss': 0.0, 'learning_rate': 1.1342353416433218e-05, 'epoch': 186.17}
{'eval_eval_loss': 0.0002591387601569295, 'eval_eval_token_acc': 0.9462002474737059, 'eval_eval_seq_acc': 0.0, 'eval_eval_move_acc': 0.998, 'eval_eval_mod7_acc': 0.998, 'eval_eval_mod4_acc': 0.248, 'eval_eval_runtime': 1.1198, 'eval_eval_samples_per_second': 1786.005, 'eval_eval_steps_per_second': 28.576, 'epoch': 186.17}
{'eval_train_loss': 3.477610377444762e-08, 'eval_train_token_acc': 0.94671106003245, 'eval_train_seq_acc': 0.0, 'eval_train_move_acc': 1.0, 'eval_train_mod7_acc': 1.0, 'eval_train_mod4_acc': 0.237, 'eval_train_runtime': 0.5603, 'eval_train_samples_per_second': 1784.626, 'eval_train_steps_per_second': 28.554, 'epoch': 186.17}
  Pushed checkpoint step-44000 to ijinyu1113/ft_mr6_70m_seed2_purenum
{'loss': 0.0, 'learning_rate': 1.1162569505690563e-05, 'epoch': 187.23}
{'eval_eval_loss': 0.0002694494614843279, 'eval_eval_token_acc': 0.9462002474737059, 'eval_eval_seq_acc': 0.0, 'eval_eval_move_acc': 0.998, 'eval_eval_mod7_acc': 0.998, 'eval_eval_mod4_acc': 0.248, 'eval_eval_runtime': 1.1192, 'eval_eval_samples_per_second': 1786.93, 'eval_eval_steps_per_second': 28.591, 'epoch': 187.23}
{'eval_train_loss': 3.370486467701994e-08, 'eval_train_token_acc': 0.94671106003245, 'eval_train_seq_acc': 0.0, 'eval_train_move_acc': 1.0, 'eval_train_mod7_acc': 1.0, 'eval_train_mod4_acc': 0.237, 'eval_train_runtime': 0.5601, 'eval_train_samples_per_second': 1785.301, 'eval_train_steps_per_second': 28.565, 'epoch': 187.23}
{'loss': 0.0, 'learning_rate': 1.0983373559964911e-05, 'epoch': 188.3}
{'eval_eval_loss': 0.00025499562616460025, 'eval_eval_token_acc': 0.9462002474737059, 'eval_eval_seq_acc': 0.0, 'eval_eval_move_acc': 0.998, 'eval_eval_mod7_acc': 0.998, 'eval_eval_mod4_acc': 0.248, 'eval_eval_runtime': 1.1246, 'eval_eval_samples_per_second': 1778.427, 'eval_eval_steps_per_second': 28.455, 'epoch': 188.3}
{'eval_train_loss': 3.020774741457899e-08, 'eval_train_token_acc': 0.94671106003245, 'eval_train_seq_acc': 0.0, 'eval_train_move_acc': 1.0, 'eval_train_mod7_acc': 1.0, 'eval_train_mod4_acc': 0.237, 'eval_train_runtime': 0.5619, 'eval_train_samples_per_second': 1779.817, 'eval_train_steps_per_second': 28.477, 'epoch': 188.3}
{'loss': 0.0, 'learning_rate': 1.0804793035374997e-05, 'epoch': 189.36}
{'eval_eval_loss': 0.0002568440686445683, 'eval_eval_token_acc': 0.9462002474737059, 'eval_eval_seq_acc': 0.0, 'eval_eval_move_acc': 0.998, 'eval_eval_mod7_acc': 0.998, 'eval_eval_mod4_acc': 0.248, 'eval_eval_runtime': 1.1249, 'eval_eval_samples_per_second': 1777.873, 'eval_eval_steps_per_second': 28.446, 'epoch': 189.36}
{'eval_train_loss': 2.8472117108435668e-08, 'eval_train_token_acc': 0.94671106003245, 'eval_train_seq_acc': 0.0, 'eval_train_move_acc': 1.0, 'eval_train_mod7_acc': 1.0, 'eval_train_mod4_acc': 0.237, 'eval_train_runtime': 0.5639, 'eval_train_samples_per_second': 1773.443, 'eval_train_steps_per_second': 28.375, 'epoch': 189.36}
{'loss': 0.0, 'learning_rate': 1.06268552937457e-05, 'epoch': 190.43}
{'eval_eval_loss': 0.0002513510989956558, 'eval_eval_token_acc': 0.9462002474737059, 'eval_eval_seq_acc': 0.0, 'eval_eval_move_acc': 0.998, 'eval_eval_mod7_acc': 0.998, 'eval_eval_mod4_acc': 0.248, 'eval_eval_runtime': 1.1244, 'eval_eval_samples_per_second': 1778.764, 'eval_eval_steps_per_second': 28.46, 'epoch': 190.43}
{'eval_train_loss': 2.6813347986376357e-08, 'eval_train_token_acc': 0.94671106003245, 'eval_train_seq_acc': 0.0, 'eval_train_move_acc': 1.0, 'eval_train_mod7_acc': 1.0, 'eval_train_mod4_acc': 0.237, 'eval_train_runtime': 0.5629, 'eval_train_samples_per_second': 1776.398, 'eval_train_steps_per_second': 28.422, 'epoch': 190.43}
  Pushed checkpoint step-45000 to ijinyu1113/ft_mr6_70m_seed2_purenum
{'loss': 0.0, 'learning_rate': 1.0449587598415714e-05, 'epoch': 191.49}
{'eval_eval_loss': 0.00025183428078889847, 'eval_eval_token_acc': 0.9462002474737059, 'eval_eval_seq_acc': 0.0, 'eval_eval_move_acc': 0.998, 'eval_eval_mod7_acc': 0.998, 'eval_eval_mod4_acc': 0.248, 'eval_eval_runtime': 1.1246, 'eval_eval_samples_per_second': 1778.43, 'eval_eval_steps_per_second': 28.455, 'epoch': 191.49}
{'eval_train_loss': 2.5572202133616884e-08, 'eval_train_token_acc': 0.94671106003245, 'eval_train_seq_acc': 0.0, 'eval_train_move_acc': 1.0, 'eval_train_mod7_acc': 1.0, 'eval_train_mod4_acc': 0.237, 'eval_train_runtime': 0.5603, 'eval_train_samples_per_second': 1784.895, 'eval_train_steps_per_second': 28.558, 'epoch': 191.49}
{'loss': 0.0, 'learning_rate': 1.0273017110060303e-05, 'epoch': 192.55}
{'eval_eval_loss': 0.00026907987194135785, 'eval_eval_token_acc': 0.9462002474737059, 'eval_eval_seq_acc': 0.0, 'eval_eval_move_acc': 0.998, 'eval_eval_mod7_acc': 0.998, 'eval_eval_mod4_acc': 0.248, 'eval_eval_runtime': 1.1264, 'eval_eval_samples_per_second': 1775.565, 'eval_eval_steps_per_second': 28.409, 'epoch': 192.55}
{'eval_train_loss': 2.495351125730849e-08, 'eval_train_token_acc': 0.94671106003245, 'eval_train_seq_acc': 0.0, 'eval_train_move_acc': 1.0, 'eval_train_mod7_acc': 1.0, 'eval_train_mod4_acc': 0.237, 'eval_train_runtime': 0.5625, 'eval_train_samples_per_second': 1777.911, 'eval_train_steps_per_second': 28.447, 'epoch': 192.55}
{'loss': 0.0, 'learning_rate': 1.0097170882529782e-05, 'epoch': 193.62}
{'eval_eval_loss': 0.00024860890698619187, 'eval_eval_token_acc': 0.9462002474737059, 'eval_eval_seq_acc': 0.0, 'eval_eval_move_acc': 0.998, 'eval_eval_mod7_acc': 0.998, 'eval_eval_mod4_acc': 0.248, 'eval_eval_runtime': 1.1206, 'eval_eval_samples_per_second': 1784.824, 'eval_eval_steps_per_second': 28.557, 'epoch': 193.62}
{'eval_train_loss': 2.2281801292933778e-08, 'eval_train_token_acc': 0.94671106003245, 'eval_train_seq_acc': 0.0, 'eval_train_move_acc': 1.0, 'eval_train_mod7_acc': 1.0, 'eval_train_mod4_acc': 0.237, 'eval_train_runtime': 0.5621, 'eval_train_samples_per_second': 1779.122, 'eval_train_steps_per_second': 28.466, 'epoch': 193.62}
{'loss': 0.0, 'learning_rate': 9.922075858704368e-06, 'epoch': 194.68}
{'eval_eval_loss': 0.00024537427816540003, 'eval_eval_token_acc': 0.9462002474737059, 'eval_eval_seq_acc': 0.0, 'eval_eval_move_acc': 0.998, 'eval_eval_mod7_acc': 0.998, 'eval_eval_mod4_acc': 0.248, 'eval_eval_runtime': 1.1217, 'eval_eval_samples_per_second': 1782.953, 'eval_eval_steps_per_second': 28.527, 'epoch': 194.68}
{'eval_train_loss': 2.1505744740579757e-08, 'eval_train_token_acc': 0.94671106003245, 'eval_train_seq_acc': 0.0, 'eval_train_move_acc': 1.0, 'eval_train_mod7_acc': 1.0, 'eval_train_mod4_acc': 0.237, 'eval_train_runtime': 0.5624, 'eval_train_samples_per_second': 1778.228, 'eval_train_steps_per_second': 28.452, 'epoch': 194.68}
  Pushed checkpoint step-46000 to ijinyu1113/ft_mr6_70m_seed2_purenum
{'loss': 0.0, 'learning_rate': 9.747758866366046e-06, 'epoch': 195.74}
{'eval_eval_loss': 0.0002447743318043649, 'eval_eval_token_acc': 0.9462002474737059, 'eval_eval_seq_acc': 0.0, 'eval_eval_move_acc': 0.998, 'eval_eval_mod7_acc': 0.998, 'eval_eval_mod4_acc': 0.248, 'eval_eval_runtime': 1.1153, 'eval_eval_samples_per_second': 1793.246, 'eval_eval_steps_per_second': 28.692, 'epoch': 195.74}
{'eval_train_loss': 2.1827371909921567e-08, 'eval_train_token_acc': 0.94671106003245, 'eval_train_seq_acc': 0.0, 'eval_train_move_acc': 1.0, 'eval_train_mod7_acc': 1.0, 'eval_train_mod4_acc': 0.237, 'eval_train_runtime': 0.5591, 'eval_train_samples_per_second': 1788.681, 'eval_train_steps_per_second': 28.619, 'epoch': 195.74}
{'loss': 0.0, 'learning_rate': 9.574246614088038e-06, 'epoch': 196.81}
{'eval_eval_loss': 0.0002401831152383238, 'eval_eval_token_acc': 0.9462002474737059, 'eval_eval_seq_acc': 0.0, 'eval_eval_move_acc': 0.998, 'eval_eval_mod7_acc': 0.998, 'eval_eval_mod4_acc': 0.248, 'eval_eval_runtime': 1.1215, 'eval_eval_samples_per_second': 1783.318, 'eval_eval_steps_per_second': 28.533, 'epoch': 196.81}
{'eval_train_loss': 1.9905984416368483e-08, 'eval_train_token_acc': 0.94671106003245, 'eval_train_seq_acc': 0.0, 'eval_train_move_acc': 1.0, 'eval_train_mod7_acc': 1.0, 'eval_train_mod4_acc': 0.237, 'eval_train_runtime': 0.5618, 'eval_train_samples_per_second': 1780.089, 'eval_train_steps_per_second': 28.481, 'epoch': 196.81}
{'loss': 0.0, 'learning_rate': 9.401565687142579e-06, 'epoch': 197.87}
{'eval_eval_loss': 0.00023675007105339319, 'eval_eval_token_acc': 0.9462002474737059, 'eval_eval_seq_acc': 0.0, 'eval_eval_move_acc': 0.998, 'eval_eval_mod7_acc': 0.998, 'eval_eval_mod4_acc': 0.248, 'eval_eval_runtime': 1.1201, 'eval_eval_samples_per_second': 1785.605, 'eval_eval_steps_per_second': 28.57, 'epoch': 197.87}
{'eval_train_loss': 1.9033015163927303e-08, 'eval_train_token_acc': 0.94671106003245, 'eval_train_seq_acc': 0.0, 'eval_train_move_acc': 1.0, 'eval_train_mod7_acc': 1.0, 'eval_train_mod4_acc': 0.237, 'eval_train_runtime': 0.5615, 'eval_train_samples_per_second': 1780.974, 'eval_train_steps_per_second': 28.496, 'epoch': 197.87}
{'loss': 0.0, 'learning_rate': 9.229742543427552e-06, 'epoch': 198.94}
{'eval_eval_loss': 0.00024453323567286134, 'eval_eval_token_acc': 0.9462002474737059, 'eval_eval_seq_acc': 0.0, 'eval_eval_move_acc': 0.998, 'eval_eval_mod7_acc': 0.998, 'eval_eval_mod4_acc': 0.248, 'eval_eval_runtime': 1.123, 'eval_eval_samples_per_second': 1780.887, 'eval_eval_steps_per_second': 28.494, 'epoch': 198.94}
{'eval_train_loss': 1.7771673910260688e-08, 'eval_train_token_acc': 0.94671106003245, 'eval_train_seq_acc': 0.0, 'eval_train_move_acc': 1.0, 'eval_train_mod7_acc': 1.0, 'eval_train_mod4_acc': 0.237, 'eval_train_runtime': 0.5621, 'eval_train_samples_per_second': 1779.015, 'eval_train_steps_per_second': 28.464, 'epoch': 198.94}
  Pushed checkpoint step-47000 to ijinyu1113/ft_mr6_70m_seed2_purenum
{'loss': 0.0, 'learning_rate': 9.058803509412647e-06, 'epoch': 200.0}
{'eval_eval_loss': 0.00023490077001042664, 'eval_eval_token_acc': 0.9462002474737059, 'eval_eval_seq_acc': 0.0, 'eval_eval_move_acc': 0.998, 'eval_eval_mod7_acc': 0.998, 'eval_eval_mod4_acc': 0.248, 'eval_eval_runtime': 1.1174, 'eval_eval_samples_per_second': 1789.851, 'eval_eval_steps_per_second': 28.638, 'epoch': 200.0}
{'eval_train_loss': 1.758299994492063e-08, 'eval_train_token_acc': 0.94671106003245, 'eval_train_seq_acc': 0.0, 'eval_train_move_acc': 1.0, 'eval_train_mod7_acc': 1.0, 'eval_train_mod4_acc': 0.237, 'eval_train_runtime': 0.5614, 'eval_train_samples_per_second': 1781.11, 'eval_train_steps_per_second': 28.498, 'epoch': 200.0}
{'loss': 0.0, 'learning_rate': 8.888774776105679e-06, 'epoch': 201.06}
{'eval_eval_loss': 0.00023407486150972545, 'eval_eval_token_acc': 0.9462002474737059, 'eval_eval_seq_acc': 0.0, 'eval_eval_move_acc': 0.998, 'eval_eval_mod7_acc': 0.998, 'eval_eval_mod4_acc': 0.248, 'eval_eval_runtime': 1.1236, 'eval_eval_samples_per_second': 1779.99, 'eval_eval_steps_per_second': 28.48, 'epoch': 201.06}
{'eval_train_loss': 1.664083626451429e-08, 'eval_train_token_acc': 0.94671106003245, 'eval_train_seq_acc': 0.0, 'eval_train_move_acc': 1.0, 'eval_train_mod7_acc': 1.0, 'eval_train_mod4_acc': 0.237, 'eval_train_runtime': 0.5624, 'eval_train_samples_per_second': 1777.953, 'eval_train_steps_per_second': 28.447, 'epoch': 201.06}
{'loss': 0.0, 'learning_rate': 8.719682395039619e-06, 'epoch': 202.13}
{'eval_eval_loss': 0.0002352596929995343, 'eval_eval_token_acc': 0.9462002474737059, 'eval_eval_seq_acc': 0.0, 'eval_eval_move_acc': 0.998, 'eval_eval_mod7_acc': 0.998, 'eval_eval_mod4_acc': 0.248, 'eval_eval_runtime': 1.1218, 'eval_eval_samples_per_second': 1782.889, 'eval_eval_steps_per_second': 28.526, 'epoch': 202.13}
{'eval_train_loss': 1.632884405466939e-08, 'eval_train_token_acc': 0.94671106003245, 'eval_train_seq_acc': 0.0, 'eval_train_move_acc': 1.0, 'eval_train_mod7_acc': 1.0, 'eval_train_mod4_acc': 0.237, 'eval_train_runtime': 0.5611, 'eval_train_samples_per_second': 1782.189, 'eval_train_steps_per_second': 28.515, 'epoch': 202.13}
{'loss': 0.0, 'learning_rate': 8.551552274281049e-06, 'epoch': 203.19}
{'eval_eval_loss': 0.00023056652571540326, 'eval_eval_token_acc': 0.9462002474737059, 'eval_eval_seq_acc': 0.0, 'eval_eval_move_acc': 0.998, 'eval_eval_mod7_acc': 0.998, 'eval_eval_mod4_acc': 0.248, 'eval_eval_runtime': 1.1256, 'eval_eval_samples_per_second': 1776.792, 'eval_eval_steps_per_second': 28.429, 'epoch': 203.19}
{'eval_train_loss': 1.5078700954518354e-08, 'eval_train_token_acc': 0.94671106003245, 'eval_train_seq_acc': 0.0, 'eval_train_move_acc': 1.0, 'eval_train_mod7_acc': 1.0, 'eval_train_mod4_acc': 0.237, 'eval_train_runtime': 0.5618, 'eval_train_samples_per_second': 1780.081, 'eval_train_steps_per_second': 28.481, 'epoch': 203.19}
  Pushed checkpoint step-48000 to ijinyu1113/ft_mr6_70m_seed2_purenum
{'loss': 0.0, 'learning_rate': 8.384410174460525e-06, 'epoch': 204.26}
{'eval_eval_loss': 0.00021611432021018118, 'eval_eval_token_acc': 0.9462002474737059, 'eval_eval_seq_acc': 0.0, 'eval_eval_move_acc': 0.998, 'eval_eval_mod7_acc': 0.998, 'eval_eval_mod4_acc': 0.248, 'eval_eval_runtime': 1.1185, 'eval_eval_samples_per_second': 1788.097, 'eval_eval_steps_per_second': 28.61, 'epoch': 204.26}
{'eval_train_loss': 1.4617353549795098e-08, 'eval_train_token_acc': 0.94671106003245, 'eval_train_seq_acc': 0.0, 'eval_train_move_acc': 1.0, 'eval_train_mod7_acc': 1.0, 'eval_train_mod4_acc': 0.237, 'eval_train_runtime': 0.5601, 'eval_train_samples_per_second': 1785.265, 'eval_train_steps_per_second': 28.564, 'epoch': 204.26}
{'loss': 0.0, 'learning_rate': 8.218281704825633e-06, 'epoch': 205.32}
{'eval_eval_loss': 0.00022223795531317592, 'eval_eval_token_acc': 0.9462002474737059, 'eval_eval_seq_acc': 0.0, 'eval_eval_move_acc': 0.998, 'eval_eval_mod7_acc': 0.998, 'eval_eval_mod4_acc': 0.248, 'eval_eval_runtime': 1.1229, 'eval_eval_samples_per_second': 1781.084, 'eval_eval_steps_per_second': 28.497, 'epoch': 205.32}
{'eval_train_loss': 1.4568740880349651e-08, 'eval_train_token_acc': 0.94671106003245, 'eval_train_seq_acc': 0.0, 'eval_train_move_acc': 1.0, 'eval_train_mod7_acc': 1.0, 'eval_train_mod4_acc': 0.237, 'eval_train_runtime': 0.5618, 'eval_train_samples_per_second': 1779.993, 'eval_train_steps_per_second': 28.48, 'epoch': 205.32}
{'loss': 0.0, 'learning_rate': 8.05319231931712e-06, 'epoch': 206.38}
{'eval_eval_loss': 0.00024296718765981495, 'eval_eval_token_acc': 0.9462002474737059, 'eval_eval_seq_acc': 0.0, 'eval_eval_move_acc': 0.998, 'eval_eval_mod7_acc': 0.998, 'eval_eval_mod4_acc': 0.248, 'eval_eval_runtime': 1.1225, 'eval_eval_samples_per_second': 1781.807, 'eval_eval_steps_per_second': 28.509, 'epoch': 206.38}
{'eval_train_loss': 1.1664480936701693e-08, 'eval_train_token_acc': 0.94671106003245, 'eval_train_seq_acc': 0.0, 'eval_train_move_acc': 1.0, 'eval_train_mod7_acc': 1.0, 'eval_train_mod4_acc': 0.237, 'eval_train_runtime': 0.5627, 'eval_train_samples_per_second': 1777.217, 'eval_train_steps_per_second': 28.435, 'epoch': 206.38}
{'loss': 0.0, 'learning_rate': 7.889167312668936e-06, 'epoch': 207.45}
{'eval_eval_loss': 0.00021552355610765517, 'eval_eval_token_acc': 0.9462002474737059, 'eval_eval_seq_acc': 0.0, 'eval_eval_move_acc': 0.998, 'eval_eval_mod7_acc': 0.998, 'eval_eval_mod4_acc': 0.248, 'eval_eval_runtime': 1.1218, 'eval_eval_samples_per_second': 1782.814, 'eval_eval_steps_per_second': 28.525, 'epoch': 207.45}
{'eval_train_loss': 1.1911763131422504e-08, 'eval_train_token_acc': 0.94671106003245, 'eval_train_seq_acc': 0.0, 'eval_train_move_acc': 1.0, 'eval_train_mod7_acc': 1.0, 'eval_train_mod4_acc': 0.237, 'eval_train_runtime': 0.5663, 'eval_train_samples_per_second': 1765.862, 'eval_train_steps_per_second': 28.254, 'epoch': 207.45}
  Pushed checkpoint step-49000 to ijinyu1113/ft_mr6_70m_seed2_purenum
{'loss': 0.0, 'learning_rate': 7.726231816532574e-06, 'epoch': 208.51}
{'eval_eval_loss': 0.00020699560991488397, 'eval_eval_token_acc': 0.9462002474737059, 'eval_eval_seq_acc': 0.0, 'eval_eval_move_acc': 0.998, 'eval_eval_mod7_acc': 0.998, 'eval_eval_mod4_acc': 0.248, 'eval_eval_runtime': 1.1186, 'eval_eval_samples_per_second': 1787.931, 'eval_eval_steps_per_second': 28.607, 'epoch': 208.51}
{'eval_train_loss': 1.2553102557433249e-08, 'eval_train_token_acc': 0.94671106003245, 'eval_train_seq_acc': 0.0, 'eval_train_move_acc': 1.0, 'eval_train_mod7_acc': 1.0, 'eval_train_mod4_acc': 0.237, 'eval_train_runtime': 0.5603, 'eval_train_samples_per_second': 1784.67, 'eval_train_steps_per_second': 28.555, 'epoch': 208.51}
{'loss': 0.0, 'learning_rate': 7.5644107956264455e-06, 'epoch': 209.57}
{'eval_eval_loss': 0.00020568141189869493, 'eval_eval_token_acc': 0.9462002474737059, 'eval_eval_seq_acc': 0.0, 'eval_eval_move_acc': 0.9985, 'eval_eval_mod7_acc': 0.9985, 'eval_eval_mod4_acc': 0.248, 'eval_eval_runtime': 1.1227, 'eval_eval_samples_per_second': 1781.452, 'eval_eval_steps_per_second': 28.503, 'epoch': 209.57}
{'eval_train_loss': 1.3181091773617482e-08, 'eval_train_token_acc': 0.94671106003245, 'eval_train_seq_acc': 0.0, 'eval_train_move_acc': 1.0, 'eval_train_mod7_acc': 1.0, 'eval_train_mod4_acc': 0.237, 'eval_train_runtime': 0.5623, 'eval_train_samples_per_second': 1778.315, 'eval_train_steps_per_second': 28.453, 'epoch': 209.57}
{'loss': 0.0, 'learning_rate': 7.40372904391086e-06, 'epoch': 210.64}
{'eval_eval_loss': 0.0002107831824105233, 'eval_eval_token_acc': 0.9462002474737059, 'eval_eval_seq_acc': 0.0, 'eval_eval_move_acc': 0.998, 'eval_eval_mod7_acc': 0.998, 'eval_eval_mod4_acc': 0.248, 'eval_eval_runtime': 1.1227, 'eval_eval_samples_per_second': 1781.344, 'eval_eval_steps_per_second': 28.502, 'epoch': 210.64}
{'eval_train_loss': 1.284652739741432e-08, 'eval_train_token_acc': 0.94671106003245, 'eval_train_seq_acc': 0.0, 'eval_train_move_acc': 1.0, 'eval_train_mod7_acc': 1.0, 'eval_train_mod4_acc': 0.237, 'eval_train_runtime': 0.5625, 'eval_train_samples_per_second': 1777.756, 'eval_train_steps_per_second': 28.444, 'epoch': 210.64}
{'loss': 0.0, 'learning_rate': 7.244211180789079e-06, 'epoch': 211.7}
{'eval_eval_loss': 0.0002119536802638322, 'eval_eval_token_acc': 0.9462002474737059, 'eval_eval_seq_acc': 0.0, 'eval_eval_move_acc': 0.998, 'eval_eval_mod7_acc': 0.998, 'eval_eval_mod4_acc': 0.248, 'eval_eval_runtime': 1.1217, 'eval_eval_samples_per_second': 1782.929, 'eval_eval_steps_per_second': 28.527, 'epoch': 211.7}
{'eval_train_loss': 1.2111631697564462e-08, 'eval_train_token_acc': 0.94671106003245, 'eval_train_seq_acc': 0.0, 'eval_train_move_acc': 1.0, 'eval_train_mod7_acc': 1.0, 'eval_train_mod4_acc': 0.237, 'eval_train_runtime': 0.5631, 'eval_train_samples_per_second': 1775.963, 'eval_train_steps_per_second': 28.415, 'epoch': 211.7}
  Pushed checkpoint step-50000 to ijinyu1113/ft_mr6_70m_seed2_purenum
{'loss': 0.0, 'learning_rate': 7.085881647335225e-06, 'epoch': 212.77}
{'eval_eval_loss': 0.00020138388208579272, 'eval_eval_token_acc': 0.9462002474737059, 'eval_eval_seq_acc': 0.0, 'eval_eval_move_acc': 0.998, 'eval_eval_mod7_acc': 0.998, 'eval_eval_mod4_acc': 0.248, 'eval_eval_runtime': 1.1139, 'eval_eval_samples_per_second': 1795.428, 'eval_eval_steps_per_second': 28.727, 'epoch': 212.77}
{'eval_train_loss': 1.1565282953540645e-08, 'eval_train_token_acc': 0.94671106003245, 'eval_train_seq_acc': 0.0, 'eval_train_move_acc': 1.0, 'eval_train_mod7_acc': 1.0, 'eval_train_mod4_acc': 0.237, 'eval_train_runtime': 0.559, 'eval_train_samples_per_second': 1788.774, 'eval_train_steps_per_second': 28.62, 'epoch': 212.77}
{'loss': 0.0, 'learning_rate': 6.928764702549411e-06, 'epoch': 213.83}
{'eval_eval_loss': 0.00021228138939477503, 'eval_eval_token_acc': 0.9462002474737059, 'eval_eval_seq_acc': 0.0, 'eval_eval_move_acc': 0.998, 'eval_eval_mod7_acc': 0.998, 'eval_eval_mod4_acc': 0.248, 'eval_eval_runtime': 1.1205, 'eval_eval_samples_per_second': 1784.938, 'eval_eval_steps_per_second': 28.559, 'epoch': 213.83}
{'eval_train_loss': 1.1091300322618736e-08, 'eval_train_token_acc': 0.94671106003245, 'eval_train_seq_acc': 0.0, 'eval_train_move_acc': 1.0, 'eval_train_mod7_acc': 1.0, 'eval_train_mod4_acc': 0.237, 'eval_train_runtime': 0.5605, 'eval_train_samples_per_second': 1784.004, 'eval_train_steps_per_second': 28.544, 'epoch': 213.83}
{'loss': 0.0, 'learning_rate': 6.772884419640854e-06, 'epoch': 214.89}
{'eval_eval_loss': 0.00020365379168651998, 'eval_eval_token_acc': 0.9462002474737059, 'eval_eval_seq_acc': 0.0, 'eval_eval_move_acc': 0.998, 'eval_eval_mod7_acc': 0.998, 'eval_eval_mod4_acc': 0.248, 'eval_eval_runtime': 1.1218, 'eval_eval_samples_per_second': 1782.857, 'eval_eval_steps_per_second': 28.526, 'epoch': 214.89}
{'eval_train_loss': 1.102980107248186e-08, 'eval_train_token_acc': 0.94671106003245, 'eval_train_seq_acc': 0.0, 'eval_train_move_acc': 1.0, 'eval_train_mod7_acc': 1.0, 'eval_train_mod4_acc': 0.237, 'eval_train_runtime': 0.5634, 'eval_train_samples_per_second': 1775.048, 'eval_train_steps_per_second': 28.401, 'epoch': 214.89}
{'loss': 0.0, 'learning_rate': 6.618264682339377e-06, 'epoch': 215.96}
{'eval_eval_loss': 0.00019964712555520236, 'eval_eval_token_acc': 0.9462002474737059, 'eval_eval_seq_acc': 0.0, 'eval_eval_move_acc': 0.998, 'eval_eval_mod7_acc': 0.998, 'eval_eval_mod4_acc': 0.248, 'eval_eval_runtime': 1.1237, 'eval_eval_samples_per_second': 1779.792, 'eval_eval_steps_per_second': 28.477, 'epoch': 215.96}
{'eval_train_loss': 1.061611865083023e-08, 'eval_train_token_acc': 0.94671106003245, 'eval_train_seq_acc': 0.0, 'eval_train_move_acc': 1.0, 'eval_train_mod7_acc': 1.0, 'eval_train_mod4_acc': 0.237, 'eval_train_runtime': 0.5612, 'eval_train_samples_per_second': 1781.822, 'eval_train_steps_per_second': 28.509, 'epoch': 215.96}
  Pushed checkpoint step-51000 to ijinyu1113/ft_mr6_70m_seed2_purenum
{'loss': 0.0, 'learning_rate': 6.464929181236033e-06, 'epoch': 217.02}
{'eval_eval_loss': 0.00020493136253207922, 'eval_eval_token_acc': 0.9462002474737059, 'eval_eval_seq_acc': 0.0, 'eval_eval_move_acc': 0.998, 'eval_eval_mod7_acc': 0.998, 'eval_eval_mod4_acc': 0.248, 'eval_eval_runtime': 1.1211, 'eval_eval_samples_per_second': 1783.996, 'eval_eval_steps_per_second': 28.544, 'epoch': 217.02}
{'eval_train_loss': 1.0111969039883206e-08, 'eval_train_token_acc': 0.94671106003245, 'eval_train_seq_acc': 0.0, 'eval_train_move_acc': 1.0, 'eval_train_mod7_acc': 1.0, 'eval_train_mod4_acc': 0.237, 'eval_train_runtime': 0.5603, 'eval_train_samples_per_second': 1784.792, 'eval_train_steps_per_second': 28.557, 'epoch': 217.02}
{'loss': 0.0, 'learning_rate': 6.312901410153208e-06, 'epoch': 218.09}
{'eval_eval_loss': 0.00019222122500650585, 'eval_eval_token_acc': 0.9462002474737059, 'eval_eval_seq_acc': 0.0, 'eval_eval_move_acc': 0.9985, 'eval_eval_mod7_acc': 0.9985, 'eval_eval_mod4_acc': 0.248, 'eval_eval_runtime': 1.1234, 'eval_eval_samples_per_second': 1780.24, 'eval_eval_steps_per_second': 28.484, 'epoch': 218.09}
{'eval_train_loss': 9.536815781530095e-09, 'eval_train_token_acc': 0.94671106003245, 'eval_train_seq_acc': 0.0, 'eval_train_move_acc': 1.0, 'eval_train_mod7_acc': 1.0, 'eval_train_mod4_acc': 0.237, 'eval_train_runtime': 0.5626, 'eval_train_samples_per_second': 1777.597, 'eval_train_steps_per_second': 28.442, 'epoch': 218.09}
{'loss': 0.0, 'learning_rate': 6.162204662544992e-06, 'epoch': 219.15}
{'eval_eval_loss': 0.0002030032774200663, 'eval_eval_token_acc': 0.9462002474737059, 'eval_eval_seq_acc': 0.0, 'eval_eval_move_acc': 0.998, 'eval_eval_mod7_acc': 0.998, 'eval_eval_mod4_acc': 0.248, 'eval_eval_runtime': 1.1218, 'eval_eval_samples_per_second': 1782.833, 'eval_eval_steps_per_second': 28.525, 'epoch': 219.15}
{'eval_train_loss': 9.644324450164277e-09, 'eval_train_token_acc': 0.94671106003245, 'eval_train_seq_acc': 0.0, 'eval_train_move_acc': 1.0, 'eval_train_mod7_acc': 1.0, 'eval_train_mod4_acc': 0.237, 'eval_train_runtime': 0.5634, 'eval_train_samples_per_second': 1775.092, 'eval_train_steps_per_second': 28.401, 'epoch': 219.15}
{'loss': 0.0, 'learning_rate': 6.0128620279281635e-06, 'epoch': 220.21}
{'eval_eval_loss': 0.00018759431259240955, 'eval_eval_token_acc': 0.9462002474737059, 'eval_eval_seq_acc': 0.0, 'eval_eval_move_acc': 0.9985, 'eval_eval_mod7_acc': 0.9985, 'eval_eval_mod4_acc': 0.248, 'eval_eval_runtime': 1.1237, 'eval_eval_samples_per_second': 1779.902, 'eval_eval_steps_per_second': 28.478, 'epoch': 220.21}
{'eval_train_loss': 9.222328678504255e-09, 'eval_train_token_acc': 0.94671106003245, 'eval_train_seq_acc': 0.0, 'eval_train_move_acc': 1.0, 'eval_train_mod7_acc': 1.0, 'eval_train_mod4_acc': 0.237, 'eval_train_runtime': 0.5628, 'eval_train_samples_per_second': 1776.955, 'eval_train_steps_per_second': 28.431, 'epoch': 220.21}
  Pushed checkpoint step-52000 to ijinyu1113/ft_mr6_70m_seed2_purenum
{'loss': 0.0, 'learning_rate': 5.864896388344442e-06, 'epoch': 221.28}
{'eval_eval_loss': 0.00018118885054718703, 'eval_eval_token_acc': 0.9462002474737059, 'eval_eval_seq_acc': 0.0, 'eval_eval_move_acc': 0.9985, 'eval_eval_mod7_acc': 0.9985, 'eval_eval_mod4_acc': 0.248, 'eval_eval_runtime': 1.1253, 'eval_eval_samples_per_second': 1777.252, 'eval_eval_steps_per_second': 28.436, 'epoch': 221.28}
{'eval_train_loss': 9.165820991086093e-09, 'eval_train_token_acc': 0.94671106003245, 'eval_train_seq_acc': 0.0, 'eval_train_move_acc': 1.0, 'eval_train_mod7_acc': 1.0, 'eval_train_mod4_acc': 0.237, 'eval_train_runtime': 0.5596, 'eval_train_samples_per_second': 1786.847, 'eval_train_steps_per_second': 28.59, 'epoch': 221.28}
{'loss': 0.0, 'learning_rate': 5.71833041485457e-06, 'epoch': 222.34}
{'eval_eval_loss': 0.0001855113951023668, 'eval_eval_token_acc': 0.9462002474737059, 'eval_eval_seq_acc': 0.0, 'eval_eval_move_acc': 0.9985, 'eval_eval_mod7_acc': 0.9985, 'eval_eval_mod4_acc': 0.248, 'eval_eval_runtime': 1.1236, 'eval_eval_samples_per_second': 1779.956, 'eval_eval_steps_per_second': 28.479, 'epoch': 222.34}
{'eval_train_loss': 8.219442904078278e-09, 'eval_train_token_acc': 0.94671106003245, 'eval_train_seq_acc': 0.0, 'eval_train_move_acc': 1.0, 'eval_train_mod7_acc': 1.0, 'eval_train_mod4_acc': 0.237, 'eval_train_runtime': 0.5631, 'eval_train_samples_per_second': 1775.763, 'eval_train_steps_per_second': 28.412, 'epoch': 222.34}
{'loss': 0.0, 'learning_rate': 5.573186564064649e-06, 'epoch': 223.4}
{'eval_eval_loss': 0.00018759668455459177, 'eval_eval_token_acc': 0.9462002474737059, 'eval_eval_seq_acc': 0.0, 'eval_eval_move_acc': 0.9985, 'eval_eval_mod7_acc': 0.9985, 'eval_eval_mod4_acc': 0.248, 'eval_eval_runtime': 1.1252, 'eval_eval_samples_per_second': 1777.414, 'eval_eval_steps_per_second': 28.439, 'epoch': 223.4}
{'eval_train_loss': 8.496209957797873e-09, 'eval_train_token_acc': 0.94671106003245, 'eval_train_seq_acc': 0.0, 'eval_train_move_acc': 1.0, 'eval_train_mod7_acc': 1.0, 'eval_train_mod4_acc': 0.237, 'eval_train_runtime': 0.5629, 'eval_train_samples_per_second': 1776.365, 'eval_train_steps_per_second': 28.422, 'epoch': 223.4}
{'loss': 0.0, 'learning_rate': 5.429487074685418e-06, 'epoch': 224.47}
{'eval_eval_loss': 0.000188570047612302, 'eval_eval_token_acc': 0.9462002474737059, 'eval_eval_seq_acc': 0.0, 'eval_eval_move_acc': 0.998, 'eval_eval_mod7_acc': 0.998, 'eval_eval_mod4_acc': 0.248, 'eval_eval_runtime': 1.1206, 'eval_eval_samples_per_second': 1784.805, 'eval_eval_steps_per_second': 28.557, 'epoch': 224.47}
{'eval_train_loss': 8.319242184029463e-09, 'eval_train_token_acc': 0.94671106003245, 'eval_train_seq_acc': 0.0, 'eval_train_move_acc': 1.0, 'eval_train_mod7_acc': 1.0, 'eval_train_mod4_acc': 0.237, 'eval_train_runtime': 0.5619, 'eval_train_samples_per_second': 1779.553, 'eval_train_steps_per_second': 28.473, 'epoch': 224.47}
  Pushed checkpoint step-53000 to ijinyu1113/ft_mr6_70m_seed2_purenum
{'loss': 0.0003, 'learning_rate': 5.287253964124826e-06, 'epoch': 225.53}
{'eval_eval_loss': 0.00024085005861707032, 'eval_eval_token_acc': 0.9462002474737059, 'eval_eval_seq_acc': 0.0, 'eval_eval_move_acc': 0.9975, 'eval_eval_mod7_acc': 0.9975, 'eval_eval_mod4_acc': 0.2475, 'eval_eval_runtime': 1.1222, 'eval_eval_samples_per_second': 1782.243, 'eval_eval_steps_per_second': 28.516, 'epoch': 225.53}
{'eval_train_loss': 2.5372085019625956e-06, 'eval_train_token_acc': 0.94671106003245, 'eval_train_seq_acc': 0.0, 'eval_train_move_acc': 1.0, 'eval_train_mod7_acc': 1.0, 'eval_train_mod4_acc': 0.237, 'eval_train_runtime': 0.5618, 'eval_train_samples_per_second': 1779.972, 'eval_train_steps_per_second': 28.48, 'epoch': 225.53}
{'loss': 0.0, 'learning_rate': 5.1465090251146084e-06, 'epoch': 226.6}
{'eval_eval_loss': 0.0002456990769132972, 'eval_eval_token_acc': 0.9462002474737059, 'eval_eval_seq_acc': 0.0, 'eval_eval_move_acc': 0.998, 'eval_eval_mod7_acc': 0.998, 'eval_eval_mod4_acc': 0.2475, 'eval_eval_runtime': 1.1266, 'eval_eval_samples_per_second': 1775.226, 'eval_eval_steps_per_second': 28.404, 'epoch': 226.6}
{'eval_train_loss': 3.6940880931979336e-07, 'eval_train_token_acc': 0.94671106003245, 'eval_train_seq_acc': 0.0, 'eval_train_move_acc': 1.0, 'eval_train_mod7_acc': 1.0, 'eval_train_mod4_acc': 0.237, 'eval_train_runtime': 0.5619, 'eval_train_samples_per_second': 1779.658, 'eval_train_steps_per_second': 28.475, 'epoch': 226.6}
{'loss': 0.0, 'learning_rate': 5.007273822371196e-06, 'epoch': 227.66}
{'eval_eval_loss': 0.00024302437668666244, 'eval_eval_token_acc': 0.9462002474737059, 'eval_eval_seq_acc': 0.0, 'eval_eval_move_acc': 0.998, 'eval_eval_mod7_acc': 0.998, 'eval_eval_mod4_acc': 0.2475, 'eval_eval_runtime': 1.123, 'eval_eval_samples_per_second': 1781.02, 'eval_eval_steps_per_second': 28.496, 'epoch': 227.66}
{'eval_train_loss': 2.703945085613668e-07, 'eval_train_token_acc': 0.94671106003245, 'eval_train_seq_acc': 0.0, 'eval_train_move_acc': 1.0, 'eval_train_mod7_acc': 1.0, 'eval_train_mod4_acc': 0.237, 'eval_train_runtime': 0.5627, 'eval_train_samples_per_second': 1777.15, 'eval_train_steps_per_second': 28.434, 'epoch': 227.66}
{'loss': 0.0, 'learning_rate': 4.869569689291626e-06, 'epoch': 228.72}
{'eval_eval_loss': 0.00024149252567440271, 'eval_eval_token_acc': 0.9462002474737059, 'eval_eval_seq_acc': 0.0, 'eval_eval_move_acc': 0.998, 'eval_eval_mod7_acc': 0.998, 'eval_eval_mod4_acc': 0.2475, 'eval_eval_runtime': 1.1211, 'eval_eval_samples_per_second': 1784.002, 'eval_eval_steps_per_second': 28.544, 'epoch': 228.72}
{'eval_train_loss': 2.1976981656735006e-07, 'eval_train_token_acc': 0.94671106003245, 'eval_train_seq_acc': 0.0, 'eval_train_move_acc': 1.0, 'eval_train_mod7_acc': 1.0, 'eval_train_mod4_acc': 0.237, 'eval_train_runtime': 0.5623, 'eval_train_samples_per_second': 1778.31, 'eval_train_steps_per_second': 28.453, 'epoch': 228.72}
  Pushed checkpoint step-54000 to ijinyu1113/ft_mr6_70m_seed2_purenum
{'loss': 0.0, 'learning_rate': 4.733417724684879e-06, 'epoch': 229.79}
{'eval_eval_loss': 0.00024018152907956392, 'eval_eval_token_acc': 0.9462002474737059, 'eval_eval_seq_acc': 0.0, 'eval_eval_move_acc': 0.998, 'eval_eval_mod7_acc': 0.998, 'eval_eval_mod4_acc': 0.2475, 'eval_eval_runtime': 1.1227, 'eval_eval_samples_per_second': 1781.403, 'eval_eval_steps_per_second': 28.502, 'epoch': 229.79}
{'eval_train_loss': 1.92392974440736e-07, 'eval_train_token_acc': 0.94671106003245, 'eval_train_seq_acc': 0.0, 'eval_train_move_acc': 1.0, 'eval_train_mod7_acc': 1.0, 'eval_train_mod4_acc': 0.237, 'eval_train_runtime': 0.5598, 'eval_train_samples_per_second': 1786.38, 'eval_train_steps_per_second': 28.582, 'epoch': 229.79}
{'loss': 0.0, 'learning_rate': 4.598838789539128e-06, 'epoch': 230.85}
{'eval_eval_loss': 0.00023913463519420475, 'eval_eval_token_acc': 0.9462002474737059, 'eval_eval_seq_acc': 0.0, 'eval_eval_move_acc': 0.998, 'eval_eval_mod7_acc': 0.998, 'eval_eval_mod4_acc': 0.2475, 'eval_eval_runtime': 1.1214, 'eval_eval_samples_per_second': 1783.47, 'eval_eval_steps_per_second': 28.536, 'epoch': 230.85}
{'eval_train_loss': 1.71356020928215e-07, 'eval_train_token_acc': 0.94671106003245, 'eval_train_seq_acc': 0.0, 'eval_train_move_acc': 1.0, 'eval_train_mod7_acc': 1.0, 'eval_train_mod4_acc': 0.237, 'eval_train_runtime': 0.5617, 'eval_train_samples_per_second': 1780.204, 'eval_train_steps_per_second': 28.483, 'epoch': 230.85}
{'loss': 0.0, 'learning_rate': 4.46585350382548e-06, 'epoch': 231.91}
{'eval_eval_loss': 0.00023746305669192225, 'eval_eval_token_acc': 0.9462002474737059, 'eval_eval_seq_acc': 0.0, 'eval_eval_move_acc': 0.998, 'eval_eval_mod7_acc': 0.998, 'eval_eval_mod4_acc': 0.2475, 'eval_eval_runtime': 1.1235, 'eval_eval_samples_per_second': 1780.149, 'eval_eval_steps_per_second': 28.482, 'epoch': 231.91}
{'eval_train_loss': 1.5748649673241744e-07, 'eval_train_token_acc': 0.94671106003245, 'eval_train_seq_acc': 0.0, 'eval_train_move_acc': 1.0, 'eval_train_mod7_acc': 1.0, 'eval_train_mod4_acc': 0.237, 'eval_train_runtime': 0.5618, 'eval_train_samples_per_second': 1780.094, 'eval_train_steps_per_second': 28.482, 'epoch': 231.91}
{'loss': 0.0, 'learning_rate': 4.334482243338589e-06, 'epoch': 232.98}
{'eval_eval_loss': 0.00023623592278454453, 'eval_eval_token_acc': 0.9462002474737059, 'eval_eval_seq_acc': 0.0, 'eval_eval_move_acc': 0.998, 'eval_eval_mod7_acc': 0.998, 'eval_eval_mod4_acc': 0.2475, 'eval_eval_runtime': 1.1223, 'eval_eval_samples_per_second': 1782.031, 'eval_eval_steps_per_second': 28.512, 'epoch': 232.98}
{'eval_train_loss': 1.4119220281827438e-07, 'eval_train_token_acc': 0.94671106003245, 'eval_train_seq_acc': 0.0, 'eval_train_move_acc': 1.0, 'eval_train_mod7_acc': 1.0, 'eval_train_mod4_acc': 0.237, 'eval_train_runtime': 0.561, 'eval_train_samples_per_second': 1782.434, 'eval_train_steps_per_second': 28.519, 'epoch': 232.98}
  Pushed checkpoint step-55000 to ijinyu1113/ft_mr6_70m_seed2_purenum
{'loss': 0.0, 'learning_rate': 4.204745136574737e-06, 'epoch': 234.04}
{'eval_eval_loss': 0.00023492211767006665, 'eval_eval_token_acc': 0.9462002474737059, 'eval_eval_seq_acc': 0.0, 'eval_eval_move_acc': 0.998, 'eval_eval_mod7_acc': 0.998, 'eval_eval_mod4_acc': 0.2475, 'eval_eval_runtime': 1.1208, 'eval_eval_samples_per_second': 1784.464, 'eval_eval_steps_per_second': 28.551, 'epoch': 234.04}
{'eval_train_loss': 1.2917723779537482e-07, 'eval_train_token_acc': 0.94671106003245, 'eval_train_seq_acc': 0.0, 'eval_train_move_acc': 1.0, 'eval_train_mod7_acc': 1.0, 'eval_train_mod4_acc': 0.237, 'eval_train_runtime': 0.561, 'eval_train_samples_per_second': 1782.679, 'eval_train_steps_per_second': 28.523, 'epoch': 234.04}
{'loss': 0.0, 'learning_rate': 4.076662061647747e-06, 'epoch': 235.11}
{'eval_eval_loss': 0.00023418015916831791, 'eval_eval_token_acc': 0.9462002474737059, 'eval_eval_seq_acc': 0.0, 'eval_eval_move_acc': 0.998, 'eval_eval_mod7_acc': 0.998, 'eval_eval_mod4_acc': 0.2475, 'eval_eval_runtime': 1.1216, 'eval_eval_samples_per_second': 1783.145, 'eval_eval_steps_per_second': 28.53, 'epoch': 235.11}
{'eval_train_loss': 1.1886935880056626e-07, 'eval_train_token_acc': 0.94671106003245, 'eval_train_seq_acc': 0.0, 'eval_train_move_acc': 1.0, 'eval_train_mod7_acc': 1.0, 'eval_train_mod4_acc': 0.237, 'eval_train_runtime': 0.5617, 'eval_train_samples_per_second': 1780.334, 'eval_train_steps_per_second': 28.485, 'epoch': 235.11}
{'loss': 0.0, 'learning_rate': 3.950252643243317e-06, 'epoch': 236.17}
{'eval_eval_loss': 0.00023260161106009036, 'eval_eval_token_acc': 0.9462002474737059, 'eval_eval_seq_acc': 0.0, 'eval_eval_move_acc': 0.998, 'eval_eval_mod7_acc': 0.998, 'eval_eval_mod4_acc': 0.2475, 'eval_eval_runtime': 1.1209, 'eval_eval_samples_per_second': 1784.231, 'eval_eval_steps_per_second': 28.548, 'epoch': 236.17}
{'eval_train_loss': 1.0987476173340838e-07, 'eval_train_token_acc': 0.94671106003245, 'eval_train_seq_acc': 0.0, 'eval_train_move_acc': 1.0, 'eval_train_mod7_acc': 1.0, 'eval_train_mod4_acc': 0.237, 'eval_train_runtime': 0.5615, 'eval_train_samples_per_second': 1780.81, 'eval_train_steps_per_second': 28.493, 'epoch': 236.17}
{'loss': 0.0, 'learning_rate': 3.825536249612147e-06, 'epoch': 237.23}
{'eval_eval_loss': 0.00023232711828313768, 'eval_eval_token_acc': 0.9462002474737059, 'eval_eval_seq_acc': 0.0, 'eval_eval_move_acc': 0.998, 'eval_eval_mod7_acc': 0.998, 'eval_eval_mod4_acc': 0.2475, 'eval_eval_runtime': 1.1173, 'eval_eval_samples_per_second': 1790.091, 'eval_eval_steps_per_second': 28.641, 'epoch': 237.23}
{'eval_train_loss': 1.0150778706474739e-07, 'eval_train_token_acc': 0.94671106003245, 'eval_train_seq_acc': 0.0, 'eval_train_move_acc': 1.0, 'eval_train_mod7_acc': 1.0, 'eval_train_mod4_acc': 0.237, 'eval_train_runtime': 0.559, 'eval_train_samples_per_second': 1789.028, 'eval_train_steps_per_second': 28.624, 'epoch': 237.23}
  Pushed checkpoint step-56000 to ijinyu1113/ft_mr6_70m_seed2_purenum
{'loss': 0.0, 'learning_rate': 3.702531989602354e-06, 'epoch': 238.3}
{'eval_eval_loss': 0.00023052602773532271, 'eval_eval_token_acc': 0.9462002474737059, 'eval_eval_seq_acc': 0.0, 'eval_eval_move_acc': 0.998, 'eval_eval_mod7_acc': 0.998, 'eval_eval_mod4_acc': 0.2475, 'eval_eval_runtime': 1.1253, 'eval_eval_samples_per_second': 1777.282, 'eval_eval_steps_per_second': 28.437, 'epoch': 238.3}
{'eval_train_loss': 9.380448773299577e-08, 'eval_train_token_acc': 0.94671106003245, 'eval_train_seq_acc': 0.0, 'eval_train_move_acc': 1.0, 'eval_train_mod7_acc': 1.0, 'eval_train_mod4_acc': 0.237, 'eval_train_runtime': 0.5595, 'eval_train_samples_per_second': 1787.447, 'eval_train_steps_per_second': 28.599, 'epoch': 238.3}
{'loss': 0.0, 'learning_rate': 3.5812587097316712e-06, 'epoch': 239.36}
{'eval_eval_loss': 0.0002301494823768735, 'eval_eval_token_acc': 0.9462002474737059, 'eval_eval_seq_acc': 0.0, 'eval_eval_move_acc': 0.998, 'eval_eval_mod7_acc': 0.998, 'eval_eval_mod4_acc': 0.2475, 'eval_eval_runtime': 1.1207, 'eval_eval_samples_per_second': 1784.672, 'eval_eval_steps_per_second': 28.555, 'epoch': 239.36}
{'eval_train_loss': 8.747818469601043e-08, 'eval_train_token_acc': 0.94671106003245, 'eval_train_seq_acc': 0.0, 'eval_train_move_acc': 1.0, 'eval_train_mod7_acc': 1.0, 'eval_train_mod4_acc': 0.237, 'eval_train_runtime': 0.5612, 'eval_train_samples_per_second': 1781.936, 'eval_train_steps_per_second': 28.511, 'epoch': 239.36}
{'loss': 0.0, 'learning_rate': 3.461734991299779e-06, 'epoch': 240.43}
{'eval_eval_loss': 0.00022918474860489368, 'eval_eval_token_acc': 0.9462002474737059, 'eval_eval_seq_acc': 0.0, 'eval_eval_move_acc': 0.998, 'eval_eval_mod7_acc': 0.998, 'eval_eval_mod4_acc': 0.2475, 'eval_eval_runtime': 1.1207, 'eval_eval_samples_per_second': 1784.524, 'eval_eval_steps_per_second': 28.552, 'epoch': 240.43}
{'eval_train_loss': 8.028819564742662e-08, 'eval_train_token_acc': 0.94671106003245, 'eval_train_seq_acc': 0.0, 'eval_train_move_acc': 1.0, 'eval_train_mod7_acc': 1.0, 'eval_train_mod4_acc': 0.237, 'eval_train_runtime': 0.5616, 'eval_train_samples_per_second': 1780.696, 'eval_train_steps_per_second': 28.491, 'epoch': 240.43}
{'loss': 0.0, 'learning_rate': 3.343979147541352e-06, 'epoch': 241.49}
{'eval_eval_loss': 0.00022938103938940912, 'eval_eval_token_acc': 0.9462002474737059, 'eval_eval_seq_acc': 0.0, 'eval_eval_move_acc': 0.998, 'eval_eval_mod7_acc': 0.998, 'eval_eval_mod4_acc': 0.2475, 'eval_eval_runtime': 1.1209, 'eval_eval_samples_per_second': 1784.341, 'eval_eval_steps_per_second': 28.549, 'epoch': 241.49}
{'eval_train_loss': 7.585084205175008e-08, 'eval_train_token_acc': 0.94671106003245, 'eval_train_seq_acc': 0.0, 'eval_train_move_acc': 1.0, 'eval_train_mod7_acc': 1.0, 'eval_train_mod4_acc': 0.237, 'eval_train_runtime': 0.5615, 'eval_train_samples_per_second': 1780.985, 'eval_train_steps_per_second': 28.496, 'epoch': 241.49}
  Pushed checkpoint step-57000 to ijinyu1113/ft_mr6_70m_seed2_purenum
{'loss': 0.0, 'learning_rate': 3.2280092208200853e-06, 'epoch': 242.55}
{'eval_eval_loss': 0.00022770717623643577, 'eval_eval_token_acc': 0.9462002474737059, 'eval_eval_seq_acc': 0.0, 'eval_eval_move_acc': 0.998, 'eval_eval_mod7_acc': 0.998, 'eval_eval_mod4_acc': 0.2475, 'eval_eval_runtime': 1.1195, 'eval_eval_samples_per_second': 1786.511, 'eval_eval_steps_per_second': 28.584, 'epoch': 242.55}
{'eval_train_loss': 7.171125560034852e-08, 'eval_train_token_acc': 0.94671106003245, 'eval_train_seq_acc': 0.0, 'eval_train_move_acc': 1.0, 'eval_train_mod7_acc': 1.0, 'eval_train_mod4_acc': 0.237, 'eval_train_runtime': 0.5621, 'eval_train_samples_per_second': 1778.946, 'eval_train_steps_per_second': 28.463, 'epoch': 242.55}
{'loss': 0.0, 'learning_rate': 3.1138429798643182e-06, 'epoch': 243.62}
{'eval_eval_loss': 0.00022847266518510878, 'eval_eval_token_acc': 0.9462002474737059, 'eval_eval_seq_acc': 0.0, 'eval_eval_move_acc': 0.998, 'eval_eval_mod7_acc': 0.998, 'eval_eval_mod4_acc': 0.2475, 'eval_eval_runtime': 1.124, 'eval_eval_samples_per_second': 1779.307, 'eval_eval_steps_per_second': 28.469, 'epoch': 243.62}
{'eval_train_loss': 6.702295252125623e-08, 'eval_train_token_acc': 0.94671106003245, 'eval_train_seq_acc': 0.0, 'eval_train_move_acc': 1.0, 'eval_train_mod7_acc': 1.0, 'eval_train_mod4_acc': 0.237, 'eval_train_runtime': 0.5625, 'eval_train_samples_per_second': 1777.753, 'eval_train_steps_per_second': 28.444, 'epoch': 243.62}
{'loss': 0.0, 'learning_rate': 3.0014979170444963e-06, 'epoch': 244.68}
{'eval_eval_loss': 0.00022799214639235288, 'eval_eval_token_acc': 0.9462002474737059, 'eval_eval_seq_acc': 0.0, 'eval_eval_move_acc': 0.998, 'eval_eval_mod7_acc': 0.998, 'eval_eval_mod4_acc': 0.2475, 'eval_eval_runtime': 1.1217, 'eval_eval_samples_per_second': 1782.992, 'eval_eval_steps_per_second': 28.528, 'epoch': 244.68}
{'eval_train_loss': 6.292300724908273e-08, 'eval_train_token_acc': 0.94671106003245, 'eval_train_seq_acc': 0.0, 'eval_train_move_acc': 1.0, 'eval_train_mod7_acc': 1.0, 'eval_train_mod4_acc': 0.237, 'eval_train_runtime': 0.5601, 'eval_train_samples_per_second': 1785.26, 'eval_train_steps_per_second': 28.564, 'epoch': 244.68}
{'loss': 0.0, 'learning_rate': 2.8909912456930587e-06, 'epoch': 245.74}
{'eval_eval_loss': 0.0002265256189275533, 'eval_eval_token_acc': 0.9462002474737059, 'eval_eval_seq_acc': 0.0, 'eval_eval_move_acc': 0.998, 'eval_eval_mod7_acc': 0.998, 'eval_eval_mod4_acc': 0.2475, 'eval_eval_runtime': 1.12, 'eval_eval_samples_per_second': 1785.775, 'eval_eval_steps_per_second': 28.572, 'epoch': 245.74}
{'eval_train_loss': 5.8100333433230844e-08, 'eval_train_token_acc': 0.94671106003245, 'eval_train_seq_acc': 0.0, 'eval_train_move_acc': 1.0, 'eval_train_mod7_acc': 1.0, 'eval_train_mod4_acc': 0.237, 'eval_train_runtime': 0.559, 'eval_train_samples_per_second': 1788.874, 'eval_train_steps_per_second': 28.622, 'epoch': 245.74}
  Pushed checkpoint step-58000 to ijinyu1113/ft_mr6_70m_seed2_purenum
{'loss': 0.0, 'learning_rate': 2.7823398974670004e-06, 'epoch': 246.81}
{'eval_eval_loss': 0.0002258853055536747, 'eval_eval_token_acc': 0.9462002474737059, 'eval_eval_seq_acc': 0.0, 'eval_eval_move_acc': 0.998, 'eval_eval_mod7_acc': 0.998, 'eval_eval_mod4_acc': 0.2475, 'eval_eval_runtime': 1.118, 'eval_eval_samples_per_second': 1788.831, 'eval_eval_steps_per_second': 28.621, 'epoch': 246.81}
{'eval_train_loss': 5.467682839821464e-08, 'eval_train_token_acc': 0.94671106003245, 'eval_train_seq_acc': 0.0, 'eval_train_move_acc': 1.0, 'eval_train_mod7_acc': 1.0, 'eval_train_mod4_acc': 0.237, 'eval_train_runtime': 0.5584, 'eval_train_samples_per_second': 1790.697, 'eval_train_steps_per_second': 28.651, 'epoch': 246.81}
{'loss': 0.0, 'learning_rate': 2.675560519753659e-06, 'epoch': 247.87}
{'eval_eval_loss': 0.00022515399905387312, 'eval_eval_token_acc': 0.9462002474737059, 'eval_eval_seq_acc': 0.0, 'eval_eval_move_acc': 0.998, 'eval_eval_mod7_acc': 0.998, 'eval_eval_mod4_acc': 0.2475, 'eval_eval_runtime': 1.1207, 'eval_eval_samples_per_second': 1784.566, 'eval_eval_steps_per_second': 28.553, 'epoch': 247.87}
{'eval_train_loss': 5.1812122592309606e-08, 'eval_train_token_acc': 0.94671106003245, 'eval_train_seq_acc': 0.0, 'eval_train_move_acc': 1.0, 'eval_train_mod7_acc': 1.0, 'eval_train_mod4_acc': 0.237, 'eval_train_runtime': 0.5605, 'eval_train_samples_per_second': 1784.072, 'eval_train_steps_per_second': 28.545, 'epoch': 247.87}
{'loss': 0.0, 'learning_rate': 2.5706694731200194e-06, 'epoch': 248.94}
{'eval_eval_loss': 0.00022524579253513366, 'eval_eval_token_acc': 0.9462002474737059, 'eval_eval_seq_acc': 0.0, 'eval_eval_move_acc': 0.998, 'eval_eval_mod7_acc': 0.998, 'eval_eval_mod4_acc': 0.2475, 'eval_eval_runtime': 1.1213, 'eval_eval_samples_per_second': 1783.649, 'eval_eval_steps_per_second': 28.538, 'epoch': 248.94}
{'eval_train_loss': 4.906927131287375e-08, 'eval_train_token_acc': 0.94671106003245, 'eval_train_seq_acc': 0.0, 'eval_train_move_acc': 1.0, 'eval_train_mod7_acc': 1.0, 'eval_train_mod4_acc': 0.237, 'eval_train_runtime': 0.5618, 'eval_train_samples_per_second': 1779.879, 'eval_train_steps_per_second': 28.478, 'epoch': 248.94}
{'loss': 0.0, 'learning_rate': 2.467682828805956e-06, 'epoch': 250.0}
{'eval_eval_loss': 0.00022390474623534828, 'eval_eval_token_acc': 0.9462002474737059, 'eval_eval_seq_acc': 0.0, 'eval_eval_move_acc': 0.998, 'eval_eval_mod7_acc': 0.998, 'eval_eval_mod4_acc': 0.2475, 'eval_eval_runtime': 1.1256, 'eval_eval_samples_per_second': 1776.772, 'eval_eval_steps_per_second': 28.428, 'epoch': 250.0}
{'eval_train_loss': 4.601488612365756e-08, 'eval_train_token_acc': 0.94671106003245, 'eval_train_seq_acc': 0.0, 'eval_train_move_acc': 1.0, 'eval_train_mod7_acc': 1.0, 'eval_train_mod4_acc': 0.237, 'eval_train_runtime': 0.5633, 'eval_train_samples_per_second': 1775.233, 'eval_train_steps_per_second': 28.404, 'epoch': 250.0}
  Pushed checkpoint step-59000 to ijinyu1113/ft_mr6_70m_seed2_purenum
{'loss': 0.0, 'learning_rate': 2.3666163662618575e-06, 'epoch': 251.06}
{'eval_eval_loss': 0.00022392910614144057, 'eval_eval_token_acc': 0.9462002474737059, 'eval_eval_seq_acc': 0.0, 'eval_eval_move_acc': 0.998, 'eval_eval_mod7_acc': 0.998, 'eval_eval_mod4_acc': 0.2475, 'eval_eval_runtime': 1.1142, 'eval_eval_samples_per_second': 1795.007, 'eval_eval_steps_per_second': 28.72, 'epoch': 251.06}
{'eval_train_loss': 4.371295503347028e-08, 'eval_train_token_acc': 0.94671106003245, 'eval_train_seq_acc': 0.0, 'eval_train_move_acc': 1.0, 'eval_train_mod7_acc': 1.0, 'eval_train_mod4_acc': 0.237, 'eval_train_runtime': 0.5576, 'eval_train_samples_per_second': 1793.475, 'eval_train_steps_per_second': 28.696, 'epoch': 251.06}
{'loss': 0.0, 'learning_rate': 2.267485570730894e-06, 'epoch': 252.13}
{'eval_eval_loss': 0.00022360426373779774, 'eval_eval_token_acc': 0.9462002474737059, 'eval_eval_seq_acc': 0.0, 'eval_eval_move_acc': 0.998, 'eval_eval_mod7_acc': 0.998, 'eval_eval_mod4_acc': 0.2475, 'eval_eval_runtime': 1.122, 'eval_eval_samples_per_second': 1782.54, 'eval_eval_steps_per_second': 28.521, 'epoch': 252.13}
{'eval_train_loss': 4.131855746436486e-08, 'eval_train_token_acc': 0.94671106003245, 'eval_train_seq_acc': 0.0, 'eval_train_move_acc': 1.0, 'eval_train_mod7_acc': 1.0, 'eval_train_mod4_acc': 0.237, 'eval_train_runtime': 0.5615, 'eval_train_samples_per_second': 1781.087, 'eval_train_steps_per_second': 28.497, 'epoch': 252.13}
{'loss': 0.0, 'learning_rate': 2.170305630876408e-06, 'epoch': 253.19}
{'eval_eval_loss': 0.00022345833713188767, 'eval_eval_token_acc': 0.9462002474737059, 'eval_eval_seq_acc': 0.0, 'eval_eval_move_acc': 0.998, 'eval_eval_mod7_acc': 0.998, 'eval_eval_mod4_acc': 0.2475, 'eval_eval_runtime': 1.1208, 'eval_eval_samples_per_second': 1784.492, 'eval_eval_steps_per_second': 28.552, 'epoch': 253.19}
{'eval_train_loss': 3.944386506304909e-08, 'eval_train_token_acc': 0.94671106003245, 'eval_train_seq_acc': 0.0, 'eval_train_move_acc': 1.0, 'eval_train_mod7_acc': 1.0, 'eval_train_mod4_acc': 0.237, 'eval_train_runtime': 0.5613, 'eval_train_samples_per_second': 1781.435, 'eval_train_steps_per_second': 28.503, 'epoch': 253.19}
{'loss': 0.0, 'learning_rate': 2.0750914364547357e-06, 'epoch': 254.26}
{'eval_eval_loss': 0.0002222790935775265, 'eval_eval_token_acc': 0.9462002474737059, 'eval_eval_seq_acc': 0.0, 'eval_eval_move_acc': 0.998, 'eval_eval_mod7_acc': 0.998, 'eval_eval_mod4_acc': 0.2475, 'eval_eval_runtime': 1.1237, 'eval_eval_samples_per_second': 1779.812, 'eval_eval_steps_per_second': 28.477, 'epoch': 254.26}
{'eval_train_loss': 3.687562255549892e-08, 'eval_train_token_acc': 0.94671106003245, 'eval_train_seq_acc': 0.0, 'eval_train_move_acc': 1.0, 'eval_train_mod7_acc': 1.0, 'eval_train_mod4_acc': 0.237, 'eval_train_runtime': 0.563, 'eval_train_samples_per_second': 1776.261, 'eval_train_steps_per_second': 28.42, 'epoch': 254.26}
  Pushed checkpoint step-60000 to ijinyu1113/ft_mr6_70m_seed2_purenum
{'loss': 0.0, 'learning_rate': 1.9818575760337995e-06, 'epoch': 255.32}
{'eval_eval_loss': 0.00022181725944392383, 'eval_eval_token_acc': 0.9462002474737059, 'eval_eval_seq_acc': 0.0, 'eval_eval_move_acc': 0.998, 'eval_eval_mod7_acc': 0.998, 'eval_eval_mod4_acc': 0.2475, 'eval_eval_runtime': 1.1197, 'eval_eval_samples_per_second': 1786.208, 'eval_eval_steps_per_second': 28.579, 'epoch': 255.32}
{'eval_train_loss': 3.5393334485434025e-08, 'eval_train_token_acc': 0.94671106003245, 'eval_train_seq_acc': 0.0, 'eval_train_move_acc': 1.0, 'eval_train_mod7_acc': 1.0, 'eval_train_mod4_acc': 0.237, 'eval_train_runtime': 0.5596, 'eval_train_samples_per_second': 1786.93, 'eval_train_steps_per_second': 28.591, 'epoch': 255.32}
{'loss': 0.0, 'learning_rate': 1.8906183347578975e-06, 'epoch': 256.38}
{'eval_eval_loss': 0.00022101019567344338, 'eval_eval_token_acc': 0.9462002474737059, 'eval_eval_seq_acc': 0.0, 'eval_eval_move_acc': 0.998, 'eval_eval_mod7_acc': 0.998, 'eval_eval_mod4_acc': 0.2475, 'eval_eval_runtime': 1.1223, 'eval_eval_samples_per_second': 1782.034, 'eval_eval_steps_per_second': 28.513, 'epoch': 256.38}
{'eval_train_loss': 3.390698921634794e-08, 'eval_train_token_acc': 0.94671106003245, 'eval_train_seq_acc': 0.0, 'eval_train_move_acc': 1.0, 'eval_train_mod7_acc': 1.0, 'eval_train_mod4_acc': 0.237, 'eval_train_runtime': 0.5613, 'eval_train_samples_per_second': 1781.657, 'eval_train_steps_per_second': 28.507, 'epoch': 256.38}
{'loss': 0.0, 'learning_rate': 1.8013876921589363e-06, 'epoch': 257.45}
{'eval_eval_loss': 0.00022199282830115408, 'eval_eval_token_acc': 0.9462002474737059, 'eval_eval_seq_acc': 0.0, 'eval_eval_move_acc': 0.998, 'eval_eval_mod7_acc': 0.998, 'eval_eval_mod4_acc': 0.2475, 'eval_eval_runtime': 1.1207, 'eval_eval_samples_per_second': 1784.585, 'eval_eval_steps_per_second': 28.553, 'epoch': 257.45}
{'eval_train_loss': 3.22940252317494e-08, 'eval_train_token_acc': 0.94671106003245, 'eval_train_seq_acc': 0.0, 'eval_train_move_acc': 1.0, 'eval_train_mod7_acc': 1.0, 'eval_train_mod4_acc': 0.237, 'eval_train_runtime': 0.5606, 'eval_train_samples_per_second': 1783.859, 'eval_train_steps_per_second': 28.542, 'epoch': 257.45}
{'loss': 0.0, 'learning_rate': 1.7141793200145234e-06, 'epoch': 258.51}
{'eval_eval_loss': 0.00022080176859162748, 'eval_eval_token_acc': 0.9462002474737059, 'eval_eval_seq_acc': 0.0, 'eval_eval_move_acc': 0.998, 'eval_eval_mod7_acc': 0.998, 'eval_eval_mod4_acc': 0.2475, 'eval_eval_runtime': 1.1228, 'eval_eval_samples_per_second': 1781.245, 'eval_eval_steps_per_second': 28.5, 'epoch': 258.51}
{'eval_train_loss': 3.094037737128019e-08, 'eval_train_token_acc': 0.94671106003245, 'eval_train_seq_acc': 0.0, 'eval_train_move_acc': 1.0, 'eval_train_mod7_acc': 1.0, 'eval_train_mod4_acc': 0.237, 'eval_train_runtime': 0.5608, 'eval_train_samples_per_second': 1783.315, 'eval_train_steps_per_second': 28.533, 'epoch': 258.51}
  Pushed checkpoint step-61000 to ijinyu1113/ft_mr6_70m_seed2_purenum
{'loss': 0.0, 'learning_rate': 1.6290065802531878e-06, 'epoch': 259.57}
{'eval_eval_loss': 0.00022131351579446346, 'eval_eval_token_acc': 0.9462002474737059, 'eval_eval_seq_acc': 0.0, 'eval_eval_move_acc': 0.998, 'eval_eval_mod7_acc': 0.998, 'eval_eval_mod4_acc': 0.2475, 'eval_eval_runtime': 1.1198, 'eval_eval_samples_per_second': 1786.094, 'eval_eval_steps_per_second': 28.577, 'epoch': 259.57}
{'eval_train_loss': 2.9786050959046406e-08, 'eval_train_token_acc': 0.94671106003245, 'eval_train_seq_acc': 0.0, 'eval_train_move_acc': 1.0, 'eval_train_mod7_acc': 1.0, 'eval_train_mod4_acc': 0.237, 'eval_train_runtime': 0.5581, 'eval_train_samples_per_second': 1791.778, 'eval_train_steps_per_second': 28.668, 'epoch': 259.57}
{'loss': 0.0, 'learning_rate': 1.5458825229070995e-06, 'epoch': 260.64}
{'eval_eval_loss': 0.00021932415256742388, 'eval_eval_token_acc': 0.9462002474737059, 'eval_eval_seq_acc': 0.0, 'eval_eval_move_acc': 0.998, 'eval_eval_mod7_acc': 0.998, 'eval_eval_mod4_acc': 0.2475, 'eval_eval_runtime': 1.1196, 'eval_eval_samples_per_second': 1786.424, 'eval_eval_steps_per_second': 28.583, 'epoch': 260.64}
{'eval_train_loss': 2.8055753276134965e-08, 'eval_train_token_acc': 0.94671106003245, 'eval_train_seq_acc': 0.0, 'eval_train_move_acc': 1.0, 'eval_train_mod7_acc': 1.0, 'eval_train_mod4_acc': 0.237, 'eval_train_runtime': 0.5618, 'eval_train_samples_per_second': 1779.953, 'eval_train_steps_per_second': 28.479, 'epoch': 260.64}
{'loss': 0.0, 'learning_rate': 1.4648198841125453e-06, 'epoch': 261.7}
{'eval_eval_loss': 0.00021888678020332009, 'eval_eval_token_acc': 0.9462002474737059, 'eval_eval_seq_acc': 0.0, 'eval_eval_move_acc': 0.998, 'eval_eval_mod7_acc': 0.998, 'eval_eval_mod4_acc': 0.2475, 'eval_eval_runtime': 1.1202, 'eval_eval_samples_per_second': 1785.419, 'eval_eval_steps_per_second': 28.567, 'epoch': 261.7}
{'eval_train_loss': 2.7131903834742843e-08, 'eval_train_token_acc': 0.94671106003245, 'eval_train_seq_acc': 0.0, 'eval_train_move_acc': 1.0, 'eval_train_mod7_acc': 1.0, 'eval_train_mod4_acc': 0.237, 'eval_train_runtime': 0.5603, 'eval_train_samples_per_second': 1784.62, 'eval_train_steps_per_second': 28.554, 'epoch': 261.7}
{'loss': 0.0, 'learning_rate': 1.385831084158543e-06, 'epoch': 262.77}
{'eval_eval_loss': 0.00021871532953809947, 'eval_eval_token_acc': 0.9462002474737059, 'eval_eval_seq_acc': 0.0, 'eval_eval_move_acc': 0.998, 'eval_eval_mod7_acc': 0.998, 'eval_eval_mod4_acc': 0.2475, 'eval_eval_runtime': 1.1192, 'eval_eval_samples_per_second': 1786.973, 'eval_eval_steps_per_second': 28.592, 'epoch': 262.77}
{'eval_train_loss': 2.6013273313196805e-08, 'eval_train_token_acc': 0.94671106003245, 'eval_train_seq_acc': 0.0, 'eval_train_move_acc': 1.0, 'eval_train_mod7_acc': 1.0, 'eval_train_mod4_acc': 0.237, 'eval_train_runtime': 0.5612, 'eval_train_samples_per_second': 1781.976, 'eval_train_steps_per_second': 28.512, 'epoch': 262.77}
  Pushed checkpoint step-62000 to ijinyu1113/ft_mr6_70m_seed2_purenum
{'loss': 0.0, 'learning_rate': 1.308928225583797e-06, 'epoch': 263.83}
{'eval_eval_loss': 0.00021766703866887838, 'eval_eval_token_acc': 0.9462002474737059, 'eval_eval_seq_acc': 0.0, 'eval_eval_move_acc': 0.998, 'eval_eval_mod7_acc': 0.998, 'eval_eval_mod4_acc': 0.2475, 'eval_eval_runtime': 1.1218, 'eval_eval_samples_per_second': 1782.809, 'eval_eval_steps_per_second': 28.525, 'epoch': 263.83}
{'eval_train_loss': 2.487532313466545e-08, 'eval_train_token_acc': 0.94671106003245, 'eval_train_seq_acc': 0.0, 'eval_train_move_acc': 1.0, 'eval_train_mod7_acc': 1.0, 'eval_train_mod4_acc': 0.237, 'eval_train_runtime': 0.5581, 'eval_train_samples_per_second': 1791.636, 'eval_train_steps_per_second': 28.666, 'epoch': 263.83}
{'loss': 0.0, 'learning_rate': 1.234123091322389e-06, 'epoch': 264.89}
{'eval_eval_loss': 0.0002175099798478186, 'eval_eval_token_acc': 0.9462002474737059, 'eval_eval_seq_acc': 0.0, 'eval_eval_move_acc': 0.998, 'eval_eval_mod7_acc': 0.998, 'eval_eval_mod4_acc': 0.2475, 'eval_eval_runtime': 1.1185, 'eval_eval_samples_per_second': 1788.05, 'eval_eval_steps_per_second': 28.609, 'epoch': 264.89}
{'eval_train_loss': 2.4024851441595274e-08, 'eval_train_token_acc': 0.94671106003245, 'eval_train_seq_acc': 0.0, 'eval_train_move_acc': 1.0, 'eval_train_mod7_acc': 1.0, 'eval_train_mod4_acc': 0.237, 'eval_train_runtime': 0.5607, 'eval_train_samples_per_second': 1783.569, 'eval_train_steps_per_second': 28.537, 'epoch': 264.89}
{'loss': 0.0, 'learning_rate': 1.1614271428984087e-06, 'epoch': 265.96}
{'eval_eval_loss': 0.0002166531776310876, 'eval_eval_token_acc': 0.9462002474737059, 'eval_eval_seq_acc': 0.0, 'eval_eval_move_acc': 0.998, 'eval_eval_mod7_acc': 0.998, 'eval_eval_mod4_acc': 0.2475, 'eval_eval_runtime': 1.1179, 'eval_eval_samples_per_second': 1789.143, 'eval_eval_steps_per_second': 28.626, 'epoch': 265.96}
{'eval_train_loss': 2.315056235602242e-08, 'eval_train_token_acc': 0.94671106003245, 'eval_train_seq_acc': 0.0, 'eval_train_move_acc': 1.0, 'eval_train_mod7_acc': 1.0, 'eval_train_mod4_acc': 0.237, 'eval_train_runtime': 0.5602, 'eval_train_samples_per_second': 1785.185, 'eval_train_steps_per_second': 28.563, 'epoch': 265.96}
{'loss': 0.0, 'learning_rate': 1.0908515186698253e-06, 'epoch': 267.02}
{'eval_eval_loss': 0.00021573263802565634, 'eval_eval_token_acc': 0.9462002474737059, 'eval_eval_seq_acc': 0.0, 'eval_eval_move_acc': 0.998, 'eval_eval_mod7_acc': 0.998, 'eval_eval_mod4_acc': 0.2475, 'eval_eval_runtime': 1.1211, 'eval_eval_samples_per_second': 1784.006, 'eval_eval_steps_per_second': 28.544, 'epoch': 267.02}
{'eval_train_loss': 2.242355279236108e-08, 'eval_train_token_acc': 0.94671106003245, 'eval_train_seq_acc': 0.0, 'eval_train_move_acc': 1.0, 'eval_train_mod7_acc': 1.0, 'eval_train_mod4_acc': 0.237, 'eval_train_runtime': 0.5626, 'eval_train_samples_per_second': 1777.308, 'eval_train_steps_per_second': 28.437, 'epoch': 267.02}
  Pushed checkpoint step-63000 to ijinyu1113/ft_mr6_70m_seed2_purenum
{'loss': 0.0, 'learning_rate': 1.0224070321219065e-06, 'epoch': 268.09}
{'eval_eval_loss': 0.00021519085566978902, 'eval_eval_token_acc': 0.9462002474737059, 'eval_eval_seq_acc': 0.0, 'eval_eval_move_acc': 0.998, 'eval_eval_mod7_acc': 0.998, 'eval_eval_mod4_acc': 0.2475, 'eval_eval_runtime': 1.1192, 'eval_eval_samples_per_second': 1786.915, 'eval_eval_steps_per_second': 28.591, 'epoch': 268.09}
{'eval_train_loss': 2.170320634320433e-08, 'eval_train_token_acc': 0.94671106003245, 'eval_train_seq_acc': 0.0, 'eval_train_move_acc': 1.0, 'eval_train_mod7_acc': 1.0, 'eval_train_mod4_acc': 0.237, 'eval_train_runtime': 0.5592, 'eval_train_samples_per_second': 1788.181, 'eval_train_steps_per_second': 28.611, 'epoch': 268.09}
{'loss': 0.0, 'learning_rate': 9.56104170210379e-07, 'epoch': 269.15}
{'eval_eval_loss': 0.00021597793966066092, 'eval_eval_token_acc': 0.9462002474737059, 'eval_eval_seq_acc': 0.0, 'eval_eval_move_acc': 0.998, 'eval_eval_mod7_acc': 0.998, 'eval_eval_mod4_acc': 0.2475, 'eval_eval_runtime': 1.12, 'eval_eval_samples_per_second': 1785.686, 'eval_eval_steps_per_second': 28.571, 'epoch': 269.15}
{'eval_train_loss': 2.1048599307960103e-08, 'eval_train_token_acc': 0.94671106003245, 'eval_train_seq_acc': 0.0, 'eval_train_move_acc': 1.0, 'eval_train_mod7_acc': 1.0, 'eval_train_mod4_acc': 0.237, 'eval_train_runtime': 0.5614, 'eval_train_samples_per_second': 1781.386, 'eval_train_steps_per_second': 28.502, 'epoch': 269.15}
{'loss': 0.0, 'learning_rate': 8.919530917546354e-07, 'epoch': 270.21}
{'eval_eval_loss': 0.00021383141574915498, 'eval_eval_token_acc': 0.9462002474737059, 'eval_eval_seq_acc': 0.0, 'eval_eval_move_acc': 0.998, 'eval_eval_mod7_acc': 0.998, 'eval_eval_mod4_acc': 0.2475, 'eval_eval_runtime': 1.1215, 'eval_eval_samples_per_second': 1783.351, 'eval_eval_steps_per_second': 28.534, 'epoch': 270.21}
{'eval_train_loss': 2.0292763025508975e-08, 'eval_train_token_acc': 0.94671106003245, 'eval_train_seq_acc': 0.0, 'eval_train_move_acc': 1.0, 'eval_train_mod7_acc': 1.0, 'eval_train_mod4_acc': 0.237, 'eval_train_runtime': 0.561, 'eval_train_samples_per_second': 1782.581, 'eval_train_steps_per_second': 28.521, 'epoch': 270.21}
{'loss': 0.0, 'learning_rate': 8.299636258812199e-07, 'epoch': 271.28}
{'eval_eval_loss': 0.00021386393927969038, 'eval_eval_token_acc': 0.9462002474737059, 'eval_eval_seq_acc': 0.0, 'eval_eval_move_acc': 0.998, 'eval_eval_mod7_acc': 0.998, 'eval_eval_mod4_acc': 0.2475, 'eval_eval_runtime': 1.1201, 'eval_eval_samples_per_second': 1785.625, 'eval_eval_steps_per_second': 28.57, 'epoch': 271.28}
{'eval_train_loss': 1.9948178220374757e-08, 'eval_train_token_acc': 0.94671106003245, 'eval_train_seq_acc': 0.0, 'eval_train_move_acc': 1.0, 'eval_train_mod7_acc': 1.0, 'eval_train_mod4_acc': 0.237, 'eval_train_runtime': 0.5628, 'eval_train_samples_per_second': 1776.944, 'eval_train_steps_per_second': 28.431, 'epoch': 271.28}
  Pushed checkpoint step-64000 to ijinyu1113/ft_mr6_70m_seed2_purenum
{'loss': 0.0, 'learning_rate': 7.701452705178236e-07, 'epoch': 272.34}
{'eval_eval_loss': 0.00021286195260472596, 'eval_eval_token_acc': 0.9462002474737059, 'eval_eval_seq_acc': 0.0, 'eval_eval_move_acc': 0.998, 'eval_eval_mod7_acc': 0.998, 'eval_eval_mod4_acc': 0.2475, 'eval_eval_runtime': 1.1224, 'eval_eval_samples_per_second': 1781.869, 'eval_eval_steps_per_second': 28.51, 'epoch': 272.34}
{'eval_train_loss': 1.9298379783094788e-08, 'eval_train_token_acc': 0.94671106003245, 'eval_train_seq_acc': 0.0, 'eval_train_move_acc': 1.0, 'eval_train_mod7_acc': 1.0, 'eval_train_mod4_acc': 0.237, 'eval_train_runtime': 0.5606, 'eval_train_samples_per_second': 1783.76, 'eval_train_steps_per_second': 28.54, 'epoch': 272.34}
{'loss': 0.0, 'learning_rate': 7.125071909380315e-07, 'epoch': 273.4}
{'eval_eval_loss': 0.00021229598496574908, 'eval_eval_token_acc': 0.9462002474737059, 'eval_eval_seq_acc': 0.0, 'eval_eval_move_acc': 0.998, 'eval_eval_mod7_acc': 0.998, 'eval_eval_mod4_acc': 0.2475, 'eval_eval_runtime': 1.1205, 'eval_eval_samples_per_second': 1784.89, 'eval_eval_steps_per_second': 28.558, 'epoch': 273.4}
{'eval_train_loss': 1.8751995511934183e-08, 'eval_train_token_acc': 0.94671106003245, 'eval_train_seq_acc': 0.0, 'eval_train_move_acc': 1.0, 'eval_train_mod7_acc': 1.0, 'eval_train_mod4_acc': 0.237, 'eval_train_runtime': 0.5608, 'eval_train_samples_per_second': 1783.208, 'eval_train_steps_per_second': 28.531, 'epoch': 273.4}
{'loss': 0.0, 'learning_rate': 6.570582183570212e-07, 'epoch': 274.47}
{'eval_eval_loss': 0.0002122597798006609, 'eval_eval_token_acc': 0.9462002474737059, 'eval_eval_seq_acc': 0.0, 'eval_eval_move_acc': 0.998, 'eval_eval_mod7_acc': 0.998, 'eval_eval_mod4_acc': 0.2475, 'eval_eval_runtime': 1.1197, 'eval_eval_samples_per_second': 1786.187, 'eval_eval_steps_per_second': 28.579, 'epoch': 274.47}
{'eval_train_loss': 1.8468188756060044e-08, 'eval_train_token_acc': 0.94671106003245, 'eval_train_seq_acc': 0.0, 'eval_train_move_acc': 1.0, 'eval_train_mod7_acc': 1.0, 'eval_train_mod4_acc': 0.237, 'eval_train_runtime': 0.5601, 'eval_train_samples_per_second': 1785.404, 'eval_train_steps_per_second': 28.566, 'epoch': 274.47}
{'loss': 0.0, 'learning_rate': 6.038068485784731e-07, 'epoch': 275.53}
{'eval_eval_loss': 0.0002104983723256737, 'eval_eval_token_acc': 0.9462002474737059, 'eval_eval_seq_acc': 0.0, 'eval_eval_move_acc': 0.998, 'eval_eval_mod7_acc': 0.998, 'eval_eval_mod4_acc': 0.2475, 'eval_eval_runtime': 1.1191, 'eval_eval_samples_per_second': 1787.132, 'eval_eval_steps_per_second': 28.594, 'epoch': 275.53}
{'eval_train_loss': 1.8057020767514587e-08, 'eval_train_token_acc': 0.94671106003245, 'eval_train_seq_acc': 0.0, 'eval_train_move_acc': 1.0, 'eval_train_mod7_acc': 1.0, 'eval_train_mod4_acc': 0.237, 'eval_train_runtime': 0.5618, 'eval_train_samples_per_second': 1780.118, 'eval_train_steps_per_second': 28.482, 'epoch': 275.53}
  Pushed checkpoint step-65000 to ijinyu1113/ft_mr6_70m_seed2_purenum
{'loss': 0.0, 'learning_rate': 5.527612406928457e-07, 'epoch': 276.6}
{'eval_eval_loss': 0.00021013373043388128, 'eval_eval_token_acc': 0.9462002474737059, 'eval_eval_seq_acc': 0.0, 'eval_eval_move_acc': 0.998, 'eval_eval_mod7_acc': 0.998, 'eval_eval_mod4_acc': 0.2475, 'eval_eval_runtime': 1.1204, 'eval_eval_samples_per_second': 1785.039, 'eval_eval_steps_per_second': 28.561, 'epoch': 276.6}
{'eval_train_loss': 1.7683335684637314e-08, 'eval_train_token_acc': 0.94671106003245, 'eval_train_seq_acc': 0.0, 'eval_train_move_acc': 1.0, 'eval_train_mod7_acc': 1.0, 'eval_train_mod4_acc': 0.237, 'eval_train_runtime': 0.5602, 'eval_train_samples_per_second': 1784.923, 'eval_train_steps_per_second': 28.559, 'epoch': 276.6}
{'loss': 0.0, 'learning_rate': 5.039292158272595e-07, 'epoch': 277.66}
{'eval_eval_loss': 0.00021027510229032487, 'eval_eval_token_acc': 0.9462002474737059, 'eval_eval_seq_acc': 0.0, 'eval_eval_move_acc': 0.998, 'eval_eval_mod7_acc': 0.998, 'eval_eval_mod4_acc': 0.2475, 'eval_eval_runtime': 1.1202, 'eval_eval_samples_per_second': 1785.435, 'eval_eval_steps_per_second': 28.567, 'epoch': 277.66}
{'eval_train_loss': 1.734202115244443e-08, 'eval_train_token_acc': 0.94671106003245, 'eval_train_seq_acc': 0.0, 'eval_train_move_acc': 1.0, 'eval_train_mod7_acc': 1.0, 'eval_train_mod4_acc': 0.237, 'eval_train_runtime': 0.5616, 'eval_train_samples_per_second': 1780.548, 'eval_train_steps_per_second': 28.489, 'epoch': 277.66}
{'loss': 0.0, 'learning_rate': 4.573182559471523e-07, 'epoch': 278.72}
{'eval_eval_loss': 0.0002099436242133379, 'eval_eval_token_acc': 0.9462002474737059, 'eval_eval_seq_acc': 0.0, 'eval_eval_move_acc': 0.998, 'eval_eval_mod7_acc': 0.998, 'eval_eval_mod4_acc': 0.2475, 'eval_eval_runtime': 1.1187, 'eval_eval_samples_per_second': 1787.859, 'eval_eval_steps_per_second': 28.606, 'epoch': 278.72}
{'eval_train_loss': 1.7054658130177813e-08, 'eval_train_token_acc': 0.94671106003245, 'eval_train_seq_acc': 0.0, 'eval_train_move_acc': 1.0, 'eval_train_mod7_acc': 1.0, 'eval_train_mod4_acc': 0.237, 'eval_train_runtime': 0.5613, 'eval_train_samples_per_second': 1781.671, 'eval_train_steps_per_second': 28.507, 'epoch': 278.72}
{'loss': 0.0, 'learning_rate': 4.1293550270990745e-07, 'epoch': 279.79}
{'eval_eval_loss': 0.00020876240159850568, 'eval_eval_token_acc': 0.9462002474737059, 'eval_eval_seq_acc': 0.0, 'eval_eval_move_acc': 0.998, 'eval_eval_mod7_acc': 0.998, 'eval_eval_mod4_acc': 0.2475, 'eval_eval_runtime': 1.1205, 'eval_eval_samples_per_second': 1784.852, 'eval_eval_steps_per_second': 28.558, 'epoch': 279.79}
{'eval_train_loss': 1.669850391294858e-08, 'eval_train_token_acc': 0.94671106003245, 'eval_train_seq_acc': 0.0, 'eval_train_move_acc': 1.0, 'eval_train_mod7_acc': 1.0, 'eval_train_mod4_acc': 0.237, 'eval_train_runtime': 0.5615, 'eval_train_samples_per_second': 1780.978, 'eval_train_steps_per_second': 28.496, 'epoch': 279.79}
  Pushed checkpoint step-66000 to ijinyu1113/ft_mr6_70m_seed2_purenum
{'loss': 0.0, 'learning_rate': 3.707877563706158e-07, 'epoch': 280.85}
{'eval_eval_loss': 0.0002086005115415901, 'eval_eval_token_acc': 0.9462002474737059, 'eval_eval_seq_acc': 0.0, 'eval_eval_move_acc': 0.998, 'eval_eval_mod7_acc': 0.998, 'eval_eval_mod4_acc': 0.2475, 'eval_eval_runtime': 1.1217, 'eval_eval_samples_per_second': 1783.006, 'eval_eval_steps_per_second': 28.528, 'epoch': 280.85}
{'eval_train_loss': 1.6408183256544362e-08, 'eval_train_token_acc': 0.94671106003245, 'eval_train_seq_acc': 0.0, 'eval_train_move_acc': 1.0, 'eval_train_mod7_acc': 1.0, 'eval_train_mod4_acc': 0.237, 'eval_train_runtime': 0.5603, 'eval_train_samples_per_second': 1784.765, 'eval_train_steps_per_second': 28.556, 'epoch': 280.85}
{'loss': 0.0, 'learning_rate': 3.308814747401567e-07, 'epoch': 281.91}
{'eval_eval_loss': 0.00020801958453375846, 'eval_eval_token_acc': 0.9462002474737059, 'eval_eval_seq_acc': 0.0, 'eval_eval_move_acc': 0.998, 'eval_eval_mod7_acc': 0.998, 'eval_eval_mod4_acc': 0.2475, 'eval_eval_runtime': 1.1242, 'eval_eval_samples_per_second': 1779.003, 'eval_eval_steps_per_second': 28.464, 'epoch': 281.91}
{'eval_train_loss': 1.6209664721600348e-08, 'eval_train_token_acc': 0.94671106003245, 'eval_train_seq_acc': 0.0, 'eval_train_move_acc': 1.0, 'eval_train_mod7_acc': 1.0, 'eval_train_mod4_acc': 0.237, 'eval_train_runtime': 0.5618, 'eval_train_samples_per_second': 1779.96, 'eval_train_steps_per_second': 28.479, 'epoch': 281.91}
{'loss': 0.0, 'learning_rate': 2.9322277219574145e-07, 'epoch': 282.98}
{'eval_eval_loss': 0.0002078609395539388, 'eval_eval_token_acc': 0.9462002474737059, 'eval_eval_seq_acc': 0.0, 'eval_eval_move_acc': 0.998, 'eval_eval_mod7_acc': 0.998, 'eval_eval_mod4_acc': 0.2475, 'eval_eval_runtime': 1.1208, 'eval_eval_samples_per_second': 1784.414, 'eval_eval_steps_per_second': 28.551, 'epoch': 282.98}
{'eval_train_loss': 1.6044996442587944e-08, 'eval_train_token_acc': 0.94671106003245, 'eval_train_seq_acc': 0.0, 'eval_train_move_acc': 1.0, 'eval_train_mod7_acc': 1.0, 'eval_train_mod4_acc': 0.237, 'eval_train_runtime': 0.5618, 'eval_train_samples_per_second': 1779.892, 'eval_train_steps_per_second': 28.478, 'epoch': 282.98}
{'loss': 0.0, 'learning_rate': 2.578174187440707e-07, 'epoch': 284.04}
{'eval_eval_loss': 0.00020730799587909132, 'eval_eval_token_acc': 0.9462002474737059, 'eval_eval_seq_acc': 0.0, 'eval_eval_move_acc': 0.998, 'eval_eval_mod7_acc': 0.998, 'eval_eval_mod4_acc': 0.2475, 'eval_eval_runtime': 1.1189, 'eval_eval_samples_per_second': 1787.456, 'eval_eval_steps_per_second': 28.599, 'epoch': 284.04}
{'eval_train_loss': 1.5852837265128983e-08, 'eval_train_token_acc': 0.94671106003245, 'eval_train_seq_acc': 0.0, 'eval_train_move_acc': 1.0, 'eval_train_mod7_acc': 1.0, 'eval_train_mod4_acc': 0.237, 'eval_train_runtime': 0.5601, 'eval_train_samples_per_second': 1785.414, 'eval_train_steps_per_second': 28.567, 'epoch': 284.04}
  Pushed checkpoint step-67000 to ijinyu1113/ft_mr6_70m_seed2_purenum
{'loss': 0.0, 'learning_rate': 2.2467083913728036e-07, 'epoch': 285.11}
{'eval_eval_loss': 0.00020751926058437675, 'eval_eval_token_acc': 0.9462002474737059, 'eval_eval_seq_acc': 0.0, 'eval_eval_move_acc': 0.998, 'eval_eval_mod7_acc': 0.998, 'eval_eval_mod4_acc': 0.2475, 'eval_eval_runtime': 1.1188, 'eval_eval_samples_per_second': 1787.651, 'eval_eval_steps_per_second': 28.602, 'epoch': 285.11}
{'eval_train_loss': 1.5709513689898813e-08, 'eval_train_token_acc': 0.94671106003245, 'eval_train_seq_acc': 0.0, 'eval_train_move_acc': 1.0, 'eval_train_mod7_acc': 1.0, 'eval_train_mod4_acc': 0.237, 'eval_train_runtime': 0.5605, 'eval_train_samples_per_second': 1783.995, 'eval_train_steps_per_second': 28.544, 'epoch': 285.11}
{'loss': 0.0, 'learning_rate': 1.9378811204174617e-07, 'epoch': 286.17}
{'eval_eval_loss': 0.00020694178238045424, 'eval_eval_token_acc': 0.9462002474737059, 'eval_eval_seq_acc': 0.0, 'eval_eval_move_acc': 0.998, 'eval_eval_mod7_acc': 0.998, 'eval_eval_mod4_acc': 0.2475, 'eval_eval_runtime': 1.1211, 'eval_eval_samples_per_second': 1783.954, 'eval_eval_steps_per_second': 28.543, 'epoch': 286.17}
{'eval_train_loss': 1.5525378316283422e-08, 'eval_train_token_acc': 0.94671106003245, 'eval_train_seq_acc': 0.0, 'eval_train_move_acc': 1.0, 'eval_train_mod7_acc': 1.0, 'eval_train_mod4_acc': 0.237, 'eval_train_runtime': 0.5617, 'eval_train_samples_per_second': 1780.349, 'eval_train_steps_per_second': 28.486, 'epoch': 286.17}
{'loss': 0.0, 'learning_rate': 1.6517396925995797e-07, 'epoch': 287.23}
{'eval_eval_loss': 0.00020715415303129703, 'eval_eval_token_acc': 0.9462002474737059, 'eval_eval_seq_acc': 0.0, 'eval_eval_move_acc': 0.998, 'eval_eval_mod7_acc': 0.998, 'eval_eval_mod4_acc': 0.2475, 'eval_eval_runtime': 1.1228, 'eval_eval_samples_per_second': 1781.261, 'eval_eval_steps_per_second': 28.5, 'epoch': 287.23}
{'eval_train_loss': 1.5377940698613202e-08, 'eval_train_token_acc': 0.94671106003245, 'eval_train_seq_acc': 0.0, 'eval_train_move_acc': 1.0, 'eval_train_mod7_acc': 1.0, 'eval_train_mod4_acc': 0.237, 'eval_train_runtime': 0.5615, 'eval_train_samples_per_second': 1780.903, 'eval_train_steps_per_second': 28.494, 'epoch': 287.23}
{'loss': 0.0, 'learning_rate': 1.3883279500551295e-07, 'epoch': 288.3}
{'eval_eval_loss': 0.00020622595911845565, 'eval_eval_token_acc': 0.9462002474737059, 'eval_eval_seq_acc': 0.0, 'eval_eval_move_acc': 0.998, 'eval_eval_mod7_acc': 0.998, 'eval_eval_mod4_acc': 0.2475, 'eval_eval_runtime': 1.1179, 'eval_eval_samples_per_second': 1789.075, 'eval_eval_steps_per_second': 28.625, 'epoch': 288.3}
{'eval_train_loss': 1.5213261761459762e-08, 'eval_train_token_acc': 0.94671106003245, 'eval_train_seq_acc': 0.0, 'eval_train_move_acc': 1.0, 'eval_train_mod7_acc': 1.0, 'eval_train_mod4_acc': 0.237, 'eval_train_runtime': 0.5603, 'eval_train_samples_per_second': 1784.754, 'eval_train_steps_per_second': 28.556, 'epoch': 288.3}
  Pushed checkpoint step-68000 to ijinyu1113/ft_mr6_70m_seed2_purenum
{'loss': 0.0, 'learning_rate': 1.1476862523137122e-07, 'epoch': 289.36}
{'eval_eval_loss': 0.00020662588940467685, 'eval_eval_token_acc': 0.9462002474737059, 'eval_eval_seq_acc': 0.0, 'eval_eval_move_acc': 0.998, 'eval_eval_mod7_acc': 0.998, 'eval_eval_mod4_acc': 0.2475, 'eval_eval_runtime': 1.116, 'eval_eval_samples_per_second': 1792.122, 'eval_eval_steps_per_second': 28.674, 'epoch': 289.36}
{'eval_train_loss': 1.5198256875237348e-08, 'eval_train_token_acc': 0.94671106003245, 'eval_train_seq_acc': 0.0, 'eval_train_move_acc': 1.0, 'eval_train_mod7_acc': 1.0, 'eval_train_mod4_acc': 0.237, 'eval_train_runtime': 0.5588, 'eval_train_samples_per_second': 1789.624, 'eval_train_steps_per_second': 28.634, 'epoch': 289.36}
{'loss': 0.0, 'learning_rate': 9.298514701147898e-08, 'epoch': 290.43}
{'eval_eval_loss': 0.00020627696358133107, 'eval_eval_token_acc': 0.9462002474737059, 'eval_eval_seq_acc': 0.0, 'eval_eval_move_acc': 0.998, 'eval_eval_mod7_acc': 0.998, 'eval_eval_mod4_acc': 0.2475, 'eval_eval_runtime': 1.1199, 'eval_eval_samples_per_second': 1785.875, 'eval_eval_steps_per_second': 28.574, 'epoch': 290.43}
{'eval_train_loss': 1.5109174356098265e-08, 'eval_train_token_acc': 0.94671106003245, 'eval_train_seq_acc': 0.0, 'eval_train_move_acc': 1.0, 'eval_train_mod7_acc': 1.0, 'eval_train_mod4_acc': 0.237, 'eval_train_runtime': 0.5601, 'eval_train_samples_per_second': 1785.379, 'eval_train_steps_per_second': 28.566, 'epoch': 290.43}
{'loss': 0.0, 'learning_rate': 7.348569797583527e-08, 'epoch': 291.49}
{'eval_eval_loss': 0.00020629054051823914, 'eval_eval_token_acc': 0.9462002474737059, 'eval_eval_seq_acc': 0.0, 'eval_eval_move_acc': 0.998, 'eval_eval_mod7_acc': 0.998, 'eval_eval_mod4_acc': 0.2475, 'eval_eval_runtime': 1.1206, 'eval_eval_samples_per_second': 1784.806, 'eval_eval_steps_per_second': 28.557, 'epoch': 291.49}
{'eval_train_loss': 1.5029176125835875e-08, 'eval_train_token_acc': 0.94671106003245, 'eval_train_seq_acc': 0.0, 'eval_train_move_acc': 1.0, 'eval_train_mod7_acc': 1.0, 'eval_train_mod4_acc': 0.237, 'eval_train_runtime': 0.5608, 'eval_train_samples_per_second': 1783.091, 'eval_train_steps_per_second': 28.529, 'epoch': 291.49}
{'loss': 0.0, 'learning_rate': 5.627326579911107e-08, 'epoch': 292.55}
{'eval_eval_loss': 0.00020585815946105868, 'eval_eval_token_acc': 0.9462002474737059, 'eval_eval_seq_acc': 0.0, 'eval_eval_move_acc': 0.998, 'eval_eval_mod7_acc': 0.998, 'eval_eval_mod4_acc': 0.2475, 'eval_eval_runtime': 1.1179, 'eval_eval_samples_per_second': 1789.081, 'eval_eval_steps_per_second': 28.625, 'epoch': 292.55}
{'eval_train_loss': 1.4924363966883902e-08, 'eval_train_token_acc': 0.94671106003245, 'eval_train_seq_acc': 0.0, 'eval_train_move_acc': 1.0, 'eval_train_mod7_acc': 1.0, 'eval_train_mod4_acc': 0.237, 'eval_train_runtime': 0.5601, 'eval_train_samples_per_second': 1785.374, 'eval_train_steps_per_second': 28.566, 'epoch': 292.55}
  Pushed checkpoint step-69000 to ijinyu1113/ft_mr6_70m_seed2_purenum
{'loss': 0.0, 'learning_rate': 4.135048774287553e-08, 'epoch': 293.62}
{'eval_eval_loss': 0.0002058035315712914, 'eval_eval_token_acc': 0.9462002474737059, 'eval_eval_seq_acc': 0.0, 'eval_eval_move_acc': 0.998, 'eval_eval_mod7_acc': 0.998, 'eval_eval_mod4_acc': 0.2475, 'eval_eval_runtime': 1.1163, 'eval_eval_samples_per_second': 1791.661, 'eval_eval_steps_per_second': 28.667, 'epoch': 293.62}
{'eval_train_loss': 1.4914077084426935e-08, 'eval_train_token_acc': 0.94671106003245, 'eval_train_seq_acc': 0.0, 'eval_train_move_acc': 1.0, 'eval_train_mod7_acc': 1.0, 'eval_train_mod4_acc': 0.237, 'eval_train_runtime': 0.5583, 'eval_train_samples_per_second': 1791.085, 'eval_train_steps_per_second': 28.657, 'epoch': 293.62}
{'loss': 0.0, 'learning_rate': 2.8719650251529116e-08, 'epoch': 294.68}
{'eval_eval_loss': 0.00020571202912833542, 'eval_eval_token_acc': 0.9462002474737059, 'eval_eval_seq_acc': 0.0, 'eval_eval_move_acc': 0.998, 'eval_eval_mod7_acc': 0.998, 'eval_eval_mod4_acc': 0.2475, 'eval_eval_runtime': 1.1183, 'eval_eval_samples_per_second': 1788.495, 'eval_eval_steps_per_second': 28.616, 'epoch': 294.68}
{'eval_train_loss': 1.4875717546658507e-08, 'eval_train_token_acc': 0.94671106003245, 'eval_train_seq_acc': 0.0, 'eval_train_move_acc': 1.0, 'eval_train_mod7_acc': 1.0, 'eval_train_mod4_acc': 0.237, 'eval_train_runtime': 0.5599, 'eval_train_samples_per_second': 1786.108, 'eval_train_steps_per_second': 28.578, 'epoch': 294.68}
{'loss': 0.0, 'learning_rate': 1.8382688601967234e-08, 'epoch': 295.74}
{'eval_eval_loss': 0.0002057591627817601, 'eval_eval_token_acc': 0.9462002474737059, 'eval_eval_seq_acc': 0.0, 'eval_eval_move_acc': 0.998, 'eval_eval_mod7_acc': 0.998, 'eval_eval_mod4_acc': 0.2475, 'eval_eval_runtime': 1.1177, 'eval_eval_samples_per_second': 1789.446, 'eval_eval_steps_per_second': 28.631, 'epoch': 295.74}
{'eval_train_loss': 1.486000833494927e-08, 'eval_train_token_acc': 0.94671106003245, 'eval_train_seq_acc': 0.0, 'eval_train_move_acc': 1.0, 'eval_train_mod7_acc': 1.0, 'eval_train_mod4_acc': 0.237, 'eval_train_runtime': 0.5602, 'eval_train_samples_per_second': 1785.155, 'eval_train_steps_per_second': 28.562, 'epoch': 295.74}
{'loss': 0.0, 'learning_rate': 1.03411866070674e-08, 'epoch': 296.81}
{'eval_eval_loss': 0.00020568126637954265, 'eval_eval_token_acc': 0.9462002474737059, 'eval_eval_seq_acc': 0.0, 'eval_eval_move_acc': 0.998, 'eval_eval_mod7_acc': 0.998, 'eval_eval_mod4_acc': 0.2475, 'eval_eval_runtime': 1.1167, 'eval_eval_samples_per_second': 1791.059, 'eval_eval_steps_per_second': 28.657, 'epoch': 296.81}
{'eval_train_loss': 1.4853794638725049e-08, 'eval_train_token_acc': 0.94671106003245, 'eval_train_seq_acc': 0.0, 'eval_train_move_acc': 1.0, 'eval_train_mod7_acc': 1.0, 'eval_train_mod4_acc': 0.237, 'eval_train_runtime': 0.5592, 'eval_train_samples_per_second': 1788.115, 'eval_train_steps_per_second': 28.61, 'epoch': 296.81}
  Pushed checkpoint step-70000 to ijinyu1113/ft_mr6_70m_seed2_purenum
{'loss': 0.0, 'learning_rate': 4.596376373016686e-09, 'epoch': 297.87}
{'eval_eval_loss': 0.00020568768377415836, 'eval_eval_token_acc': 0.9462002474737059, 'eval_eval_seq_acc': 0.0, 'eval_eval_move_acc': 0.998, 'eval_eval_mod7_acc': 0.998, 'eval_eval_mod4_acc': 0.2475, 'eval_eval_runtime': 1.1176, 'eval_eval_samples_per_second': 1789.575, 'eval_eval_steps_per_second': 28.633, 'epoch': 297.87}
{'eval_train_loss': 1.485390654920593e-08, 'eval_train_token_acc': 0.94671106003245, 'eval_train_seq_acc': 0.0, 'eval_train_move_acc': 1.0, 'eval_train_mod7_acc': 1.0, 'eval_train_mod4_acc': 0.237, 'eval_train_runtime': 0.5558, 'eval_train_samples_per_second': 1799.072, 'eval_train_steps_per_second': 28.785, 'epoch': 297.87}
{'loss': 0.0, 'learning_rate': 1.149138110534409e-09, 'epoch': 298.94}
{'eval_eval_loss': 0.00020568114996422082, 'eval_eval_token_acc': 0.9462002474737059, 'eval_eval_seq_acc': 0.0, 'eval_eval_move_acc': 0.998, 'eval_eval_mod7_acc': 0.998, 'eval_eval_mod4_acc': 0.2475, 'eval_eval_runtime': 1.117, 'eval_eval_samples_per_second': 1790.505, 'eval_eval_steps_per_second': 28.648, 'epoch': 298.94}
{'eval_train_loss': 1.485183354077435e-08, 'eval_train_token_acc': 0.94671106003245, 'eval_train_seq_acc': 0.0, 'eval_train_move_acc': 1.0, 'eval_train_mod7_acc': 1.0, 'eval_train_mod4_acc': 0.237, 'eval_train_runtime': 0.5595, 'eval_train_samples_per_second': 1787.193, 'eval_train_steps_per_second': 28.595, 'epoch': 298.94}
{'loss': 0.0, 'learning_rate': 0.0, 'epoch': 300.0}
{'eval_eval_loss': 0.00020568702893797308, 'eval_eval_token_acc': 0.9462002474737059, 'eval_eval_seq_acc': 0.0, 'eval_eval_move_acc': 0.998, 'eval_eval_mod7_acc': 0.998, 'eval_eval_mod4_acc': 0.2475, 'eval_eval_runtime': 1.1232, 'eval_eval_samples_per_second': 1780.549, 'eval_eval_steps_per_second': 28.489, 'epoch': 300.0}
{'eval_train_loss': 1.4853865692998625e-08, 'eval_train_token_acc': 0.94671106003245, 'eval_train_seq_acc': 0.0, 'eval_train_move_acc': 1.0, 'eval_train_mod7_acc': 1.0, 'eval_train_mod4_acc': 0.237, 'eval_train_runtime': 0.5621, 'eval_train_samples_per_second': 1779.17, 'eval_train_steps_per_second': 28.467, 'epoch': 300.0}
{'train_runtime': 6371.1424, 'train_samples_per_second': 706.31, 'train_steps_per_second': 11.066, 'train_loss': 2.300835653635742, 'epoch': 300.0}
  Pushed checkpoint step-70500 to ijinyu1113/ft_mr6_70m_seed2_purenum
Final eval: {'eval_loss': 0.00020568702893797308, 'eval_token_acc': 0.9462002474737059, 'eval_seq_acc': 0.0, 'eval_move_acc': 0.998, 'eval_mod7_acc': 0.998, 'eval_mod4_acc': 0.2475, 'eval_runtime': 1.1276, 'eval_samples_per_second': 1773.618, 'eval_steps_per_second': 28.378, 'epoch': 300.0}
Final train: {'train_loss': 1.4853865692998625e-08, 'train_token_acc': 0.94671106003245, 'train_seq_acc': 0.0, 'train_move_acc': 1.0, 'train_mod7_acc': 1.0, 'train_mod4_acc': 0.237, 'train_runtime': 0.5634, 'train_samples_per_second': 1774.981, 'train_steps_per_second': 28.4, 'epoch': 300.0}
