{
  "P1_first_occ_first_tok": {
    "0": 0.5138333439826965,
    "1": 0.5094999670982361,
    "2": 0.5138333439826965,
    "3": 0.5163333415985107,
    "4": 0.5138333439826965,
    "5": 0.5138333439826965,
    "6": 0.5101666450500488,
    "7": 0.5128333568572998,
    "8": 0.5138333439826965,
    "9": 0.5145000219345093,
    "10": 0.5121666789054871,
    "11": 0.5138333439826965,
    "12": 0.5138333439826965,
    "13": 0.5138333439826965,
    "14": 0.49149999022483826,
    "15": 0.48616665601730347,
    "16": 0.4869999885559082,
    "17": 0.5138333439826965,
    "18": 0.48616665601730347,
    "19": 0.5138333439826965,
    "20": 0.48616665601730347,
    "21": 0.5138333439826965,
    "22": 0.5138333439826965,
    "23": 0.5138333439826965
  },
  "P1_first_occ_last_tok": {
    "0": 0.5138333439826965,
    "1": 0.49950000643730164,
    "2": 0.5196666717529297,
    "3": 0.5238333344459534,
    "4": 0.5285000205039978,
    "5": 0.5318333506584167,
    "6": 0.5358332991600037,
    "7": 0.5758333206176758,
    "8": 0.5855000019073486,
    "9": 0.590666651725769,
    "10": 0.6113333106040955,
    "11": 0.596833348274231,
    "12": 0.6131666898727417,
    "13": 0.6038333177566528,
    "14": 0.6116666793823242,
    "15": 0.6021666526794434,
    "16": 0.5736666321754456,
    "17": 0.5561666488647461,
    "18": 0.5138333439826965,
    "19": 0.5261666774749756,
    "20": 0.5146666765213013,
    "21": 0.48616665601730347,
    "22": 0.5138333439826965,
    "23": 0.5145000219345093
  },
  "P1_last_occ_first_tok": {
    "0": 0.5138333439826965,
    "1": 0.5073333382606506,
    "2": 0.4958333373069763,
    "3": 0.5049999952316284,
    "4": 0.534500002861023,
    "5": 0.5264999866485596,
    "6": 0.5274999737739563,
    "7": 0.5428333282470703,
    "8": 0.5609999895095825,
    "9": 0.6113333106040955,
    "10": 0.6211666464805603,
    "11": 0.6641666889190674,
    "12": 0.6691666841506958,
    "13": 0.6631666421890259,
    "14": 0.6538333296775818,
    "15": 0.6556666493415833,
    "16": 0.6508333086967468,
    "17": 0.6201666593551636,
    "18": 0.6293333172798157,
    "19": 0.6178333163261414,
    "20": 0.625333309173584,
    "21": 0.6159999966621399,
    "22": 0.6166666746139526,
    "23": 0.6131666898727417
  },
  "P1_last_occ_last_tok": {
    "0": 0.48616665601730347,
    "1": 0.5099999904632568,
    "2": 0.5071666836738586,
    "3": 0.5101666450500488,
    "4": 0.5478333234786987,
    "5": 0.5519999861717224,
    "6": 0.5928333401679993,
    "7": 0.6179999709129333,
    "8": 0.6629999876022339,
    "9": 0.6489999890327454,
    "10": 0.6971666812896729,
    "11": 0.7081666588783264,
    "12": 0.7041666507720947,
    "13": 0.6930000185966492,
    "14": 0.7014999985694885,
    "15": 0.6941666603088379,
    "16": 0.6611666679382324,
    "17": 0.6343333125114441,
    "18": 0.6161666512489319,
    "19": 0.6158333420753479,
    "20": 0.6021666526794434,
    "21": 0.6104999780654907,
    "22": 0.6140000224113464,
    "23": 0.6208333373069763
  },
  "P2_first_occ_first_tok": {
    "0": 0.5138333439826965,
    "1": 0.5051666498184204,
    "2": 0.5164999961853027,
    "3": 0.5148333311080933,
    "4": 0.4893333315849304,
    "5": 0.5134999752044678,
    "6": 0.4946666657924652,
    "7": 0.5329999923706055,
    "8": 0.5213333368301392,
    "9": 0.5333333015441895,
    "10": 0.5494999885559082,
    "11": 0.5503333210945129,
    "12": 0.5519999861717224,
    "13": 0.5426666736602783,
    "14": 0.48649999499320984,
    "15": 0.5579999685287476,
    "16": 0.48616665601730347,
    "17": 0.5138333439826965,
    "18": 0.5138333439826965,
    "19": 0.5138333439826965,
    "20": 0.5138333439826965,
    "21": 0.5139999985694885,
    "22": 0.5134999752044678,
    "23": 0.5138333439826965
  },
  "P2_first_occ_last_tok": {
    "0": 0.5138333439826965,
    "1": 0.5138333439826965,
    "2": 0.5138333439826965,
    "3": 0.5145000219345093,
    "4": 0.5386666655540466,
    "5": 0.5493333339691162,
    "6": 0.5763333439826965,
    "7": 0.6138333082199097,
    "8": 0.6643333435058594,
    "9": 0.6986666321754456,
    "10": 0.7166666388511658,
    "11": 0.7114999890327454,
    "12": 0.7388333082199097,
    "13": 0.7536666393280029,
    "14": 0.7384999990463257,
    "15": 0.7339999675750732,
    "16": 0.6859999895095825,
    "17": 0.6474999785423279,
    "18": 0.5964999794960022,
    "19": 0.5138333439826965,
    "20": 0.5138333439826965,
    "21": 0.48633334040641785,
    "22": 0.5138333439826965,
    "23": 0.48649999499320984
  },
  "P2_last_occ_first_tok": {
    "0": 0.5138333439826965,
    "1": 0.5141666531562805,
    "2": 0.5168333053588867,
    "3": 0.5080000162124634,
    "4": 0.5118333101272583,
    "5": 0.5134999752044678,
    "6": 0.4959999918937683,
    "7": 0.515666663646698,
    "8": 0.5264999866485596,
    "9": 0.5423333048820496,
    "10": 0.5375000238418579,
    "11": 0.5373333096504211,
    "12": 0.562666654586792,
    "13": 0.5383333563804626,
    "14": 0.5403333306312561,
    "15": 0.5590000152587891,
    "16": 0.5331666469573975,
    "17": 0.5138333439826965,
    "18": 0.5198333263397217,
    "19": 0.5164999961853027,
    "20": 0.5138333439826965,
    "21": 0.5139999985694885,
    "22": 0.5138333439826965,
    "23": 0.5138333439826965
  },
  "P2_last_occ_last_tok": {
    "0": 0.5138333439826965,
    "1": 0.4984999895095825,
    "2": 0.5084999799728394,
    "3": 0.5143333077430725,
    "4": 0.5193333029747009,
    "5": 0.5476666688919067,
    "6": 0.5726666450500488,
    "7": 0.6209999918937683,
    "8": 0.6633332967758179,
    "9": 0.6946666836738586,
    "10": 0.7045000195503235,
    "11": 0.7216666340827942,
    "12": 0.7393333315849304,
    "13": 0.7426666617393494,
    "14": 0.7296666502952576,
    "15": 0.6994999647140503,
    "16": 0.7131666541099548,
    "17": 0.6144999861717224,
    "18": 0.5799999833106995,
    "19": 0.5138333439826965,
    "20": 0.5138333439826965,
    "21": 0.5134999752044678,
    "22": 0.5138333439826965,
    "23": 0.48616665601730347
  }
}