{
  "P1_first_occ_first_tok": {
    "0": 0.5138333439826965,
    "1": 0.49950000643730164,
    "2": 0.5118333101272583,
    "3": 0.5145000219345093,
    "4": 0.5138333439826965,
    "5": 0.5103332996368408,
    "6": 0.5149999856948853,
    "7": 0.5118333101272583,
    "8": 0.5048333406448364,
    "9": 0.5136666893959045,
    "10": 0.5081666707992554,
    "11": 0.5148333311080933,
    "12": 0.5141666531562805,
    "13": 0.48616665601730347,
    "14": 0.5138333439826965,
    "15": 0.5138333439826965,
    "16": 0.515500009059906,
    "17": 0.5138333439826965,
    "18": 0.5138333439826965,
    "19": 0.5138333439826965,
    "20": 0.5138333439826965,
    "21": 0.5138333439826965,
    "22": 0.5138333439826965,
    "23": 0.49433332681655884
  },
  "P1_first_occ_last_tok": {
    "0": 0.5138333439826965,
    "1": 0.5101666450500488,
    "2": 0.5078333020210266,
    "3": 0.5108333230018616,
    "4": 0.5180000066757202,
    "5": 0.5398333072662354,
    "6": 0.5513333082199097,
    "7": 0.5578333139419556,
    "8": 0.5698333382606506,
    "9": 0.5874999761581421,
    "10": 0.5821666717529297,
    "11": 0.5743333101272583,
    "12": 0.5830000042915344,
    "13": 0.5736666321754456,
    "14": 0.5615000128746033,
    "15": 0.5648333430290222,
    "16": 0.5403333306312561,
    "17": 0.5116666555404663,
    "18": 0.5139999985694885,
    "19": 0.5138333439826965,
    "20": 0.5163333415985107,
    "21": 0.5113333463668823,
    "22": 0.48633334040641785,
    "23": 0.5143333077430725
  },
  "P1_last_occ_first_tok": {
    "0": 0.5138333439826965,
    "1": 0.518666684627533,
    "2": 0.5139999985694885,
    "3": 0.5151666402816772,
    "4": 0.5271666646003723,
    "5": 0.5379999876022339,
    "6": 0.5563333034515381,
    "7": 0.5896666646003723,
    "8": 0.6086666584014893,
    "9": 0.6368333101272583,
    "10": 0.637499988079071,
    "11": 0.6596666574478149,
    "12": 0.6775000095367432,
    "13": 0.67166668176651,
    "14": 0.6611666679382324,
    "15": 0.6656666398048401,
    "16": 0.6503333449363708,
    "17": 0.6343333125114441,
    "18": 0.6215000152587891,
    "19": 0.6169999837875366,
    "20": 0.6169999837875366,
    "21": 0.609833300113678,
    "22": 0.6114999651908875,
    "23": 0.6078333258628845
  },
  "P1_last_occ_last_tok": {
    "0": 0.5138333439826965,
    "1": 0.5038333535194397,
    "2": 0.5220000147819519,
    "3": 0.5226666331291199,
    "4": 0.5496666431427002,
    "5": 0.5898333191871643,
    "6": 0.6388333439826965,
    "7": 0.6644999980926514,
    "8": 0.7011666297912598,
    "9": 0.7268333435058594,
    "10": 0.7415000200271606,
    "11": 0.7400000095367432,
    "12": 0.7371666431427002,
    "13": 0.73416668176651,
    "14": 0.7300000190734863,
    "15": 0.7168333530426025,
    "16": 0.6961666345596313,
    "17": 0.6623333096504211,
    "18": 0.6073333024978638,
    "19": 0.5951666831970215,
    "20": 0.5874999761581421,
    "21": 0.59416663646698,
    "22": 0.5824999809265137,
    "23": 0.5859999656677246
  },
  "P2_first_occ_first_tok": {
    "0": 0.5138333439826965,
    "1": 0.5096666812896729,
    "2": 0.515999972820282,
    "3": 0.503166675567627,
    "4": 0.503000020980835,
    "5": 0.5196666717529297,
    "6": 0.5136666893959045,
    "7": 0.531000018119812,
    "8": 0.543999969959259,
    "9": 0.5425000190734863,
    "10": 0.5509999990463257,
    "11": 0.543833315372467,
    "12": 0.5450000166893005,
    "13": 0.5379999876022339,
    "14": 0.5488333106040955,
    "15": 0.5373333096504211,
    "16": 0.5364999771118164,
    "17": 0.5141666531562805,
    "18": 0.5151666402816772,
    "19": 0.5138333439826965,
    "20": 0.4958333373069763,
    "21": 0.5148333311080933,
    "22": 0.5145000219345093,
    "23": 0.5138333439826965
  },
  "P2_first_occ_last_tok": {
    "0": 0.5138333439826965,
    "1": 0.512333333492279,
    "2": 0.5015000104904175,
    "3": 0.5148333311080933,
    "4": 0.5421666502952576,
    "5": 0.5770000219345093,
    "6": 0.6031666398048401,
    "7": 0.6366666555404663,
    "8": 0.6733333468437195,
    "9": 0.7009999752044678,
    "10": 0.6953333020210266,
    "11": 0.7210000157356262,
    "12": 0.7326666712760925,
    "13": 0.7141666412353516,
    "14": 0.7006666660308838,
    "15": 0.6988333463668823,
    "16": 0.6664999723434448,
    "17": 0.5756666660308838,
    "18": 0.5138333439826965,
    "19": 0.5138333439826965,
    "20": 0.5138333439826965,
    "21": 0.48616665601730347,
    "22": 0.5138333439826965,
    "23": 0.5138333439826965
  },
  "P2_last_occ_first_tok": {
    "0": 0.5138333439826965,
    "1": 0.5119999647140503,
    "2": 0.5170000195503235,
    "3": 0.5078333020210266,
    "4": 0.5028333067893982,
    "5": 0.5226666331291199,
    "6": 0.5176666378974915,
    "7": 0.5335000157356262,
    "8": 0.5376666784286499,
    "9": 0.5531666874885559,
    "10": 0.5526666641235352,
    "11": 0.5533333420753479,
    "12": 0.5518333315849304,
    "13": 0.5544999837875366,
    "14": 0.5511666536331177,
    "15": 0.5400000214576721,
    "16": 0.5419999957084656,
    "17": 0.515333354473114,
    "18": 0.5128333568572998,
    "19": 0.5138333439826965,
    "20": 0.5138333439826965,
    "21": 0.5138333439826965,
    "22": 0.5138333439826965,
    "23": 0.5138333439826965
  },
  "P2_last_occ_last_tok": {
    "0": 0.5138333439826965,
    "1": 0.515666663646698,
    "2": 0.5205000042915344,
    "3": 0.5173333287239075,
    "4": 0.5299999713897705,
    "5": 0.5719999670982361,
    "6": 0.5993333458900452,
    "7": 0.6365000009536743,
    "8": 0.687666654586792,
    "9": 0.6869999766349792,
    "10": 0.703166663646698,
    "11": 0.718999981880188,
    "12": 0.7288333177566528,
    "13": 0.7064999938011169,
    "14": 0.7083333134651184,
    "15": 0.7066666483879089,
    "16": 0.6668333411216736,
    "17": 0.6163333058357239,
    "18": 0.5529999732971191,
    "19": 0.5136666893959045,
    "20": 0.515666663646698,
    "21": 0.5138333439826965,
    "22": 0.48616665601730347,
    "23": 0.5151666402816772
  }
}