{
  "P1_first_occ_first_tok": {
    "0": 0.5138333439826965,
    "1": 0.512666642665863,
    "2": 0.5106666684150696,
    "3": 0.5015000104904175,
    "4": 0.48766666650772095,
    "5": 0.48616665601730347,
    "6": 0.5138333439826965,
    "7": 0.5138333439826965,
    "8": 0.48616665601730347,
    "9": 0.48616665601730347,
    "10": 0.5138333439826965,
    "11": 0.5086666345596313,
    "12": 0.515333354473114,
    "13": 0.5138333439826965,
    "14": 0.5138333439826965,
    "15": 0.48616665601730347,
    "16": 0.5138333439826965,
    "17": 0.5138333439826965,
    "18": 0.5138333439826965,
    "19": 0.5138333439826965,
    "20": 0.5138333439826965,
    "21": 0.5138333439826965,
    "22": 0.5138333439826965,
    "23": 0.48616665601730347
  },
  "P1_first_occ_last_tok": {
    "0": 0.5138333439826965,
    "1": 0.5138333439826965,
    "2": 0.5063333511352539,
    "3": 0.5141666531562805,
    "4": 0.515333354473114,
    "5": 0.5164999961853027,
    "6": 0.5138333439826965,
    "7": 0.5138333439826965,
    "8": 0.5138333439826965,
    "9": 0.5138333439826965,
    "10": 0.5138333439826965,
    "11": 0.5138333439826965,
    "12": 0.5138333439826965,
    "13": 0.48616665601730347,
    "14": 0.5138333439826965,
    "15": 0.5138333439826965,
    "16": 0.5138333439826965,
    "17": 0.5138333439826965,
    "18": 0.5138333439826965,
    "19": 0.5138333439826965,
    "20": 0.5138333439826965,
    "21": 0.5138333439826965,
    "22": 0.5138333439826965,
    "23": 0.5138333439826965
  },
  "P1_last_occ_first_tok": {
    "0": 0.48616665601730347,
    "1": 0.5118333101272583,
    "2": 0.5065000057220459,
    "3": 0.49966666102409363,
    "4": 0.4989999830722809,
    "5": 0.5253333449363708,
    "6": 0.5108333230018616,
    "7": 0.5138333439826965,
    "8": 0.48616665601730347,
    "9": 0.5138333439826965,
    "10": 0.5138333439826965,
    "11": 0.5138333439826965,
    "12": 0.5138333439826965,
    "13": 0.5138333439826965,
    "14": 0.49566665291786194,
    "15": 0.49683332443237305,
    "16": 0.5133333206176758,
    "17": 0.5138333439826965,
    "18": 0.515333354473114,
    "19": 0.515500009059906,
    "20": 0.5141666531562805,
    "21": 0.5109999775886536,
    "22": 0.5138333439826965,
    "23": 0.5051666498184204
  },
  "P1_last_occ_last_tok": {
    "0": 0.5138333439826965,
    "1": 0.5043333172798157,
    "2": 0.5080000162124634,
    "3": 0.5116666555404663,
    "4": 0.5456666350364685,
    "5": 0.5396666526794434,
    "6": 0.5138333439826965,
    "7": 0.5138333439826965,
    "8": 0.5138333439826965,
    "9": 0.5138333439826965,
    "10": 0.5138333439826965,
    "11": 0.5138333439826965,
    "12": 0.5138333439826965,
    "13": 0.5138333439826965,
    "14": 0.5118333101272583,
    "15": 0.5083333253860474,
    "16": 0.5134999752044678,
    "17": 0.5113333463668823,
    "18": 0.5138333439826965,
    "19": 0.5138333439826965,
    "20": 0.49950000643730164,
    "21": 0.512499988079071,
    "22": 0.5143333077430725,
    "23": 0.515500009059906
  },
  "P2_first_occ_first_tok": {
    "0": 0.5138333439826965,
    "1": 0.5133333206176758,
    "2": 0.5134999752044678,
    "3": 0.5138333439826965,
    "4": 0.5148333311080933,
    "5": 0.5138333439826965,
    "6": 0.5138333439826965,
    "7": 0.5138333439826965,
    "8": 0.5138333439826965,
    "9": 0.5138333439826965,
    "10": 0.48616665601730347,
    "11": 0.5138333439826965,
    "12": 0.5138333439826965,
    "13": 0.5138333439826965,
    "14": 0.5138333439826965,
    "15": 0.5138333439826965,
    "16": 0.5119999647140503,
    "17": 0.5138333439826965,
    "18": 0.5138333439826965,
    "19": 0.5138333439826965,
    "20": 0.5138333439826965,
    "21": 0.5138333439826965,
    "22": 0.5138333439826965,
    "23": 0.5138333439826965
  },
  "P2_first_occ_last_tok": {
    "0": 0.5138333439826965,
    "1": 0.5036666393280029,
    "2": 0.5109999775886536,
    "3": 0.5145000219345093,
    "4": 0.5138333439826965,
    "5": 0.5055000185966492,
    "6": 0.515500009059906,
    "7": 0.5138333439826965,
    "8": 0.5138333439826965,
    "9": 0.5138333439826965,
    "10": 0.5138333439826965,
    "11": 0.5138333439826965,
    "12": 0.5138333439826965,
    "13": 0.5138333439826965,
    "14": 0.48616665601730347,
    "15": 0.48616665601730347,
    "16": 0.5138333439826965,
    "17": 0.5138333439826965,
    "18": 0.5138333439826965,
    "19": 0.5138333439826965,
    "20": 0.5138333439826965,
    "21": 0.48616665601730347,
    "22": 0.5138333439826965,
    "23": 0.5138333439826965
  },
  "P2_last_occ_first_tok": {
    "0": 0.5138333439826965,
    "1": 0.4908333420753479,
    "2": 0.5138333439826965,
    "3": 0.4950000047683716,
    "4": 0.5138333439826965,
    "5": 0.5138333439826965,
    "6": 0.5138333439826965,
    "7": 0.5138333439826965,
    "8": 0.5138333439826965,
    "9": 0.5138333439826965,
    "10": 0.5138333439826965,
    "11": 0.5138333439826965,
    "12": 0.492333322763443,
    "13": 0.5138333439826965,
    "14": 0.5149999856948853,
    "15": 0.5138333439826965,
    "16": 0.5138333439826965,
    "17": 0.5138333439826965,
    "18": 0.48616665601730347,
    "19": 0.5138333439826965,
    "20": 0.5138333439826965,
    "21": 0.5138333439826965,
    "22": 0.5138333439826965,
    "23": 0.5138333439826965
  },
  "P2_last_occ_last_tok": {
    "0": 0.5138333439826965,
    "1": 0.5133333206176758,
    "2": 0.5138333439826965,
    "3": 0.5086666345596313,
    "4": 0.512499988079071,
    "5": 0.5145000219345093,
    "6": 0.5138333439826965,
    "7": 0.5138333439826965,
    "8": 0.5138333439826965,
    "9": 0.5138333439826965,
    "10": 0.5138333439826965,
    "11": 0.5138333439826965,
    "12": 0.48616665601730347,
    "13": 0.5138333439826965,
    "14": 0.5138333439826965,
    "15": 0.5138333439826965,
    "16": 0.48616665601730347,
    "17": 0.48616665601730347,
    "18": 0.5138333439826965,
    "19": 0.48616665601730347,
    "20": 0.5138333439826965,
    "21": 0.5138333439826965,
    "22": 0.5138333439826965,
    "23": 0.5138333439826965
  }
}