{
  "P1_first_occ_first_tok": {
    "0": 0.48616665601730347,
    "1": 0.5048333406448364,
    "2": 0.5216666460037231,
    "3": 0.5036666393280029,
    "4": 0.5059999823570251,
    "5": 0.5138333439826965,
    "6": 0.5111666321754456,
    "7": 0.5130000114440918,
    "8": 0.5168333053588867,
    "9": 0.503000020980835,
    "10": 0.5134999752044678,
    "11": 0.5138333439826965,
    "12": 0.5096666812896729,
    "13": 0.5145000219345093,
    "14": 0.515500009059906,
    "15": 0.48616665601730347,
    "16": 0.48666664958000183,
    "17": 0.5138333439826965,
    "18": 0.5138333439826965,
    "19": 0.5138333439826965,
    "20": 0.5138333439826965,
    "21": 0.48616665601730347,
    "22": 0.5138333439826965,
    "23": 0.4919999837875366
  },
  "P1_first_occ_last_tok": {
    "0": 0.5138333439826965,
    "1": 0.4998333156108856,
    "2": 0.49966666102409363,
    "3": 0.5026666522026062,
    "4": 0.5273333191871643,
    "5": 0.5224999785423279,
    "6": 0.5375000238418579,
    "7": 0.534500002861023,
    "8": 0.5634999871253967,
    "9": 0.559666633605957,
    "10": 0.5703333020210266,
    "11": 0.5534999966621399,
    "12": 0.5448333024978638,
    "13": 0.5536666512489319,
    "14": 0.5463333129882812,
    "15": 0.5373333096504211,
    "16": 0.5375000238418579,
    "17": 0.5220000147819519,
    "18": 0.5138333439826965,
    "19": 0.5138333439826965,
    "20": 0.512499988079071,
    "21": 0.48633334040641785,
    "22": 0.5138333439826965,
    "23": 0.5138333439826965
  },
  "P1_last_occ_first_tok": {
    "0": 0.48616665601730347,
    "1": 0.4983333349227905,
    "2": 0.4988333284854889,
    "3": 0.5151666402816772,
    "4": 0.5101666450500488,
    "5": 0.5243332982063293,
    "6": 0.531000018119812,
    "7": 0.5444999933242798,
    "8": 0.5621666312217712,
    "9": 0.5653333067893982,
    "10": 0.5931666493415833,
    "11": 0.6054999828338623,
    "12": 0.6085000038146973,
    "13": 0.621833324432373,
    "14": 0.6089999675750732,
    "15": 0.6010000109672546,
    "16": 0.6016666889190674,
    "17": 0.5920000076293945,
    "18": 0.5756666660308838,
    "19": 0.575166642665863,
    "20": 0.5668333172798157,
    "21": 0.5686666369438171,
    "22": 0.5625,
    "23": 0.5641666650772095
  },
  "P1_last_occ_last_tok": {
    "0": 0.5138333439826965,
    "1": 0.4984999895095825,
    "2": 0.5241666436195374,
    "3": 0.5230000019073486,
    "4": 0.5426666736602783,
    "5": 0.5526666641235352,
    "6": 0.5833333134651184,
    "7": 0.5948333144187927,
    "8": 0.6194999814033508,
    "9": 0.6413333415985107,
    "10": 0.6455000042915344,
    "11": 0.6346666812896729,
    "12": 0.6388333439826965,
    "13": 0.6558333039283752,
    "14": 0.637666642665863,
    "15": 0.6313333511352539,
    "16": 0.6060000061988831,
    "17": 0.6006666421890259,
    "18": 0.5951666831970215,
    "19": 0.5759999752044678,
    "20": 0.5818333029747009,
    "21": 0.5721666812896729,
    "22": 0.5728332996368408,
    "23": 0.5709999799728394
  },
  "P2_first_occ_first_tok": {
    "0": 0.5138333439826965,
    "1": 0.5059999823570251,
    "2": 0.5105000138282776,
    "3": 0.5061666369438171,
    "4": 0.5174999833106995,
    "5": 0.5266666412353516,
    "6": 0.5230000019073486,
    "7": 0.5354999899864197,
    "8": 0.5476666688919067,
    "9": 0.5448333024978638,
    "10": 0.54666668176651,
    "11": 0.5385000109672546,
    "12": 0.5351666808128357,
    "13": 0.5348333120346069,
    "14": 0.5224999785423279,
    "15": 0.5271666646003723,
    "16": 0.5189999938011169,
    "17": 0.5138333439826965,
    "18": 0.5016666650772095,
    "19": 0.5138333439826965,
    "20": 0.5138333439826965,
    "21": 0.5138333439826965,
    "22": 0.48616665601730347,
    "23": 0.5138333439826965
  },
  "P2_first_occ_last_tok": {
    "0": 0.5138333439826965,
    "1": 0.5073333382606506,
    "2": 0.5138333439826965,
    "3": 0.5220000147819519,
    "4": 0.5049999952316284,
    "5": 0.5208333134651184,
    "6": 0.5403333306312561,
    "7": 0.5673333406448364,
    "8": 0.5973333120346069,
    "9": 0.5996666550636292,
    "10": 0.6204999685287476,
    "11": 0.5954999923706055,
    "12": 0.5878333449363708,
    "13": 0.5841666460037231,
    "14": 0.5830000042915344,
    "15": 0.5665000081062317,
    "16": 0.5525000095367432,
    "17": 0.531333327293396,
    "18": 0.5133333206176758,
    "19": 0.5138333439826965,
    "20": 0.515666663646698,
    "21": 0.5226666331291199,
    "22": 0.5138333439826965,
    "23": 0.5143333077430725
  },
  "P2_last_occ_first_tok": {
    "0": 0.5138333439826965,
    "1": 0.5203333497047424,
    "2": 0.5130000114440918,
    "3": 0.5118333101272583,
    "4": 0.5065000057220459,
    "5": 0.5166666507720947,
    "6": 0.5223333239555359,
    "7": 0.5260000228881836,
    "8": 0.5379999876022339,
    "9": 0.5503333210945129,
    "10": 0.5496666431427002,
    "11": 0.5366666316986084,
    "12": 0.5339999794960022,
    "13": 0.5304999947547913,
    "14": 0.5289999842643738,
    "15": 0.5228333473205566,
    "16": 0.5138333439826965,
    "17": 0.5130000114440918,
    "18": 0.5138333439826965,
    "19": 0.5138333439826965,
    "20": 0.5138333439826965,
    "21": 0.5113333463668823,
    "22": 0.5138333439826965,
    "23": 0.515666663646698
  },
  "P2_last_occ_last_tok": {
    "0": 0.5138333439826965,
    "1": 0.4964999854564667,
    "2": 0.5073333382606506,
    "3": 0.5146666765213013,
    "4": 0.5071666836738586,
    "5": 0.5293333530426025,
    "6": 0.5496666431427002,
    "7": 0.5774999856948853,
    "8": 0.5966666340827942,
    "9": 0.6161666512489319,
    "10": 0.6159999966621399,
    "11": 0.5901666879653931,
    "12": 0.5834999680519104,
    "13": 0.5766666531562805,
    "14": 0.5563333034515381,
    "15": 0.5686666369438171,
    "16": 0.5504999756813049,
    "17": 0.5081666707992554,
    "18": 0.5138333439826965,
    "19": 0.5216666460037231,
    "20": 0.5145000219345093,
    "21": 0.5138333439826965,
    "22": 0.5143333077430725,
    "23": 0.5138333439826965
  }
}