{
  "P1_first_occ_first_tok": {
    "0": 0.5138333439826965,
    "1": 0.5138333439826965,
    "2": 0.5138333439826965,
    "3": 0.5138333439826965,
    "4": 0.51583331823349,
    "5": 0.5138333439826965,
    "6": 0.5138333439826965,
    "7": 0.5138333439826965,
    "8": 0.5138333439826965,
    "9": 0.5138333439826965,
    "10": 0.5138333439826965,
    "11": 0.5138333439826965,
    "12": 0.5145000219345093,
    "13": 0.5138333439826965,
    "14": 0.5138333439826965,
    "15": 0.5138333439826965,
    "16": 0.5138333439826965,
    "17": 0.5138333439826965,
    "18": 0.5138333439826965,
    "19": 0.5138333439826965,
    "20": 0.5146666765213013,
    "21": 0.5138333439826965,
    "22": 0.5138333439826965,
    "23": 0.5138333439826965
  },
  "P1_first_occ_last_tok": {
    "0": 0.5138333439826965,
    "1": 0.5145000219345093,
    "2": 0.5138333439826965,
    "3": 0.48616665601730347,
    "4": 0.5138333439826965,
    "5": 0.5138333439826965,
    "6": 0.5138333439826965,
    "7": 0.5138333439826965,
    "8": 0.5138333439826965,
    "9": 0.5138333439826965,
    "10": 0.5138333439826965,
    "11": 0.5138333439826965,
    "12": 0.5138333439826965,
    "13": 0.5138333439826965,
    "14": 0.5138333439826965,
    "15": 0.5138333439826965,
    "16": 0.5138333439826965,
    "17": 0.5138333439826965,
    "18": 0.5138333439826965,
    "19": 0.5138333439826965,
    "20": 0.5138333439826965,
    "21": 0.5138333439826965,
    "22": 0.5138333439826965,
    "23": 0.5138333439826965
  },
  "P1_last_occ_first_tok": {
    "0": 0.5138333439826965,
    "1": 0.5141666531562805,
    "2": 0.5138333439826965,
    "3": 0.5138333439826965,
    "4": 0.5073333382606506,
    "5": 0.5138333439826965,
    "6": 0.5133333206176758,
    "7": 0.515500009059906,
    "8": 0.4873333275318146,
    "9": 0.5138333439826965,
    "10": 0.5138333439826965,
    "11": 0.5138333439826965,
    "12": 0.5138333439826965,
    "13": 0.5176666378974915,
    "14": 0.48616665601730347,
    "15": 0.5138333439826965,
    "16": 0.5138333439826965,
    "17": 0.5138333439826965,
    "18": 0.5138333439826965,
    "19": 0.515500009059906,
    "20": 0.4886666536331177,
    "21": 0.5138333439826965,
    "22": 0.5151666402816772,
    "23": 0.5138333439826965
  },
  "P1_last_occ_last_tok": {
    "0": 0.5138333439826965,
    "1": 0.5138333439826965,
    "2": 0.5138333439826965,
    "3": 0.5056666731834412,
    "4": 0.5149999856948853,
    "5": 0.4975000023841858,
    "6": 0.5036666393280029,
    "7": 0.5138333439826965,
    "8": 0.5138333439826965,
    "9": 0.48616665601730347,
    "10": 0.5138333439826965,
    "11": 0.5138333439826965,
    "12": 0.5138333439826965,
    "13": 0.5138333439826965,
    "14": 0.5138333439826965,
    "15": 0.5138333439826965,
    "16": 0.5138333439826965,
    "17": 0.5138333439826965,
    "18": 0.5138333439826965,
    "19": 0.515333354473114,
    "20": 0.5138333439826965,
    "21": 0.5138333439826965,
    "22": 0.48916664719581604,
    "23": 0.48616665601730347
  },
  "P2_first_occ_first_tok": {
    "0": 0.5138333439826965,
    "1": 0.5138333439826965,
    "2": 0.5138333439826965,
    "3": 0.5138333439826965,
    "4": 0.5138333439826965,
    "5": 0.5138333439826965,
    "6": 0.5138333439826965,
    "7": 0.5138333439826965,
    "8": 0.5138333439826965,
    "9": 0.5138333439826965,
    "10": 0.5138333439826965,
    "11": 0.5138333439826965,
    "12": 0.5138333439826965,
    "13": 0.5138333439826965,
    "14": 0.5138333439826965,
    "15": 0.5138333439826965,
    "16": 0.5138333439826965,
    "17": 0.5138333439826965,
    "18": 0.5138333439826965,
    "19": 0.5138333439826965,
    "20": 0.5138333439826965,
    "21": 0.5138333439826965,
    "22": 0.5138333439826965,
    "23": 0.5138333439826965
  },
  "P2_first_occ_last_tok": {
    "0": 0.5138333439826965,
    "1": 0.5043333172798157,
    "2": 0.5058333277702332,
    "3": 0.5138333439826965,
    "4": 0.5138333439826965,
    "5": 0.5146666765213013,
    "6": 0.5138333439826965,
    "7": 0.5138333439826965,
    "8": 0.5138333439826965,
    "9": 0.5138333439826965,
    "10": 0.5138333439826965,
    "11": 0.5138333439826965,
    "12": 0.5138333439826965,
    "13": 0.5138333439826965,
    "14": 0.48616665601730347,
    "15": 0.5138333439826965,
    "16": 0.48616665601730347,
    "17": 0.5138333439826965,
    "18": 0.5138333439826965,
    "19": 0.5138333439826965,
    "20": 0.5138333439826965,
    "21": 0.5138333439826965,
    "22": 0.5138333439826965,
    "23": 0.5138333439826965
  },
  "P2_last_occ_first_tok": {
    "0": 0.48616665601730347,
    "1": 0.5138333439826965,
    "2": 0.5138333439826965,
    "3": 0.5138333439826965,
    "4": 0.5138333439826965,
    "5": 0.5138333439826965,
    "6": 0.5116666555404663,
    "7": 0.5138333439826965,
    "8": 0.5138333439826965,
    "9": 0.5138333439826965,
    "10": 0.5138333439826965,
    "11": 0.5138333439826965,
    "12": 0.5138333439826965,
    "13": 0.5138333439826965,
    "14": 0.5138333439826965,
    "15": 0.5138333439826965,
    "16": 0.5138333439826965,
    "17": 0.5138333439826965,
    "18": 0.5138333439826965,
    "19": 0.5138333439826965,
    "20": 0.5138333439826965,
    "21": 0.5138333439826965,
    "22": 0.48616665601730347,
    "23": 0.5138333439826965
  },
  "P2_last_occ_last_tok": {
    "0": 0.5138333439826965,
    "1": 0.5138333439826965,
    "2": 0.5138333439826965,
    "3": 0.5138333439826965,
    "4": 0.518666684627533,
    "5": 0.5138333439826965,
    "6": 0.5138333439826965,
    "7": 0.5138333439826965,
    "8": 0.5138333439826965,
    "9": 0.5138333439826965,
    "10": 0.5138333439826965,
    "11": 0.5138333439826965,
    "12": 0.5138333439826965,
    "13": 0.48616665601730347,
    "14": 0.48616665601730347,
    "15": 0.5138333439826965,
    "16": 0.48616665601730347,
    "17": 0.5138333439826965,
    "18": 0.5138333439826965,
    "19": 0.5138333439826965,
    "20": 0.5138333439826965,
    "21": 0.48616665601730347,
    "22": 0.5138333439826965,
    "23": 0.5138333439826965
  }
}