{
  "0": 0.5138333439826965,
  "1": 0.5138333439826965,
  "2": 0.5138333439826965,
  "3": 0.5138333439826965,
  "4": 0.5138333439826965,
  "5": 0.5138333439826965,
  "6": 0.5138333439826965,
  "7": 0.5138333439826965,
  "8": 0.5138333439826965,
  "9": 0.5138333439826965,
  "10": 0.5138333439826965,
  "11": 0.5598333477973938,
  "12": 0.5138333439826965,
  "13": 0.5809999704360962,
  "14": 0.5973333120346069,
  "15": 0.6103333234786987,
  "16": 0.6234999895095825,
  "17": 0.624833345413208,
  "18": 0.6399999856948853,
  "19": 0.6331666707992554,
  "20": 0.637833297252655,
  "21": 0.6359999775886536,
  "22": 0.640999972820282,
  "23": 0.6359999775886536
}