{
    "6": {
        "mean": 0.5853500247001648,
        "std": 0.007665830735867701,
        "ci": 0.006719396902727707,
        "raw": [
            0.5822499990463257,
            0.5835000276565552,
            0.5857500433921814,
            0.5992500185966492,
            0.5760000348091125
        ]
    },
    "7": {
        "mean": 0.6454000353813172,
        "std": 0.00453212166238756,
        "ci": 0.00397257979080399,
        "raw": [
            0.6522500514984131,
            0.6472500562667847,
            0.6467500329017639,
            0.640250027179718,
            0.640500009059906
        ]
    },
    "8": {
        "mean": 0.6732000231742858,
        "std": 0.01019362514006892,
        "ci": 0.008935106390135209,
        "raw": [
            0.671750009059906,
            0.6882500052452087,
            0.6617500185966492,
            0.6810000538825989,
            0.6632500290870667
        ]
    },
    "9": {
        "mean": 0.7081000208854675,
        "std": 0.00999575126320907,
        "ci": 0.00876166228980023,
        "raw": [
            0.7085000276565552,
            0.6972500085830688,
            0.7152500152587891,
            0.7225000262260437,
            0.6970000267028809
        ]
    },
    "10": {
        "mean": 0.7112000226974488,
        "std": 0.011504777263950723,
        "ci": 0.010084381899049638,
        "raw": [
            0.7252500057220459,
            0.7042500376701355,
            0.7242500185966492,
            0.705750048160553,
            0.6965000033378601
        ]
    },
    "11": {
        "mean": 0.731600034236908,
        "std": 0.006770519849441395,
        "ci": 0.005934622309534139,
        "raw": [
            0.7232500314712524,
            0.7247500419616699,
            0.7347500324249268,
            0.7415000200271606,
            0.73375004529953
        ]
    },
    "12": {
        "mean": 0.7250000357627868,
        "std": 0.005703064119223001,
        "ci": 0.004998956107844057,
        "raw": [
            0.7312500476837158,
            0.7285000085830688,
            0.7175000309944153,
            0.7187500596046448,
            0.7290000319480896
        ]
    },
    "13": {
        "mean": 0.744100034236908,
        "std": 0.007830386860895102,
        "ci": 0.006863636705944393,
        "raw": [
            0.737250030040741,
            0.7412500381469727,
            0.7355000376701355,
            0.7555000185966492,
            0.7510000467300415
        ]
    },
    "14": {
        "mean": 0.7362000346183777,
        "std": 0.006209667968757694,
        "ci": 0.005443013960771336,
        "raw": [
            0.737250030040741,
            0.7272500395774841,
            0.7402500510215759,
            0.7315000295639038,
            0.7447500228881836
        ]
    },
    "15": {
        "mean": 0.7394000291824341,
        "std": 0.010974516233155929,
        "ci": 0.009619587612464542,
        "raw": [
            0.7267500162124634,
            0.7405000329017639,
            0.7272500395774841,
            0.7487500309944153,
            0.7537500262260437
        ]
    },
    "16": {
        "mean": 0.7217500329017639,
        "std": 0.008258329264529426,
        "ci": 0.007238744761496946,
        "raw": [
            0.7132500410079956,
            0.7160000205039978,
            0.7165000438690186,
            0.7345000505447388,
            0.7285000085830688
        ]
    },
    "17": {
        "mean": 0.6681000232696533,
        "std": 0.013581786691499556,
        "ci": 0.011904960932853228,
        "raw": [
            0.6847500205039978,
            0.6830000281333923,
            0.6652500033378601,
            0.6550000309944153,
            0.6525000333786011
        ]
    },
    "18": {
        "mean": 0.6187000393867492,
        "std": 0.012609912921918986,
        "ci": 0.01105307601363543,
        "raw": [
            0.6102500557899475,
            0.6095000505447388,
            0.6327500343322754,
            0.6352500319480896,
            0.6057500243186951
        ]
    }
}