mr,seed,step,train_acc,eval_acc,source
3,1,250,0.273,0.255,jsonl
3,1,500,0.243,0.2365,jsonl
3,1,750,0.263,0.2455,jsonl
3,1,1000,0.243,0.2375,jsonl
3,1,1250,0.254,0.24,jsonl
3,1,1500,0.249,0.238,jsonl
3,1,1750,0.247,0.247,jsonl
3,1,2000,0.24,0.2645,jsonl
3,1,2250,0.29,0.235,jsonl
3,1,2500,0.281,0.248,jsonl
3,1,2750,0.262,0.253,jsonl
3,1,3000,0.287,0.2465,jsonl
3,1,3250,0.409,0.396,jsonl
3,1,3500,0.468,0.481,jsonl
3,1,3750,0.585,0.481,jsonl
3,1,4000,0.546,0.482,jsonl
3,1,4250,0.553,0.494,jsonl
3,1,4500,0.526,0.481,jsonl
3,1,4750,0.544,0.4895,jsonl
3,1,5000,0.598,0.4915,jsonl
3,1,5250,0.796,0.734,jsonl
3,1,5500,0.959,0.9485,jsonl
3,1,5750,0.998,0.985,jsonl
3,1,6000,1.0,1.0,jsonl
3,1,6250,1.0,1.0,jsonl
3,1,6500,1.0,1.0,jsonl
3,1,6750,1.0,1.0,jsonl
3,1,7000,1.0,1.0,jsonl
3,1,7250,1.0,1.0,jsonl
3,1,7500,1.0,1.0,jsonl
3,1,7750,1.0,1.0,jsonl
3,1,8000,1.0,1.0,jsonl
3,1,8250,1.0,1.0,jsonl
3,1,8500,1.0,1.0,jsonl
3,1,8750,1.0,1.0,jsonl
3,1,9000,1.0,1.0,jsonl
3,1,9250,1.0,1.0,jsonl
3,1,9500,1.0,1.0,jsonl
3,1,9750,1.0,1.0,jsonl
3,1,10000,1.0,1.0,jsonl
3,1,10250,1.0,1.0,jsonl
3,1,10500,1.0,1.0,jsonl
3,1,10750,1.0,1.0,jsonl
3,1,11000,0.547,0.4915,jsonl
3,1,11250,0.919,0.897,jsonl
3,1,11500,0.993,0.995,jsonl
3,1,11750,1.0,1.0,jsonl
3,1,12000,1.0,1.0,jsonl
3,1,12250,1.0,1.0,jsonl
3,1,12500,1.0,1.0,jsonl
3,1,12750,1.0,1.0,jsonl
3,1,13000,1.0,1.0,jsonl
3,1,13250,1.0,1.0,jsonl
3,1,13500,1.0,1.0,jsonl
3,1,13750,1.0,1.0,jsonl
3,1,14000,1.0,1.0,jsonl
3,1,14250,1.0,1.0,jsonl
3,1,14500,1.0,1.0,jsonl
3,1,14750,1.0,1.0,jsonl
3,1,15000,1.0,1.0,jsonl
3,1,15250,1.0,1.0,jsonl
3,1,15500,1.0,1.0,jsonl
3,1,15750,1.0,1.0,jsonl
3,1,16000,1.0,1.0,jsonl
3,1,16250,1.0,1.0,jsonl
3,1,16500,1.0,1.0,jsonl
3,1,16750,1.0,1.0,jsonl
3,1,17000,1.0,1.0,jsonl
3,1,17250,1.0,1.0,jsonl
3,1,17500,1.0,1.0,jsonl
3,1,17750,1.0,1.0,jsonl
3,1,18000,1.0,1.0,jsonl
3,1,18250,1.0,1.0,jsonl
3,1,18500,1.0,0.9995,jsonl
3,1,18750,1.0,0.9995,jsonl
3,1,19000,1.0,1.0,jsonl
3,1,19250,1.0,1.0,jsonl
3,1,19500,1.0,1.0,jsonl
3,1,19750,1.0,1.0,jsonl
3,1,20000,1.0,1.0,jsonl
3,1,20250,1.0,1.0,jsonl
3,1,20500,1.0,1.0,jsonl
3,1,20750,1.0,1.0,jsonl
3,1,21000,1.0,1.0,jsonl
3,1,21250,1.0,1.0,jsonl
3,1,21500,1.0,1.0,jsonl
3,1,21750,1.0,1.0,jsonl
3,1,22000,1.0,1.0,jsonl
3,1,22250,1.0,1.0,jsonl
3,1,22500,1.0,1.0,jsonl
3,1,22750,1.0,1.0,jsonl
3,1,23000,0.791,0.7175,jsonl
3,1,23250,1.0,1.0,jsonl
3,1,23500,1.0,1.0,jsonl
3,1,23750,1.0,1.0,jsonl
3,1,24000,1.0,1.0,jsonl
3,1,24250,1.0,1.0,jsonl
3,1,24500,1.0,1.0,jsonl
3,1,24750,1.0,1.0,jsonl
3,1,25000,1.0,1.0,jsonl
3,1,25250,1.0,1.0,jsonl
3,1,25500,1.0,1.0,jsonl
3,1,25750,1.0,1.0,jsonl
3,1,26000,1.0,1.0,jsonl
3,1,26250,1.0,1.0,jsonl
3,1,26500,1.0,1.0,jsonl
3,1,26750,1.0,1.0,jsonl
3,1,27000,1.0,1.0,jsonl
3,1,27250,1.0,1.0,jsonl
3,1,27500,1.0,1.0,jsonl
3,1,27750,1.0,1.0,jsonl
3,1,28000,1.0,1.0,jsonl
3,1,28250,1.0,1.0,jsonl
3,1,28500,1.0,1.0,jsonl
3,1,28750,1.0,1.0,jsonl
3,1,29000,1.0,1.0,jsonl
3,1,29250,1.0,1.0,jsonl
3,1,29500,1.0,1.0,jsonl
3,1,29750,1.0,1.0,jsonl
3,1,30000,1.0,1.0,jsonl
3,1,30250,1.0,1.0,jsonl
3,1,30500,1.0,1.0,jsonl
3,1,30750,1.0,1.0,jsonl
3,1,31000,1.0,1.0,jsonl
3,1,31250,1.0,1.0,jsonl
3,1,31500,1.0,1.0,jsonl
3,1,31750,1.0,1.0,jsonl
3,1,32000,1.0,1.0,jsonl
3,1,32250,1.0,1.0,jsonl
3,1,32500,1.0,1.0,jsonl
3,1,32750,1.0,1.0,jsonl
3,1,33000,1.0,1.0,jsonl
3,1,33250,1.0,1.0,jsonl
3,1,33500,1.0,1.0,jsonl
3,1,33750,1.0,1.0,jsonl
3,1,34000,1.0,1.0,jsonl
3,1,34250,1.0,1.0,jsonl
3,1,34500,1.0,1.0,jsonl
3,1,34750,1.0,1.0,jsonl
3,1,35000,1.0,1.0,jsonl
3,1,35250,1.0,1.0,jsonl
3,1,35500,1.0,1.0,jsonl
3,1,35750,1.0,1.0,jsonl
3,1,36000,1.0,1.0,jsonl
3,1,36250,1.0,1.0,jsonl
3,1,36500,1.0,1.0,jsonl
3,1,36750,1.0,1.0,jsonl
3,1,37000,1.0,1.0,jsonl
3,1,37250,1.0,1.0,jsonl
3,1,37500,1.0,1.0,jsonl
3,1,37750,1.0,1.0,jsonl
3,1,38000,1.0,1.0,jsonl
3,1,38250,1.0,1.0,jsonl
3,1,38500,1.0,1.0,jsonl
3,1,38750,1.0,1.0,jsonl
3,1,39000,1.0,1.0,jsonl
3,1,39250,1.0,1.0,jsonl
3,1,39500,1.0,1.0,jsonl
3,1,39750,1.0,1.0,jsonl
3,1,40000,0.992,0.9925,jsonl
3,1,40250,0.994,0.994,jsonl
3,1,40500,1.0,1.0,jsonl
3,1,40750,1.0,1.0,jsonl
3,1,41000,1.0,1.0,jsonl
3,1,41250,1.0,1.0,jsonl
3,1,41500,1.0,1.0,jsonl
3,1,41750,1.0,1.0,jsonl
3,1,42000,1.0,1.0,jsonl
3,1,42250,1.0,1.0,jsonl
3,1,42500,1.0,1.0,jsonl
3,1,42750,1.0,1.0,jsonl
3,1,43000,1.0,1.0,jsonl
3,1,43250,1.0,1.0,jsonl
3,1,43500,1.0,1.0,jsonl
3,1,43750,1.0,1.0,jsonl
3,1,44000,1.0,1.0,jsonl
3,1,44250,1.0,1.0,jsonl
3,1,44500,1.0,1.0,jsonl
3,1,44750,1.0,1.0,jsonl
3,1,45000,1.0,1.0,jsonl
3,1,45250,1.0,1.0,jsonl
3,1,45500,1.0,1.0,jsonl
3,1,45750,1.0,1.0,jsonl
3,1,46000,1.0,1.0,jsonl
3,1,46250,1.0,1.0,jsonl
3,1,46500,1.0,1.0,jsonl
3,1,46750,1.0,1.0,jsonl
3,1,47000,1.0,1.0,jsonl
3,1,47250,1.0,1.0,jsonl
3,1,47500,1.0,1.0,jsonl
3,1,47750,1.0,1.0,jsonl
3,1,48000,1.0,1.0,jsonl
3,1,48250,1.0,1.0,jsonl
3,1,48500,1.0,1.0,jsonl
3,1,48750,1.0,1.0,jsonl
3,1,49000,1.0,1.0,jsonl
3,1,49250,1.0,1.0,jsonl
3,1,49500,1.0,1.0,jsonl
3,1,49750,1.0,1.0,jsonl
3,1,50000,1.0,1.0,jsonl
3,1,50250,1.0,1.0,jsonl
3,1,50500,1.0,1.0,jsonl
3,1,50750,1.0,1.0,jsonl
3,1,51000,1.0,1.0,jsonl
3,1,51250,1.0,1.0,jsonl
3,1,51500,1.0,1.0,jsonl
3,1,51750,1.0,1.0,jsonl
3,1,52000,1.0,1.0,jsonl
3,1,52250,1.0,1.0,jsonl
3,1,52500,1.0,1.0,jsonl
3,1,52750,1.0,1.0,jsonl
3,1,53000,1.0,1.0,jsonl
3,1,53250,1.0,1.0,jsonl
3,1,53500,1.0,1.0,jsonl
3,1,53750,1.0,1.0,jsonl
3,1,54000,1.0,1.0,jsonl
3,1,54250,1.0,1.0,jsonl
3,1,54500,1.0,1.0,jsonl
3,1,54750,1.0,1.0,jsonl
3,1,55000,1.0,1.0,jsonl
3,1,55250,1.0,1.0,jsonl
3,1,55500,1.0,1.0,jsonl
3,1,55750,1.0,1.0,jsonl
3,1,56000,1.0,1.0,jsonl
3,1,56250,1.0,1.0,jsonl
3,1,56500,1.0,1.0,jsonl
3,1,56750,1.0,1.0,jsonl
3,1,57000,1.0,1.0,jsonl
3,1,57250,1.0,1.0,jsonl
3,1,57500,1.0,1.0,jsonl
3,1,57750,1.0,1.0,jsonl
3,1,58000,1.0,1.0,jsonl
3,1,58250,1.0,1.0,jsonl
3,1,58500,1.0,1.0,jsonl
3,1,58750,1.0,1.0,jsonl
3,1,59000,1.0,1.0,jsonl
3,1,59250,1.0,1.0,jsonl
3,1,59500,1.0,1.0,jsonl
3,1,59750,1.0,1.0,jsonl
3,1,60000,1.0,1.0,jsonl
3,1,60250,1.0,1.0,jsonl
3,1,60500,1.0,1.0,jsonl
3,1,60750,1.0,1.0,jsonl
3,1,61000,1.0,1.0,jsonl
3,1,61250,1.0,1.0,jsonl
3,1,61500,1.0,1.0,jsonl
3,1,61750,1.0,1.0,jsonl
3,1,62000,1.0,1.0,jsonl
3,1,62250,1.0,1.0,jsonl
3,1,62500,1.0,1.0,jsonl
3,1,62750,1.0,1.0,jsonl
3,1,63000,1.0,1.0,jsonl
3,1,63250,1.0,1.0,jsonl
3,1,63500,1.0,1.0,jsonl
3,1,63750,1.0,1.0,jsonl
3,1,64000,1.0,1.0,jsonl
3,1,64250,1.0,1.0,jsonl
3,1,64500,1.0,1.0,jsonl
3,1,64750,1.0,1.0,jsonl
3,1,65000,1.0,1.0,jsonl
3,1,65250,1.0,1.0,jsonl
3,1,65500,1.0,1.0,jsonl
3,1,65750,1.0,1.0,jsonl
3,1,66000,1.0,1.0,jsonl
3,1,66250,1.0,1.0,jsonl
3,1,66500,1.0,1.0,jsonl
3,1,66750,1.0,1.0,jsonl
3,1,67000,1.0,1.0,jsonl
3,1,67250,1.0,1.0,jsonl
3,1,67500,1.0,1.0,jsonl
3,1,67750,1.0,1.0,jsonl
3,1,68000,1.0,1.0,jsonl
3,1,68250,1.0,1.0,jsonl
3,1,68500,1.0,1.0,jsonl
3,1,68750,1.0,1.0,jsonl
3,1,69000,1.0,1.0,jsonl
3,1,69250,1.0,1.0,jsonl
3,1,69500,1.0,1.0,jsonl
3,1,69750,1.0,1.0,jsonl
3,1,70000,1.0,1.0,jsonl
3,1,70250,1.0,1.0,jsonl
3,1,70500,1.0,1.0,jsonl
3,2,250,0.225,0.2545,jsonl
3,2,500,0.258,0.242,jsonl
3,2,750,0.256,0.2455,jsonl
3,2,1000,0.217,0.2535,jsonl
3,2,1250,0.274,0.24,jsonl
3,2,1500,0.263,0.262,jsonl
3,2,1750,0.256,0.2455,jsonl
3,2,2000,0.285,0.233,jsonl
3,2,2250,0.277,0.237,jsonl
3,2,2500,0.255,0.2555,jsonl
3,2,2750,0.378,0.326,jsonl
3,2,3000,0.529,0.485,jsonl
3,2,3250,0.528,0.509,jsonl
3,2,3500,0.535,0.486,jsonl
3,2,3750,0.507,0.4925,jsonl
3,2,4000,0.537,0.489,jsonl
3,2,4250,0.518,0.494,jsonl
3,2,4500,0.548,0.4835,jsonl
3,2,4750,0.557,0.5005,jsonl
3,2,5000,0.506,0.4945,jsonl
3,2,5250,0.542,0.5035,jsonl
3,2,5500,0.538,0.4945,jsonl
3,2,5750,0.646,0.5475,jsonl
3,2,6000,0.82,0.7475,jsonl
3,2,6250,0.915,0.876,jsonl
3,2,6500,0.934,0.8975,jsonl
3,2,6750,0.952,0.9225,jsonl
3,2,7000,0.999,0.997,jsonl
3,2,7250,1.0,1.0,jsonl
3,2,7500,1.0,1.0,jsonl
3,2,7750,1.0,1.0,jsonl
3,2,8000,1.0,1.0,jsonl
3,2,8250,1.0,1.0,jsonl
3,2,8500,1.0,1.0,jsonl
3,2,8750,1.0,1.0,jsonl
3,2,9000,1.0,1.0,jsonl
3,2,9250,1.0,1.0,jsonl
3,2,9500,1.0,1.0,jsonl
3,2,9750,1.0,1.0,jsonl
3,2,10000,1.0,1.0,jsonl
3,2,10250,1.0,1.0,jsonl
3,2,10500,1.0,1.0,jsonl
3,2,10750,1.0,1.0,jsonl
3,2,11000,1.0,1.0,jsonl
3,2,11250,1.0,1.0,jsonl
3,2,11500,1.0,1.0,jsonl
3,2,11750,1.0,1.0,jsonl
3,2,12000,1.0,1.0,jsonl
3,2,12250,1.0,1.0,jsonl
3,2,12500,1.0,1.0,jsonl
3,2,12750,1.0,1.0,jsonl
3,2,13000,1.0,1.0,jsonl
3,2,13250,1.0,1.0,jsonl
3,2,13500,1.0,1.0,jsonl
3,2,13750,1.0,1.0,jsonl
3,2,14000,1.0,1.0,jsonl
3,2,14250,1.0,1.0,jsonl
3,2,14500,1.0,1.0,jsonl
3,2,14750,1.0,1.0,jsonl
3,2,15000,1.0,1.0,jsonl
3,2,15250,1.0,1.0,jsonl
3,2,15500,1.0,1.0,jsonl
3,2,15750,1.0,1.0,jsonl
3,2,16000,1.0,1.0,jsonl
3,2,16250,1.0,0.9995,jsonl
3,2,16500,0.951,0.9385,jsonl
3,2,16750,0.995,0.9955,jsonl
3,2,17000,0.997,0.997,jsonl
3,2,17250,1.0,1.0,jsonl
3,2,17500,1.0,1.0,jsonl
3,2,17750,1.0,1.0,jsonl
3,2,18000,1.0,1.0,jsonl
3,2,18250,1.0,1.0,jsonl
3,2,18500,1.0,1.0,jsonl
3,2,18750,1.0,1.0,jsonl
3,2,19000,1.0,1.0,jsonl
3,2,19250,1.0,1.0,jsonl
3,2,19500,1.0,1.0,jsonl
3,2,19750,1.0,1.0,jsonl
3,2,20000,1.0,1.0,jsonl
3,2,20250,1.0,1.0,jsonl
3,2,20500,1.0,1.0,jsonl
3,2,20750,1.0,1.0,jsonl
3,2,21000,1.0,1.0,jsonl
3,2,21250,1.0,1.0,jsonl
3,2,21500,1.0,1.0,jsonl
3,2,21750,1.0,1.0,jsonl
3,2,22000,1.0,1.0,jsonl
3,2,22250,1.0,1.0,jsonl
3,2,22500,1.0,1.0,jsonl
3,2,22750,1.0,1.0,jsonl
3,2,23000,1.0,1.0,jsonl
3,2,23250,1.0,1.0,jsonl
3,2,23500,1.0,1.0,jsonl
3,2,23750,1.0,1.0,jsonl
3,2,24000,1.0,1.0,jsonl
3,2,24250,1.0,1.0,jsonl
3,2,24500,1.0,1.0,jsonl
3,2,24750,1.0,1.0,jsonl
3,2,25000,1.0,1.0,jsonl
3,2,25250,1.0,1.0,jsonl
3,2,25500,1.0,1.0,jsonl
3,2,25750,1.0,1.0,jsonl
3,2,26000,1.0,1.0,jsonl
3,2,26250,1.0,1.0,jsonl
3,2,26500,1.0,1.0,jsonl
3,2,26750,1.0,1.0,jsonl
3,2,27000,1.0,1.0,jsonl
3,2,27250,1.0,1.0,jsonl
3,2,27500,1.0,1.0,jsonl
3,2,27750,1.0,1.0,jsonl
3,2,28000,1.0,1.0,jsonl
3,2,28250,1.0,1.0,jsonl
3,2,28500,1.0,1.0,jsonl
3,2,28750,1.0,1.0,jsonl
3,2,29000,1.0,1.0,jsonl
3,2,29250,1.0,1.0,jsonl
3,2,29500,1.0,1.0,jsonl
3,2,29750,0.998,0.9985,jsonl
3,2,30000,1.0,1.0,jsonl
3,2,30250,1.0,1.0,jsonl
3,2,30500,1.0,1.0,jsonl
3,2,30750,1.0,1.0,jsonl
3,2,31000,1.0,1.0,jsonl
3,2,31250,1.0,1.0,jsonl
3,2,31500,1.0,1.0,jsonl
3,2,31750,1.0,1.0,jsonl
3,2,32000,1.0,1.0,jsonl
3,2,32250,1.0,1.0,jsonl
3,2,32500,1.0,1.0,jsonl
3,2,32750,1.0,1.0,jsonl
3,2,33000,1.0,1.0,jsonl
3,2,33250,1.0,1.0,jsonl
3,2,33500,1.0,1.0,jsonl
3,2,33750,1.0,1.0,jsonl
3,2,34000,1.0,1.0,jsonl
3,2,34250,1.0,1.0,jsonl
3,2,34500,1.0,1.0,jsonl
3,2,34750,1.0,1.0,jsonl
3,2,35000,1.0,1.0,jsonl
3,2,35250,1.0,1.0,jsonl
3,2,35500,1.0,1.0,jsonl
3,2,35750,1.0,1.0,jsonl
3,2,36000,1.0,1.0,jsonl
3,2,36250,1.0,1.0,jsonl
3,2,36500,1.0,1.0,jsonl
3,2,36750,1.0,1.0,jsonl
3,2,37000,1.0,1.0,jsonl
3,2,37250,1.0,1.0,jsonl
3,2,37500,1.0,1.0,jsonl
3,2,37750,1.0,1.0,jsonl
3,2,38000,1.0,1.0,jsonl
3,2,38250,1.0,1.0,jsonl
3,2,38500,1.0,1.0,jsonl
3,2,38750,1.0,1.0,jsonl
3,2,39000,1.0,1.0,jsonl
3,2,39250,1.0,1.0,jsonl
3,2,39500,1.0,1.0,jsonl
3,2,39750,1.0,1.0,jsonl
3,2,40000,1.0,1.0,jsonl
3,2,40250,1.0,1.0,jsonl
3,2,40500,1.0,1.0,jsonl
3,2,40750,1.0,1.0,jsonl
3,2,41000,1.0,1.0,jsonl
3,2,41250,1.0,1.0,jsonl
3,2,41500,1.0,1.0,jsonl
3,2,41750,1.0,1.0,jsonl
3,2,42000,1.0,1.0,jsonl
3,2,42250,1.0,1.0,jsonl
3,2,42500,1.0,1.0,jsonl
3,2,42750,1.0,1.0,jsonl
3,2,43000,1.0,1.0,jsonl
3,2,43250,1.0,1.0,jsonl
3,2,43500,1.0,1.0,jsonl
3,2,43750,1.0,1.0,jsonl
3,2,44000,1.0,1.0,jsonl
3,2,44250,1.0,1.0,jsonl
3,2,44500,1.0,1.0,jsonl
3,2,44750,1.0,1.0,jsonl
3,2,45000,1.0,1.0,jsonl
3,2,45250,1.0,1.0,jsonl
3,2,45500,1.0,1.0,jsonl
3,2,45750,1.0,1.0,jsonl
3,2,46000,1.0,1.0,jsonl
3,2,46250,1.0,1.0,jsonl
3,2,46500,1.0,1.0,jsonl
3,2,46750,1.0,1.0,jsonl
3,2,47000,1.0,1.0,jsonl
3,2,47250,1.0,1.0,jsonl
3,2,47500,1.0,1.0,jsonl
3,2,47750,1.0,1.0,jsonl
3,2,48000,1.0,1.0,jsonl
3,2,48250,1.0,1.0,jsonl
3,2,48500,1.0,1.0,jsonl
3,2,48750,1.0,1.0,jsonl
3,2,49000,1.0,1.0,jsonl
3,2,49250,1.0,1.0,jsonl
3,2,49500,1.0,1.0,jsonl
3,2,49750,1.0,1.0,jsonl
3,2,50000,1.0,1.0,jsonl
3,2,50250,1.0,1.0,jsonl
3,2,50500,1.0,1.0,jsonl
3,2,50750,1.0,1.0,jsonl
3,2,51000,1.0,1.0,jsonl
3,2,51250,1.0,1.0,jsonl
3,2,51500,1.0,1.0,jsonl
3,2,51750,1.0,1.0,jsonl
3,2,52000,1.0,1.0,jsonl
3,2,52250,1.0,1.0,jsonl
3,2,52500,1.0,1.0,jsonl
3,2,52750,1.0,1.0,jsonl
3,2,53000,1.0,1.0,jsonl
3,2,53250,1.0,1.0,jsonl
3,2,53500,1.0,1.0,jsonl
3,2,53750,1.0,1.0,jsonl
3,2,54000,1.0,1.0,jsonl
3,2,54250,1.0,1.0,jsonl
3,2,54500,1.0,1.0,jsonl
3,2,54750,1.0,1.0,jsonl
3,2,55000,1.0,1.0,jsonl
3,2,55250,1.0,1.0,jsonl
3,2,55500,1.0,1.0,jsonl
3,2,55750,1.0,1.0,jsonl
3,2,56000,1.0,1.0,jsonl
3,2,56250,1.0,1.0,jsonl
3,2,56500,1.0,1.0,jsonl
3,2,56750,1.0,1.0,jsonl
3,2,57000,1.0,1.0,jsonl
3,2,57250,1.0,1.0,jsonl
3,2,57500,1.0,1.0,jsonl
3,2,57750,1.0,1.0,jsonl
3,2,58000,1.0,1.0,jsonl
3,2,58250,1.0,1.0,jsonl
3,2,58500,1.0,1.0,jsonl
3,2,58750,1.0,1.0,jsonl
3,2,59000,1.0,1.0,jsonl
3,2,59250,1.0,1.0,jsonl
3,2,59500,1.0,1.0,jsonl
3,2,59750,1.0,1.0,jsonl
3,2,60000,1.0,1.0,jsonl
3,2,60250,1.0,1.0,jsonl
3,2,60500,1.0,1.0,jsonl
3,2,60750,1.0,1.0,jsonl
3,2,61000,1.0,1.0,jsonl
3,2,61250,1.0,1.0,jsonl
3,2,61500,1.0,1.0,jsonl
3,2,61750,1.0,1.0,jsonl
3,2,62000,1.0,1.0,jsonl
3,2,62250,1.0,1.0,jsonl
3,2,62500,1.0,1.0,jsonl
3,2,62750,1.0,1.0,jsonl
3,2,63000,1.0,1.0,jsonl
3,2,63250,1.0,1.0,jsonl
3,2,63500,1.0,1.0,jsonl
3,2,63750,1.0,1.0,jsonl
3,2,64000,1.0,1.0,jsonl
3,2,64250,1.0,1.0,jsonl
3,2,64500,1.0,1.0,jsonl
3,2,64750,1.0,1.0,jsonl
3,2,65000,1.0,1.0,jsonl
3,2,65250,1.0,1.0,jsonl
3,2,65500,1.0,1.0,jsonl
3,2,65750,1.0,1.0,jsonl
3,2,66000,1.0,1.0,jsonl
3,2,66250,1.0,1.0,jsonl
3,2,66500,1.0,1.0,jsonl
3,2,66750,1.0,1.0,jsonl
3,2,67000,1.0,1.0,jsonl
3,2,67250,1.0,1.0,jsonl
3,2,67500,1.0,1.0,jsonl
3,2,67750,1.0,1.0,jsonl
3,2,68000,1.0,1.0,jsonl
3,2,68250,1.0,1.0,jsonl
3,2,68500,1.0,1.0,jsonl
3,2,68750,1.0,1.0,jsonl
3,2,69000,1.0,1.0,jsonl
3,2,69250,1.0,1.0,jsonl
3,2,69500,1.0,1.0,jsonl
3,2,69750,1.0,1.0,jsonl
3,2,70000,1.0,1.0,jsonl
3,2,70250,1.0,1.0,jsonl
3,2,70500,1.0,1.0,jsonl
3,42,0,0.0,0.0,csv
3,42,500,0.2555333333,0.25,csv
3,42,1000,0.2573333333,0.25,csv
3,42,1500,0.2532666667,0.2365,csv
3,42,2000,0.2504,0.2415,csv
3,42,2500,0.258,0.25,csv
3,42,3000,0.297,0.261,csv
3,42,3500,0.4866666667,0.4475,csv
3,42,4000,0.5084666667,0.4895,csv
3,42,4500,0.5244,0.4965,csv
3,42,5000,0.5486666667,0.487,csv
3,42,5500,0.5275333333,0.466,csv
3,42,6000,0.9304666667,0.899,csv
3,42,6500,1.0,1.0,csv
3,42,7000,1.0,1.0,csv
3,42,7500,1.0,1.0,csv
3,42,8000,1.0,1.0,csv
3,42,8500,1.0,1.0,csv_fill
3,42,9000,1.0,1.0,csv_fill
3,42,9500,1.0,1.0,csv_fill
3,42,10000,1.0,1.0,csv_fill
3,42,10500,1.0,1.0,csv_fill
3,42,11000,1.0,1.0,csv_fill
3,42,11500,1.0,1.0,csv_fill
3,42,12000,1.0,1.0,csv_fill
3,42,12500,1.0,1.0,csv_fill
3,42,13000,1.0,1.0,csv_fill
3,42,13500,1.0,1.0,csv_fill
3,42,14000,1.0,1.0,csv_fill
3,42,14500,1.0,1.0,csv_fill
3,42,15000,1.0,1.0,csv_fill
3,42,15500,1.0,1.0,csv_fill
3,42,16000,1.0,1.0,csv_fill
3,42,16500,1.0,1.0,csv_fill
3,42,17000,1.0,1.0,csv_fill
3,42,17500,1.0,1.0,csv_fill
3,42,18000,1.0,1.0,csv_fill
3,42,18500,1.0,1.0,csv_fill
3,42,19000,1.0,1.0,csv_fill
3,42,19500,1.0,1.0,csv_fill
3,42,20000,1.0,1.0,csv_fill
3,42,20500,1.0,1.0,csv_fill
3,42,21000,1.0,1.0,csv_fill
3,42,21500,1.0,1.0,csv_fill
3,42,22000,1.0,1.0,csv_fill
3,42,22500,1.0,1.0,csv_fill
3,42,23000,1.0,1.0,csv_fill
3,42,23500,1.0,1.0,csv_fill
3,42,24000,1.0,1.0,csv_fill
3,42,24500,1.0,1.0,csv_fill
3,42,25000,1.0,1.0,csv_fill
3,42,25500,1.0,1.0,csv_fill
3,42,26000,1.0,1.0,csv_fill
3,42,26500,1.0,1.0,csv_fill
3,42,27000,1.0,1.0,csv_fill
3,42,27500,1.0,1.0,csv_fill
3,42,28000,1.0,1.0,csv_fill
3,42,28500,1.0,1.0,csv_fill
3,42,29000,1.0,1.0,csv_fill
3,42,29500,1.0,1.0,csv_fill
3,42,30000,1.0,1.0,csv_fill
3,42,30500,1.0,1.0,csv_fill
3,42,31000,1.0,1.0,csv_fill
3,42,31500,1.0,1.0,csv_fill
3,42,32000,1.0,1.0,csv_fill
3,42,32500,1.0,1.0,csv_fill
3,42,33000,1.0,1.0,csv_fill
3,42,33500,1.0,1.0,csv_fill
3,42,34000,1.0,1.0,csv_fill
3,42,34500,1.0,1.0,csv_fill
3,42,35000,1.0,1.0,csv_fill
3,42,35500,1.0,1.0,csv_fill
3,42,36000,1.0,1.0,csv_fill
3,42,36500,1.0,1.0,csv_fill
3,42,37000,1.0,1.0,csv_fill
3,42,37500,1.0,1.0,csv_fill
3,42,38000,1.0,1.0,csv_fill
3,42,38500,1.0,1.0,csv_fill
3,42,39000,1.0,1.0,csv_fill
3,42,39500,1.0,1.0,csv_fill
3,42,40000,1.0,1.0,csv_fill
3,42,40500,1.0,1.0,csv_fill
3,42,41000,1.0,1.0,csv_fill
3,42,41500,1.0,1.0,csv_fill
3,42,42000,1.0,1.0,csv_fill
3,42,42500,1.0,1.0,csv_fill
3,42,43000,1.0,1.0,csv_fill
3,42,43500,1.0,1.0,csv_fill
3,42,44000,1.0,1.0,csv_fill
3,42,44500,1.0,1.0,csv_fill
3,42,45000,1.0,1.0,csv_fill
3,42,45500,1.0,1.0,csv_fill
3,42,46000,1.0,1.0,csv_fill
3,42,46500,1.0,1.0,csv_fill
3,42,47000,1.0,1.0,csv_fill
3,42,47500,1.0,1.0,csv_fill
3,42,48000,1.0,1.0,csv_fill
3,42,48500,1.0,1.0,csv_fill
3,42,49000,1.0,1.0,csv_fill
3,42,49500,1.0,1.0,csv_fill
3,42,50000,1.0,1.0,csv_fill
3,42,50500,1.0,1.0,csv_fill
3,42,51000,1.0,1.0,csv_fill
3,42,51500,1.0,1.0,csv_fill
3,42,52000,1.0,1.0,csv_fill
3,42,52500,1.0,1.0,csv_fill
3,42,53000,1.0,1.0,csv_fill
3,42,53500,1.0,1.0,csv_fill
3,42,54000,1.0,1.0,csv_fill
3,42,54500,1.0,1.0,csv_fill
3,42,55000,1.0,1.0,csv_fill
3,42,55500,1.0,1.0,csv_fill
3,42,56000,1.0,1.0,csv_fill
3,42,56500,1.0,1.0,csv_fill
3,42,57000,1.0,1.0,csv_fill
3,42,57500,1.0,1.0,csv_fill
3,42,58000,1.0,1.0,csv_fill
3,42,58500,1.0,1.0,csv_fill
3,42,59000,1.0,1.0,csv_fill
3,42,59500,1.0,1.0,csv_fill
3,42,60000,1.0,1.0,csv_fill
3,42,60500,1.0,1.0,csv_fill
3,42,61000,1.0,1.0,csv_fill
3,42,61500,1.0,1.0,csv_fill
3,42,62000,1.0,1.0,csv_fill
3,42,62500,1.0,1.0,csv_fill
3,42,63000,1.0,1.0,csv_fill
3,42,63500,1.0,1.0,csv_fill
3,42,64000,1.0,1.0,csv_fill
3,42,64500,1.0,1.0,csv_fill
3,42,65000,1.0,1.0,csv_fill
3,42,65500,1.0,1.0,csv_fill
3,42,66000,1.0,1.0,csv_fill
3,42,66500,1.0,1.0,csv_fill
3,42,67000,1.0,1.0,csv_fill
3,42,67500,1.0,1.0,csv_fill
3,42,68000,1.0,1.0,csv_fill
3,42,68500,1.0,1.0,csv_fill
3,42,69000,1.0,1.0,csv_fill
3,42,69500,1.0,1.0,csv_fill
3,42,70000,1.0,1.0,csv_fill
3,42,70500,1.0,1.0,csv_fill
4,1,250,0.191,0.199,jsonl
4,1,500,0.171,0.178,jsonl
4,1,750,0.2,0.207,jsonl
4,1,1000,0.209,0.1905,jsonl
4,1,1250,0.209,0.2085,jsonl
4,1,1500,0.199,0.206,jsonl
4,1,1750,0.219,0.208,jsonl
4,1,2000,0.215,0.2125,jsonl
4,1,2250,0.198,0.2165,jsonl
4,1,2500,0.213,0.1805,jsonl
4,1,2750,0.181,0.1915,jsonl
4,1,3000,0.199,0.2175,jsonl
4,1,3250,0.225,0.206,jsonl
4,1,3500,0.208,0.2135,jsonl
4,1,3750,0.209,0.1745,jsonl
4,1,4000,0.236,0.172,jsonl
4,1,4250,0.262,0.198,jsonl
4,1,4500,0.261,0.2185,jsonl
4,1,4750,0.289,0.2065,jsonl
4,1,5000,0.466,0.3415,jsonl
4,1,5250,0.586,0.516,jsonl
4,1,5500,0.74,0.669,jsonl
4,1,5750,0.928,0.893,jsonl
4,1,6000,0.908,0.878,jsonl
4,1,6250,0.974,0.9555,jsonl
4,1,6500,0.99,0.9815,jsonl
4,1,6750,0.992,0.9765,jsonl
4,1,7000,0.997,0.9915,jsonl
4,1,7250,0.947,0.9205,jsonl
4,1,7500,0.995,0.989,jsonl
4,1,7750,0.978,0.977,jsonl
4,1,8000,0.98,0.9645,jsonl
4,1,8250,0.998,0.9945,jsonl
4,1,8500,1.0,0.9975,jsonl
4,1,8750,0.996,0.994,jsonl
4,1,9000,1.0,0.9985,jsonl
4,1,9250,1.0,1.0,jsonl
4,1,9500,1.0,1.0,jsonl
4,1,9750,1.0,1.0,jsonl
4,1,10000,1.0,1.0,jsonl
4,1,10250,1.0,1.0,jsonl
4,1,10500,1.0,1.0,jsonl
4,1,10750,1.0,1.0,jsonl
4,1,11000,1.0,1.0,jsonl
4,1,11250,1.0,1.0,jsonl
4,1,11500,1.0,1.0,jsonl
4,1,11750,1.0,1.0,jsonl
4,1,12000,1.0,1.0,jsonl
4,1,12250,1.0,1.0,jsonl
4,1,12500,1.0,1.0,jsonl
4,1,12750,1.0,1.0,jsonl
4,1,13000,1.0,1.0,jsonl
4,1,13250,1.0,1.0,jsonl
4,1,13500,1.0,1.0,jsonl
4,1,13750,1.0,1.0,jsonl
4,1,14000,1.0,1.0,jsonl
4,1,14250,1.0,1.0,jsonl
4,1,14500,1.0,1.0,jsonl
4,1,14750,1.0,1.0,jsonl
4,1,15000,1.0,1.0,jsonl
4,1,15250,1.0,1.0,jsonl
4,1,15500,1.0,1.0,jsonl
4,1,15750,1.0,1.0,jsonl
4,1,16000,1.0,1.0,jsonl
4,1,16250,1.0,1.0,jsonl
4,1,16500,1.0,1.0,jsonl
4,1,16750,1.0,1.0,jsonl
4,1,17000,1.0,1.0,jsonl
4,1,17250,0.591,0.5535,jsonl
4,1,17500,0.988,0.975,jsonl
4,1,17750,0.994,0.9875,jsonl
4,1,18000,1.0,0.9985,jsonl
4,1,18250,1.0,1.0,jsonl
4,1,18500,1.0,1.0,jsonl
4,1,18750,1.0,1.0,jsonl
4,1,19000,1.0,1.0,jsonl
4,1,19250,1.0,1.0,jsonl
4,1,19500,1.0,1.0,jsonl
4,1,19750,1.0,1.0,jsonl
4,1,20000,1.0,1.0,jsonl
4,1,20250,1.0,1.0,jsonl
4,1,20500,1.0,1.0,jsonl
4,1,20750,1.0,1.0,jsonl
4,1,21000,1.0,1.0,jsonl
4,1,21250,1.0,1.0,jsonl
4,1,21500,1.0,1.0,jsonl
4,1,21750,1.0,1.0,jsonl
4,1,22000,1.0,1.0,jsonl
4,1,22250,1.0,1.0,jsonl
4,1,22500,1.0,1.0,jsonl
4,1,22750,1.0,1.0,jsonl
4,1,23000,1.0,1.0,jsonl
4,1,23250,1.0,1.0,jsonl
4,1,23500,1.0,1.0,jsonl
4,1,23750,1.0,1.0,jsonl
4,1,24000,1.0,1.0,jsonl
4,1,24250,1.0,1.0,jsonl
4,1,24500,1.0,1.0,jsonl
4,1,24750,1.0,1.0,jsonl
4,1,25000,1.0,1.0,jsonl
4,1,25250,1.0,1.0,jsonl
4,1,25500,1.0,1.0,jsonl
4,1,25750,1.0,1.0,jsonl
4,1,26000,1.0,1.0,jsonl
4,1,26250,1.0,1.0,jsonl
4,1,26500,1.0,1.0,jsonl
4,1,26750,1.0,1.0,jsonl
4,1,27000,1.0,1.0,jsonl
4,1,27250,1.0,1.0,jsonl
4,1,27500,1.0,1.0,jsonl
4,1,27750,1.0,1.0,jsonl
4,1,28000,1.0,1.0,jsonl
4,1,28250,1.0,1.0,jsonl
4,1,28500,1.0,1.0,jsonl
4,1,28750,1.0,1.0,jsonl
4,1,29000,1.0,1.0,jsonl
4,1,29250,1.0,1.0,jsonl
4,1,29500,1.0,1.0,jsonl
4,1,29750,1.0,1.0,jsonl
4,1,30000,1.0,1.0,jsonl
4,1,30250,1.0,1.0,jsonl
4,1,30500,0.993,0.9905,jsonl
4,1,30750,0.986,0.988,jsonl
4,1,31000,0.999,0.9995,jsonl
4,1,31250,1.0,1.0,jsonl
4,1,31500,1.0,1.0,jsonl
4,1,31750,1.0,1.0,jsonl
4,1,32000,1.0,1.0,jsonl
4,1,32250,1.0,1.0,jsonl
4,1,32500,1.0,1.0,jsonl
4,1,32750,1.0,1.0,jsonl
4,1,33000,1.0,1.0,jsonl
4,1,33250,1.0,1.0,jsonl
4,1,33500,1.0,1.0,jsonl
4,1,33750,1.0,1.0,jsonl
4,1,34000,1.0,1.0,jsonl
4,1,34250,1.0,1.0,jsonl
4,1,34500,1.0,1.0,jsonl
4,1,34750,1.0,1.0,jsonl
4,1,35000,1.0,1.0,jsonl
4,1,35250,1.0,1.0,jsonl
4,1,35500,1.0,1.0,jsonl
4,1,35750,1.0,1.0,jsonl
4,1,36000,1.0,1.0,jsonl
4,1,36250,1.0,1.0,jsonl
4,1,36500,1.0,1.0,jsonl
4,1,36750,1.0,1.0,jsonl
4,1,37000,1.0,1.0,jsonl
4,1,37250,1.0,1.0,jsonl
4,1,37500,1.0,1.0,jsonl
4,1,37750,1.0,1.0,jsonl
4,1,38000,1.0,1.0,jsonl
4,1,38250,1.0,1.0,jsonl
4,1,38500,1.0,1.0,jsonl
4,1,38750,1.0,1.0,jsonl
4,1,39000,1.0,1.0,jsonl
4,1,39250,1.0,1.0,jsonl
4,1,39500,1.0,1.0,jsonl
4,1,39750,1.0,1.0,jsonl
4,1,40000,1.0,1.0,jsonl
4,1,40250,1.0,1.0,jsonl
4,1,40500,1.0,1.0,jsonl
4,1,40750,1.0,1.0,jsonl
4,1,41000,1.0,1.0,jsonl
4,1,41250,1.0,1.0,jsonl
4,1,41500,1.0,1.0,jsonl
4,1,41750,1.0,1.0,jsonl
4,1,42000,1.0,1.0,jsonl
4,1,42250,1.0,1.0,jsonl
4,1,42500,1.0,1.0,jsonl
4,1,42750,1.0,1.0,jsonl
4,1,43000,1.0,1.0,jsonl
4,1,43250,0.995,0.9925,jsonl
4,1,43500,1.0,0.999,jsonl
4,1,43750,1.0,0.999,jsonl
4,1,44000,1.0,0.999,jsonl
4,1,44250,1.0,0.999,jsonl
4,1,44500,1.0,0.999,jsonl
4,1,44750,1.0,0.999,jsonl
4,1,45000,1.0,0.999,jsonl
4,1,45250,1.0,0.999,jsonl
4,1,45500,1.0,0.999,jsonl
4,1,45750,1.0,0.999,jsonl
4,1,46000,1.0,0.999,jsonl
4,1,46250,1.0,0.999,jsonl
4,1,46500,1.0,0.999,jsonl
4,1,46750,1.0,0.999,jsonl
4,1,47000,1.0,0.999,jsonl
4,1,47250,1.0,0.999,jsonl
4,1,47500,1.0,0.999,jsonl
4,1,47750,1.0,0.999,jsonl
4,1,48000,1.0,0.999,jsonl
4,1,48250,1.0,0.999,jsonl
4,1,48500,1.0,0.999,jsonl
4,1,48750,1.0,0.999,jsonl
4,1,49000,1.0,0.999,jsonl
4,1,49250,1.0,0.999,jsonl
4,1,49500,1.0,0.999,jsonl
4,1,49750,1.0,0.999,jsonl
4,1,50000,1.0,0.999,jsonl
4,1,50250,1.0,0.999,jsonl
4,1,50500,1.0,0.999,jsonl
4,1,50750,1.0,0.999,jsonl
4,1,51000,1.0,0.999,jsonl
4,1,51250,1.0,0.999,jsonl
4,1,51500,1.0,0.999,jsonl
4,1,51750,1.0,0.999,jsonl
4,1,52000,1.0,0.999,jsonl
4,1,52250,1.0,0.999,jsonl
4,1,52500,1.0,0.999,jsonl
4,1,52750,1.0,0.999,jsonl
4,1,53000,1.0,0.999,jsonl
4,1,53250,1.0,0.999,jsonl
4,1,53500,1.0,0.999,jsonl
4,1,53750,1.0,0.999,jsonl
4,1,54000,1.0,0.999,jsonl
4,1,54250,1.0,0.999,jsonl
4,1,54500,1.0,0.999,jsonl
4,1,54750,1.0,0.999,jsonl
4,1,55000,1.0,0.999,jsonl
4,1,55250,1.0,0.999,jsonl
4,1,55500,1.0,0.999,jsonl
4,1,55750,1.0,0.999,jsonl
4,1,56000,1.0,0.999,jsonl
4,1,56250,1.0,0.999,jsonl
4,1,56500,1.0,0.999,jsonl
4,1,56750,1.0,0.999,jsonl
4,1,57000,1.0,0.999,jsonl
4,1,57250,1.0,0.999,jsonl
4,1,57500,1.0,0.999,jsonl
4,1,57750,1.0,0.999,jsonl
4,1,58000,1.0,0.999,jsonl
4,1,58250,1.0,0.999,jsonl
4,1,58500,1.0,0.999,jsonl
4,1,58750,1.0,0.999,jsonl
4,1,59000,1.0,0.999,jsonl
4,1,59250,1.0,0.999,jsonl
4,1,59500,1.0,0.999,jsonl
4,1,59750,1.0,0.999,jsonl
4,1,60000,1.0,0.999,jsonl
4,1,60250,1.0,0.999,jsonl
4,1,60500,1.0,0.999,jsonl
4,1,60750,1.0,0.999,jsonl
4,1,61000,1.0,0.999,jsonl
4,1,61250,1.0,0.999,jsonl
4,1,61500,1.0,0.999,jsonl
4,1,61750,1.0,0.999,jsonl
4,1,62000,1.0,0.999,jsonl
4,1,62250,1.0,0.999,jsonl
4,1,62500,1.0,0.999,jsonl
4,1,62750,1.0,0.999,jsonl
4,1,63000,1.0,0.999,jsonl
4,1,63250,1.0,0.999,jsonl
4,1,63500,1.0,0.999,jsonl
4,1,63750,1.0,0.999,jsonl
4,1,64000,1.0,0.999,jsonl
4,1,64250,1.0,0.999,jsonl
4,1,64500,1.0,0.999,jsonl
4,1,64750,1.0,0.999,jsonl
4,1,65000,1.0,0.999,jsonl
4,1,65250,1.0,0.999,jsonl
4,1,65500,1.0,0.999,jsonl
4,1,65750,1.0,0.999,jsonl
4,1,66000,1.0,0.999,jsonl
4,1,66250,1.0,0.999,jsonl
4,1,66500,1.0,0.999,jsonl
4,1,66750,1.0,0.999,jsonl
4,1,67000,1.0,0.999,jsonl
4,1,67250,1.0,0.999,jsonl
4,1,67500,1.0,0.999,jsonl
4,1,67750,1.0,0.999,jsonl
4,1,68000,1.0,0.999,jsonl
4,1,68250,1.0,0.999,jsonl
4,1,68500,1.0,0.999,jsonl
4,1,68750,1.0,0.999,jsonl
4,1,69000,1.0,0.999,jsonl
4,1,69250,1.0,0.999,jsonl
4,1,69500,1.0,0.999,jsonl
4,1,69750,1.0,0.999,jsonl
4,1,70000,1.0,0.999,jsonl
4,1,70250,1.0,0.999,jsonl
4,1,70500,1.0,0.999,jsonl
4,2,250,0.2,0.1985,jsonl
4,2,500,0.193,0.2125,jsonl
4,2,750,0.225,0.1885,jsonl
4,2,1000,0.208,0.1965,jsonl
4,2,1250,0.194,0.2145,jsonl
4,2,1500,0.22,0.189,jsonl
4,2,1750,0.198,0.2085,jsonl
4,2,2000,0.211,0.1925,jsonl
4,2,2250,0.232,0.191,jsonl
4,2,2500,0.232,0.187,jsonl
4,2,2750,0.222,0.1845,jsonl
4,2,3000,0.189,0.213,jsonl
4,2,3250,0.229,0.195,jsonl
4,2,3500,0.27,0.179,jsonl
4,2,3750,0.227,0.1975,jsonl
4,2,4000,0.216,0.2065,jsonl
4,2,4250,0.279,0.1795,jsonl
4,2,4500,0.218,0.211,jsonl
4,2,4750,0.267,0.172,jsonl
4,2,5000,0.231,0.207,jsonl
4,2,5250,0.259,0.1855,jsonl
4,2,5500,0.231,0.202,jsonl
4,2,5750,0.275,0.163,jsonl
4,2,6000,0.243,0.206,jsonl
4,2,6250,0.271,0.2305,jsonl
4,2,6500,0.709,0.6465,jsonl
4,2,6750,0.951,0.909,jsonl
4,2,7000,0.98,0.964,jsonl
4,2,7250,0.986,0.979,jsonl
4,2,7500,0.994,0.987,jsonl
4,2,7750,0.996,0.9925,jsonl
4,2,8000,0.984,0.9865,jsonl
4,2,8250,0.986,0.9835,jsonl
4,2,8500,0.999,0.9945,jsonl
4,2,8750,1.0,0.998,jsonl
4,2,9000,1.0,1.0,jsonl
4,2,9250,1.0,1.0,jsonl
4,2,9500,1.0,1.0,jsonl
4,2,9750,1.0,1.0,jsonl
4,2,10000,1.0,1.0,jsonl
4,2,10250,1.0,1.0,jsonl
4,2,10500,1.0,1.0,jsonl
4,2,10750,1.0,1.0,jsonl
4,2,11000,1.0,1.0,jsonl
4,2,11250,1.0,1.0,jsonl
4,2,11500,1.0,1.0,jsonl
4,2,11750,1.0,1.0,jsonl
4,2,12000,1.0,1.0,jsonl
4,2,12250,1.0,1.0,jsonl
4,2,12500,1.0,1.0,jsonl
4,2,12750,1.0,1.0,jsonl
4,2,13000,1.0,1.0,jsonl
4,2,13250,1.0,1.0,jsonl
4,2,13500,1.0,1.0,jsonl
4,2,13750,1.0,1.0,jsonl
4,2,14000,1.0,1.0,jsonl
4,2,14250,1.0,1.0,jsonl
4,2,14500,1.0,1.0,jsonl
4,2,14750,1.0,1.0,jsonl
4,2,15000,1.0,1.0,jsonl
4,2,15250,1.0,1.0,jsonl
4,2,15500,1.0,1.0,jsonl
4,2,15750,1.0,1.0,jsonl
4,2,16000,1.0,1.0,jsonl
4,2,16250,1.0,1.0,jsonl
4,2,16500,1.0,1.0,jsonl
4,2,16750,1.0,1.0,jsonl
4,2,17000,1.0,1.0,jsonl
4,2,17250,1.0,1.0,jsonl
4,2,17500,1.0,1.0,jsonl
4,2,17750,1.0,1.0,jsonl
4,2,18000,1.0,1.0,jsonl
4,2,18250,1.0,1.0,jsonl
4,2,18500,1.0,1.0,jsonl
4,2,18750,0.869,0.85,jsonl
4,2,19000,1.0,0.9995,jsonl
4,2,19250,1.0,1.0,jsonl
4,2,19500,1.0,1.0,jsonl
4,2,19750,1.0,1.0,jsonl
4,2,20000,1.0,1.0,jsonl
4,2,20250,1.0,1.0,jsonl
4,2,20500,1.0,1.0,jsonl
4,2,20750,1.0,1.0,jsonl
4,2,21000,1.0,1.0,jsonl
4,2,21250,1.0,1.0,jsonl
4,2,21500,1.0,1.0,jsonl
4,2,21750,1.0,1.0,jsonl
4,2,22000,1.0,1.0,jsonl
4,2,22250,1.0,1.0,jsonl
4,2,22500,1.0,1.0,jsonl
4,2,22750,1.0,1.0,jsonl
4,2,23000,1.0,1.0,jsonl
4,2,23250,1.0,1.0,jsonl
4,2,23500,1.0,1.0,jsonl
4,2,23750,1.0,1.0,jsonl
4,2,24000,1.0,1.0,jsonl
4,2,24250,1.0,1.0,jsonl
4,2,24500,1.0,1.0,jsonl
4,2,24750,1.0,1.0,jsonl
4,2,25000,1.0,1.0,jsonl
4,2,25250,1.0,1.0,jsonl
4,2,25500,1.0,1.0,jsonl
4,2,25750,1.0,1.0,jsonl
4,2,26000,1.0,1.0,jsonl
4,2,26250,1.0,1.0,jsonl
4,2,26500,1.0,1.0,jsonl
4,2,26750,1.0,1.0,jsonl
4,2,27000,1.0,1.0,jsonl
4,2,27250,1.0,1.0,jsonl
4,2,27500,1.0,1.0,jsonl
4,2,27750,1.0,1.0,jsonl
4,2,28000,1.0,1.0,jsonl
4,2,28250,1.0,1.0,jsonl
4,2,28500,0.962,0.945,jsonl
4,2,28750,0.992,0.988,jsonl
4,2,29000,1.0,0.9995,jsonl
4,2,29250,1.0,1.0,jsonl
4,2,29500,1.0,1.0,jsonl
4,2,29750,1.0,1.0,jsonl
4,2,30000,1.0,1.0,jsonl
4,2,30250,1.0,1.0,jsonl
4,2,30500,1.0,1.0,jsonl
4,2,30750,1.0,1.0,jsonl
4,2,31000,1.0,1.0,jsonl
4,2,31250,1.0,1.0,jsonl
4,2,31500,1.0,1.0,jsonl
4,2,31750,1.0,1.0,jsonl
4,2,32000,1.0,1.0,jsonl
4,2,32250,1.0,1.0,jsonl
4,2,32500,1.0,1.0,jsonl
4,2,32750,1.0,1.0,jsonl
4,2,33000,1.0,1.0,jsonl
4,2,33250,1.0,1.0,jsonl
4,2,33500,1.0,1.0,jsonl
4,2,33750,1.0,1.0,jsonl
4,2,34000,1.0,1.0,jsonl
4,2,34250,1.0,1.0,jsonl
4,2,34500,1.0,1.0,jsonl
4,2,34750,1.0,1.0,jsonl
4,2,35000,1.0,1.0,jsonl
4,2,35250,1.0,1.0,jsonl
4,2,35500,1.0,1.0,jsonl
4,2,35750,1.0,1.0,jsonl
4,2,36000,1.0,1.0,jsonl
4,2,36250,1.0,1.0,jsonl
4,2,36500,1.0,1.0,jsonl
4,2,36750,1.0,1.0,jsonl
4,2,37000,1.0,1.0,jsonl
4,2,37250,1.0,1.0,jsonl
4,2,37500,1.0,1.0,jsonl
4,2,37750,1.0,1.0,jsonl
4,2,38000,1.0,1.0,jsonl
4,2,38250,1.0,1.0,jsonl
4,2,38500,1.0,1.0,jsonl
4,2,38750,1.0,1.0,jsonl
4,2,39000,1.0,1.0,jsonl
4,2,39250,1.0,1.0,jsonl
4,2,39500,1.0,1.0,jsonl
4,2,39750,1.0,1.0,jsonl
4,2,40000,1.0,1.0,jsonl
4,2,40250,1.0,1.0,jsonl
4,2,40500,1.0,1.0,jsonl
4,2,40750,1.0,1.0,jsonl
4,2,41000,1.0,1.0,jsonl
4,2,41250,1.0,1.0,jsonl
4,2,41500,1.0,1.0,jsonl
4,2,41750,1.0,1.0,jsonl
4,2,42000,1.0,1.0,jsonl
4,2,42250,1.0,1.0,jsonl
4,2,42500,1.0,1.0,jsonl
4,2,42750,1.0,1.0,jsonl
4,2,43000,1.0,1.0,jsonl
4,2,43250,1.0,1.0,jsonl
4,2,43500,1.0,1.0,jsonl
4,2,43750,0.998,0.9955,jsonl
4,2,44000,1.0,1.0,jsonl
4,2,44250,1.0,1.0,jsonl
4,2,44500,1.0,1.0,jsonl
4,2,44750,1.0,1.0,jsonl
4,2,45000,1.0,1.0,jsonl
4,2,45250,1.0,1.0,jsonl
4,2,45500,1.0,1.0,jsonl
4,2,45750,1.0,1.0,jsonl
4,2,46000,1.0,1.0,jsonl
4,2,46250,1.0,1.0,jsonl
4,2,46500,1.0,1.0,jsonl
4,2,46750,1.0,1.0,jsonl
4,2,47000,1.0,1.0,jsonl
4,2,47250,1.0,1.0,jsonl
4,2,47500,1.0,1.0,jsonl
4,2,47750,1.0,1.0,jsonl
4,2,48000,1.0,1.0,jsonl
4,2,48250,1.0,1.0,jsonl
4,2,48500,1.0,1.0,jsonl
4,2,48750,1.0,1.0,jsonl
4,2,49000,1.0,1.0,jsonl
4,2,49250,1.0,1.0,jsonl
4,2,49500,1.0,1.0,jsonl
4,2,49750,1.0,1.0,jsonl
4,2,50000,1.0,1.0,jsonl
4,2,50250,1.0,1.0,jsonl
4,2,50500,1.0,1.0,jsonl
4,2,50750,1.0,1.0,jsonl
4,2,51000,1.0,1.0,jsonl
4,2,51250,1.0,1.0,jsonl
4,2,51500,1.0,1.0,jsonl
4,2,51750,1.0,1.0,jsonl
4,2,52000,1.0,1.0,jsonl
4,2,52250,1.0,1.0,jsonl
4,2,52500,1.0,1.0,jsonl
4,2,52750,1.0,1.0,jsonl
4,2,53000,1.0,1.0,jsonl
4,2,53250,1.0,1.0,jsonl
4,2,53500,1.0,1.0,jsonl
4,2,53750,1.0,1.0,jsonl
4,2,54000,1.0,1.0,jsonl
4,2,54250,1.0,1.0,jsonl
4,2,54500,1.0,1.0,jsonl
4,2,54750,1.0,1.0,jsonl
4,2,55000,1.0,1.0,jsonl
4,2,55250,1.0,1.0,jsonl
4,2,55500,1.0,1.0,jsonl
4,2,55750,1.0,1.0,jsonl
4,2,56000,1.0,1.0,jsonl
4,2,56250,1.0,1.0,jsonl
4,2,56500,1.0,1.0,jsonl
4,2,56750,1.0,1.0,jsonl
4,2,57000,1.0,1.0,jsonl
4,2,57250,1.0,1.0,jsonl
4,2,57500,1.0,1.0,jsonl
4,2,57750,1.0,1.0,jsonl
4,2,58000,1.0,1.0,jsonl
4,2,58250,1.0,1.0,jsonl
4,2,58500,1.0,1.0,jsonl
4,2,58750,1.0,1.0,jsonl
4,2,59000,1.0,1.0,jsonl
4,2,59250,1.0,1.0,jsonl
4,2,59500,1.0,1.0,jsonl
4,2,59750,1.0,1.0,jsonl
4,2,60000,1.0,1.0,jsonl
4,2,60250,1.0,1.0,jsonl
4,2,60500,1.0,1.0,jsonl
4,2,60750,1.0,1.0,jsonl
4,2,61000,1.0,1.0,jsonl
4,2,61250,1.0,1.0,jsonl
4,2,61500,1.0,1.0,jsonl
4,2,61750,1.0,1.0,jsonl
4,2,62000,1.0,1.0,jsonl
4,2,62250,1.0,1.0,jsonl
4,2,62500,1.0,1.0,jsonl
4,2,62750,1.0,1.0,jsonl
4,2,63000,1.0,1.0,jsonl
4,2,63250,1.0,1.0,jsonl
4,2,63500,1.0,1.0,jsonl
4,2,63750,1.0,1.0,jsonl
4,2,64000,1.0,1.0,jsonl
4,2,64250,1.0,1.0,jsonl
4,2,64500,1.0,1.0,jsonl
4,2,64750,1.0,1.0,jsonl
4,2,65000,1.0,1.0,jsonl
4,2,65250,1.0,1.0,jsonl
4,2,65500,1.0,1.0,jsonl
4,2,65750,1.0,1.0,jsonl
4,2,66000,1.0,1.0,jsonl
4,2,66250,1.0,1.0,jsonl
4,2,66500,1.0,1.0,jsonl
4,2,66750,1.0,1.0,jsonl
4,2,67000,1.0,1.0,jsonl
4,2,67250,1.0,1.0,jsonl
4,2,67500,1.0,1.0,jsonl
4,2,67750,1.0,1.0,jsonl
4,2,68000,1.0,1.0,jsonl
4,2,68250,1.0,1.0,jsonl
4,2,68500,1.0,1.0,jsonl
4,2,68750,1.0,1.0,jsonl
4,2,69000,1.0,1.0,jsonl
4,2,69250,1.0,1.0,jsonl
4,2,69500,1.0,1.0,jsonl
4,2,69750,1.0,1.0,jsonl
4,2,70000,1.0,1.0,jsonl
4,2,70250,1.0,1.0,jsonl
4,2,70500,1.0,1.0,jsonl
4,42,0,0.0,0.0,csv
4,42,500,0.1970666667,0.1845,csv
4,42,1000,0.2022,0.1985,csv
4,42,1500,0.2126666667,0.2005,csv
4,42,2000,0.2070666667,0.218,csv
4,42,2500,0.2158666667,0.2025,csv
4,42,3000,0.2278,0.202,csv
4,42,3500,0.2199333333,0.205,csv
4,42,4000,0.2359333333,0.175,csv
4,42,4500,0.247,0.1845,csv
4,42,5000,0.2473333333,0.195,csv
4,42,5500,0.2530666667,0.1685,csv
4,42,6000,0.2516,0.183,csv
4,42,6500,0.2670666667,0.1785,csv
4,42,7000,0.2416666667,0.202,csv
4,42,7500,0.2790666667,0.1695,csv
4,42,8000,0.4016666667,0.309,csv
4,42,8500,0.9568,0.9435,csv
4,42,9000,0.996,0.9945,csv
4,42,9500,0.9892666667,0.9855,csv
4,42,10000,0.9811333333,0.9795,csv
4,42,10500,1.0,1.0,csv_fill
4,42,11000,1.0,1.0,csv_fill
4,42,11500,1.0,1.0,csv_fill
4,42,12000,1.0,1.0,csv_fill
4,42,12500,1.0,1.0,csv_fill
4,42,13000,1.0,1.0,csv_fill
4,42,13500,1.0,1.0,csv_fill
4,42,14000,1.0,1.0,csv_fill
4,42,14500,1.0,1.0,csv_fill
4,42,15000,1.0,1.0,csv_fill
4,42,15500,1.0,1.0,csv_fill
4,42,16000,1.0,1.0,csv_fill
4,42,16500,1.0,1.0,csv_fill
4,42,17000,1.0,1.0,csv_fill
4,42,17500,1.0,1.0,csv_fill
4,42,18000,1.0,1.0,csv_fill
4,42,18500,1.0,1.0,csv_fill
4,42,19000,1.0,1.0,csv_fill
4,42,19500,1.0,1.0,csv_fill
4,42,20000,1.0,1.0,csv_fill
4,42,20500,1.0,1.0,csv_fill
4,42,21000,1.0,1.0,csv_fill
4,42,21500,1.0,1.0,csv_fill
4,42,22000,1.0,1.0,csv_fill
4,42,22500,1.0,1.0,csv_fill
4,42,23000,1.0,1.0,csv_fill
4,42,23500,1.0,1.0,csv_fill
4,42,24000,1.0,1.0,csv_fill
4,42,24500,1.0,1.0,csv_fill
4,42,25000,1.0,1.0,csv_fill
4,42,25500,1.0,1.0,csv_fill
4,42,26000,1.0,1.0,csv_fill
4,42,26500,1.0,1.0,csv_fill
4,42,27000,1.0,1.0,csv_fill
4,42,27500,1.0,1.0,csv_fill
4,42,28000,1.0,1.0,csv_fill
4,42,28500,1.0,1.0,csv_fill
4,42,29000,1.0,1.0,csv_fill
4,42,29500,1.0,1.0,csv_fill
4,42,30000,1.0,1.0,csv_fill
4,42,30500,1.0,1.0,csv_fill
4,42,31000,1.0,1.0,csv_fill
4,42,31500,1.0,1.0,csv_fill
4,42,32000,1.0,1.0,csv_fill
4,42,32500,1.0,1.0,csv_fill
4,42,33000,1.0,1.0,csv_fill
4,42,33500,1.0,1.0,csv_fill
4,42,34000,1.0,1.0,csv_fill
4,42,34500,1.0,1.0,csv_fill
4,42,35000,1.0,1.0,csv_fill
4,42,35500,1.0,1.0,csv_fill
4,42,36000,1.0,1.0,csv_fill
4,42,36500,1.0,1.0,csv_fill
4,42,37000,1.0,1.0,csv_fill
4,42,37500,1.0,1.0,csv_fill
4,42,38000,1.0,1.0,csv_fill
4,42,38500,1.0,1.0,csv_fill
4,42,39000,1.0,1.0,csv_fill
4,42,39500,1.0,1.0,csv_fill
4,42,40000,1.0,1.0,csv_fill
4,42,40500,1.0,1.0,csv_fill
4,42,41000,1.0,1.0,csv_fill
4,42,41500,1.0,1.0,csv_fill
4,42,42000,1.0,1.0,csv_fill
4,42,42500,1.0,1.0,csv_fill
4,42,43000,1.0,1.0,csv_fill
4,42,43500,1.0,1.0,csv_fill
4,42,44000,1.0,1.0,csv_fill
4,42,44500,1.0,1.0,csv_fill
4,42,45000,1.0,1.0,csv_fill
4,42,45500,1.0,1.0,csv_fill
4,42,46000,1.0,1.0,csv_fill
4,42,46500,1.0,1.0,csv_fill
4,42,47000,1.0,1.0,csv_fill
4,42,47500,1.0,1.0,csv_fill
4,42,48000,1.0,1.0,csv_fill
4,42,48500,1.0,1.0,csv_fill
4,42,49000,1.0,1.0,csv_fill
4,42,49500,1.0,1.0,csv_fill
4,42,50000,1.0,1.0,csv_fill
4,42,50500,1.0,1.0,csv_fill
4,42,51000,1.0,1.0,csv_fill
4,42,51500,1.0,1.0,csv_fill
4,42,52000,1.0,1.0,csv_fill
4,42,52500,1.0,1.0,csv_fill
4,42,53000,1.0,1.0,csv_fill
4,42,53500,1.0,1.0,csv_fill
4,42,54000,1.0,1.0,csv_fill
4,42,54500,1.0,1.0,csv_fill
4,42,55000,1.0,1.0,csv_fill
4,42,55500,1.0,1.0,csv_fill
4,42,56000,1.0,1.0,csv_fill
4,42,56500,1.0,1.0,csv_fill
4,42,57000,1.0,1.0,csv_fill
4,42,57500,1.0,1.0,csv_fill
4,42,58000,1.0,1.0,csv_fill
4,42,58500,1.0,1.0,csv_fill
4,42,59000,1.0,1.0,csv_fill
4,42,59500,1.0,1.0,csv_fill
4,42,60000,1.0,1.0,csv_fill
4,42,60500,1.0,1.0,csv_fill
4,42,61000,1.0,1.0,csv_fill
4,42,61500,1.0,1.0,csv_fill
4,42,62000,1.0,1.0,csv_fill
4,42,62500,1.0,1.0,csv_fill
4,42,63000,1.0,1.0,csv_fill
4,42,63500,1.0,1.0,csv_fill
4,42,64000,1.0,1.0,csv_fill
4,42,64500,1.0,1.0,csv_fill
4,42,65000,1.0,1.0,csv_fill
4,42,65500,1.0,1.0,csv_fill
4,42,66000,1.0,1.0,csv_fill
4,42,66500,1.0,1.0,csv_fill
4,42,67000,1.0,1.0,csv_fill
4,42,67500,1.0,1.0,csv_fill
4,42,68000,1.0,1.0,csv_fill
4,42,68500,1.0,1.0,csv_fill
4,42,69000,1.0,1.0,csv_fill
4,42,69500,1.0,1.0,csv_fill
4,42,70000,1.0,1.0,csv_fill
4,42,70500,1.0,1.0,csv_fill
5,1,250,0.167,0.1545,jsonl
5,1,500,0.16,0.1605,jsonl
5,1,750,0.174,0.183,jsonl
5,1,1000,0.195,0.178,jsonl
5,1,1250,0.149,0.1605,jsonl
5,1,1500,0.176,0.1835,jsonl
5,1,1750,0.172,0.165,jsonl
5,1,2000,0.173,0.166,jsonl
5,1,2250,0.149,0.1605,jsonl
5,1,2500,0.177,0.166,jsonl
5,1,2750,0.156,0.1555,jsonl
5,1,3000,0.149,0.1605,jsonl
5,1,3250,0.176,0.167,jsonl
5,1,3500,0.156,0.1615,jsonl
5,1,3750,0.179,0.1685,jsonl
5,1,4000,0.149,0.1605,jsonl
5,1,4250,0.175,0.163,jsonl
5,1,4500,0.186,0.15,jsonl
5,1,4750,0.184,0.15,jsonl
5,1,5000,0.2,0.173,jsonl
5,1,5250,0.192,0.1675,jsonl
5,1,5500,0.189,0.1505,jsonl
5,1,5750,0.194,0.149,jsonl
5,1,6000,0.228,0.1615,jsonl
5,1,6250,0.223,0.1665,jsonl
5,1,6500,0.225,0.1455,jsonl
5,1,6750,0.22,0.1515,jsonl
5,1,7000,0.229,0.1555,jsonl
5,1,7250,0.233,0.1585,jsonl
5,1,7500,0.226,0.172,jsonl
5,1,7750,0.213,0.1765,jsonl
5,1,8000,0.202,0.1465,jsonl
5,1,8250,0.249,0.171,jsonl
5,1,8500,0.231,0.153,jsonl
5,1,8750,0.252,0.1765,jsonl
5,1,9000,0.314,0.218,jsonl
5,1,9250,0.397,0.323,jsonl
5,1,9500,0.447,0.3105,jsonl
5,1,9750,0.357,0.2725,jsonl
5,1,10000,0.42,0.345,jsonl
5,1,10250,0.419,0.3185,jsonl
5,1,10500,0.426,0.3135,jsonl
5,1,10750,0.428,0.311,jsonl
5,1,11000,0.412,0.316,jsonl
5,1,11250,0.448,0.3215,jsonl
5,1,11500,0.437,0.3205,jsonl
5,1,11750,0.432,0.3005,jsonl
5,1,12000,0.403,0.2985,jsonl
5,1,12250,0.422,0.3255,jsonl
5,1,12500,0.432,0.327,jsonl
5,1,12750,0.449,0.3305,jsonl
5,1,13000,0.411,0.318,jsonl
5,1,13250,0.42,0.291,jsonl
5,1,13500,0.436,0.328,jsonl
5,1,13750,0.439,0.3075,jsonl
5,1,14000,0.427,0.3055,jsonl
5,1,14250,0.421,0.304,jsonl
5,1,14500,0.421,0.308,jsonl
5,1,14750,0.443,0.3035,jsonl
5,1,15000,0.434,0.2985,jsonl
5,1,15250,0.431,0.333,jsonl
5,1,15500,0.418,0.333,jsonl
5,1,15750,0.437,0.3195,jsonl
5,1,16000,0.411,0.3265,jsonl
5,1,16250,0.447,0.311,jsonl
5,1,16500,0.453,0.3235,jsonl
5,1,16750,0.439,0.3165,jsonl
5,1,17000,0.429,0.3045,jsonl
5,1,17250,0.455,0.3135,jsonl
5,1,17500,0.451,0.323,jsonl
5,1,17750,0.452,0.3105,jsonl
5,1,18000,0.427,0.3095,jsonl
5,1,18250,0.454,0.314,jsonl
5,1,18500,0.448,0.313,jsonl
5,1,18750,0.438,0.3165,jsonl
5,1,19000,0.468,0.3125,jsonl
5,1,19250,0.48,0.2925,jsonl
5,1,19500,0.441,0.303,jsonl
5,1,19750,0.486,0.3225,jsonl
5,1,20000,0.511,0.3145,jsonl
5,1,20250,0.498,0.3165,jsonl
5,1,20500,0.476,0.3055,jsonl
5,1,20750,0.528,0.3265,jsonl
5,1,21000,0.518,0.3245,jsonl
5,1,21250,0.47,0.328,jsonl
5,1,21500,0.547,0.3525,jsonl
5,1,21750,0.552,0.372,jsonl
5,1,22000,0.571,0.3635,jsonl
5,1,22250,0.601,0.4025,jsonl
5,1,22500,0.62,0.437,jsonl
5,1,22750,0.602,0.4765,jsonl
5,1,23000,0.673,0.5485,jsonl
5,1,23250,0.778,0.6705,jsonl
5,1,23500,0.946,0.9095,jsonl
5,1,23750,0.981,0.9705,jsonl
5,1,24000,0.979,0.966,jsonl
5,1,24250,0.981,0.9645,jsonl
5,1,24500,0.992,0.9835,jsonl
5,1,24750,1.0,0.997,jsonl
5,1,25000,0.985,0.9835,jsonl
5,1,25250,1.0,0.9965,jsonl
5,1,25500,1.0,0.9975,jsonl
5,1,25750,1.0,0.996,jsonl
5,1,26000,1.0,0.9975,jsonl
5,1,26250,1.0,0.9975,jsonl
5,1,26500,1.0,0.9985,jsonl
5,1,26750,0.986,0.9705,jsonl
5,1,27000,0.998,0.9965,jsonl
5,1,27250,1.0,0.9995,jsonl
5,1,27500,1.0,0.999,jsonl
5,1,27750,1.0,1.0,jsonl
5,1,28000,0.999,0.993,jsonl
5,1,28250,1.0,1.0,jsonl
5,1,28500,1.0,1.0,jsonl
5,1,28750,0.999,0.9965,jsonl
5,1,29000,0.998,0.9955,jsonl
5,1,29250,1.0,0.9995,jsonl
5,1,29500,1.0,0.9995,jsonl
5,1,29750,1.0,0.9995,jsonl
5,1,30000,1.0,0.9995,jsonl
5,1,30250,1.0,0.9995,jsonl
5,1,30500,1.0,0.998,jsonl
5,1,30750,0.997,0.994,jsonl
5,1,31000,1.0,1.0,jsonl
5,1,31250,1.0,1.0,jsonl
5,1,31500,1.0,1.0,jsonl
5,1,31750,1.0,1.0,jsonl
5,1,32000,1.0,1.0,jsonl
5,1,32250,1.0,1.0,jsonl
5,1,32500,1.0,1.0,jsonl
5,1,32750,1.0,1.0,jsonl
5,1,33000,1.0,1.0,jsonl
5,1,33250,1.0,1.0,jsonl
5,1,33500,1.0,1.0,jsonl
5,1,33750,1.0,1.0,jsonl
5,1,34000,1.0,1.0,jsonl
5,1,34250,1.0,1.0,jsonl
5,1,34500,1.0,1.0,jsonl
5,1,34750,1.0,1.0,jsonl
5,1,35000,1.0,1.0,jsonl
5,1,35250,1.0,1.0,jsonl
5,1,35500,1.0,1.0,jsonl
5,1,35750,1.0,1.0,jsonl
5,1,36000,1.0,1.0,jsonl
5,1,36250,1.0,1.0,jsonl
5,1,36500,1.0,1.0,jsonl
5,1,36750,1.0,1.0,jsonl
5,1,37000,1.0,1.0,jsonl
5,1,37250,1.0,1.0,jsonl
5,1,37500,1.0,1.0,jsonl
5,1,37750,1.0,1.0,jsonl
5,1,38000,1.0,1.0,jsonl
5,1,38250,1.0,1.0,jsonl
5,1,38500,1.0,1.0,jsonl
5,1,38750,1.0,1.0,jsonl
5,1,39000,1.0,1.0,jsonl
5,1,39250,1.0,1.0,jsonl
5,1,39500,1.0,1.0,jsonl
5,1,39750,1.0,1.0,jsonl
5,1,40000,1.0,1.0,jsonl
5,1,40250,1.0,1.0,jsonl
5,1,40500,1.0,1.0,jsonl
5,1,40750,1.0,1.0,jsonl
5,1,41000,1.0,1.0,jsonl
5,1,41250,1.0,1.0,jsonl
5,1,41500,1.0,1.0,jsonl
5,1,41750,1.0,1.0,jsonl
5,1,42000,1.0,1.0,jsonl
5,1,42250,1.0,1.0,jsonl
5,1,42500,1.0,1.0,jsonl
5,1,42750,1.0,1.0,jsonl
5,1,43000,1.0,1.0,jsonl
5,1,43250,1.0,1.0,jsonl
5,1,43500,1.0,1.0,jsonl
5,1,43750,1.0,1.0,jsonl
5,1,44000,1.0,1.0,jsonl
5,1,44250,1.0,1.0,jsonl
5,1,44500,1.0,1.0,jsonl
5,1,44750,1.0,1.0,jsonl
5,1,45000,1.0,1.0,jsonl
5,1,45250,1.0,1.0,jsonl
5,1,45500,1.0,1.0,jsonl
5,1,45750,1.0,1.0,jsonl
5,1,46000,1.0,1.0,jsonl
5,1,46250,1.0,1.0,jsonl
5,1,46500,1.0,1.0,jsonl
5,1,46750,1.0,1.0,jsonl
5,1,47000,1.0,1.0,jsonl
5,1,47250,1.0,1.0,jsonl
5,1,47500,1.0,1.0,jsonl
5,1,47750,1.0,1.0,jsonl
5,1,48000,1.0,1.0,jsonl
5,1,48250,1.0,1.0,jsonl
5,1,48500,1.0,1.0,jsonl
5,1,48750,1.0,1.0,jsonl
5,1,49000,1.0,1.0,jsonl
5,1,49250,1.0,1.0,jsonl
5,1,49500,1.0,1.0,jsonl
5,1,49750,1.0,1.0,jsonl
5,1,50000,1.0,1.0,jsonl
5,1,50250,1.0,1.0,jsonl
5,1,50500,1.0,1.0,jsonl
5,1,50750,1.0,1.0,jsonl
5,1,51000,1.0,1.0,jsonl
5,1,51250,1.0,1.0,jsonl
5,1,51500,1.0,1.0,jsonl
5,1,51750,1.0,1.0,jsonl
5,1,52000,1.0,1.0,jsonl
5,1,52250,1.0,1.0,jsonl
5,1,52500,1.0,1.0,jsonl
5,1,52750,1.0,1.0,jsonl
5,1,53000,1.0,1.0,jsonl
5,1,53250,1.0,1.0,jsonl
5,1,53500,1.0,1.0,jsonl
5,1,53750,1.0,1.0,jsonl
5,1,54000,1.0,1.0,jsonl
5,1,54250,1.0,1.0,jsonl
5,1,54500,1.0,1.0,jsonl
5,1,54750,1.0,1.0,jsonl
5,1,55000,1.0,1.0,jsonl
5,1,55250,1.0,1.0,jsonl
5,1,55500,1.0,1.0,jsonl
5,1,55750,1.0,1.0,jsonl
5,1,56000,1.0,1.0,jsonl
5,1,56250,1.0,1.0,jsonl
5,1,56500,1.0,1.0,jsonl
5,1,56750,1.0,1.0,jsonl
5,1,57000,1.0,1.0,jsonl
5,1,57250,1.0,1.0,jsonl
5,1,57500,1.0,1.0,jsonl
5,1,57750,1.0,1.0,jsonl
5,1,58000,1.0,1.0,jsonl
5,1,58250,1.0,1.0,jsonl
5,1,58500,1.0,1.0,jsonl
5,1,58750,1.0,1.0,jsonl
5,1,59000,1.0,1.0,jsonl
5,1,59250,1.0,1.0,jsonl
5,1,59500,1.0,1.0,jsonl
5,1,59750,1.0,1.0,jsonl
5,1,60000,1.0,1.0,jsonl
5,1,60250,1.0,1.0,jsonl
5,1,60500,1.0,1.0,jsonl
5,1,60750,1.0,1.0,jsonl
5,1,61000,1.0,1.0,jsonl
5,1,61250,1.0,1.0,jsonl
5,1,61500,1.0,1.0,jsonl
5,1,61750,1.0,1.0,jsonl
5,1,62000,1.0,1.0,jsonl
5,1,62250,1.0,1.0,jsonl
5,1,62500,1.0,1.0,jsonl
5,1,62750,1.0,1.0,jsonl
5,1,63000,1.0,1.0,jsonl
5,1,63250,1.0,1.0,jsonl
5,1,63500,1.0,1.0,jsonl
5,1,63750,1.0,1.0,jsonl
5,1,64000,1.0,1.0,jsonl
5,1,64250,1.0,1.0,jsonl
5,1,64500,1.0,1.0,jsonl
5,1,64750,1.0,1.0,jsonl
5,1,65000,1.0,1.0,jsonl
5,1,65250,1.0,1.0,jsonl
5,1,65500,1.0,1.0,jsonl
5,1,65750,1.0,1.0,jsonl
5,1,66000,1.0,1.0,jsonl
5,1,66250,1.0,1.0,jsonl
5,1,66500,1.0,1.0,jsonl
5,1,66750,1.0,1.0,jsonl
5,1,67000,1.0,1.0,jsonl
5,1,67250,1.0,1.0,jsonl
5,1,67500,1.0,1.0,jsonl
5,1,67750,1.0,1.0,jsonl
5,1,68000,1.0,1.0,jsonl
5,1,68250,1.0,1.0,jsonl
5,1,68500,1.0,1.0,jsonl
5,1,68750,1.0,1.0,jsonl
5,1,69000,1.0,1.0,jsonl
5,1,69250,1.0,1.0,jsonl
5,1,69500,1.0,1.0,jsonl
5,1,69750,1.0,1.0,jsonl
5,1,70000,1.0,1.0,jsonl
5,1,70250,1.0,1.0,jsonl
5,1,70500,1.0,1.0,jsonl
5,2,250,0.166,0.166,jsonl
5,2,500,0.159,0.1605,jsonl
5,2,750,0.168,0.15,jsonl
5,2,1000,0.172,0.1835,jsonl
5,2,1250,0.172,0.1835,jsonl
5,2,1500,0.178,0.1655,jsonl
5,2,1750,0.178,0.1655,jsonl
5,2,2000,0.159,0.1605,jsonl
5,2,2250,0.167,0.163,jsonl
5,2,2500,0.178,0.1655,jsonl
5,2,2750,0.204,0.171,jsonl
5,2,3000,0.159,0.1605,jsonl
5,2,3250,0.179,0.1645,jsonl
5,2,3500,0.182,0.169,jsonl
5,2,3750,0.18,0.165,jsonl
5,2,4000,0.217,0.1695,jsonl
5,2,4250,0.2,0.1605,jsonl
5,2,4500,0.232,0.1395,jsonl
5,2,4750,0.236,0.1585,jsonl
5,2,5000,0.307,0.2645,jsonl
5,2,5250,0.35,0.3095,jsonl
5,2,5500,0.405,0.315,jsonl
5,2,5750,0.427,0.3265,jsonl
5,2,6000,0.418,0.3295,jsonl
5,2,6250,0.438,0.3255,jsonl
5,2,6500,0.367,0.3145,jsonl
5,2,6750,0.423,0.303,jsonl
5,2,7000,0.431,0.31,jsonl
5,2,7250,0.408,0.3295,jsonl
5,2,7500,0.442,0.3185,jsonl
5,2,7750,0.375,0.316,jsonl
5,2,8000,0.417,0.3135,jsonl
5,2,8250,0.439,0.325,jsonl
5,2,8500,0.418,0.3205,jsonl
5,2,8750,0.423,0.3015,jsonl
5,2,9000,0.469,0.315,jsonl
5,2,9250,0.435,0.3095,jsonl
5,2,9500,0.453,0.3145,jsonl
5,2,9750,0.437,0.3175,jsonl
5,2,10000,0.439,0.3265,jsonl
5,2,10250,0.434,0.334,jsonl
5,2,10500,0.457,0.324,jsonl
5,2,10750,0.469,0.3155,jsonl
5,2,11000,0.453,0.313,jsonl
5,2,11250,0.451,0.307,jsonl
5,2,11500,0.429,0.321,jsonl
5,2,11750,0.443,0.318,jsonl
5,2,12000,0.48,0.3145,jsonl
5,2,12250,0.479,0.3095,jsonl
5,2,12500,0.492,0.3315,jsonl
5,2,12750,0.498,0.3195,jsonl
5,2,13000,0.502,0.3045,jsonl
5,2,13250,0.499,0.3185,jsonl
5,2,13500,0.521,0.317,jsonl
5,2,13750,0.528,0.3165,jsonl
5,2,14000,0.517,0.3135,jsonl
5,2,14250,0.536,0.3065,jsonl
5,2,14500,0.526,0.309,jsonl
5,2,14750,0.556,0.295,jsonl
5,2,15000,0.558,0.3165,jsonl
5,2,15250,0.556,0.3095,jsonl
5,2,15500,0.589,0.3085,jsonl
5,2,15750,0.589,0.3215,jsonl
5,2,16000,0.612,0.318,jsonl
5,2,16250,0.668,0.3145,jsonl
5,2,16500,0.666,0.333,jsonl
5,2,16750,0.713,0.364,jsonl
5,2,17000,0.659,0.3555,jsonl
5,2,17250,0.734,0.4135,jsonl
5,2,17500,0.802,0.4535,jsonl
5,2,17750,0.813,0.5255,jsonl
5,2,18000,0.872,0.582,jsonl
5,2,18250,0.923,0.6765,jsonl
5,2,18500,0.964,0.8495,jsonl
5,2,18750,0.985,0.889,jsonl
5,2,19000,0.994,0.9305,jsonl
5,2,19250,1.0,0.9665,jsonl
5,2,19500,0.998,0.961,jsonl
5,2,19750,0.996,0.981,jsonl
5,2,20000,1.0,0.988,jsonl
5,2,20250,1.0,0.9935,jsonl
5,2,20500,1.0,0.993,jsonl
5,2,20750,1.0,0.993,jsonl
5,2,21000,1.0,0.9925,jsonl
5,2,21250,1.0,0.9925,jsonl
5,2,21500,1.0,0.9935,jsonl
5,2,21750,1.0,0.9935,jsonl
5,2,22000,1.0,0.9935,jsonl
5,2,22250,1.0,0.9935,jsonl
5,2,22500,1.0,0.9935,jsonl
5,2,22750,1.0,0.9935,jsonl
5,2,23000,1.0,0.9935,jsonl
5,2,23250,1.0,0.9935,jsonl
5,2,23500,1.0,0.9935,jsonl
5,2,23750,1.0,0.9935,jsonl
5,2,24000,1.0,0.9935,jsonl
5,2,24250,1.0,0.9935,jsonl
5,2,24500,1.0,0.9935,jsonl
5,2,24750,1.0,0.994,jsonl
5,2,25000,1.0,0.994,jsonl
5,2,25250,1.0,0.994,jsonl
5,2,25500,1.0,0.9945,jsonl
5,2,25750,1.0,0.9945,jsonl
5,2,26000,1.0,0.9945,jsonl
5,2,26250,1.0,0.9945,jsonl
5,2,26500,1.0,0.9945,jsonl
5,2,26750,1.0,0.9945,jsonl
5,2,27000,1.0,0.9945,jsonl
5,2,27250,1.0,0.995,jsonl
5,2,27500,1.0,0.995,jsonl
5,2,27750,1.0,0.995,jsonl
5,2,28000,1.0,0.995,jsonl
5,2,28250,1.0,0.995,jsonl
5,2,28500,1.0,0.995,jsonl
5,2,28750,1.0,0.995,jsonl
5,2,29000,1.0,0.995,jsonl
5,2,29250,1.0,0.995,jsonl
5,2,29500,1.0,0.995,jsonl
5,2,29750,1.0,0.9955,jsonl
5,2,30000,1.0,0.9955,jsonl
5,2,30250,0.994,0.976,jsonl
5,2,30500,1.0,0.992,jsonl
5,2,30750,1.0,0.9955,jsonl
5,2,31000,1.0,0.9965,jsonl
5,2,31250,1.0,0.997,jsonl
5,2,31500,1.0,0.9975,jsonl
5,2,31750,1.0,0.9975,jsonl
5,2,32000,1.0,0.998,jsonl
5,2,32250,1.0,0.998,jsonl
5,2,32500,1.0,0.998,jsonl
5,2,32750,1.0,0.998,jsonl
5,2,33000,1.0,0.998,jsonl
5,2,33250,1.0,0.998,jsonl
5,2,33500,1.0,0.998,jsonl
5,2,33750,1.0,0.998,jsonl
5,2,34000,1.0,0.998,jsonl
5,2,34250,1.0,0.998,jsonl
5,2,34500,1.0,0.998,jsonl
5,2,34750,1.0,0.998,jsonl
5,2,35000,1.0,0.998,jsonl
5,2,35250,1.0,0.998,jsonl
5,2,35500,1.0,0.998,jsonl
5,2,35750,1.0,0.998,jsonl
5,2,36000,1.0,0.998,jsonl
5,2,36250,1.0,0.998,jsonl
5,2,36500,1.0,0.998,jsonl
5,2,36750,1.0,0.998,jsonl
5,2,37000,1.0,0.998,jsonl
5,2,37250,1.0,0.998,jsonl
5,2,37500,1.0,0.998,jsonl
5,2,37750,1.0,0.998,jsonl
5,2,38000,1.0,0.998,jsonl
5,2,38250,1.0,0.998,jsonl
5,2,38500,1.0,0.998,jsonl
5,2,38750,1.0,0.998,jsonl
5,2,39000,1.0,0.998,jsonl
5,2,39250,1.0,0.998,jsonl
5,2,39500,1.0,0.998,jsonl
5,2,39750,1.0,0.998,jsonl
5,2,40000,1.0,0.998,jsonl
5,2,40250,1.0,0.998,jsonl
5,2,40500,1.0,0.998,jsonl
5,2,40750,1.0,0.998,jsonl
5,2,41000,1.0,0.998,jsonl
5,2,41250,1.0,0.998,jsonl
5,2,41500,1.0,0.998,jsonl
5,2,41750,1.0,0.998,jsonl
5,2,42000,1.0,0.998,jsonl
5,2,42250,1.0,0.998,jsonl
5,2,42500,1.0,0.998,jsonl
5,2,42750,1.0,0.9985,jsonl
5,2,43000,1.0,0.9985,jsonl
5,2,43250,1.0,0.9985,jsonl
5,2,43500,1.0,0.9985,jsonl
5,2,43750,1.0,0.9985,jsonl
5,2,44000,1.0,0.9985,jsonl
5,2,44250,1.0,0.9985,jsonl
5,2,44500,1.0,0.9985,jsonl
5,2,44750,1.0,0.9985,jsonl
5,2,45000,1.0,0.9985,jsonl
5,2,45250,1.0,0.9985,jsonl
5,2,45500,0.999,0.9925,jsonl
5,2,45750,1.0,0.9965,jsonl
5,2,46000,1.0,0.9965,jsonl
5,2,46250,1.0,0.9965,jsonl
5,2,46500,1.0,0.997,jsonl
5,2,46750,1.0,0.9975,jsonl
5,2,47000,1.0,0.9975,jsonl
5,2,47250,1.0,0.9975,jsonl
5,2,47500,1.0,0.998,jsonl
5,2,47750,1.0,0.9985,jsonl
5,2,48000,1.0,0.9985,jsonl
5,2,48250,1.0,0.999,jsonl
5,2,48500,1.0,0.999,jsonl
5,2,48750,1.0,0.999,jsonl
5,2,49000,1.0,0.999,jsonl
5,2,49250,1.0,0.999,jsonl
5,2,49500,1.0,0.999,jsonl
5,2,49750,1.0,0.999,jsonl
5,2,50000,1.0,0.999,jsonl
5,2,50250,1.0,0.999,jsonl
5,2,50500,1.0,0.999,jsonl
5,2,50750,1.0,0.9995,jsonl
5,2,51000,1.0,0.9995,jsonl
5,2,51250,1.0,0.9995,jsonl
5,2,51500,1.0,0.9995,jsonl
5,2,51750,1.0,0.9995,jsonl
5,2,52000,1.0,0.9995,jsonl
5,2,52250,1.0,0.9995,jsonl
5,2,52500,1.0,0.9995,jsonl
5,2,52750,1.0,0.9995,jsonl
5,2,53000,1.0,0.9995,jsonl
5,2,53250,1.0,0.9995,jsonl
5,2,53500,1.0,0.9995,jsonl
5,2,53750,1.0,0.9995,jsonl
5,2,54000,1.0,0.9995,jsonl
5,2,54250,1.0,0.9995,jsonl
5,2,54500,1.0,0.9995,jsonl
5,2,54750,1.0,0.9995,jsonl
5,2,55000,1.0,0.9995,jsonl
5,2,55250,1.0,0.9995,jsonl
5,2,55500,1.0,0.9995,jsonl
5,2,55750,1.0,0.9995,jsonl
5,2,56000,1.0,0.9995,jsonl
5,2,56250,1.0,0.9995,jsonl
5,2,56500,1.0,0.9995,jsonl
5,2,56750,1.0,0.9995,jsonl
5,2,57000,1.0,0.9995,jsonl
5,2,57250,1.0,0.9995,jsonl
5,2,57500,1.0,0.9995,jsonl
5,2,57750,1.0,0.9995,jsonl
5,2,58000,1.0,0.9995,jsonl
5,2,58250,1.0,0.9995,jsonl
5,2,58500,1.0,0.9995,jsonl
5,2,58750,1.0,0.9995,jsonl
5,2,59000,1.0,0.9995,jsonl
5,2,59250,1.0,0.9995,jsonl
5,2,59500,1.0,0.9995,jsonl
5,2,59750,1.0,0.9995,jsonl
5,2,60000,1.0,0.9995,jsonl
5,2,60250,1.0,0.9995,jsonl
5,2,60500,1.0,0.9995,jsonl
5,2,60750,1.0,0.9995,jsonl
5,2,61000,1.0,0.9995,jsonl
5,2,61250,1.0,0.9995,jsonl
5,2,61500,1.0,0.9995,jsonl
5,2,61750,1.0,0.9995,jsonl
5,2,62000,1.0,0.9995,jsonl
5,2,62250,1.0,0.9995,jsonl
5,2,62500,1.0,0.9995,jsonl
5,2,62750,1.0,0.9995,jsonl
5,2,63000,1.0,0.9995,jsonl
5,2,63250,1.0,0.9995,jsonl
5,2,63500,1.0,0.9995,jsonl
5,2,63750,1.0,0.9995,jsonl
5,2,64000,1.0,0.9995,jsonl
5,2,64250,1.0,0.9995,jsonl
5,2,64500,1.0,0.9995,jsonl
5,2,64750,1.0,0.9995,jsonl
5,2,65000,1.0,0.9995,jsonl
5,2,65250,1.0,0.9995,jsonl
5,2,65500,1.0,0.9995,jsonl
5,2,65750,1.0,0.9995,jsonl
5,2,66000,1.0,0.9995,jsonl
5,2,66250,1.0,0.9995,jsonl
5,2,66500,1.0,0.9995,jsonl
5,2,66750,1.0,0.9995,jsonl
5,2,67000,1.0,0.9995,jsonl
5,2,67250,1.0,0.9995,jsonl
5,2,67500,1.0,0.9995,jsonl
5,2,67750,1.0,0.9995,jsonl
5,2,68000,1.0,0.9995,jsonl
5,2,68250,1.0,0.9995,jsonl
5,2,68500,1.0,0.9995,jsonl
5,2,68750,1.0,0.9995,jsonl
5,2,69000,1.0,0.9995,jsonl
5,2,69250,1.0,0.9995,jsonl
5,2,69500,1.0,0.9995,jsonl
5,2,69750,1.0,0.9995,jsonl
5,2,70000,1.0,0.9995,jsonl
5,2,70250,1.0,0.9995,jsonl
5,2,70500,1.0,0.9995,jsonl
5,42,0,0.0,0.0,csv
5,42,500,0.1710666667,0.1645,csv
5,42,1000,0.1725333333,0.163,csv
5,42,1500,0.1719333333,0.1665,csv
5,42,2000,0.1730666667,0.168,csv
5,42,2500,0.1642,0.1835,csv
5,42,3000,0.1707333333,0.163,csv
5,42,3500,0.1714666667,0.1615,csv
5,42,4000,0.1854666667,0.1805,csv
5,42,4500,0.2161333333,0.158,csv
5,42,5000,0.2361333333,0.1595,csv
5,42,5500,0.2376,0.1585,csv
5,42,6000,0.3983333333,0.319,csv
5,42,6500,0.4080666667,0.328,csv
5,42,7000,0.416,0.3265,csv
5,42,7500,0.4238666667,0.313,csv
5,42,8000,0.4194666667,0.3295,csv
5,42,8500,0.413,0.3145,csv
5,42,9000,0.4233333333,0.3295,csv
5,42,9500,0.4257333333,0.318,csv
5,42,10000,0.4244666667,0.332,csv
5,42,10500,0.4247333333,0.307,csv
5,42,11000,0.3843333333,0.3355,csv
5,42,11500,0.4096666667,0.3345,csv
5,42,12000,0.4255333333,0.302,csv
5,42,12500,0.4563333333,0.3245,csv
5,42,13000,0.4488666667,0.3255,csv
5,42,13500,0.4370666667,0.3155,csv
5,42,14000,0.4634666667,0.325,csv
5,42,14500,0.4373333333,0.3025,csv
5,42,15000,0.4577333333,0.319,csv
5,42,15500,0.4762666667,0.308,csv
5,42,16000,0.4762666667,0.315,csv
5,42,16500,0.4869333333,0.3195,csv
5,42,17000,0.4651333333,0.3305,csv
5,42,17500,0.5132,0.311,csv
5,42,18000,0.537,0.3005,csv
5,42,18500,0.5440666667,0.288,csv
5,42,19000,0.5578,0.3005,csv
5,42,19500,0.5771333333,0.3005,csv
5,42,20000,0.6108666667,0.3165,csv
5,42,20500,0.6454666667,0.3305,csv
5,42,21000,0.7306,0.4305,csv
5,42,21500,0.9491333333,0.8675,csv
5,42,22000,0.9707333333,0.938,csv
5,42,22500,0.9965333333,0.987,csv
5,42,23000,0.9801333333,0.97,csv
5,42,23500,0.9878,0.9845,csv
5,42,24000,0.9996666667,0.9985,csv
5,42,24500,1.0,1.0,csv_fill
5,42,25000,1.0,1.0,csv_fill
5,42,25500,1.0,1.0,csv_fill
5,42,26000,1.0,1.0,csv_fill
5,42,26500,1.0,1.0,csv_fill
5,42,27000,1.0,1.0,csv_fill
5,42,27500,1.0,1.0,csv_fill
5,42,28000,1.0,1.0,csv_fill
5,42,28500,1.0,1.0,csv_fill
5,42,29000,1.0,1.0,csv_fill
5,42,29500,1.0,1.0,csv_fill
5,42,30000,1.0,1.0,csv_fill
5,42,30500,1.0,1.0,csv_fill
5,42,31000,1.0,1.0,csv_fill
5,42,31500,1.0,1.0,csv_fill
5,42,32000,1.0,1.0,csv_fill
5,42,32500,1.0,1.0,csv_fill
5,42,33000,1.0,1.0,csv_fill
5,42,33500,1.0,1.0,csv_fill
5,42,34000,1.0,1.0,csv_fill
5,42,34500,1.0,1.0,csv_fill
5,42,35000,1.0,1.0,csv_fill
5,42,35500,1.0,1.0,csv_fill
5,42,36000,1.0,1.0,csv_fill
5,42,36500,1.0,1.0,csv_fill
5,42,37000,1.0,1.0,csv_fill
5,42,37500,1.0,1.0,csv_fill
5,42,38000,1.0,1.0,csv_fill
5,42,38500,1.0,1.0,csv_fill
5,42,39000,1.0,1.0,csv_fill
5,42,39500,1.0,1.0,csv_fill
5,42,40000,1.0,1.0,csv_fill
5,42,40500,1.0,1.0,csv_fill
5,42,41000,1.0,1.0,csv_fill
5,42,41500,1.0,1.0,csv_fill
5,42,42000,1.0,1.0,csv_fill
5,42,42500,1.0,1.0,csv_fill
5,42,43000,1.0,1.0,csv_fill
5,42,43500,1.0,1.0,csv_fill
5,42,44000,1.0,1.0,csv_fill
5,42,44500,1.0,1.0,csv_fill
5,42,45000,1.0,1.0,csv_fill
5,42,45500,1.0,1.0,csv_fill
5,42,46000,1.0,1.0,csv_fill
5,42,46500,1.0,1.0,csv_fill
5,42,47000,1.0,1.0,csv_fill
5,42,47500,1.0,1.0,csv_fill
5,42,48000,1.0,1.0,csv_fill
5,42,48500,1.0,1.0,csv_fill
5,42,49000,1.0,1.0,csv_fill
5,42,49500,1.0,1.0,csv_fill
5,42,50000,1.0,1.0,csv_fill
5,42,50500,1.0,1.0,csv_fill
5,42,51000,1.0,1.0,csv_fill
5,42,51500,1.0,1.0,csv_fill
5,42,52000,1.0,1.0,csv_fill
5,42,52500,1.0,1.0,csv_fill
5,42,53000,1.0,1.0,csv_fill
5,42,53500,1.0,1.0,csv_fill
5,42,54000,1.0,1.0,csv_fill
5,42,54500,1.0,1.0,csv_fill
5,42,55000,1.0,1.0,csv_fill
5,42,55500,1.0,1.0,csv_fill
5,42,56000,1.0,1.0,csv_fill
5,42,56500,1.0,1.0,csv_fill
5,42,57000,1.0,1.0,csv_fill
5,42,57500,1.0,1.0,csv_fill
5,42,58000,1.0,1.0,csv_fill
5,42,58500,1.0,1.0,csv_fill
5,42,59000,1.0,1.0,csv_fill
5,42,59500,1.0,1.0,csv_fill
5,42,60000,1.0,1.0,csv_fill
5,42,60500,1.0,1.0,csv_fill
5,42,61000,1.0,1.0,csv_fill
5,42,61500,1.0,1.0,csv_fill
5,42,62000,1.0,1.0,csv_fill
5,42,62500,1.0,1.0,csv_fill
5,42,63000,1.0,1.0,csv_fill
5,42,63500,1.0,1.0,csv_fill
5,42,64000,1.0,1.0,csv_fill
5,42,64500,1.0,1.0,csv_fill
5,42,65000,1.0,1.0,csv_fill
5,42,65500,1.0,1.0,csv_fill
5,42,66000,1.0,1.0,csv_fill
5,42,66500,1.0,1.0,csv_fill
5,42,67000,1.0,1.0,csv_fill
5,42,67500,1.0,1.0,csv_fill
5,42,68000,1.0,1.0,csv_fill
5,42,68500,1.0,1.0,csv_fill
5,42,69000,1.0,1.0,csv_fill
5,42,69500,1.0,1.0,csv_fill
5,42,70000,1.0,1.0,csv_fill
5,42,70500,1.0,1.0,csv_fill
6,1,250,0.139,0.1455,jsonl
6,1,500,0.129,0.1505,jsonl
6,1,750,0.145,0.13,jsonl
6,1,1000,0.155,0.1465,jsonl
6,1,1250,0.149,0.145,jsonl
6,1,1500,0.143,0.1465,jsonl
6,1,1750,0.148,0.1305,jsonl
6,1,2000,0.158,0.146,jsonl
6,1,2250,0.144,0.1305,jsonl
6,1,2500,0.145,0.126,jsonl
6,1,2750,0.143,0.1315,jsonl
6,1,3000,0.149,0.1365,jsonl
6,1,3250,0.156,0.1375,jsonl
6,1,3500,0.139,0.1475,jsonl
6,1,3750,0.15,0.144,jsonl
6,1,4000,0.16,0.14,jsonl
6,1,4250,0.146,0.145,jsonl
6,1,4500,0.188,0.1285,jsonl
6,1,4750,0.181,0.15,jsonl
6,1,5000,0.184,0.147,jsonl
6,1,5250,0.188,0.1375,jsonl
6,1,5500,0.199,0.1375,jsonl
6,1,5750,0.201,0.1375,jsonl
6,1,6000,0.216,0.129,jsonl
6,1,6250,0.201,0.1345,jsonl
6,1,6500,0.206,0.128,jsonl
6,1,6750,0.203,0.143,jsonl
6,1,7000,0.244,0.1325,jsonl
6,1,7250,0.226,0.1345,jsonl
6,1,7500,0.228,0.1255,jsonl
6,1,7750,0.225,0.132,jsonl
6,1,8000,0.221,0.119,jsonl
6,1,8250,0.224,0.1365,jsonl
6,1,8500,0.238,0.1355,jsonl
6,1,8750,0.231,0.139,jsonl
6,1,9000,0.206,0.1285,jsonl
6,1,9250,0.238,0.126,jsonl
6,1,9500,0.216,0.128,jsonl
6,1,9750,0.251,0.126,jsonl
6,1,10000,0.197,0.1305,jsonl
6,1,10250,0.226,0.1285,jsonl
6,1,10500,0.226,0.1275,jsonl
6,1,10750,0.249,0.1345,jsonl
6,1,11000,0.244,0.129,jsonl
6,1,11250,0.238,0.1315,jsonl
6,1,11500,0.253,0.135,jsonl
6,1,11750,0.25,0.13,jsonl
6,1,12000,0.209,0.132,jsonl
6,1,12250,0.238,0.143,jsonl
6,1,12500,0.23,0.119,jsonl
6,1,12750,0.25,0.12,jsonl
6,1,13000,0.282,0.135,jsonl
6,1,13250,0.292,0.1295,jsonl
6,1,13500,0.274,0.1455,jsonl
6,1,13750,0.298,0.1535,jsonl
6,1,14000,0.32,0.2005,jsonl
6,1,14250,0.402,0.2545,jsonl
6,1,14500,0.586,0.4475,jsonl
6,1,14750,0.889,0.8235,jsonl
6,1,15000,0.959,0.939,jsonl
6,1,15250,0.953,0.9355,jsonl
6,1,15500,0.968,0.9545,jsonl
6,1,15750,0.958,0.964,jsonl
6,1,16000,0.978,0.966,jsonl
6,1,16250,0.988,0.9835,jsonl
6,1,16500,0.979,0.9685,jsonl
6,1,16750,0.975,0.9625,jsonl
6,1,17000,0.966,0.968,jsonl
6,1,17250,0.985,0.985,jsonl
6,1,17500,0.998,1.0,jsonl
6,1,17750,0.97,0.9625,jsonl
6,1,18000,0.989,0.996,jsonl
6,1,18250,0.998,0.9985,jsonl
6,1,18500,0.999,0.999,jsonl
6,1,18750,0.998,0.9985,jsonl
6,1,19000,0.999,0.9985,jsonl
6,1,19250,0.987,0.977,jsonl
6,1,19500,0.987,0.9845,jsonl
6,1,19750,0.989,0.98,jsonl
6,1,20000,0.997,0.9945,jsonl
6,1,20250,1.0,0.9995,jsonl
6,1,20500,1.0,0.9995,jsonl
6,1,20750,0.997,0.9975,jsonl
6,1,21000,0.999,0.9975,jsonl
6,1,21250,1.0,0.9995,jsonl
6,1,21500,1.0,1.0,jsonl
6,1,21750,1.0,1.0,jsonl
6,1,22000,1.0,0.9995,jsonl
6,1,22250,0.995,0.998,jsonl
6,1,22500,0.971,0.968,jsonl
6,1,22750,0.995,0.9955,jsonl
6,1,23000,1.0,0.999,jsonl
6,1,23250,1.0,0.9995,jsonl
6,1,23500,1.0,0.9995,jsonl
6,1,23750,1.0,1.0,jsonl
6,1,24000,0.83,0.799,jsonl
6,1,24250,1.0,1.0,jsonl
6,1,24500,1.0,1.0,jsonl
6,1,24750,1.0,0.9995,jsonl
6,1,25000,0.992,0.993,jsonl
6,1,25250,1.0,1.0,jsonl
6,1,25500,1.0,1.0,jsonl
6,1,25750,1.0,1.0,jsonl
6,1,26000,1.0,1.0,jsonl
6,1,26250,1.0,1.0,jsonl
6,1,26500,1.0,1.0,jsonl
6,1,26750,1.0,1.0,jsonl
6,1,27000,1.0,1.0,jsonl
6,1,27250,1.0,1.0,jsonl
6,1,27500,1.0,1.0,jsonl
6,1,27750,0.992,0.9915,jsonl
6,1,28000,1.0,0.999,jsonl
6,1,28250,0.998,0.9985,jsonl
6,1,28500,1.0,0.999,jsonl
6,1,28750,0.999,0.996,jsonl
6,1,29000,1.0,0.9995,jsonl
6,1,29250,1.0,0.9995,jsonl
6,1,29500,1.0,1.0,jsonl
6,1,29750,1.0,0.9995,jsonl
6,1,30000,1.0,1.0,jsonl
6,1,30250,1.0,1.0,jsonl
6,1,30500,1.0,1.0,jsonl
6,1,30750,1.0,1.0,jsonl
6,1,31000,1.0,1.0,jsonl
6,1,31250,1.0,1.0,jsonl
6,1,31500,1.0,1.0,jsonl
6,1,31750,1.0,1.0,jsonl
6,1,32000,1.0,1.0,jsonl
6,1,32250,1.0,1.0,jsonl
6,1,32500,1.0,1.0,jsonl
6,1,32750,1.0,1.0,jsonl
6,1,33000,1.0,1.0,jsonl
6,1,33250,1.0,1.0,jsonl
6,1,33500,1.0,1.0,jsonl
6,1,33750,1.0,1.0,jsonl
6,1,34000,1.0,1.0,jsonl
6,1,34250,1.0,1.0,jsonl
6,1,34500,1.0,1.0,jsonl
6,1,34750,1.0,1.0,jsonl
6,1,35000,1.0,1.0,jsonl
6,1,35250,1.0,1.0,jsonl
6,1,35500,1.0,1.0,jsonl
6,1,35750,1.0,1.0,jsonl
6,1,36000,1.0,1.0,jsonl
6,1,36250,1.0,1.0,jsonl
6,1,36500,1.0,1.0,jsonl
6,1,36750,1.0,1.0,jsonl
6,1,37000,1.0,1.0,jsonl
6,1,37250,1.0,1.0,jsonl
6,1,37500,1.0,1.0,jsonl
6,1,37750,1.0,1.0,jsonl
6,1,38000,1.0,1.0,jsonl
6,1,38250,1.0,1.0,jsonl
6,1,38500,1.0,1.0,jsonl
6,1,38750,1.0,1.0,jsonl
6,1,39000,1.0,1.0,jsonl
6,1,39250,1.0,1.0,jsonl
6,1,39500,1.0,1.0,jsonl
6,1,39750,1.0,1.0,jsonl
6,1,40000,1.0,1.0,jsonl
6,1,40250,1.0,1.0,jsonl
6,1,40500,1.0,1.0,jsonl
6,1,40750,1.0,1.0,jsonl
6,1,41000,1.0,1.0,jsonl
6,1,41250,1.0,1.0,jsonl
6,1,41500,1.0,1.0,jsonl
6,1,41750,1.0,1.0,jsonl
6,1,42000,1.0,1.0,jsonl
6,1,42250,1.0,1.0,jsonl
6,1,42500,1.0,1.0,jsonl
6,1,42750,1.0,1.0,jsonl
6,1,43000,1.0,1.0,jsonl
6,1,43250,1.0,1.0,jsonl
6,1,43500,1.0,1.0,jsonl
6,1,43750,1.0,1.0,jsonl
6,1,44000,1.0,1.0,jsonl
6,1,44250,1.0,1.0,jsonl
6,1,44500,1.0,1.0,jsonl
6,1,44750,1.0,1.0,jsonl
6,1,45000,1.0,1.0,jsonl
6,1,45250,1.0,1.0,jsonl
6,1,45500,1.0,1.0,jsonl
6,1,45750,1.0,1.0,jsonl
6,1,46000,1.0,1.0,jsonl
6,1,46250,1.0,1.0,jsonl
6,1,46500,1.0,1.0,jsonl
6,1,46750,1.0,1.0,jsonl
6,1,47000,1.0,1.0,jsonl
6,1,47250,1.0,1.0,jsonl
6,1,47500,1.0,1.0,jsonl
6,1,47750,1.0,1.0,jsonl
6,1,48000,1.0,1.0,jsonl
6,1,48250,1.0,1.0,jsonl
6,1,48500,1.0,1.0,jsonl
6,1,48750,1.0,1.0,jsonl
6,1,49000,1.0,1.0,jsonl
6,1,49250,1.0,1.0,jsonl
6,1,49500,1.0,1.0,jsonl
6,1,49750,1.0,1.0,jsonl
6,1,50000,1.0,1.0,jsonl
6,1,50250,1.0,1.0,jsonl
6,1,50500,1.0,1.0,jsonl
6,1,50750,1.0,1.0,jsonl
6,1,51000,1.0,1.0,jsonl
6,1,51250,1.0,1.0,jsonl
6,1,51500,1.0,1.0,jsonl
6,1,51750,1.0,1.0,jsonl
6,1,52000,1.0,1.0,jsonl
6,1,52250,1.0,1.0,jsonl
6,1,52500,1.0,1.0,jsonl
6,1,52750,1.0,1.0,jsonl
6,1,53000,1.0,1.0,jsonl
6,1,53250,1.0,1.0,jsonl
6,1,53500,1.0,1.0,jsonl
6,1,53750,1.0,1.0,jsonl
6,1,54000,1.0,1.0,jsonl
6,1,54250,1.0,1.0,jsonl
6,1,54500,1.0,1.0,jsonl
6,1,54750,1.0,1.0,jsonl
6,1,55000,1.0,1.0,jsonl
6,1,55250,1.0,1.0,jsonl
6,1,55500,1.0,1.0,jsonl
6,1,55750,1.0,1.0,jsonl
6,1,56000,1.0,1.0,jsonl
6,1,56250,1.0,1.0,jsonl
6,1,56500,1.0,1.0,jsonl
6,1,56750,1.0,1.0,jsonl
6,1,57000,1.0,1.0,jsonl
6,1,57250,1.0,1.0,jsonl
6,1,57500,1.0,1.0,jsonl
6,1,57750,1.0,1.0,jsonl
6,1,58000,1.0,1.0,jsonl
6,1,58250,1.0,1.0,jsonl
6,1,58500,1.0,1.0,jsonl
6,1,58750,1.0,1.0,jsonl
6,1,59000,1.0,1.0,jsonl
6,1,59250,1.0,1.0,jsonl
6,1,59500,1.0,1.0,jsonl
6,1,59750,1.0,1.0,jsonl
6,1,60000,1.0,1.0,jsonl
6,1,60250,1.0,1.0,jsonl
6,1,60500,1.0,1.0,jsonl
6,1,60750,1.0,1.0,jsonl
6,1,61000,1.0,1.0,jsonl
6,1,61250,1.0,1.0,jsonl
6,1,61500,1.0,1.0,jsonl
6,1,61750,1.0,1.0,jsonl
6,1,62000,1.0,1.0,jsonl
6,1,62250,1.0,1.0,jsonl
6,1,62500,1.0,1.0,jsonl
6,1,62750,1.0,1.0,jsonl
6,1,63000,1.0,1.0,jsonl
6,1,63250,1.0,1.0,jsonl
6,1,63500,1.0,1.0,jsonl
6,1,63750,1.0,1.0,jsonl
6,1,64000,1.0,1.0,jsonl
6,1,64250,1.0,1.0,jsonl
6,1,64500,1.0,1.0,jsonl
6,1,64750,1.0,1.0,jsonl
6,1,65000,1.0,1.0,jsonl
6,1,65250,1.0,1.0,jsonl
6,1,65500,1.0,1.0,jsonl
6,1,65750,1.0,1.0,jsonl
6,1,66000,1.0,1.0,jsonl
6,1,66250,1.0,1.0,jsonl
6,1,66500,1.0,1.0,jsonl
6,1,66750,1.0,1.0,jsonl
6,1,67000,1.0,1.0,jsonl
6,1,67250,1.0,1.0,jsonl
6,1,67500,1.0,1.0,jsonl
6,1,67750,1.0,1.0,jsonl
6,1,68000,1.0,1.0,jsonl
6,1,68250,1.0,1.0,jsonl
6,1,68500,1.0,1.0,jsonl
6,1,68750,1.0,1.0,jsonl
6,1,69000,1.0,1.0,jsonl
6,1,69250,1.0,1.0,jsonl
6,1,69500,1.0,1.0,jsonl
6,1,69750,1.0,1.0,jsonl
6,1,70000,1.0,1.0,jsonl
6,1,70250,1.0,1.0,jsonl
6,1,70500,1.0,1.0,jsonl
6,2,250,0.148,0.1405,jsonl
6,2,500,0.126,0.1405,jsonl
6,2,750,0.137,0.142,jsonl
6,2,1000,0.133,0.151,jsonl
6,2,1250,0.153,0.1305,jsonl
6,2,1500,0.143,0.1405,jsonl
6,2,1750,0.153,0.1305,jsonl
6,2,2000,0.158,0.128,jsonl
6,2,2250,0.15,0.1485,jsonl
6,2,2500,0.161,0.1335,jsonl
6,2,2750,0.127,0.1465,jsonl
6,2,3000,0.133,0.164,jsonl
6,2,3250,0.15,0.1485,jsonl
6,2,3500,0.153,0.1305,jsonl
6,2,3750,0.137,0.145,jsonl
6,2,4000,0.164,0.1485,jsonl
6,2,4250,0.157,0.1555,jsonl
6,2,4500,0.2,0.1295,jsonl
6,2,4750,0.183,0.136,jsonl
6,2,5000,0.174,0.1345,jsonl
6,2,5250,0.194,0.1295,jsonl
6,2,5500,0.186,0.1345,jsonl
6,2,5750,0.221,0.124,jsonl
6,2,6000,0.224,0.136,jsonl
6,2,6250,0.2,0.137,jsonl
6,2,6500,0.227,0.127,jsonl
6,2,6750,0.192,0.149,jsonl
6,2,7000,0.204,0.1385,jsonl
6,2,7250,0.219,0.1265,jsonl
6,2,7500,0.197,0.138,jsonl
6,2,7750,0.213,0.132,jsonl
6,2,8000,0.229,0.125,jsonl
6,2,8250,0.224,0.134,jsonl
6,2,8500,0.218,0.133,jsonl
6,2,8750,0.217,0.1365,jsonl
6,2,9000,0.225,0.128,jsonl
6,2,9250,0.214,0.128,jsonl
6,2,9500,0.226,0.134,jsonl
6,2,9750,0.224,0.128,jsonl
6,2,10000,0.223,0.128,jsonl
6,2,10250,0.222,0.13,jsonl
6,2,10500,0.23,0.1235,jsonl
6,2,10750,0.271,0.122,jsonl
6,2,11000,0.243,0.138,jsonl
6,2,11250,0.316,0.162,jsonl
6,2,11500,0.488,0.376,jsonl
6,2,11750,0.521,0.476,jsonl
6,2,12000,0.916,0.885,jsonl
6,2,12250,0.914,0.8825,jsonl
6,2,12500,0.859,0.8165,jsonl
6,2,12750,0.981,0.9635,jsonl
6,2,13000,0.962,0.9485,jsonl
6,2,13250,0.993,0.99,jsonl
6,2,13500,0.995,0.9935,jsonl
6,2,13750,0.992,0.992,jsonl
6,2,14000,0.992,0.987,jsonl
6,2,14250,0.995,0.997,jsonl
6,2,14500,0.996,0.9945,jsonl
6,2,14750,0.986,0.9795,jsonl
6,2,15000,0.987,0.992,jsonl
6,2,15250,0.996,0.996,jsonl
6,2,15500,1.0,0.9995,jsonl
6,2,15750,0.938,0.93,jsonl
6,2,16000,0.999,0.9985,jsonl
6,2,16250,0.998,0.9925,jsonl
6,2,16500,0.997,0.998,jsonl
6,2,16750,1.0,0.999,jsonl
6,2,17000,0.999,1.0,jsonl
6,2,17250,0.999,1.0,jsonl
6,2,17500,0.988,0.98,jsonl
6,2,17750,0.993,0.9915,jsonl
6,2,18000,0.999,0.9975,jsonl
6,2,18250,0.986,0.982,jsonl
6,2,18500,1.0,0.9995,jsonl
6,2,18750,0.984,0.9805,jsonl
6,2,19000,1.0,0.999,jsonl
6,2,19250,1.0,1.0,jsonl
6,2,19500,1.0,1.0,jsonl
6,2,19750,1.0,1.0,jsonl
6,2,20000,1.0,1.0,jsonl
6,2,20250,1.0,1.0,jsonl
6,2,20500,0.994,0.9885,jsonl
6,2,20750,0.995,0.9905,jsonl
6,2,21000,0.993,0.992,jsonl
6,2,21250,1.0,0.999,jsonl
6,2,21500,1.0,0.9995,jsonl
6,2,21750,1.0,1.0,jsonl
6,2,22000,1.0,1.0,jsonl
6,2,22250,0.994,0.9955,jsonl
6,2,22500,1.0,0.999,jsonl
6,2,22750,0.95,0.94,jsonl
6,2,23000,1.0,0.9995,jsonl
6,2,23250,0.996,0.995,jsonl
6,2,23500,0.971,0.9545,jsonl
6,2,23750,0.999,0.998,jsonl
6,2,24000,0.989,0.9755,jsonl
6,2,24250,1.0,0.9995,jsonl
6,2,24500,0.987,0.983,jsonl
6,2,24750,1.0,1.0,jsonl
6,2,25000,1.0,1.0,jsonl
6,2,25250,1.0,1.0,jsonl
6,2,25500,1.0,1.0,jsonl
6,2,25750,1.0,1.0,jsonl
6,2,26000,1.0,1.0,jsonl
6,2,26250,1.0,1.0,jsonl
6,2,26500,0.999,0.9995,jsonl
6,2,26750,1.0,1.0,jsonl
6,2,27000,1.0,1.0,jsonl
6,2,27250,1.0,1.0,jsonl
6,2,27500,1.0,1.0,jsonl
6,2,27750,1.0,1.0,jsonl
6,2,28000,1.0,1.0,jsonl
6,2,28250,1.0,1.0,jsonl
6,2,28500,1.0,1.0,jsonl
6,2,28750,1.0,1.0,jsonl
6,2,29000,1.0,1.0,jsonl
6,2,29250,1.0,1.0,jsonl
6,2,29500,1.0,1.0,jsonl
6,2,29750,1.0,1.0,jsonl
6,2,30000,1.0,1.0,jsonl
6,2,30250,1.0,1.0,jsonl
6,2,30500,1.0,1.0,jsonl
6,2,30750,1.0,1.0,jsonl
6,2,31000,1.0,1.0,jsonl
6,2,31250,1.0,1.0,jsonl
6,2,31500,1.0,1.0,jsonl
6,2,31750,1.0,1.0,jsonl
6,2,32000,1.0,1.0,jsonl
6,2,32250,1.0,1.0,jsonl
6,2,32500,1.0,1.0,jsonl
6,2,32750,1.0,1.0,jsonl
6,2,33000,1.0,1.0,jsonl
6,2,33250,1.0,1.0,jsonl
6,2,33500,1.0,1.0,jsonl
6,2,33750,1.0,1.0,jsonl
6,2,34000,1.0,1.0,jsonl
6,2,34250,1.0,1.0,jsonl
6,2,34500,1.0,1.0,jsonl
6,2,34750,1.0,1.0,jsonl
6,2,35000,1.0,1.0,jsonl
6,2,35250,1.0,1.0,jsonl
6,2,35500,1.0,1.0,jsonl
6,2,35750,1.0,1.0,jsonl
6,2,36000,1.0,1.0,jsonl
6,2,36250,1.0,1.0,jsonl
6,2,36500,1.0,1.0,jsonl
6,2,36750,1.0,1.0,jsonl
6,2,37000,1.0,1.0,jsonl
6,2,37250,1.0,1.0,jsonl
6,2,37500,1.0,1.0,jsonl
6,2,37750,1.0,1.0,jsonl
6,2,38000,1.0,1.0,jsonl
6,2,38250,1.0,1.0,jsonl
6,2,38500,1.0,1.0,jsonl
6,2,38750,1.0,1.0,jsonl
6,2,39000,1.0,1.0,jsonl
6,2,39250,1.0,1.0,jsonl
6,2,39500,1.0,1.0,jsonl
6,2,39750,1.0,1.0,jsonl
6,2,40000,1.0,1.0,jsonl
6,2,40250,1.0,1.0,jsonl
6,2,40500,1.0,1.0,jsonl
6,2,40750,1.0,1.0,jsonl
6,2,41000,1.0,1.0,jsonl
6,2,41250,1.0,1.0,jsonl
6,2,41500,1.0,1.0,jsonl
6,2,41750,1.0,1.0,jsonl
6,2,42000,1.0,1.0,jsonl
6,2,42250,1.0,1.0,jsonl
6,2,42500,1.0,1.0,jsonl
6,2,42750,1.0,1.0,jsonl
6,2,43000,1.0,1.0,jsonl
6,2,43250,1.0,1.0,jsonl
6,2,43500,1.0,1.0,jsonl
6,2,43750,1.0,1.0,jsonl
6,2,44000,1.0,1.0,jsonl
6,2,44250,1.0,1.0,jsonl
6,2,44500,1.0,1.0,jsonl
6,2,44750,1.0,1.0,jsonl
6,2,45000,1.0,1.0,jsonl
6,2,45250,1.0,1.0,jsonl
6,2,45500,1.0,1.0,jsonl
6,2,45750,1.0,1.0,jsonl
6,2,46000,1.0,1.0,jsonl
6,2,46250,1.0,1.0,jsonl
6,2,46500,1.0,1.0,jsonl
6,2,46750,1.0,1.0,jsonl
6,2,47000,1.0,1.0,jsonl
6,2,47250,1.0,1.0,jsonl
6,2,47500,1.0,1.0,jsonl
6,2,47750,1.0,1.0,jsonl
6,2,48000,1.0,1.0,jsonl
6,2,48250,1.0,1.0,jsonl
6,2,48500,1.0,1.0,jsonl
6,2,48750,1.0,1.0,jsonl
6,2,49000,1.0,1.0,jsonl
6,2,49250,1.0,1.0,jsonl
6,2,49500,1.0,1.0,jsonl
6,2,49750,1.0,1.0,jsonl
6,2,50000,1.0,1.0,jsonl
6,2,50250,1.0,1.0,jsonl
6,2,50500,1.0,1.0,jsonl
6,2,50750,1.0,1.0,jsonl
6,2,51000,1.0,1.0,jsonl
6,2,51250,1.0,1.0,jsonl
6,2,51500,1.0,1.0,jsonl
6,2,51750,1.0,1.0,jsonl
6,2,52000,1.0,1.0,jsonl
6,2,52250,1.0,1.0,jsonl
6,2,52500,1.0,1.0,jsonl
6,2,52750,1.0,1.0,jsonl
6,2,53000,1.0,1.0,jsonl
6,2,53250,1.0,1.0,jsonl
6,2,53500,1.0,1.0,jsonl
6,2,53750,1.0,1.0,jsonl
6,2,54000,1.0,1.0,jsonl
6,2,54250,1.0,1.0,jsonl
6,2,54500,1.0,1.0,jsonl
6,2,54750,1.0,1.0,jsonl
6,2,55000,1.0,1.0,jsonl
6,2,55250,1.0,1.0,jsonl
6,2,55500,1.0,1.0,jsonl
6,2,55750,1.0,1.0,jsonl
6,2,56000,1.0,1.0,jsonl
6,2,56250,1.0,1.0,jsonl
6,2,56500,1.0,1.0,jsonl
6,2,56750,1.0,1.0,jsonl
6,2,57000,1.0,1.0,jsonl
6,2,57250,1.0,1.0,jsonl
6,2,57500,1.0,1.0,jsonl
6,2,57750,1.0,1.0,jsonl
6,2,58000,1.0,1.0,jsonl
6,2,58250,1.0,1.0,jsonl
6,2,58500,1.0,1.0,jsonl
6,2,58750,1.0,1.0,jsonl
6,2,59000,1.0,1.0,jsonl
6,2,59250,1.0,1.0,jsonl
6,2,59500,1.0,1.0,jsonl
6,2,59750,1.0,1.0,jsonl
6,2,60000,1.0,1.0,jsonl
6,2,60250,1.0,1.0,jsonl
6,2,60500,1.0,1.0,jsonl
6,2,60750,1.0,1.0,jsonl
6,2,61000,1.0,1.0,jsonl
6,2,61250,1.0,1.0,jsonl
6,2,61500,1.0,1.0,jsonl
6,2,61750,1.0,1.0,jsonl
6,2,62000,1.0,1.0,jsonl
6,2,62250,1.0,1.0,jsonl
6,2,62500,1.0,1.0,jsonl
6,2,62750,1.0,1.0,jsonl
6,2,63000,1.0,1.0,jsonl
6,2,63250,1.0,1.0,jsonl
6,2,63500,1.0,1.0,jsonl
6,2,63750,1.0,1.0,jsonl
6,2,64000,1.0,1.0,jsonl
6,2,64250,1.0,1.0,jsonl
6,2,64500,1.0,1.0,jsonl
6,2,64750,1.0,1.0,jsonl
6,2,65000,1.0,1.0,jsonl
6,2,65250,1.0,1.0,jsonl
6,2,65500,1.0,1.0,jsonl
6,2,65750,1.0,1.0,jsonl
6,2,66000,1.0,1.0,jsonl
6,2,66250,1.0,1.0,jsonl
6,2,66500,1.0,1.0,jsonl
6,2,66750,1.0,1.0,jsonl
6,2,67000,1.0,1.0,jsonl
6,2,67250,1.0,1.0,jsonl
6,2,67500,1.0,1.0,jsonl
6,2,67750,1.0,1.0,jsonl
6,2,68000,1.0,1.0,jsonl
6,2,68250,1.0,1.0,jsonl
6,2,68500,1.0,1.0,jsonl
6,2,68750,1.0,1.0,jsonl
6,2,69000,1.0,1.0,jsonl
6,2,69250,1.0,1.0,jsonl
6,2,69500,1.0,1.0,jsonl
6,2,69750,1.0,1.0,jsonl
6,2,70000,1.0,1.0,jsonl
6,2,70250,1.0,1.0,jsonl
6,2,70500,1.0,1.0,jsonl
6,42,0,0.0,0.0,csv
6,42,500,0.1454,0.145,csv
6,42,1000,0.1426666667,0.149,csv
6,42,1500,0.1378,0.15,csv
6,42,2000,0.1435333333,0.1295,csv
6,42,2500,0.1453333333,0.1305,csv
6,42,3000,0.1510666667,0.144,csv
6,42,3500,0.1533333333,0.15,csv
6,42,4000,0.1844666667,0.149,csv
6,42,4500,0.1976,0.126,csv
6,42,5000,0.1821333333,0.149,csv
6,42,5500,0.2074,0.124,csv
6,42,6000,0.1574666667,0.149,csv
6,42,6500,0.1916666667,0.1485,csv
6,42,7000,0.2099333333,0.126,csv
6,42,7500,0.2244,0.1305,csv
6,42,8000,0.2134666667,0.129,csv
6,42,8500,0.2079333333,0.1325,csv
6,42,9000,0.2298666667,0.1335,csv
6,42,9500,0.2429333333,0.123,csv
6,42,10000,0.2402666667,0.13,csv
6,42,10500,0.2294666667,0.132,csv
6,42,11000,0.2688666667,0.1315,csv
6,42,11500,0.2780666667,0.1565,csv
6,42,12000,0.7306,0.6645,csv
6,42,12500,0.9236666667,0.8995,csv
6,42,13000,0.9462666667,0.9365,csv
6,42,13500,0.9778,0.9675,csv
6,42,14000,0.9932666667,0.9875,csv
6,42,14500,0.9953333333,0.991,csv
6,42,15000,0.9992666667,0.998,csv
6,42,15500,0.9832,0.9785,csv
6,42,16000,0.9879333333,0.9835,csv
6,42,16500,1.0,1.0,csv_fill
6,42,17000,1.0,1.0,csv_fill
6,42,17500,1.0,1.0,csv_fill
6,42,18000,1.0,1.0,csv_fill
6,42,18500,1.0,1.0,csv_fill
6,42,19000,1.0,1.0,csv_fill
6,42,19500,1.0,1.0,csv_fill
6,42,20000,1.0,1.0,csv_fill
6,42,20500,1.0,1.0,csv_fill
6,42,21000,1.0,1.0,csv_fill
6,42,21500,1.0,1.0,csv_fill
6,42,22000,1.0,1.0,csv_fill
6,42,22500,1.0,1.0,csv_fill
6,42,23000,1.0,1.0,csv_fill
6,42,23500,1.0,1.0,csv_fill
6,42,24000,1.0,1.0,csv_fill
6,42,24500,1.0,1.0,csv_fill
6,42,25000,1.0,1.0,csv_fill
6,42,25500,1.0,1.0,csv_fill
6,42,26000,1.0,1.0,csv_fill
6,42,26500,1.0,1.0,csv_fill
6,42,27000,1.0,1.0,csv_fill
6,42,27500,1.0,1.0,csv_fill
6,42,28000,1.0,1.0,csv_fill
6,42,28500,1.0,1.0,csv_fill
6,42,29000,1.0,1.0,csv_fill
6,42,29500,1.0,1.0,csv_fill
6,42,30000,1.0,1.0,csv_fill
6,42,30500,1.0,1.0,csv_fill
6,42,31000,1.0,1.0,csv_fill
6,42,31500,1.0,1.0,csv_fill
6,42,32000,1.0,1.0,csv_fill
6,42,32500,1.0,1.0,csv_fill
6,42,33000,1.0,1.0,csv_fill
6,42,33500,1.0,1.0,csv_fill
6,42,34000,1.0,1.0,csv_fill
6,42,34500,1.0,1.0,csv_fill
6,42,35000,1.0,1.0,csv_fill
6,42,35500,1.0,1.0,csv_fill
6,42,36000,1.0,1.0,csv_fill
6,42,36500,1.0,1.0,csv_fill
6,42,37000,1.0,1.0,csv_fill
6,42,37500,1.0,1.0,csv_fill
6,42,38000,1.0,1.0,csv_fill
6,42,38500,1.0,1.0,csv_fill
6,42,39000,1.0,1.0,csv_fill
6,42,39500,1.0,1.0,csv_fill
6,42,40000,1.0,1.0,csv_fill
6,42,40500,1.0,1.0,csv_fill
6,42,41000,1.0,1.0,csv_fill
6,42,41500,1.0,1.0,csv_fill
6,42,42000,1.0,1.0,csv_fill
6,42,42500,1.0,1.0,csv_fill
6,42,43000,1.0,1.0,csv_fill
6,42,43500,1.0,1.0,csv_fill
6,42,44000,1.0,1.0,csv_fill
6,42,44500,1.0,1.0,csv_fill
6,42,45000,1.0,1.0,csv_fill
6,42,45500,1.0,1.0,csv_fill
6,42,46000,1.0,1.0,csv_fill
6,42,46500,1.0,1.0,csv_fill
6,42,47000,1.0,1.0,csv_fill
6,42,47500,1.0,1.0,csv_fill
6,42,48000,1.0,1.0,csv_fill
6,42,48500,1.0,1.0,csv_fill
6,42,49000,1.0,1.0,csv_fill
6,42,49500,1.0,1.0,csv_fill
6,42,50000,1.0,1.0,csv_fill
6,42,50500,1.0,1.0,csv_fill
6,42,51000,1.0,1.0,csv_fill
6,42,51500,1.0,1.0,csv_fill
6,42,52000,1.0,1.0,csv_fill
6,42,52500,1.0,1.0,csv_fill
6,42,53000,1.0,1.0,csv_fill
6,42,53500,1.0,1.0,csv_fill
6,42,54000,1.0,1.0,csv_fill
6,42,54500,1.0,1.0,csv_fill
6,42,55000,1.0,1.0,csv_fill
6,42,55500,1.0,1.0,csv_fill
6,42,56000,1.0,1.0,csv_fill
6,42,56500,1.0,1.0,csv_fill
6,42,57000,1.0,1.0,csv_fill
6,42,57500,1.0,1.0,csv_fill
6,42,58000,1.0,1.0,csv_fill
6,42,58500,1.0,1.0,csv_fill
6,42,59000,1.0,1.0,csv_fill
6,42,59500,1.0,1.0,csv_fill
6,42,60000,1.0,1.0,csv_fill
6,42,60500,1.0,1.0,csv_fill
6,42,61000,1.0,1.0,csv_fill
6,42,61500,1.0,1.0,csv_fill
6,42,62000,1.0,1.0,csv_fill
6,42,62500,1.0,1.0,csv_fill
6,42,63000,1.0,1.0,csv_fill
6,42,63500,1.0,1.0,csv_fill
6,42,64000,1.0,1.0,csv_fill
6,42,64500,1.0,1.0,csv_fill
6,42,65000,1.0,1.0,csv_fill
6,42,65500,1.0,1.0,csv_fill
6,42,66000,1.0,1.0,csv_fill
6,42,66500,1.0,1.0,csv_fill
6,42,67000,1.0,1.0,csv_fill
6,42,67500,1.0,1.0,csv_fill
6,42,68000,1.0,1.0,csv_fill
6,42,68500,1.0,1.0,csv_fill
6,42,69000,1.0,1.0,csv_fill
6,42,69500,1.0,1.0,csv_fill
6,42,70000,1.0,1.0,csv_fill
6,42,70500,1.0,1.0,csv_fill
7,1,250,0.128,0.133,jsonl
7,1,500,0.123,0.128,jsonl
7,1,750,0.126,0.1285,jsonl
7,1,1000,0.121,0.1225,jsonl
7,1,1250,0.132,0.122,jsonl
7,1,1500,0.132,0.1195,jsonl
7,1,1750,0.116,0.1285,jsonl
7,1,2000,0.138,0.122,jsonl
7,1,2250,0.123,0.128,jsonl
7,1,2500,0.147,0.133,jsonl
7,1,2750,0.147,0.128,jsonl
7,1,3000,0.116,0.1285,jsonl
7,1,3250,0.177,0.1255,jsonl
7,1,3500,0.157,0.1255,jsonl
7,1,3750,0.15,0.121,jsonl
7,1,4000,0.146,0.1295,jsonl
7,1,4250,0.19,0.119,jsonl
7,1,4500,0.177,0.1285,jsonl
7,1,4750,0.29,0.242,jsonl
7,1,5000,0.296,0.246,jsonl
7,1,5250,0.319,0.246,jsonl
7,1,5500,0.321,0.2485,jsonl
7,1,5750,0.327,0.239,jsonl
7,1,6000,0.307,0.246,jsonl
7,1,6250,0.32,0.239,jsonl
7,1,6500,0.333,0.2405,jsonl
7,1,6750,0.341,0.246,jsonl
7,1,7000,0.325,0.242,jsonl
7,1,7250,0.302,0.253,jsonl
7,1,7500,0.326,0.237,jsonl
7,1,7750,0.343,0.249,jsonl
7,1,8000,0.346,0.238,jsonl
7,1,8250,0.325,0.2355,jsonl
7,1,8500,0.329,0.252,jsonl
7,1,8750,0.351,0.2335,jsonl
7,1,9000,0.342,0.2405,jsonl
7,1,9250,0.341,0.2525,jsonl
7,1,9500,0.346,0.2495,jsonl
7,1,9750,0.358,0.2425,jsonl
7,1,10000,0.33,0.251,jsonl
7,1,10250,0.343,0.2465,jsonl
7,1,10500,0.349,0.2345,jsonl
7,1,10750,0.348,0.245,jsonl
7,1,11000,0.378,0.243,jsonl
7,1,11250,0.364,0.2425,jsonl
7,1,11500,0.333,0.247,jsonl
7,1,11750,0.351,0.245,jsonl
7,1,12000,0.376,0.24,jsonl
7,1,12250,0.395,0.249,jsonl
7,1,12500,0.363,0.241,jsonl
7,1,12750,0.403,0.232,jsonl
7,1,13000,0.374,0.2355,jsonl
7,1,13250,0.418,0.2465,jsonl
7,1,13500,0.42,0.241,jsonl
7,1,13750,0.398,0.249,jsonl
7,1,14000,0.439,0.239,jsonl
7,1,14250,0.452,0.2425,jsonl
7,1,14500,0.42,0.2415,jsonl
7,1,14750,0.452,0.2355,jsonl
7,1,15000,0.451,0.246,jsonl
7,1,15250,0.468,0.2425,jsonl
7,1,15500,0.459,0.2445,jsonl
7,1,15750,0.493,0.228,jsonl
7,1,16000,0.528,0.2275,jsonl
7,1,16250,0.533,0.24,jsonl
7,1,16500,0.553,0.246,jsonl
7,1,16750,0.579,0.243,jsonl
7,1,17000,0.6,0.2465,jsonl
7,1,17250,0.596,0.236,jsonl
7,1,17500,0.647,0.2385,jsonl
7,1,17750,0.675,0.2295,jsonl
7,1,18000,0.664,0.2355,jsonl
7,1,18250,0.69,0.239,jsonl
7,1,18500,0.74,0.224,jsonl
7,1,18750,0.736,0.2295,jsonl
7,1,19000,0.788,0.227,jsonl
7,1,19250,0.843,0.231,jsonl
7,1,19500,0.849,0.232,jsonl
7,1,19750,0.876,0.227,jsonl
7,1,20000,0.891,0.2205,jsonl
7,1,20250,0.916,0.2345,jsonl
7,1,20500,0.922,0.213,jsonl
7,1,20750,0.961,0.221,jsonl
7,1,21000,0.967,0.219,jsonl
7,1,21250,0.963,0.2255,jsonl
7,1,21500,0.983,0.2165,jsonl
7,1,21750,0.969,0.227,jsonl
7,1,22000,0.971,0.2165,jsonl
7,1,22250,0.983,0.218,jsonl
7,1,22500,0.974,0.231,jsonl
7,1,22750,0.976,0.235,jsonl
7,1,23000,0.974,0.224,jsonl
7,1,23250,0.937,0.2325,jsonl
7,1,23500,0.989,0.2395,jsonl
7,1,23750,0.993,0.239,jsonl
7,1,24000,0.999,0.239,jsonl
7,1,24250,1.0,0.244,jsonl
7,1,24500,1.0,0.239,jsonl
7,1,24750,0.973,0.233,jsonl
7,1,25000,0.975,0.2305,jsonl
7,1,25250,0.988,0.228,jsonl
7,1,25500,0.988,0.227,jsonl
7,1,25750,0.991,0.2255,jsonl
7,1,26000,0.995,0.231,jsonl
7,1,26250,0.996,0.231,jsonl
7,1,26500,0.997,0.232,jsonl
7,1,26750,0.985,0.237,jsonl
7,1,27000,0.985,0.235,jsonl
7,1,27250,0.973,0.231,jsonl
7,1,27500,0.996,0.2305,jsonl
7,1,27750,1.0,0.2355,jsonl
7,1,28000,1.0,0.2365,jsonl
7,1,28250,0.999,0.2385,jsonl
7,1,28500,1.0,0.235,jsonl
7,1,28750,0.98,0.2325,jsonl
7,1,29000,0.974,0.243,jsonl
7,1,29250,0.975,0.2465,jsonl
7,1,29500,0.999,0.243,jsonl
7,1,29750,1.0,0.2405,jsonl
7,1,30000,1.0,0.239,jsonl
7,1,30250,1.0,0.24,jsonl
7,1,30500,1.0,0.2405,jsonl
7,1,30750,1.0,0.243,jsonl
7,1,31000,1.0,0.2425,jsonl
7,1,31250,1.0,0.2425,jsonl
7,1,31500,1.0,0.2395,jsonl
7,1,31750,1.0,0.241,jsonl
7,1,32000,1.0,0.242,jsonl
7,1,32250,1.0,0.241,jsonl
7,1,32500,1.0,0.242,jsonl
7,1,32750,1.0,0.241,jsonl
7,1,33000,1.0,0.2415,jsonl
7,1,33250,1.0,0.241,jsonl
7,1,33500,1.0,0.242,jsonl
7,1,33750,1.0,0.242,jsonl
7,1,34000,1.0,0.243,jsonl
7,1,34250,1.0,0.243,jsonl
7,1,34500,1.0,0.2425,jsonl
7,1,34750,1.0,0.2425,jsonl
7,1,35000,1.0,0.241,jsonl
7,1,35250,1.0,0.241,jsonl
7,1,35500,1.0,0.24,jsonl
7,1,35750,1.0,0.2395,jsonl
7,1,36000,1.0,0.242,jsonl
7,1,36250,1.0,0.2385,jsonl
7,1,36500,1.0,0.24,jsonl
7,1,36750,1.0,0.2385,jsonl
7,1,37000,1.0,0.2405,jsonl
7,1,37250,1.0,0.24,jsonl
7,1,37500,1.0,0.239,jsonl
7,1,37750,1.0,0.239,jsonl
7,1,38000,1.0,0.239,jsonl
7,1,38250,1.0,0.2375,jsonl
7,1,38500,1.0,0.239,jsonl
7,1,38750,1.0,0.2385,jsonl
7,1,39000,1.0,0.2385,jsonl
7,1,39250,1.0,0.2385,jsonl
7,1,39500,1.0,0.238,jsonl
7,1,39750,1.0,0.239,jsonl
7,1,40000,1.0,0.2395,jsonl
7,1,40250,1.0,0.241,jsonl
7,1,40500,1.0,0.24,jsonl
7,1,40750,1.0,0.241,jsonl
7,1,41000,1.0,0.2415,jsonl
7,1,41250,1.0,0.241,jsonl
7,1,41500,1.0,0.2405,jsonl
7,1,41750,1.0,0.242,jsonl
7,1,42000,1.0,0.2405,jsonl
7,1,42250,1.0,0.243,jsonl
7,1,42500,1.0,0.2415,jsonl
7,1,42750,1.0,0.242,jsonl
7,1,43000,1.0,0.242,jsonl
7,1,43250,1.0,0.2415,jsonl
7,1,43500,1.0,0.243,jsonl
7,1,43750,1.0,0.2405,jsonl
7,1,44000,1.0,0.241,jsonl
7,1,44250,1.0,0.239,jsonl
7,1,44500,1.0,0.241,jsonl
7,1,44750,1.0,0.24,jsonl
7,1,45000,1.0,0.241,jsonl
7,1,45250,1.0,0.2435,jsonl
7,1,45500,1.0,0.244,jsonl
7,1,45750,1.0,0.2435,jsonl
7,1,46000,1.0,0.244,jsonl
7,1,46250,1.0,0.2435,jsonl
7,1,46500,1.0,0.2445,jsonl
7,1,46750,1.0,0.245,jsonl
7,1,47000,1.0,0.242,jsonl
7,1,47250,1.0,0.2445,jsonl
7,1,47500,1.0,0.2475,jsonl
7,1,47750,1.0,0.245,jsonl
7,1,48000,1.0,0.2455,jsonl
7,1,48250,1.0,0.246,jsonl
7,1,48500,1.0,0.244,jsonl
7,1,48750,1.0,0.244,jsonl
7,1,49000,1.0,0.246,jsonl
7,1,49250,1.0,0.2465,jsonl
7,1,49500,1.0,0.245,jsonl
7,1,49750,1.0,0.2465,jsonl
7,1,50000,1.0,0.243,jsonl
7,1,50250,1.0,0.249,jsonl
7,1,50500,1.0,0.2455,jsonl
7,1,50750,1.0,0.246,jsonl
7,1,51000,1.0,0.245,jsonl
7,1,51250,1.0,0.248,jsonl
7,1,51500,1.0,0.244,jsonl
7,1,51750,0.987,0.2445,jsonl
7,1,52000,0.999,0.2515,jsonl
7,1,52250,1.0,0.246,jsonl
7,1,52500,1.0,0.2525,jsonl
7,1,52750,1.0,0.251,jsonl
7,1,53000,1.0,0.2525,jsonl
7,1,53250,1.0,0.2535,jsonl
7,1,53500,1.0,0.2525,jsonl
7,1,53750,1.0,0.253,jsonl
7,1,54000,1.0,0.253,jsonl
7,1,54250,1.0,0.2535,jsonl
7,1,54500,1.0,0.254,jsonl
7,1,54750,1.0,0.254,jsonl
7,1,55000,1.0,0.253,jsonl
7,1,55250,1.0,0.2515,jsonl
7,1,55500,1.0,0.251,jsonl
7,1,55750,1.0,0.2495,jsonl
7,1,56000,1.0,0.2485,jsonl
7,1,56250,1.0,0.2485,jsonl
7,1,56500,1.0,0.249,jsonl
7,1,56750,1.0,0.25,jsonl
7,1,57000,1.0,0.2495,jsonl
7,1,57250,1.0,0.25,jsonl
7,1,57500,1.0,0.25,jsonl
7,1,57750,1.0,0.2505,jsonl
7,1,58000,1.0,0.2495,jsonl
7,1,58250,1.0,0.2495,jsonl
7,1,58500,1.0,0.248,jsonl
7,1,58750,1.0,0.248,jsonl
7,1,59000,1.0,0.249,jsonl
7,1,59250,1.0,0.2495,jsonl
7,1,59500,1.0,0.2495,jsonl
7,1,59750,1.0,0.2485,jsonl
7,1,60000,1.0,0.249,jsonl
7,1,60250,1.0,0.249,jsonl
7,1,60500,1.0,0.249,jsonl
7,1,60750,1.0,0.2495,jsonl
7,1,61000,1.0,0.2495,jsonl
7,1,61250,1.0,0.25,jsonl
7,1,61500,1.0,0.2495,jsonl
7,1,61750,1.0,0.249,jsonl
7,1,62000,1.0,0.2495,jsonl
7,1,62250,1.0,0.251,jsonl
7,1,62500,1.0,0.251,jsonl
7,1,62750,1.0,0.2505,jsonl
7,1,63000,1.0,0.25,jsonl
7,1,63250,1.0,0.25,jsonl
7,1,63500,1.0,0.25,jsonl
7,1,63750,1.0,0.251,jsonl
7,1,64000,1.0,0.2505,jsonl
7,1,64250,1.0,0.25,jsonl
7,1,64500,1.0,0.2505,jsonl
7,1,64750,1.0,0.2505,jsonl
7,1,65000,1.0,0.25,jsonl
7,1,65250,1.0,0.2495,jsonl
7,1,65500,1.0,0.2485,jsonl
7,1,65750,1.0,0.248,jsonl
7,1,66000,1.0,0.25,jsonl
7,1,66250,1.0,0.249,jsonl
7,1,66500,1.0,0.2495,jsonl
7,1,66750,1.0,0.2495,jsonl
7,1,67000,1.0,0.2485,jsonl
7,1,67250,1.0,0.2505,jsonl
7,1,67500,1.0,0.2505,jsonl
7,1,67750,1.0,0.2495,jsonl
7,1,68000,1.0,0.249,jsonl
7,1,68250,1.0,0.249,jsonl
7,1,68500,1.0,0.249,jsonl
7,1,68750,1.0,0.249,jsonl
7,1,69000,1.0,0.249,jsonl
7,1,69250,1.0,0.249,jsonl
7,1,69500,1.0,0.249,jsonl
7,1,69750,1.0,0.249,jsonl
7,1,70000,1.0,0.249,jsonl
7,1,70250,1.0,0.249,jsonl
7,1,70500,1.0,0.249,jsonl
7,2,250,0.126,0.1185,jsonl
7,2,500,0.123,0.1185,jsonl
7,2,750,0.151,0.13,jsonl
7,2,1000,0.136,0.1235,jsonl
7,2,1250,0.122,0.123,jsonl
7,2,1500,0.134,0.134,jsonl
7,2,1750,0.122,0.123,jsonl
7,2,2000,0.127,0.124,jsonl
7,2,2250,0.134,0.12,jsonl
7,2,2500,0.149,0.126,jsonl
7,2,2750,0.145,0.1205,jsonl
7,2,3000,0.121,0.128,jsonl
7,2,3250,0.146,0.1265,jsonl
7,2,3500,0.165,0.118,jsonl
7,2,3750,0.152,0.118,jsonl
7,2,4000,0.24,0.211,jsonl
7,2,4250,0.281,0.2505,jsonl
7,2,4500,0.318,0.246,jsonl
7,2,4750,0.298,0.2485,jsonl
7,2,5000,0.304,0.2385,jsonl
7,2,5250,0.352,0.242,jsonl
7,2,5500,0.336,0.228,jsonl
7,2,5750,0.339,0.246,jsonl
7,2,6000,0.327,0.2495,jsonl
7,2,6250,0.325,0.241,jsonl
7,2,6500,0.347,0.234,jsonl
7,2,6750,0.334,0.2305,jsonl
7,2,7000,0.338,0.2395,jsonl
7,2,7250,0.347,0.237,jsonl
7,2,7500,0.347,0.2425,jsonl
7,2,7750,0.392,0.2565,jsonl
7,2,8000,0.377,0.2265,jsonl
7,2,8250,0.323,0.249,jsonl
7,2,8500,0.365,0.2315,jsonl
7,2,8750,0.361,0.2545,jsonl
7,2,9000,0.376,0.2345,jsonl
7,2,9250,0.375,0.232,jsonl
7,2,9500,0.376,0.2395,jsonl
7,2,9750,0.357,0.2235,jsonl
7,2,10000,0.373,0.227,jsonl
7,2,10250,0.363,0.242,jsonl
7,2,10500,0.372,0.237,jsonl
7,2,10750,0.337,0.244,jsonl
7,2,11000,0.366,0.2215,jsonl
7,2,11250,0.408,0.2345,jsonl
7,2,11500,0.424,0.2315,jsonl
7,2,11750,0.36,0.248,jsonl
7,2,12000,0.426,0.2305,jsonl
7,2,12250,0.437,0.2445,jsonl
7,2,12500,0.442,0.2255,jsonl
7,2,12750,0.45,0.2245,jsonl
7,2,13000,0.431,0.236,jsonl
7,2,13250,0.509,0.2235,jsonl
7,2,13500,0.504,0.2385,jsonl
7,2,13750,0.541,0.232,jsonl
7,2,14000,0.5,0.2345,jsonl
7,2,14250,0.553,0.217,jsonl
7,2,14500,0.577,0.234,jsonl
7,2,14750,0.646,0.2305,jsonl
7,2,15000,0.688,0.2215,jsonl
7,2,15250,0.724,0.222,jsonl
7,2,15500,0.73,0.2315,jsonl
7,2,15750,0.771,0.224,jsonl
7,2,16000,0.796,0.222,jsonl
7,2,16250,0.831,0.2245,jsonl
7,2,16500,0.872,0.2185,jsonl
7,2,16750,0.914,0.2245,jsonl
7,2,17000,0.896,0.2315,jsonl
7,2,17250,0.944,0.2185,jsonl
7,2,17500,0.937,0.229,jsonl
7,2,17750,0.968,0.2155,jsonl
7,2,18000,0.962,0.221,jsonl
7,2,18250,0.978,0.2345,jsonl
7,2,18500,0.977,0.2325,jsonl
7,2,18750,0.991,0.24,jsonl
7,2,19000,0.988,0.241,jsonl
7,2,19250,0.98,0.231,jsonl
7,2,19500,0.99,0.2175,jsonl
7,2,19750,0.981,0.236,jsonl
7,2,20000,0.979,0.239,jsonl
7,2,20250,0.984,0.233,jsonl
7,2,20500,0.995,0.2295,jsonl
7,2,20750,0.991,0.241,jsonl
7,2,21000,0.989,0.2445,jsonl
7,2,21250,0.993,0.241,jsonl
7,2,21500,0.995,0.244,jsonl
7,2,21750,0.983,0.2415,jsonl
7,2,22000,0.982,0.248,jsonl
7,2,22250,0.996,0.2335,jsonl
7,2,22500,0.988,0.2485,jsonl
7,2,22750,0.987,0.2505,jsonl
7,2,23000,0.988,0.2475,jsonl
7,2,23250,0.991,0.2495,jsonl
7,2,23500,0.997,0.2605,jsonl
7,2,23750,0.999,0.2535,jsonl
7,2,24000,0.997,0.2455,jsonl
7,2,24250,0.984,0.2565,jsonl
7,2,24500,0.983,0.244,jsonl
7,2,24750,0.987,0.245,jsonl
7,2,25000,0.992,0.248,jsonl
7,2,25250,0.998,0.256,jsonl
7,2,25500,0.998,0.2555,jsonl
7,2,25750,0.994,0.262,jsonl
7,2,26000,0.995,0.2575,jsonl
7,2,26250,0.991,0.2505,jsonl
7,2,26500,0.993,0.252,jsonl
7,2,26750,0.991,0.269,jsonl
7,2,27000,0.998,0.265,jsonl
7,2,27250,0.996,0.2595,jsonl
7,2,27500,0.998,0.2605,jsonl
7,2,27750,0.994,0.2735,jsonl
7,2,28000,0.995,0.2615,jsonl
7,2,28250,0.988,0.265,jsonl
7,2,28500,0.997,0.268,jsonl
7,2,28750,0.999,0.264,jsonl
7,2,29000,1.0,0.2705,jsonl
7,2,29250,1.0,0.27,jsonl
7,2,29500,1.0,0.272,jsonl
7,2,29750,1.0,0.2725,jsonl
7,2,30000,1.0,0.272,jsonl
7,2,30250,1.0,0.2725,jsonl
7,2,30500,1.0,0.2735,jsonl
7,2,30750,1.0,0.2735,jsonl
7,2,31000,1.0,0.274,jsonl
7,2,31250,1.0,0.2745,jsonl
7,2,31500,1.0,0.2745,jsonl
7,2,31750,1.0,0.2735,jsonl
7,2,32000,1.0,0.275,jsonl
7,2,32250,1.0,0.276,jsonl
7,2,32500,1.0,0.2755,jsonl
7,2,32750,1.0,0.2755,jsonl
7,2,33000,1.0,0.2755,jsonl
7,2,33250,1.0,0.275,jsonl
7,2,33500,1.0,0.2745,jsonl
7,2,33750,1.0,0.2755,jsonl
7,2,34000,1.0,0.2745,jsonl
7,2,34250,1.0,0.2755,jsonl
7,2,34500,1.0,0.2755,jsonl
7,2,34750,1.0,0.2745,jsonl
7,2,35000,1.0,0.2755,jsonl
7,2,35250,1.0,0.2765,jsonl
7,2,35500,1.0,0.278,jsonl
7,2,35750,1.0,0.278,jsonl
7,2,36000,1.0,0.2785,jsonl
7,2,36250,1.0,0.2785,jsonl
7,2,36500,1.0,0.279,jsonl
7,2,36750,1.0,0.279,jsonl
7,2,37000,1.0,0.2795,jsonl
7,2,37250,1.0,0.2795,jsonl
7,2,37500,1.0,0.2795,jsonl
7,2,37750,1.0,0.2795,jsonl
7,2,38000,0.952,0.2655,jsonl
7,2,38250,0.997,0.263,jsonl
7,2,38500,0.998,0.2645,jsonl
7,2,38750,1.0,0.2645,jsonl
7,2,39000,1.0,0.2655,jsonl
7,2,39250,0.997,0.274,jsonl
7,2,39500,1.0,0.269,jsonl
7,2,39750,1.0,0.268,jsonl
7,2,40000,1.0,0.2695,jsonl
7,2,40250,1.0,0.268,jsonl
7,2,40500,1.0,0.267,jsonl
7,2,40750,1.0,0.268,jsonl
7,2,41000,1.0,0.267,jsonl
7,2,41250,1.0,0.267,jsonl
7,2,41500,1.0,0.2675,jsonl
7,2,41750,1.0,0.2675,jsonl
7,2,42000,1.0,0.2675,jsonl
7,2,42250,1.0,0.267,jsonl
7,2,42500,1.0,0.268,jsonl
7,2,42750,1.0,0.27,jsonl
7,2,43000,1.0,0.2705,jsonl
7,2,43250,1.0,0.2715,jsonl
7,2,43500,1.0,0.271,jsonl
7,2,43750,1.0,0.2715,jsonl
7,2,44000,1.0,0.2715,jsonl
7,2,44250,1.0,0.271,jsonl
7,2,44500,1.0,0.2725,jsonl
7,2,44750,1.0,0.2715,jsonl
7,2,45000,1.0,0.2705,jsonl
7,2,45250,1.0,0.2705,jsonl
7,2,45500,1.0,0.2695,jsonl
7,2,45750,1.0,0.27,jsonl
7,2,46000,1.0,0.2715,jsonl
7,2,46250,1.0,0.2715,jsonl
7,2,46500,1.0,0.272,jsonl
7,2,46750,1.0,0.272,jsonl
7,2,47000,1.0,0.273,jsonl
7,2,47250,1.0,0.2755,jsonl
7,2,47500,1.0,0.276,jsonl
7,2,47750,1.0,0.276,jsonl
7,2,48000,1.0,0.275,jsonl
7,2,48250,1.0,0.2755,jsonl
7,2,48500,1.0,0.2765,jsonl
7,2,48750,1.0,0.2765,jsonl
7,2,49000,1.0,0.277,jsonl
7,2,49250,1.0,0.278,jsonl
7,2,49500,1.0,0.2765,jsonl
7,2,49750,1.0,0.277,jsonl
7,2,50000,1.0,0.277,jsonl
7,2,50250,1.0,0.277,jsonl
7,2,50500,1.0,0.2765,jsonl
7,2,50750,1.0,0.276,jsonl
7,2,51000,1.0,0.2755,jsonl
7,2,51250,1.0,0.276,jsonl
7,2,51500,1.0,0.276,jsonl
7,2,51750,1.0,0.2755,jsonl
7,2,52000,1.0,0.2755,jsonl
7,2,52250,1.0,0.276,jsonl
7,2,52500,1.0,0.277,jsonl
7,2,52750,1.0,0.2765,jsonl
7,2,53000,1.0,0.277,jsonl
7,2,53250,1.0,0.278,jsonl
7,2,53500,1.0,0.2775,jsonl
7,2,53750,1.0,0.278,jsonl
7,2,54000,1.0,0.2775,jsonl
7,2,54250,1.0,0.2765,jsonl
7,2,54500,1.0,0.277,jsonl
7,2,54750,1.0,0.2775,jsonl
7,2,55000,1.0,0.2775,jsonl
7,2,55250,1.0,0.278,jsonl
7,2,55500,1.0,0.278,jsonl
7,2,55750,1.0,0.2785,jsonl
7,2,56000,1.0,0.2775,jsonl
7,2,56250,1.0,0.2775,jsonl
7,2,56500,1.0,0.2785,jsonl
7,2,56750,1.0,0.2795,jsonl
7,2,57000,1.0,0.2795,jsonl
7,2,57250,1.0,0.2785,jsonl
7,2,57500,1.0,0.278,jsonl
7,2,57750,1.0,0.278,jsonl
7,2,58000,1.0,0.279,jsonl
7,2,58250,1.0,0.279,jsonl
7,2,58500,1.0,0.2785,jsonl
7,2,58750,1.0,0.279,jsonl
7,2,59000,1.0,0.2795,jsonl
7,2,59250,1.0,0.2795,jsonl
7,2,59500,1.0,0.279,jsonl
7,2,59750,1.0,0.279,jsonl
7,2,60000,1.0,0.279,jsonl
7,2,60250,1.0,0.2795,jsonl
7,2,60500,1.0,0.2795,jsonl
7,2,60750,1.0,0.279,jsonl
7,2,61000,1.0,0.279,jsonl
7,2,61250,1.0,0.2785,jsonl
7,2,61500,1.0,0.2795,jsonl
7,2,61750,1.0,0.2795,jsonl
7,2,62000,1.0,0.28,jsonl
7,2,62250,1.0,0.2795,jsonl
7,2,62500,1.0,0.2795,jsonl
7,2,62750,1.0,0.2795,jsonl
7,2,63000,1.0,0.279,jsonl
7,2,63250,1.0,0.279,jsonl
7,2,63500,1.0,0.279,jsonl
7,2,63750,1.0,0.279,jsonl
7,2,64000,1.0,0.279,jsonl
7,2,64250,1.0,0.2785,jsonl
7,2,64500,1.0,0.279,jsonl
7,2,64750,1.0,0.2785,jsonl
7,2,65000,1.0,0.2785,jsonl
7,2,65250,1.0,0.2785,jsonl
7,2,65500,1.0,0.2785,jsonl
7,2,65750,1.0,0.2785,jsonl
7,2,66000,1.0,0.2785,jsonl
7,2,66250,1.0,0.2785,jsonl
7,2,66500,1.0,0.278,jsonl
7,2,66750,1.0,0.278,jsonl
7,2,67000,1.0,0.278,jsonl
7,2,67250,1.0,0.278,jsonl
7,2,67500,1.0,0.278,jsonl
7,2,67750,1.0,0.278,jsonl
7,2,68000,1.0,0.278,jsonl
7,2,68250,1.0,0.278,jsonl
7,2,68500,1.0,0.278,jsonl
7,2,68750,1.0,0.278,jsonl
7,2,69000,1.0,0.278,jsonl
7,2,69250,1.0,0.2775,jsonl
7,2,69500,1.0,0.2775,jsonl
7,2,69750,1.0,0.2775,jsonl
7,2,70000,1.0,0.2775,jsonl
7,2,70250,1.0,0.2775,jsonl
7,2,70500,1.0,0.2775,jsonl
7,42,0,0.0,0.0,csv
7,42,500,0.126,0.1295,csv
7,42,1000,0.1221333333,0.12,csv
7,42,1500,0.1254,0.128,csv
7,42,2000,0.1264,0.1235,csv
7,42,2500,0.1402,0.114,csv
7,42,3000,0.1705333333,0.129,csv
7,42,3500,0.1774666667,0.12,csv
7,42,4000,0.2748,0.235,csv
7,42,4500,0.3133333333,0.2415,csv
7,42,5000,0.3150666667,0.2505,csv
7,42,5500,0.3268666667,0.244,csv
7,42,6000,0.3343333333,0.2585,csv
7,42,6500,0.3108666667,0.243,csv
7,42,7000,0.3501333333,0.249,csv
7,42,7500,0.3417333333,0.2395,csv
7,42,8000,0.3320666667,0.2365,csv
7,42,8500,0.3502,0.243,csv
7,42,9000,0.3184,0.255,csv
7,42,9500,0.3562,0.235,csv
7,42,10000,0.3594666667,0.2435,csv
7,42,10500,0.3509333333,0.2375,csv
7,42,11000,0.3655333333,0.2515,csv
7,42,11500,0.373,0.245,csv
7,42,12000,0.3602,0.241,csv
7,42,12500,0.3724666667,0.2415,csv
7,42,13000,0.3896,0.239,csv
7,42,13500,0.3794666667,0.2515,csv
7,42,14000,0.385,0.2505,csv
7,42,14500,0.4265333333,0.249,csv
7,42,15000,0.4332,0.2345,csv
7,42,15500,0.4524,0.244,csv
7,42,16000,0.5104,0.231,csv
7,42,16500,0.5419333333,0.2155,csv
7,42,17000,0.5704666667,0.235,csv
7,42,17500,0.6458666667,0.2285,csv
7,42,18000,0.7192,0.2265,csv
7,42,18500,0.7856,0.2205,csv
7,42,19000,0.8382,0.2305,csv
7,42,19500,0.8994,0.2255,csv
7,42,20000,0.9312666667,0.225,csv
7,42,20500,0.9530666667,0.2245,csv
7,42,21000,0.9846666667,0.2385,csv
7,42,21500,0.9833333333,0.2295,csv
7,42,22000,0.9809333333,0.2435,csv
7,42,22500,0.9681333333,0.245,csv
7,42,23000,0.9965333333,0.2435,csv
7,42,23500,0.995,0.2375,csv
7,42,24000,0.9546666667,0.2405,csv
7,42,24500,0.9885333333,0.2435,csv
7,42,25000,0.9986,0.244,csv
7,42,25500,0.9990666667,0.2445,csv
7,42,26000,0.9991333333,0.2435,csv
7,42,26500,0.9603333333,0.256,csv
7,42,27000,0.9984,0.26,csv
7,42,27500,0.9986666667,0.2595,csv
7,42,28000,0.9991333333,0.2635,csv
7,42,28500,0.9524,0.256,csv
7,42,29000,0.998,0.2635,csv
7,42,29500,0.9999333333,0.255,csv
7,42,30000,1.0,0.2515,csv
8,1,250,0.115,0.098,jsonl
8,1,500,0.125,0.1075,jsonl
8,1,750,0.136,0.115,jsonl
8,1,1000,0.137,0.116,jsonl
8,1,1250,0.108,0.1115,jsonl
8,1,1500,0.095,0.114,jsonl
8,1,1750,0.1,0.1165,jsonl
8,1,2000,0.101,0.103,jsonl
8,1,2250,0.14,0.1095,jsonl
8,1,2500,0.104,0.1095,jsonl
8,1,2750,0.125,0.1005,jsonl
8,1,3000,0.118,0.1145,jsonl
8,1,3250,0.13,0.1165,jsonl
8,1,3500,0.129,0.115,jsonl
8,1,3750,0.113,0.1095,jsonl
8,1,4000,0.143,0.104,jsonl
8,1,4250,0.117,0.108,jsonl
8,1,4500,0.133,0.1035,jsonl
8,1,4750,0.147,0.1055,jsonl
8,1,5000,0.163,0.0955,jsonl
8,1,5250,0.168,0.111,jsonl
8,1,5500,0.149,0.1055,jsonl
8,1,5750,0.168,0.0995,jsonl
8,1,6000,0.175,0.107,jsonl
8,1,6250,0.198,0.1095,jsonl
8,1,6500,0.171,0.104,jsonl
8,1,6750,0.178,0.103,jsonl
8,1,7000,0.169,0.103,jsonl
8,1,7250,0.191,0.0995,jsonl
8,1,7500,0.209,0.0965,jsonl
8,1,7750,0.193,0.101,jsonl
8,1,8000,0.206,0.104,jsonl
8,1,8250,0.229,0.0915,jsonl
8,1,8500,0.215,0.1005,jsonl
8,1,8750,0.229,0.0995,jsonl
8,1,9000,0.272,0.11,jsonl
8,1,9250,0.27,0.1,jsonl
8,1,9500,0.313,0.1,jsonl
8,1,9750,0.344,0.107,jsonl
8,1,10000,0.34,0.0995,jsonl
8,1,10250,0.355,0.115,jsonl
8,1,10500,0.449,0.15,jsonl
8,1,10750,0.526,0.1785,jsonl
8,1,11000,0.594,0.219,jsonl
8,1,11250,0.682,0.279,jsonl
8,1,11500,0.741,0.3635,jsonl
8,1,11750,0.814,0.4365,jsonl
8,1,12000,0.861,0.4965,jsonl
8,1,12250,0.919,0.525,jsonl
8,1,12500,0.925,0.5345,jsonl
8,1,12750,0.95,0.5695,jsonl
8,1,13000,0.972,0.5955,jsonl
8,1,13250,0.938,0.5375,jsonl
8,1,13500,0.973,0.6025,jsonl
8,1,13750,0.965,0.597,jsonl
8,1,14000,0.976,0.594,jsonl
8,1,14250,0.963,0.574,jsonl
8,1,14500,0.967,0.611,jsonl
8,1,14750,0.967,0.614,jsonl
8,1,15000,0.954,0.6035,jsonl
8,1,15250,0.981,0.5915,jsonl
8,1,15500,0.989,0.647,jsonl
8,1,15750,0.98,0.6175,jsonl
8,1,16000,0.965,0.604,jsonl
8,1,16250,0.976,0.5915,jsonl
8,1,16500,0.976,0.614,jsonl
8,1,16750,0.935,0.571,jsonl
8,1,17000,0.989,0.658,jsonl
8,1,17250,0.953,0.5865,jsonl
8,1,17500,0.983,0.6345,jsonl
8,1,17750,0.992,0.6485,jsonl
8,1,18000,0.979,0.642,jsonl
8,1,18250,0.984,0.646,jsonl
8,1,18500,0.995,0.677,jsonl
8,1,18750,0.989,0.6415,jsonl
8,1,19000,0.965,0.608,jsonl
8,1,19250,0.981,0.6335,jsonl
8,1,19500,0.988,0.6585,jsonl
8,1,19750,0.995,0.6765,jsonl
8,1,20000,0.997,0.6915,jsonl
8,1,20250,0.997,0.7155,jsonl
8,1,20500,0.989,0.6455,jsonl
8,1,20750,0.938,0.5455,jsonl
8,1,21000,0.989,0.642,jsonl
8,1,21250,0.985,0.655,jsonl
8,1,21500,0.997,0.696,jsonl
8,1,21750,0.999,0.6985,jsonl
8,1,22000,0.957,0.5575,jsonl
8,1,22250,0.984,0.6385,jsonl
8,1,22500,0.996,0.691,jsonl
8,1,22750,0.993,0.6735,jsonl
8,1,23000,0.991,0.6745,jsonl
8,1,23250,0.995,0.671,jsonl
8,1,23500,0.973,0.601,jsonl
8,1,23750,0.995,0.663,jsonl
8,1,24000,0.987,0.6285,jsonl
8,1,24250,0.99,0.6575,jsonl
8,1,24500,0.999,0.695,jsonl
8,1,24750,1.0,0.703,jsonl
8,1,25000,0.997,0.697,jsonl
8,1,25250,0.984,0.625,jsonl
8,1,25500,0.979,0.621,jsonl
8,1,25750,0.996,0.6635,jsonl
8,1,26000,0.998,0.6915,jsonl
8,1,26250,1.0,0.686,jsonl
8,1,26500,0.978,0.634,jsonl
8,1,26750,0.976,0.6355,jsonl
8,1,27000,0.99,0.675,jsonl
8,1,27250,0.998,0.6715,jsonl
8,1,27500,0.996,0.6735,jsonl
8,1,27750,0.986,0.655,jsonl
8,1,28000,0.997,0.657,jsonl
8,1,28250,0.995,0.667,jsonl
8,1,28500,0.994,0.653,jsonl
8,1,28750,0.991,0.6495,jsonl
8,1,29000,0.994,0.679,jsonl
8,1,29250,1.0,0.668,jsonl
8,1,29500,0.998,0.6785,jsonl
8,1,29750,0.999,0.651,jsonl
8,1,30000,0.995,0.6505,jsonl
8,1,30250,0.996,0.6835,jsonl
8,1,30500,1.0,0.6805,jsonl
8,1,30750,0.995,0.669,jsonl
8,1,31000,0.997,0.654,jsonl
8,1,31250,0.993,0.656,jsonl
8,1,31500,0.998,0.659,jsonl
8,1,31750,0.995,0.6825,jsonl
8,1,32000,1.0,0.6815,jsonl
8,1,32250,1.0,0.6795,jsonl
8,1,32500,0.999,0.6765,jsonl
8,1,32750,0.994,0.659,jsonl
8,1,33000,0.989,0.647,jsonl
8,1,33250,0.993,0.671,jsonl
8,1,33500,0.989,0.653,jsonl
8,1,33750,0.998,0.678,jsonl
8,1,34000,1.0,0.6945,jsonl
8,1,34250,0.998,0.666,jsonl
8,1,34500,0.999,0.674,jsonl
8,1,34750,0.998,0.6595,jsonl
8,1,35000,0.999,0.675,jsonl
8,1,35250,0.996,0.678,jsonl
8,1,35500,0.998,0.6675,jsonl
8,1,35750,0.995,0.6615,jsonl
8,1,36000,0.998,0.679,jsonl
8,1,36250,0.998,0.6785,jsonl
8,1,36500,0.997,0.69,jsonl
8,1,36750,0.999,0.692,jsonl
8,1,37000,1.0,0.714,jsonl
8,1,37250,0.996,0.664,jsonl
8,1,37500,0.996,0.6335,jsonl
8,1,37750,1.0,0.6905,jsonl
8,1,38000,1.0,0.691,jsonl
8,1,38250,1.0,0.696,jsonl
8,1,38500,1.0,0.7015,jsonl
8,1,38750,1.0,0.7035,jsonl
8,1,39000,1.0,0.7055,jsonl
8,1,39250,1.0,0.708,jsonl
8,1,39500,1.0,0.71,jsonl
8,1,39750,1.0,0.712,jsonl
8,1,40000,1.0,0.713,jsonl
8,1,40250,1.0,0.715,jsonl
8,1,40500,1.0,0.716,jsonl
8,1,40750,1.0,0.718,jsonl
8,1,41000,1.0,0.7205,jsonl
8,1,41250,1.0,0.722,jsonl
8,1,41500,1.0,0.723,jsonl
8,1,41750,1.0,0.7235,jsonl
8,1,42000,1.0,0.7245,jsonl
8,1,42250,1.0,0.7255,jsonl
8,1,42500,1.0,0.7265,jsonl
8,1,42750,1.0,0.727,jsonl
8,1,43000,1.0,0.7265,jsonl
8,1,43250,1.0,0.728,jsonl
8,1,43500,1.0,0.7315,jsonl
8,1,43750,1.0,0.733,jsonl
8,1,44000,1.0,0.7345,jsonl
8,1,44250,1.0,0.735,jsonl
8,1,44500,1.0,0.7365,jsonl
8,1,44750,1.0,0.737,jsonl
8,1,45000,1.0,0.737,jsonl
8,1,45250,1.0,0.7365,jsonl
8,1,45500,1.0,0.7385,jsonl
8,1,45750,1.0,0.74,jsonl
8,1,46000,1.0,0.74,jsonl
8,1,46250,1.0,0.741,jsonl
8,1,46500,1.0,0.7405,jsonl
8,1,46750,1.0,0.742,jsonl
8,1,47000,1.0,0.7435,jsonl
8,1,47250,1.0,0.745,jsonl
8,1,47500,1.0,0.7455,jsonl
8,1,47750,1.0,0.7475,jsonl
8,1,48000,1.0,0.748,jsonl
8,1,48250,1.0,0.749,jsonl
8,1,48500,1.0,0.7495,jsonl
8,1,48750,1.0,0.7515,jsonl
8,1,49000,1.0,0.7515,jsonl
8,1,49250,1.0,0.751,jsonl
8,1,49500,1.0,0.753,jsonl
8,1,49750,1.0,0.753,jsonl
8,1,50000,1.0,0.7535,jsonl
8,1,50250,1.0,0.753,jsonl
8,1,50500,1.0,0.754,jsonl
8,1,50750,0.997,0.6695,jsonl
8,1,51000,0.999,0.6875,jsonl
8,1,51250,1.0,0.6855,jsonl
8,1,51500,1.0,0.696,jsonl
8,1,51750,1.0,0.696,jsonl
8,1,52000,1.0,0.699,jsonl
8,1,52250,1.0,0.7025,jsonl
8,1,52500,1.0,0.704,jsonl
8,1,52750,1.0,0.7035,jsonl
8,1,53000,1.0,0.707,jsonl
8,1,53250,1.0,0.7085,jsonl
8,1,53500,1.0,0.7095,jsonl
8,1,53750,1.0,0.7095,jsonl
8,1,54000,1.0,0.7115,jsonl
8,1,54250,1.0,0.7145,jsonl
8,1,54500,1.0,0.717,jsonl
8,1,54750,1.0,0.7195,jsonl
8,1,55000,1.0,0.7195,jsonl
8,1,55250,1.0,0.719,jsonl
8,1,55500,1.0,0.7185,jsonl
8,1,55750,1.0,0.722,jsonl
8,1,56000,1.0,0.7215,jsonl
8,1,56250,1.0,0.7225,jsonl
8,1,56500,1.0,0.7235,jsonl
8,1,56750,1.0,0.7245,jsonl
8,1,57000,1.0,0.7245,jsonl
8,1,57250,1.0,0.725,jsonl
8,1,57500,1.0,0.7255,jsonl
8,1,57750,1.0,0.7265,jsonl
8,1,58000,1.0,0.7285,jsonl
8,1,58250,1.0,0.728,jsonl
8,1,58500,1.0,0.729,jsonl
8,1,58750,1.0,0.73,jsonl
8,1,59000,1.0,0.7295,jsonl
8,1,59250,1.0,0.7305,jsonl
8,1,59500,1.0,0.73,jsonl
8,1,59750,1.0,0.7315,jsonl
8,1,60000,1.0,0.732,jsonl
8,1,60250,1.0,0.7325,jsonl
8,1,60500,1.0,0.734,jsonl
8,1,60750,1.0,0.735,jsonl
8,1,61000,1.0,0.7355,jsonl
8,1,61250,1.0,0.7355,jsonl
8,1,61500,1.0,0.7355,jsonl
8,1,61750,1.0,0.736,jsonl
8,1,62000,1.0,0.7365,jsonl
8,1,62250,1.0,0.7365,jsonl
8,1,62500,1.0,0.737,jsonl
8,1,62750,1.0,0.7375,jsonl
8,1,63000,1.0,0.738,jsonl
8,1,63250,1.0,0.738,jsonl
8,1,63500,1.0,0.738,jsonl
8,1,63750,1.0,0.7385,jsonl
8,1,64000,1.0,0.738,jsonl
8,1,64250,1.0,0.739,jsonl
8,1,64500,1.0,0.74,jsonl
8,1,64750,1.0,0.7415,jsonl
8,1,65000,1.0,0.7415,jsonl
8,1,65250,1.0,0.7415,jsonl
8,1,65500,1.0,0.742,jsonl
8,1,65750,1.0,0.742,jsonl
8,1,66000,1.0,0.742,jsonl
8,1,66250,1.0,0.742,jsonl
8,1,66500,1.0,0.742,jsonl
8,1,66750,1.0,0.742,jsonl
8,1,67000,1.0,0.742,jsonl
8,1,67250,1.0,0.742,jsonl
8,1,67500,1.0,0.742,jsonl
8,1,67750,1.0,0.742,jsonl
8,1,68000,1.0,0.742,jsonl
8,1,68250,1.0,0.742,jsonl
8,1,68500,1.0,0.742,jsonl
8,1,68750,1.0,0.742,jsonl
8,1,69000,1.0,0.742,jsonl
8,1,69250,1.0,0.742,jsonl
8,1,69500,1.0,0.742,jsonl
8,1,69750,1.0,0.742,jsonl
8,1,70000,1.0,0.742,jsonl
8,1,70250,1.0,0.742,jsonl
8,1,70500,1.0,0.742,jsonl
8,2,250,0.111,0.1125,jsonl
8,2,500,0.124,0.119,jsonl
8,2,750,0.122,0.1155,jsonl
8,2,1000,0.107,0.1125,jsonl
8,2,1250,0.109,0.098,jsonl
8,2,1500,0.113,0.101,jsonl
8,2,1750,0.11,0.0975,jsonl
8,2,2000,0.108,0.1055,jsonl
8,2,2250,0.113,0.101,jsonl
8,2,2500,0.112,0.1125,jsonl
8,2,2750,0.109,0.1035,jsonl
8,2,3000,0.131,0.104,jsonl
8,2,3250,0.13,0.099,jsonl
8,2,3500,0.139,0.103,jsonl
8,2,3750,0.109,0.1055,jsonl
8,2,4000,0.125,0.116,jsonl
8,2,4250,0.127,0.1045,jsonl
8,2,4500,0.151,0.112,jsonl
8,2,4750,0.165,0.1125,jsonl
8,2,5000,0.164,0.109,jsonl
8,2,5250,0.145,0.117,jsonl
8,2,5500,0.192,0.109,jsonl
8,2,5750,0.18,0.102,jsonl
8,2,6000,0.18,0.1015,jsonl
8,2,6250,0.144,0.1025,jsonl
8,2,6500,0.185,0.102,jsonl
8,2,6750,0.167,0.107,jsonl
8,2,7000,0.151,0.105,jsonl
8,2,7250,0.16,0.1005,jsonl
8,2,7500,0.175,0.096,jsonl
8,2,7750,0.176,0.1025,jsonl
8,2,8000,0.134,0.1105,jsonl
8,2,8250,0.173,0.1025,jsonl
8,2,8500,0.153,0.1065,jsonl
8,2,8750,0.176,0.1055,jsonl
8,2,9000,0.185,0.1,jsonl
8,2,9250,0.183,0.1045,jsonl
8,2,9500,0.161,0.1,jsonl
8,2,9750,0.194,0.1015,jsonl
8,2,10000,0.191,0.098,jsonl
8,2,10250,0.163,0.105,jsonl
8,2,10500,0.188,0.1015,jsonl
8,2,10750,0.206,0.0985,jsonl
8,2,11000,0.206,0.0975,jsonl
8,2,11250,0.191,0.097,jsonl
8,2,11500,0.216,0.098,jsonl
8,2,11750,0.226,0.096,jsonl
8,2,12000,0.258,0.095,jsonl
8,2,12250,0.249,0.1065,jsonl
8,2,12500,0.261,0.0925,jsonl
8,2,12750,0.285,0.0985,jsonl
8,2,13000,0.284,0.1055,jsonl
8,2,13250,0.32,0.106,jsonl
8,2,13500,0.387,0.107,jsonl
8,2,13750,0.417,0.106,jsonl
8,2,14000,0.443,0.1085,jsonl
8,2,14250,0.503,0.1195,jsonl
8,2,14500,0.587,0.1135,jsonl
8,2,14750,0.65,0.123,jsonl
8,2,15000,0.713,0.1345,jsonl
8,2,15250,0.758,0.141,jsonl
8,2,15500,0.848,0.1655,jsonl
8,2,15750,0.833,0.1525,jsonl
8,2,16000,0.883,0.1565,jsonl
8,2,16250,0.939,0.1855,jsonl
8,2,16500,0.973,0.184,jsonl
8,2,16750,0.957,0.182,jsonl
8,2,17000,0.978,0.177,jsonl
8,2,17250,0.978,0.194,jsonl
8,2,17500,0.984,0.1905,jsonl
8,2,17750,0.996,0.2,jsonl
8,2,18000,0.987,0.1885,jsonl
8,2,18250,0.97,0.194,jsonl
8,2,18500,0.973,0.1925,jsonl
8,2,18750,0.969,0.1885,jsonl
8,2,19000,0.991,0.201,jsonl
8,2,19250,0.984,0.2005,jsonl
8,2,19500,0.985,0.1995,jsonl
8,2,19750,0.991,0.199,jsonl
8,2,20000,0.995,0.2125,jsonl
8,2,20250,0.985,0.209,jsonl
8,2,20500,0.966,0.19,jsonl
8,2,20750,0.986,0.2055,jsonl
8,2,21000,0.995,0.2225,jsonl
8,2,21250,0.996,0.2095,jsonl
8,2,21500,0.957,0.1795,jsonl
8,2,21750,0.989,0.2085,jsonl
8,2,22000,0.993,0.2145,jsonl
8,2,22250,0.997,0.2105,jsonl
8,2,22500,0.996,0.2185,jsonl
8,2,22750,0.999,0.222,jsonl
8,2,23000,0.98,0.2125,jsonl
8,2,23250,0.981,0.202,jsonl
8,2,23500,0.986,0.2145,jsonl
8,2,23750,0.991,0.215,jsonl
8,2,24000,0.992,0.225,jsonl
8,2,24250,0.992,0.2175,jsonl
8,2,24500,0.996,0.2225,jsonl
8,2,24750,0.985,0.2225,jsonl
8,2,25000,0.995,0.2265,jsonl
8,2,25250,0.993,0.2175,jsonl
8,2,25500,0.997,0.221,jsonl
8,2,25750,0.996,0.2335,jsonl
8,2,26000,0.997,0.232,jsonl
8,2,26250,0.994,0.2235,jsonl
8,2,26500,0.997,0.2215,jsonl
8,2,26750,0.991,0.229,jsonl
8,2,27000,0.984,0.2275,jsonl
8,2,27250,0.958,0.208,jsonl
8,2,27500,0.995,0.231,jsonl
8,2,27750,0.998,0.2255,jsonl
8,2,28000,0.999,0.239,jsonl
8,2,28250,0.999,0.2385,jsonl
8,2,28500,1.0,0.2465,jsonl
8,2,28750,0.999,0.243,jsonl
8,2,29000,0.999,0.2275,jsonl
8,2,29250,0.96,0.2215,jsonl
8,2,29500,0.995,0.2365,jsonl
8,2,29750,0.993,0.2485,jsonl
8,2,30000,0.996,0.246,jsonl
8,2,30250,1.0,0.254,jsonl
8,2,30500,1.0,0.2615,jsonl
8,2,30750,0.999,0.2555,jsonl
8,2,31000,0.997,0.233,jsonl
8,2,31250,0.984,0.233,jsonl
8,2,31500,0.991,0.2465,jsonl
8,2,31750,0.996,0.2535,jsonl
8,2,32000,1.0,0.2465,jsonl
8,2,32250,1.0,0.2595,jsonl
8,2,32500,0.997,0.2565,jsonl
8,2,32750,0.998,0.26,jsonl
8,2,33000,0.998,0.255,jsonl
8,2,33250,1.0,0.2525,jsonl
8,2,33500,0.997,0.251,jsonl
8,2,33750,0.998,0.2605,jsonl
8,2,34000,0.996,0.238,jsonl
8,2,34250,0.998,0.2625,jsonl
8,2,34500,0.998,0.2455,jsonl
8,2,34750,0.997,0.2515,jsonl
8,2,35000,0.998,0.2585,jsonl
8,2,35250,0.998,0.256,jsonl
8,2,35500,0.998,0.2575,jsonl
8,2,35750,0.995,0.2565,jsonl
8,2,36000,0.996,0.246,jsonl
8,2,36250,0.999,0.2595,jsonl
8,2,36500,0.998,0.2445,jsonl
8,2,36750,0.999,0.2495,jsonl
8,2,37000,0.999,0.262,jsonl
8,2,37250,1.0,0.262,jsonl
8,2,37500,1.0,0.2585,jsonl
8,2,37750,1.0,0.2595,jsonl
8,2,38000,1.0,0.2585,jsonl
8,2,38250,1.0,0.2595,jsonl
8,2,38500,1.0,0.259,jsonl
8,2,38750,1.0,0.258,jsonl
8,2,39000,1.0,0.2595,jsonl
8,2,39250,1.0,0.2625,jsonl
8,2,39500,1.0,0.2625,jsonl
8,2,39750,1.0,0.262,jsonl
8,2,40000,1.0,0.2615,jsonl
8,2,40250,1.0,0.2625,jsonl
8,2,40500,1.0,0.2625,jsonl
8,2,40750,1.0,0.262,jsonl
8,2,41000,1.0,0.2615,jsonl
8,2,41250,1.0,0.262,jsonl
8,2,41500,1.0,0.2625,jsonl
8,2,41750,1.0,0.2625,jsonl
8,2,42000,1.0,0.2635,jsonl
8,2,42250,1.0,0.2655,jsonl
8,2,42500,1.0,0.2645,jsonl
8,2,42750,1.0,0.2645,jsonl
8,2,43000,1.0,0.264,jsonl
8,2,43250,1.0,0.264,jsonl
8,2,43500,1.0,0.2645,jsonl
8,2,43750,1.0,0.265,jsonl
8,2,44000,1.0,0.2655,jsonl
8,2,44250,1.0,0.2645,jsonl
8,2,44500,1.0,0.2645,jsonl
8,2,44750,1.0,0.264,jsonl
8,2,45000,1.0,0.265,jsonl
8,2,45250,1.0,0.2655,jsonl
8,2,45500,1.0,0.265,jsonl
8,2,45750,1.0,0.266,jsonl
8,2,46000,1.0,0.266,jsonl
8,2,46250,1.0,0.267,jsonl
8,2,46500,1.0,0.267,jsonl
8,2,46750,1.0,0.267,jsonl
8,2,47000,1.0,0.2655,jsonl
8,2,47250,1.0,0.2665,jsonl
8,2,47500,1.0,0.2645,jsonl
8,2,47750,1.0,0.2655,jsonl
8,2,48000,1.0,0.2655,jsonl
8,2,48250,1.0,0.2655,jsonl
8,2,48500,1.0,0.266,jsonl
8,2,48750,0.991,0.2525,jsonl
8,2,49000,0.999,0.2575,jsonl
8,2,49250,1.0,0.2575,jsonl
8,2,49500,1.0,0.26,jsonl
8,2,49750,1.0,0.258,jsonl
8,2,50000,1.0,0.2585,jsonl
8,2,50250,1.0,0.258,jsonl
8,2,50500,1.0,0.259,jsonl
8,2,50750,1.0,0.2605,jsonl
8,2,51000,1.0,0.261,jsonl
8,2,51250,1.0,0.2605,jsonl
8,2,51500,1.0,0.261,jsonl
8,2,51750,1.0,0.2615,jsonl
8,2,52000,1.0,0.2635,jsonl
8,2,52250,1.0,0.2635,jsonl
8,2,52500,1.0,0.263,jsonl
8,2,52750,1.0,0.264,jsonl
8,2,53000,1.0,0.2645,jsonl
8,2,53250,1.0,0.2665,jsonl
8,2,53500,1.0,0.267,jsonl
8,2,53750,1.0,0.2685,jsonl
8,2,54000,1.0,0.268,jsonl
8,2,54250,1.0,0.2675,jsonl
8,2,54500,1.0,0.2675,jsonl
8,2,54750,1.0,0.2685,jsonl
8,2,55000,1.0,0.2685,jsonl
8,2,55250,1.0,0.269,jsonl
8,2,55500,1.0,0.2695,jsonl
8,2,55750,1.0,0.27,jsonl
8,2,56000,1.0,0.2705,jsonl
8,2,56250,1.0,0.2705,jsonl
8,2,56500,1.0,0.2705,jsonl
8,2,56750,1.0,0.271,jsonl
8,2,57000,1.0,0.271,jsonl
8,2,57250,1.0,0.27,jsonl
8,2,57500,1.0,0.27,jsonl
8,2,57750,1.0,0.27,jsonl
8,2,58000,1.0,0.2695,jsonl
8,2,58250,1.0,0.2695,jsonl
8,2,58500,1.0,0.2695,jsonl
8,2,58750,1.0,0.2695,jsonl
8,2,59000,1.0,0.2685,jsonl
8,2,59250,1.0,0.2685,jsonl
8,2,59500,1.0,0.2685,jsonl
8,2,59750,1.0,0.2685,jsonl
8,2,60000,1.0,0.2685,jsonl
8,2,60250,1.0,0.269,jsonl
8,2,60500,1.0,0.2695,jsonl
8,2,60750,1.0,0.2695,jsonl
8,2,61000,1.0,0.269,jsonl
8,2,61250,1.0,0.27,jsonl
8,2,61500,1.0,0.27,jsonl
8,2,61750,1.0,0.2695,jsonl
8,2,62000,1.0,0.27,jsonl
8,2,62250,1.0,0.2705,jsonl
8,2,62500,1.0,0.2705,jsonl
8,2,62750,1.0,0.2705,jsonl
8,2,63000,1.0,0.271,jsonl
8,2,63250,1.0,0.2705,jsonl
8,2,63500,1.0,0.271,jsonl
8,2,63750,1.0,0.2715,jsonl
8,2,64000,1.0,0.2705,jsonl
8,2,64250,1.0,0.271,jsonl
8,2,64500,1.0,0.271,jsonl
8,2,64750,1.0,0.2705,jsonl
8,2,65000,1.0,0.271,jsonl
8,2,65250,1.0,0.27,jsonl
8,2,65500,1.0,0.27,jsonl
8,2,65750,1.0,0.27,jsonl
8,2,66000,1.0,0.27,jsonl
8,2,66250,1.0,0.27,jsonl
8,2,66500,1.0,0.2705,jsonl
8,2,66750,1.0,0.27,jsonl
8,2,67000,1.0,0.27,jsonl
8,2,67250,1.0,0.27,jsonl
8,2,67500,1.0,0.27,jsonl
8,2,67750,1.0,0.27,jsonl
8,2,68000,1.0,0.27,jsonl
8,2,68250,1.0,0.27,jsonl
8,2,68500,1.0,0.27,jsonl
8,2,68750,1.0,0.27,jsonl
8,2,69000,1.0,0.27,jsonl
8,2,69250,1.0,0.27,jsonl
8,2,69500,1.0,0.2695,jsonl
8,2,69750,1.0,0.2695,jsonl
8,2,70000,1.0,0.27,jsonl
8,2,70250,1.0,0.2695,jsonl
8,2,70500,1.0,0.2695,jsonl
8,42,0,0.0,0.0,csv
8,42,500,0.1107333333,0.105,csv
8,42,1000,0.1217333333,0.1165,csv
8,42,1500,0.1154666667,0.1155,csv
8,42,2000,0.1132,0.1145,csv
8,42,2500,0.1245333333,0.1145,csv
8,42,3000,0.1286666667,0.1025,csv
8,42,3500,0.1111333333,0.1005,csv
8,42,4000,0.1515333333,0.1085,csv
8,42,4500,0.1589333333,0.119,csv
8,42,5000,0.1601333333,0.1025,csv
8,42,5500,0.1612666667,0.11,csv
8,42,6000,0.1822,0.103,csv
8,42,6500,0.1945333333,0.1,csv
8,42,7000,0.1809333333,0.0915,csv
8,42,7500,0.1722666667,0.106,csv
8,42,8000,0.2136,0.0995,csv
8,42,8500,0.1994,0.098,csv
8,42,9000,0.2067333333,0.099,csv
8,42,9500,0.2244,0.098,csv
8,42,10000,0.2628,0.0995,csv
8,42,10500,0.2894666667,0.1065,csv
8,42,11000,0.3873333333,0.212,csv
8,42,11500,0.672,0.545,csv
8,42,12000,0.9024666667,0.8435,csv
8,42,12500,0.9198,0.8575,csv
8,42,13000,0.9405333333,0.886,csv
8,42,13500,0.9718666667,0.9345,csv
8,42,14000,0.9527333333,0.9165,csv
8,42,14500,0.9760666667,0.935,csv
8,42,15000,0.9944,0.974,csv
8,42,15500,0.9668,0.944,csv
8,42,16000,0.9608,0.9225,csv
8,42,16500,0.9456,0.906,csv
8,42,17000,0.8978,0.858,csv
8,42,17500,0.9777333333,0.952,csv
8,42,18000,0.9984,0.983,csv
8,42,18500,1.0,1.0,csv_fill
8,42,19000,1.0,1.0,csv_fill
8,42,19500,1.0,1.0,csv_fill
8,42,20000,1.0,1.0,csv_fill
8,42,20500,1.0,1.0,csv_fill
8,42,21000,1.0,1.0,csv_fill
8,42,21500,1.0,1.0,csv_fill
8,42,22000,1.0,1.0,csv_fill
8,42,22500,1.0,1.0,csv_fill
8,42,23000,1.0,1.0,csv_fill
8,42,23500,1.0,1.0,csv_fill
8,42,24000,1.0,1.0,csv_fill
8,42,24500,1.0,1.0,csv_fill
8,42,25000,1.0,1.0,csv_fill
8,42,25500,1.0,1.0,csv_fill
8,42,26000,1.0,1.0,csv_fill
8,42,26500,1.0,1.0,csv_fill
8,42,27000,1.0,1.0,csv_fill
8,42,27500,1.0,1.0,csv_fill
8,42,28000,1.0,1.0,csv_fill
8,42,28500,1.0,1.0,csv_fill
8,42,29000,1.0,1.0,csv_fill
8,42,29500,1.0,1.0,csv_fill
8,42,30000,1.0,1.0,csv_fill
8,42,30500,1.0,1.0,csv_fill
8,42,31000,1.0,1.0,csv_fill
8,42,31500,1.0,1.0,csv_fill
8,42,32000,1.0,1.0,csv_fill
8,42,32500,1.0,1.0,csv_fill
8,42,33000,1.0,1.0,csv_fill
8,42,33500,1.0,1.0,csv_fill
8,42,34000,1.0,1.0,csv_fill
8,42,34500,1.0,1.0,csv_fill
8,42,35000,1.0,1.0,csv_fill
8,42,35500,1.0,1.0,csv_fill
8,42,36000,1.0,1.0,csv_fill
8,42,36500,1.0,1.0,csv_fill
8,42,37000,1.0,1.0,csv_fill
8,42,37500,1.0,1.0,csv_fill
8,42,38000,1.0,1.0,csv_fill
8,42,38500,1.0,1.0,csv_fill
8,42,39000,1.0,1.0,csv_fill
8,42,39500,1.0,1.0,csv_fill
8,42,40000,1.0,1.0,csv_fill
8,42,40500,1.0,1.0,csv_fill
8,42,41000,1.0,1.0,csv_fill
8,42,41500,1.0,1.0,csv_fill
8,42,42000,1.0,1.0,csv_fill
8,42,42500,1.0,1.0,csv_fill
8,42,43000,1.0,1.0,csv_fill
8,42,43500,1.0,1.0,csv_fill
8,42,44000,1.0,1.0,csv_fill
8,42,44500,1.0,1.0,csv_fill
8,42,45000,1.0,1.0,csv_fill
8,42,45500,1.0,1.0,csv_fill
8,42,46000,1.0,1.0,csv_fill
8,42,46500,1.0,1.0,csv_fill
8,42,47000,1.0,1.0,csv_fill
8,42,47500,1.0,1.0,csv_fill
8,42,48000,1.0,1.0,csv_fill
8,42,48500,1.0,1.0,csv_fill
8,42,49000,1.0,1.0,csv_fill
8,42,49500,1.0,1.0,csv_fill
8,42,50000,1.0,1.0,csv_fill
8,42,50500,1.0,1.0,csv_fill
8,42,51000,1.0,1.0,csv_fill
8,42,51500,1.0,1.0,csv_fill
8,42,52000,1.0,1.0,csv_fill
8,42,52500,1.0,1.0,csv_fill
8,42,53000,1.0,1.0,csv_fill
8,42,53500,1.0,1.0,csv_fill
8,42,54000,1.0,1.0,csv_fill
8,42,54500,1.0,1.0,csv_fill
8,42,55000,1.0,1.0,csv_fill
8,42,55500,1.0,1.0,csv_fill
8,42,56000,1.0,1.0,csv_fill
8,42,56500,1.0,1.0,csv_fill
8,42,57000,1.0,1.0,csv_fill
8,42,57500,1.0,1.0,csv_fill
8,42,58000,1.0,1.0,csv_fill
8,42,58500,1.0,1.0,csv_fill
8,42,59000,1.0,1.0,csv_fill
8,42,59500,1.0,1.0,csv_fill
8,42,60000,1.0,1.0,csv_fill
8,42,60500,1.0,1.0,csv_fill
8,42,61000,1.0,1.0,csv_fill
8,42,61500,1.0,1.0,csv_fill
8,42,62000,1.0,1.0,csv_fill
8,42,62500,1.0,1.0,csv_fill
8,42,63000,1.0,1.0,csv_fill
8,42,63500,1.0,1.0,csv_fill
8,42,64000,1.0,1.0,csv_fill
8,42,64500,1.0,1.0,csv_fill
8,42,65000,1.0,1.0,csv_fill
8,42,65500,1.0,1.0,csv_fill
8,42,66000,1.0,1.0,csv_fill
8,42,66500,1.0,1.0,csv_fill
8,42,67000,1.0,1.0,csv_fill
8,42,67500,1.0,1.0,csv_fill
8,42,68000,1.0,1.0,csv_fill
8,42,68500,1.0,1.0,csv_fill
8,42,69000,1.0,1.0,csv_fill
8,42,69500,1.0,1.0,csv_fill
8,42,70000,1.0,1.0,csv_fill
8,42,70500,1.0,1.0,csv_fill
