mr,seed,step,train_acc,eval_acc,source
3,1,250,0.241,0.2525,jsonl
3,1,500,0.244,0.238,jsonl
3,1,750,0.263,0.2455,jsonl
3,1,1000,0.257,0.2365,jsonl
3,1,1250,0.242,0.235,jsonl
3,1,1500,0.236,0.225,jsonl
3,1,1750,0.26,0.2445,jsonl
3,1,2000,0.24,0.2645,jsonl
3,1,2250,0.283,0.247,jsonl
3,1,2500,0.273,0.26,jsonl
3,1,2750,0.28,0.235,jsonl
3,1,3000,0.29,0.2435,jsonl
3,1,3250,0.24,0.2645,jsonl
3,1,3500,0.3,0.2375,jsonl
3,1,3750,0.32,0.25,jsonl
3,1,4000,0.361,0.3275,jsonl
3,1,4250,0.471,0.4025,jsonl
3,1,4500,0.497,0.4755,jsonl
3,1,4750,0.556,0.4675,jsonl
3,1,5000,0.587,0.4795,jsonl
3,1,5250,0.599,0.4895,jsonl
3,1,5500,0.604,0.483,jsonl
3,1,5750,0.658,0.543,jsonl
3,1,6000,0.779,0.7265,jsonl
3,1,6250,0.962,0.944,jsonl
3,1,6500,0.986,0.9815,jsonl
3,1,6750,0.99,0.977,jsonl
3,1,7000,0.971,0.9535,jsonl
3,1,7250,1.0,0.9985,jsonl
3,1,7500,1.0,0.999,jsonl
3,1,7750,1.0,0.9985,jsonl
3,1,8000,0.99,0.9855,jsonl
3,1,8250,0.987,0.9835,jsonl
3,1,8500,0.999,0.9985,jsonl
3,1,8750,1.0,0.9995,jsonl
3,1,9000,1.0,0.9985,jsonl
3,1,9250,0.999,0.9975,jsonl
3,1,9500,1.0,0.9985,jsonl
3,1,9750,1.0,0.9985,jsonl
3,1,10000,1.0,0.999,jsonl
3,1,10250,1.0,0.999,jsonl
3,1,10500,1.0,0.999,jsonl
3,1,10750,1.0,0.999,jsonl
3,1,11000,1.0,0.999,jsonl
3,1,11250,1.0,0.999,jsonl
3,1,11500,1.0,0.999,jsonl
3,1,11750,1.0,0.999,jsonl
3,1,12000,1.0,0.999,jsonl
3,1,12250,1.0,0.999,jsonl
3,1,12500,1.0,0.999,jsonl
3,1,12750,1.0,0.999,jsonl
3,1,13000,1.0,0.999,jsonl
3,1,13250,1.0,0.999,jsonl
3,1,13500,1.0,0.999,jsonl
3,1,13750,0.997,0.994,jsonl
3,1,14000,1.0,0.999,jsonl
3,1,14250,1.0,0.999,jsonl
3,1,14500,0.991,0.9945,jsonl
3,1,14750,1.0,0.999,jsonl
3,1,15000,1.0,0.999,jsonl
3,1,15250,1.0,0.9985,jsonl
3,1,15500,1.0,0.999,jsonl
3,1,15750,1.0,0.9995,jsonl
3,1,16000,1.0,0.9995,jsonl
3,1,16250,1.0,0.999,jsonl
3,1,16500,1.0,0.999,jsonl
3,1,16750,1.0,0.999,jsonl
3,1,17000,1.0,0.999,jsonl
3,1,17250,1.0,0.999,jsonl
3,1,17500,1.0,0.999,jsonl
3,1,17750,1.0,0.999,jsonl
3,1,18000,1.0,0.999,jsonl
3,1,18250,1.0,0.999,jsonl
3,1,18500,1.0,0.999,jsonl
3,1,18750,1.0,0.999,jsonl
3,1,19000,1.0,0.999,jsonl
3,1,19250,1.0,0.999,jsonl
3,1,19500,1.0,0.999,jsonl
3,1,19750,1.0,0.999,jsonl
3,1,20000,1.0,0.999,jsonl
3,1,20250,1.0,0.999,jsonl
3,1,20500,1.0,0.999,jsonl
3,1,20750,1.0,0.999,jsonl
3,1,21000,1.0,0.999,jsonl
3,1,21250,1.0,0.999,jsonl
3,1,21500,1.0,0.999,jsonl
3,1,21750,1.0,0.999,jsonl
3,1,22000,1.0,0.999,jsonl
3,1,22250,1.0,0.999,jsonl
3,1,22500,1.0,0.999,jsonl
3,1,22750,1.0,0.999,jsonl
3,1,23000,1.0,0.999,jsonl
3,1,23250,1.0,0.999,jsonl
3,1,23500,1.0,0.999,jsonl
3,1,23750,1.0,0.999,jsonl
3,1,24000,0.978,0.9695,jsonl
3,1,24250,1.0,0.9985,jsonl
3,1,24500,1.0,0.999,jsonl
3,1,24750,1.0,0.999,jsonl
3,1,25000,1.0,0.999,jsonl
3,1,25250,1.0,0.999,jsonl
3,1,25500,1.0,0.999,jsonl
3,1,25750,1.0,0.999,jsonl
3,1,26000,1.0,0.999,jsonl
3,1,26250,1.0,0.999,jsonl
3,1,26500,1.0,0.999,jsonl
3,1,26750,1.0,0.999,jsonl
3,1,27000,1.0,0.999,jsonl
3,1,27250,1.0,0.999,jsonl
3,1,27500,1.0,0.999,jsonl
3,1,27750,1.0,0.999,jsonl
3,1,28000,1.0,0.999,jsonl
3,1,28250,1.0,0.999,jsonl
3,1,28500,1.0,0.999,jsonl
3,1,28750,1.0,0.999,jsonl
3,1,29000,1.0,0.999,jsonl
3,1,29250,1.0,0.999,jsonl
3,1,29500,1.0,0.999,jsonl
3,1,29750,1.0,0.9985,jsonl
3,1,30000,1.0,0.9985,jsonl
3,1,30250,1.0,0.9985,jsonl
3,1,30500,1.0,0.9985,jsonl
3,1,30750,1.0,0.9985,jsonl
3,1,31000,1.0,0.9985,jsonl
3,1,31250,1.0,0.9985,jsonl
3,1,31500,1.0,0.9985,jsonl
3,1,31750,1.0,0.9985,jsonl
3,1,32000,1.0,0.9985,jsonl
3,1,32250,1.0,0.9985,jsonl
3,1,32500,1.0,0.9985,jsonl
3,1,32750,1.0,0.9985,jsonl
3,1,33000,1.0,0.9985,jsonl
3,1,33250,1.0,0.9985,jsonl
3,1,33500,1.0,0.9985,jsonl
3,1,33750,1.0,0.9985,jsonl
3,1,34000,1.0,0.9985,jsonl
3,1,34250,1.0,0.9985,jsonl
3,1,34500,1.0,0.9985,jsonl
3,1,34750,1.0,0.9985,jsonl
3,1,35000,1.0,0.9985,jsonl
3,1,35250,1.0,0.9985,jsonl
3,1,35500,1.0,0.9985,jsonl
3,1,35750,0.988,0.9785,jsonl
3,1,36000,1.0,0.999,jsonl
3,1,36250,1.0,0.999,jsonl
3,1,36500,1.0,0.999,jsonl
3,1,36750,1.0,0.999,jsonl
3,1,37000,1.0,0.999,jsonl
3,1,37250,1.0,0.999,jsonl
3,1,37500,1.0,0.999,jsonl
3,1,37750,1.0,0.999,jsonl
3,1,38000,1.0,0.999,jsonl
3,1,38250,1.0,0.999,jsonl
3,1,38500,1.0,0.999,jsonl
3,1,38750,1.0,0.999,jsonl
3,1,39000,1.0,0.999,jsonl
3,1,39250,1.0,0.999,jsonl
3,1,39500,1.0,0.999,jsonl
3,1,39750,1.0,0.999,jsonl
3,1,40000,1.0,0.999,jsonl
3,1,40250,1.0,0.999,jsonl
3,1,40500,1.0,0.999,jsonl
3,1,40750,1.0,0.999,jsonl
3,1,41000,1.0,0.999,jsonl
3,1,41250,1.0,0.999,jsonl
3,1,41500,1.0,0.999,jsonl
3,1,41750,1.0,0.999,jsonl
3,1,42000,1.0,0.999,jsonl
3,1,42250,1.0,0.999,jsonl
3,1,42500,1.0,0.999,jsonl
3,1,42750,1.0,0.999,jsonl
3,1,43000,1.0,0.999,jsonl
3,1,43250,1.0,0.999,jsonl
3,1,43500,1.0,0.999,jsonl
3,1,43750,1.0,0.999,jsonl
3,1,44000,1.0,0.999,jsonl
3,1,44250,1.0,0.999,jsonl
3,1,44500,1.0,0.999,jsonl
3,1,44750,1.0,0.999,jsonl
3,1,45000,1.0,0.999,jsonl
3,1,45250,1.0,0.999,jsonl
3,1,45500,1.0,0.999,jsonl
3,1,45750,1.0,0.999,jsonl
3,1,46000,1.0,0.999,jsonl
3,1,46250,1.0,0.999,jsonl
3,1,46500,1.0,0.999,jsonl
3,1,46750,1.0,0.999,jsonl
3,1,47000,1.0,0.999,jsonl
3,1,47250,1.0,0.999,jsonl
3,1,47500,1.0,0.999,jsonl
3,1,47750,1.0,0.999,jsonl
3,1,48000,1.0,0.999,jsonl
3,1,48250,1.0,0.999,jsonl
3,1,48500,1.0,0.999,jsonl
3,1,48750,1.0,0.999,jsonl
3,1,49000,1.0,0.999,jsonl
3,1,49250,1.0,0.999,jsonl
3,1,49500,1.0,0.999,jsonl
3,1,49750,1.0,0.999,jsonl
3,1,50000,1.0,0.999,jsonl
3,1,50250,1.0,0.999,jsonl
3,1,50500,1.0,0.999,jsonl
3,1,50750,1.0,0.999,jsonl
3,1,51000,1.0,0.999,jsonl
3,1,51250,1.0,0.999,jsonl
3,1,51500,0.993,0.9955,jsonl
3,1,51750,1.0,0.999,jsonl
3,1,52000,1.0,0.999,jsonl
3,1,52250,1.0,0.999,jsonl
3,1,52500,1.0,0.999,jsonl
3,1,52750,1.0,0.999,jsonl
3,1,53000,1.0,0.999,jsonl
3,1,53250,1.0,0.999,jsonl
3,1,53500,1.0,0.999,jsonl
3,1,53750,1.0,0.999,jsonl
3,1,54000,1.0,0.999,jsonl
3,1,54250,1.0,0.999,jsonl
3,1,54500,1.0,0.999,jsonl
3,1,54750,1.0,0.999,jsonl
3,1,55000,1.0,0.999,jsonl
3,1,55250,1.0,0.999,jsonl
3,1,55500,1.0,0.999,jsonl
3,1,55750,1.0,0.999,jsonl
3,1,56000,1.0,0.999,jsonl
3,1,56250,1.0,0.999,jsonl
3,1,56500,1.0,0.999,jsonl
3,1,56750,1.0,0.999,jsonl
3,1,57000,1.0,0.999,jsonl
3,1,57250,1.0,0.999,jsonl
3,1,57500,1.0,0.999,jsonl
3,1,57750,1.0,0.999,jsonl
3,1,58000,1.0,0.999,jsonl
3,1,58250,1.0,0.999,jsonl
3,1,58500,1.0,0.999,jsonl
3,1,58750,1.0,0.999,jsonl
3,1,59000,1.0,0.999,jsonl
3,1,59250,1.0,0.999,jsonl
3,1,59500,1.0,0.999,jsonl
3,1,59750,1.0,0.999,jsonl
3,1,60000,1.0,0.999,jsonl
3,1,60250,1.0,0.999,jsonl
3,1,60500,1.0,0.999,jsonl
3,1,60750,1.0,0.999,jsonl
3,1,61000,1.0,0.999,jsonl
3,1,61250,1.0,0.999,jsonl
3,1,61500,1.0,0.999,jsonl
3,1,61750,1.0,0.999,jsonl
3,1,62000,1.0,0.999,jsonl
3,1,62250,1.0,0.999,jsonl
3,1,62500,1.0,0.999,jsonl
3,1,62750,1.0,0.999,jsonl
3,1,63000,1.0,0.999,jsonl
3,1,63250,1.0,0.999,jsonl
3,1,63500,1.0,0.999,jsonl
3,1,63750,1.0,0.999,jsonl
3,1,64000,1.0,0.999,jsonl
3,1,64250,1.0,0.999,jsonl
3,1,64500,1.0,0.999,jsonl
3,1,64750,1.0,0.999,jsonl
3,1,65000,1.0,0.999,jsonl
3,1,65250,1.0,0.999,jsonl
3,1,65500,1.0,0.999,jsonl
3,1,65750,1.0,0.999,jsonl
3,1,66000,1.0,0.999,jsonl
3,1,66250,1.0,0.999,jsonl
3,1,66500,1.0,0.999,jsonl
3,1,66750,1.0,0.999,jsonl
3,1,67000,1.0,0.999,jsonl
3,1,67250,1.0,0.999,jsonl
3,1,67500,1.0,0.999,jsonl
3,1,67750,1.0,0.999,jsonl
3,1,68000,1.0,0.999,jsonl
3,1,68250,1.0,0.999,jsonl
3,1,68500,1.0,0.999,jsonl
3,1,68750,1.0,0.999,jsonl
3,1,69000,1.0,0.999,jsonl
3,1,69250,1.0,0.999,jsonl
3,1,69500,1.0,0.999,jsonl
3,1,69750,1.0,0.999,jsonl
3,1,70000,1.0,0.999,jsonl
3,1,70250,1.0,0.999,jsonl
3,1,70500,1.0,0.999,jsonl
3,2,250,0.246,0.2525,jsonl
3,2,500,0.216,0.245,jsonl
3,2,750,0.266,0.255,jsonl
3,2,1000,0.23,0.2495,jsonl
3,2,1250,0.256,0.2455,jsonl
3,2,1500,0.261,0.2645,jsonl
3,2,1750,0.254,0.245,jsonl
3,2,2000,0.292,0.243,jsonl
3,2,2250,0.281,0.237,jsonl
3,2,2500,0.262,0.2715,jsonl
3,2,2750,0.294,0.254,jsonl
3,2,3000,0.264,0.2625,jsonl
3,2,3250,0.265,0.258,jsonl
3,2,3500,0.266,0.245,jsonl
3,2,3750,0.288,0.237,jsonl
3,2,4000,0.222,0.2505,jsonl
3,2,4250,0.334,0.2385,jsonl
3,2,4500,0.332,0.234,jsonl
3,2,4750,0.299,0.227,jsonl
3,2,5000,0.312,0.235,jsonl
3,2,5250,0.301,0.238,jsonl
3,2,5500,0.267,0.229,jsonl
3,2,5750,0.431,0.327,jsonl
3,2,6000,0.434,0.4205,jsonl
3,2,6250,0.458,0.399,jsonl
3,2,6500,0.478,0.3985,jsonl
3,2,6750,0.57,0.479,jsonl
3,2,7000,0.573,0.4885,jsonl
3,2,7250,0.573,0.5,jsonl
3,2,7500,0.558,0.489,jsonl
3,2,7750,0.597,0.491,jsonl
3,2,8000,0.561,0.4915,jsonl
3,2,8250,0.564,0.4835,jsonl
3,2,8500,0.568,0.4795,jsonl
3,2,8750,0.605,0.495,jsonl
3,2,9000,0.617,0.521,jsonl
3,2,9250,0.664,0.573,jsonl
3,2,9500,0.842,0.803,jsonl
3,2,9750,0.979,0.9675,jsonl
3,2,10000,1.0,0.996,jsonl
3,2,10250,0.999,0.997,jsonl
3,2,10500,1.0,0.999,jsonl
3,2,10750,1.0,0.9995,jsonl
3,2,11000,1.0,0.9995,jsonl
3,2,11250,1.0,0.9995,jsonl
3,2,11500,1.0,0.9995,jsonl
3,2,11750,1.0,0.9995,jsonl
3,2,12000,1.0,0.9995,jsonl
3,2,12250,1.0,0.9995,jsonl
3,2,12500,1.0,0.9995,jsonl
3,2,12750,1.0,0.9995,jsonl
3,2,13000,1.0,0.9995,jsonl
3,2,13250,1.0,0.9995,jsonl
3,2,13500,1.0,0.9995,jsonl
3,2,13750,1.0,0.9995,jsonl
3,2,14000,1.0,0.9995,jsonl
3,2,14250,1.0,0.9995,jsonl
3,2,14500,1.0,0.9995,jsonl
3,2,14750,1.0,0.9995,jsonl
3,2,15000,1.0,0.9995,jsonl
3,2,15250,1.0,0.9995,jsonl
3,2,15500,1.0,0.9995,jsonl
3,2,15750,1.0,0.9995,jsonl
3,2,16000,1.0,0.9995,jsonl
3,2,16250,1.0,0.9995,jsonl
3,2,16500,1.0,0.9995,jsonl
3,2,16750,1.0,0.9995,jsonl
3,2,17000,1.0,0.9995,jsonl
3,2,17250,1.0,0.9995,jsonl
3,2,17500,0.962,0.949,jsonl
3,2,17750,1.0,1.0,jsonl
3,2,18000,1.0,1.0,jsonl
3,2,18250,1.0,1.0,jsonl
3,2,18500,1.0,1.0,jsonl
3,2,18750,1.0,1.0,jsonl
3,2,19000,1.0,1.0,jsonl
3,2,19250,1.0,1.0,jsonl
3,2,19500,1.0,1.0,jsonl
3,2,19750,1.0,1.0,jsonl
3,2,20000,1.0,1.0,jsonl
3,2,20250,1.0,1.0,jsonl
3,2,20500,1.0,1.0,jsonl
3,2,20750,1.0,1.0,jsonl
3,2,21000,1.0,1.0,jsonl
3,2,21250,1.0,1.0,jsonl
3,2,21500,1.0,1.0,jsonl
3,2,21750,1.0,1.0,jsonl
3,2,22000,1.0,1.0,jsonl
3,2,22250,1.0,1.0,jsonl
3,2,22500,1.0,1.0,jsonl
3,2,22750,1.0,1.0,jsonl
3,2,23000,1.0,1.0,jsonl
3,2,23250,1.0,1.0,jsonl
3,2,23500,1.0,1.0,jsonl
3,2,23750,1.0,1.0,jsonl
3,2,24000,1.0,1.0,jsonl
3,2,24250,1.0,1.0,jsonl
3,2,24500,1.0,1.0,jsonl
3,2,24750,1.0,1.0,jsonl
3,2,25000,1.0,1.0,jsonl
3,2,25250,1.0,1.0,jsonl
3,2,25500,1.0,1.0,jsonl
3,2,25750,0.768,0.7485,jsonl
3,2,26000,1.0,1.0,jsonl
3,2,26250,1.0,1.0,jsonl
3,2,26500,1.0,1.0,jsonl
3,2,26750,1.0,1.0,jsonl
3,2,27000,1.0,1.0,jsonl
3,2,27250,1.0,1.0,jsonl
3,2,27500,1.0,1.0,jsonl
3,2,27750,1.0,1.0,jsonl
3,2,28000,1.0,1.0,jsonl
3,2,28250,1.0,1.0,jsonl
3,2,28500,1.0,1.0,jsonl
3,2,28750,1.0,1.0,jsonl
3,2,29000,1.0,1.0,jsonl
3,2,29250,1.0,1.0,jsonl
3,2,29500,1.0,1.0,jsonl
3,2,29750,1.0,1.0,jsonl
3,2,30000,1.0,1.0,jsonl
3,2,30250,1.0,1.0,jsonl
3,2,30500,1.0,1.0,jsonl
3,2,30750,1.0,1.0,jsonl
3,2,31000,1.0,1.0,jsonl
3,2,31250,1.0,1.0,jsonl
3,2,31500,1.0,1.0,jsonl
3,2,31750,1.0,1.0,jsonl
3,2,32000,1.0,1.0,jsonl
3,2,32250,1.0,1.0,jsonl
3,2,32500,1.0,1.0,jsonl
3,2,32750,1.0,1.0,jsonl
3,2,33000,1.0,1.0,jsonl
3,2,33250,1.0,1.0,jsonl
3,2,33500,0.994,0.994,jsonl
3,2,33750,1.0,1.0,jsonl
3,2,34000,1.0,1.0,jsonl
3,2,34250,1.0,1.0,jsonl
3,2,34500,1.0,1.0,jsonl
3,2,34750,1.0,1.0,jsonl
3,2,35000,1.0,1.0,jsonl
3,2,35250,1.0,1.0,jsonl
3,2,35500,1.0,1.0,jsonl
3,2,35750,1.0,1.0,jsonl
3,2,36000,1.0,1.0,jsonl
3,2,36250,1.0,1.0,jsonl
3,2,36500,1.0,1.0,jsonl
3,2,36750,1.0,1.0,jsonl
3,2,37000,1.0,1.0,jsonl
3,2,37250,1.0,1.0,jsonl
3,2,37500,1.0,1.0,jsonl
3,2,37750,1.0,1.0,jsonl
3,2,38000,1.0,1.0,jsonl
3,2,38250,1.0,1.0,jsonl
3,2,38500,1.0,1.0,jsonl
3,2,38750,1.0,1.0,jsonl
3,2,39000,1.0,1.0,jsonl
3,2,39250,1.0,1.0,jsonl
3,2,39500,1.0,1.0,jsonl
3,2,39750,1.0,1.0,jsonl
3,2,40000,1.0,1.0,jsonl
3,2,40250,1.0,1.0,jsonl
3,2,40500,1.0,1.0,jsonl
3,2,40750,1.0,1.0,jsonl
3,2,41000,1.0,1.0,jsonl
3,2,41250,1.0,1.0,jsonl
3,2,41500,1.0,1.0,jsonl
3,2,41750,1.0,1.0,jsonl
3,2,42000,1.0,1.0,jsonl
3,2,42250,1.0,1.0,jsonl
3,2,42500,1.0,1.0,jsonl
3,2,42750,1.0,1.0,jsonl
3,2,43000,1.0,1.0,jsonl
3,2,43250,1.0,1.0,jsonl
3,2,43500,1.0,1.0,jsonl
3,2,43750,1.0,1.0,jsonl
3,2,44000,1.0,1.0,jsonl
3,2,44250,1.0,1.0,jsonl
3,2,44500,1.0,1.0,jsonl
3,2,44750,1.0,1.0,jsonl
3,2,45000,1.0,1.0,jsonl
3,2,45250,1.0,1.0,jsonl
3,2,45500,1.0,1.0,jsonl
3,2,45750,1.0,1.0,jsonl
3,2,46000,1.0,1.0,jsonl
3,2,46250,1.0,1.0,jsonl
3,2,46500,1.0,1.0,jsonl
3,2,46750,1.0,1.0,jsonl
3,2,47000,1.0,1.0,jsonl
3,2,47250,1.0,1.0,jsonl
3,2,47500,1.0,1.0,jsonl
3,2,47750,1.0,1.0,jsonl
3,2,48000,1.0,1.0,jsonl
3,2,48250,1.0,1.0,jsonl
3,2,48500,1.0,1.0,jsonl
3,2,48750,1.0,1.0,jsonl
3,2,49000,1.0,1.0,jsonl
3,2,49250,1.0,1.0,jsonl
3,2,49500,1.0,1.0,jsonl
3,2,49750,1.0,1.0,jsonl
3,2,50000,1.0,1.0,jsonl
3,2,50250,1.0,1.0,jsonl
3,2,50500,1.0,1.0,jsonl
3,2,50750,1.0,1.0,jsonl
3,2,51000,1.0,1.0,jsonl
3,2,51250,1.0,1.0,jsonl
3,2,51500,1.0,1.0,jsonl
3,2,51750,1.0,1.0,jsonl
3,2,52000,1.0,1.0,jsonl
3,2,52250,1.0,1.0,jsonl
3,2,52500,1.0,1.0,jsonl
3,2,52750,1.0,1.0,jsonl
3,2,53000,1.0,1.0,jsonl
3,2,53250,1.0,1.0,jsonl
3,2,53500,1.0,1.0,jsonl
3,2,53750,1.0,1.0,jsonl
3,2,54000,1.0,1.0,jsonl
3,2,54250,1.0,1.0,jsonl
3,2,54500,1.0,1.0,jsonl
3,2,54750,1.0,1.0,jsonl
3,2,55000,1.0,1.0,jsonl
3,2,55250,1.0,1.0,jsonl
3,2,55500,1.0,1.0,jsonl
3,2,55750,1.0,1.0,jsonl
3,2,56000,1.0,1.0,jsonl
3,2,56250,1.0,1.0,jsonl
3,2,56500,1.0,1.0,jsonl
3,2,56750,1.0,1.0,jsonl
3,2,57000,1.0,1.0,jsonl
3,2,57250,1.0,1.0,jsonl
3,2,57500,1.0,1.0,jsonl
3,2,57750,1.0,1.0,jsonl
3,2,58000,1.0,1.0,jsonl
3,2,58250,1.0,1.0,jsonl
3,2,58500,1.0,1.0,jsonl
3,2,58750,1.0,1.0,jsonl
3,2,59000,1.0,1.0,jsonl
3,2,59250,1.0,1.0,jsonl
3,2,59500,1.0,1.0,jsonl
3,2,59750,1.0,1.0,jsonl
3,2,60000,1.0,1.0,jsonl
3,2,60250,1.0,1.0,jsonl
3,2,60500,1.0,1.0,jsonl
3,2,60750,1.0,1.0,jsonl
3,2,61000,1.0,1.0,jsonl
3,2,61250,1.0,1.0,jsonl
3,2,61500,1.0,1.0,jsonl
3,2,61750,1.0,1.0,jsonl
3,2,62000,1.0,1.0,jsonl
3,2,62250,1.0,1.0,jsonl
3,2,62500,1.0,1.0,jsonl
3,2,62750,1.0,1.0,jsonl
3,2,63000,1.0,1.0,jsonl
3,2,63250,1.0,1.0,jsonl
3,2,63500,1.0,1.0,jsonl
3,2,63750,1.0,1.0,jsonl
3,2,64000,1.0,1.0,jsonl
3,2,64250,1.0,1.0,jsonl
3,2,64500,1.0,1.0,jsonl
3,2,64750,1.0,1.0,jsonl
3,2,65000,1.0,1.0,jsonl
3,2,65250,1.0,1.0,jsonl
3,2,65500,1.0,1.0,jsonl
3,2,65750,1.0,1.0,jsonl
3,2,66000,1.0,1.0,jsonl
3,2,66250,1.0,1.0,jsonl
3,2,66500,1.0,1.0,jsonl
3,2,66750,1.0,1.0,jsonl
3,2,67000,1.0,1.0,jsonl
3,2,67250,1.0,1.0,jsonl
3,2,67500,1.0,1.0,jsonl
3,2,67750,1.0,1.0,jsonl
3,2,68000,1.0,1.0,jsonl
3,2,68250,1.0,1.0,jsonl
3,2,68500,1.0,1.0,jsonl
3,2,68750,1.0,1.0,jsonl
3,2,69000,1.0,1.0,jsonl
3,2,69250,1.0,1.0,jsonl
3,2,69500,1.0,1.0,jsonl
3,2,69750,1.0,1.0,jsonl
3,2,70000,1.0,1.0,jsonl
3,2,70250,1.0,1.0,jsonl
3,2,70500,1.0,1.0,jsonl
3,42,0,0.0,0.0,csv
3,42,500,0.2516666667,0.258,csv
3,42,1000,0.2552666667,0.2535,csv
3,42,1500,0.2512666667,0.239,csv
3,42,2000,0.2490666667,0.2365,csv
3,42,2500,0.2594666667,0.2565,csv
3,42,3000,0.2742,0.2365,csv
3,42,3500,0.2972,0.2335,csv
3,42,4000,0.2744666667,0.2295,csv
3,42,4500,0.35,0.295,csv
3,42,5000,0.5247333333,0.4825,csv
3,42,5500,0.5634666667,0.462,csv
3,42,6000,0.558,0.4655,csv
3,42,6500,0.5645333333,0.4755,csv
3,42,7000,0.8102666667,0.746,csv
3,42,7500,0.9971333333,0.993,csv
3,42,8000,0.9999333333,0.9985,csv
3,42,8500,0.9999333333,0.998,csv
3,42,9000,0.9998666667,0.999,csv
3,42,9500,1.0,0.9995,csv
3,42,10000,1.0,0.9995,csv
3,42,10500,1.0,1.0,csv_fill
3,42,11000,1.0,1.0,csv_fill
3,42,11500,1.0,1.0,csv_fill
3,42,12000,1.0,1.0,csv_fill
3,42,12500,1.0,1.0,csv_fill
3,42,13000,1.0,1.0,csv_fill
3,42,13500,1.0,1.0,csv_fill
3,42,14000,1.0,1.0,csv_fill
3,42,14500,1.0,1.0,csv_fill
3,42,15000,1.0,1.0,csv_fill
3,42,15500,1.0,1.0,csv_fill
3,42,16000,1.0,1.0,csv_fill
3,42,16500,1.0,1.0,csv_fill
3,42,17000,1.0,1.0,csv_fill
3,42,17500,1.0,1.0,csv_fill
3,42,18000,1.0,1.0,csv_fill
3,42,18500,1.0,1.0,csv_fill
3,42,19000,1.0,1.0,csv_fill
3,42,19500,1.0,1.0,csv_fill
3,42,20000,1.0,1.0,csv_fill
3,42,20500,1.0,1.0,csv_fill
3,42,21000,1.0,1.0,csv_fill
3,42,21500,1.0,1.0,csv_fill
3,42,22000,1.0,1.0,csv_fill
3,42,22500,1.0,1.0,csv_fill
3,42,23000,1.0,1.0,csv_fill
3,42,23500,1.0,1.0,csv_fill
3,42,24000,1.0,1.0,csv_fill
3,42,24500,1.0,1.0,csv_fill
3,42,25000,1.0,1.0,csv_fill
3,42,25500,1.0,1.0,csv_fill
3,42,26000,1.0,1.0,csv_fill
3,42,26500,1.0,1.0,csv_fill
3,42,27000,1.0,1.0,csv_fill
3,42,27500,1.0,1.0,csv_fill
3,42,28000,1.0,1.0,csv_fill
3,42,28500,1.0,1.0,csv_fill
3,42,29000,1.0,1.0,csv_fill
3,42,29500,1.0,1.0,csv_fill
3,42,30000,1.0,1.0,csv_fill
3,42,30500,1.0,1.0,csv_fill
3,42,31000,1.0,1.0,csv_fill
3,42,31500,1.0,1.0,csv_fill
3,42,32000,1.0,1.0,csv_fill
3,42,32500,1.0,1.0,csv_fill
3,42,33000,1.0,1.0,csv_fill
3,42,33500,1.0,1.0,csv_fill
3,42,34000,1.0,1.0,csv_fill
3,42,34500,1.0,1.0,csv_fill
3,42,35000,1.0,1.0,csv_fill
3,42,35500,1.0,1.0,csv_fill
3,42,36000,1.0,1.0,csv_fill
3,42,36500,1.0,1.0,csv_fill
3,42,37000,1.0,1.0,csv_fill
3,42,37500,1.0,1.0,csv_fill
3,42,38000,1.0,1.0,csv_fill
3,42,38500,1.0,1.0,csv_fill
3,42,39000,1.0,1.0,csv_fill
3,42,39500,1.0,1.0,csv_fill
3,42,40000,1.0,1.0,csv_fill
3,42,40500,1.0,1.0,csv_fill
3,42,41000,1.0,1.0,csv_fill
3,42,41500,1.0,1.0,csv_fill
3,42,42000,1.0,1.0,csv_fill
3,42,42500,1.0,1.0,csv_fill
3,42,43000,1.0,1.0,csv_fill
3,42,43500,1.0,1.0,csv_fill
3,42,44000,1.0,1.0,csv_fill
3,42,44500,1.0,1.0,csv_fill
3,42,45000,1.0,1.0,csv_fill
3,42,45500,1.0,1.0,csv_fill
3,42,46000,1.0,1.0,csv_fill
3,42,46500,1.0,1.0,csv_fill
3,42,47000,1.0,1.0,csv_fill
3,42,47500,1.0,1.0,csv_fill
3,42,48000,1.0,1.0,csv_fill
3,42,48500,1.0,1.0,csv_fill
3,42,49000,1.0,1.0,csv_fill
3,42,49500,1.0,1.0,csv_fill
3,42,50000,1.0,1.0,csv_fill
3,42,50500,1.0,1.0,csv_fill
3,42,51000,1.0,1.0,csv_fill
3,42,51500,1.0,1.0,csv_fill
3,42,52000,1.0,1.0,csv_fill
3,42,52500,1.0,1.0,csv_fill
3,42,53000,1.0,1.0,csv_fill
3,42,53500,1.0,1.0,csv_fill
3,42,54000,1.0,1.0,csv_fill
3,42,54500,1.0,1.0,csv_fill
3,42,55000,1.0,1.0,csv_fill
3,42,55500,1.0,1.0,csv_fill
3,42,56000,1.0,1.0,csv_fill
3,42,56500,1.0,1.0,csv_fill
3,42,57000,1.0,1.0,csv_fill
3,42,57500,1.0,1.0,csv_fill
3,42,58000,1.0,1.0,csv_fill
3,42,58500,1.0,1.0,csv_fill
3,42,59000,1.0,1.0,csv_fill
3,42,59500,1.0,1.0,csv_fill
3,42,60000,1.0,1.0,csv_fill
3,42,60500,1.0,1.0,csv_fill
3,42,61000,1.0,1.0,csv_fill
3,42,61500,1.0,1.0,csv_fill
3,42,62000,1.0,1.0,csv_fill
3,42,62500,1.0,1.0,csv_fill
3,42,63000,1.0,1.0,csv_fill
3,42,63500,1.0,1.0,csv_fill
3,42,64000,1.0,1.0,csv_fill
3,42,64500,1.0,1.0,csv_fill
3,42,65000,1.0,1.0,csv_fill
3,42,65500,1.0,1.0,csv_fill
3,42,66000,1.0,1.0,csv_fill
3,42,66500,1.0,1.0,csv_fill
3,42,67000,1.0,1.0,csv_fill
3,42,67500,1.0,1.0,csv_fill
3,42,68000,1.0,1.0,csv_fill
3,42,68500,1.0,1.0,csv_fill
3,42,69000,1.0,1.0,csv_fill
3,42,69500,1.0,1.0,csv_fill
3,42,70000,1.0,1.0,csv_fill
3,42,70500,1.0,1.0,csv_fill
4,1,250,0.19,0.203,jsonl
4,1,500,0.195,0.1745,jsonl
4,1,750,0.199,0.206,jsonl
4,1,1000,0.224,0.2,jsonl
4,1,1250,0.194,0.2205,jsonl
4,1,1500,0.199,0.206,jsonl
4,1,1750,0.222,0.213,jsonl
4,1,2000,0.215,0.2125,jsonl
4,1,2250,0.195,0.2195,jsonl
4,1,2500,0.195,0.22,jsonl
4,1,2750,0.211,0.18,jsonl
4,1,3000,0.209,0.2045,jsonl
4,1,3250,0.222,0.189,jsonl
4,1,3500,0.198,0.217,jsonl
4,1,3750,0.185,0.166,jsonl
4,1,4000,0.224,0.201,jsonl
4,1,4250,0.251,0.178,jsonl
4,1,4500,0.226,0.2135,jsonl
4,1,4750,0.243,0.1915,jsonl
4,1,5000,0.276,0.18,jsonl
4,1,5250,0.265,0.1785,jsonl
4,1,5500,0.238,0.1905,jsonl
4,1,5750,0.253,0.172,jsonl
4,1,6000,0.242,0.177,jsonl
4,1,6250,0.249,0.185,jsonl
4,1,6500,0.275,0.186,jsonl
4,1,6750,0.25,0.1795,jsonl
4,1,7000,0.25,0.1725,jsonl
4,1,7250,0.236,0.1895,jsonl
4,1,7500,0.27,0.17,jsonl
4,1,7750,0.215,0.178,jsonl
4,1,8000,0.279,0.185,jsonl
4,1,8250,0.254,0.172,jsonl
4,1,8500,0.268,0.165,jsonl
4,1,8750,0.246,0.1655,jsonl
4,1,9000,0.274,0.184,jsonl
4,1,9250,0.28,0.174,jsonl
4,1,9500,0.241,0.1925,jsonl
4,1,9750,0.247,0.197,jsonl
4,1,10000,0.275,0.1675,jsonl
4,1,10250,0.26,0.181,jsonl
4,1,10500,0.265,0.186,jsonl
4,1,10750,0.279,0.1775,jsonl
4,1,11000,0.249,0.1955,jsonl
4,1,11250,0.284,0.1775,jsonl
4,1,11500,0.253,0.1785,jsonl
4,1,11750,0.326,0.189,jsonl
4,1,12000,0.498,0.3495,jsonl
4,1,12250,0.892,0.8445,jsonl
4,1,12500,0.974,0.951,jsonl
4,1,12750,0.963,0.948,jsonl
4,1,13000,0.998,0.991,jsonl
4,1,13250,0.992,0.986,jsonl
4,1,13500,1.0,0.9995,jsonl
4,1,13750,0.989,0.9845,jsonl
4,1,14000,0.999,0.9935,jsonl
4,1,14250,1.0,0.997,jsonl
4,1,14500,1.0,0.9985,jsonl
4,1,14750,1.0,0.998,jsonl
4,1,15000,1.0,0.9995,jsonl
4,1,15250,0.985,0.986,jsonl
4,1,15500,0.998,0.998,jsonl
4,1,15750,1.0,1.0,jsonl
4,1,16000,1.0,1.0,jsonl
4,1,16250,1.0,1.0,jsonl
4,1,16500,1.0,1.0,jsonl
4,1,16750,1.0,1.0,jsonl
4,1,17000,1.0,1.0,jsonl
4,1,17250,1.0,1.0,jsonl
4,1,17500,1.0,1.0,jsonl
4,1,17750,1.0,1.0,jsonl
4,1,18000,1.0,1.0,jsonl
4,1,18250,1.0,1.0,jsonl
4,1,18500,1.0,1.0,jsonl
4,1,18750,1.0,1.0,jsonl
4,1,19000,1.0,1.0,jsonl
4,1,19250,1.0,1.0,jsonl
4,1,19500,1.0,1.0,jsonl
4,1,19750,1.0,1.0,jsonl
4,1,20000,1.0,1.0,jsonl
4,1,20250,1.0,1.0,jsonl
4,1,20500,1.0,1.0,jsonl
4,1,20750,1.0,1.0,jsonl
4,1,21000,1.0,1.0,jsonl
4,1,21250,1.0,1.0,jsonl
4,1,21500,1.0,1.0,jsonl
4,1,21750,1.0,1.0,jsonl
4,1,22000,1.0,1.0,jsonl
4,1,22250,1.0,1.0,jsonl
4,1,22500,1.0,1.0,jsonl
4,1,22750,1.0,1.0,jsonl
4,1,23000,1.0,1.0,jsonl
4,1,23250,1.0,1.0,jsonl
4,1,23500,1.0,1.0,jsonl
4,1,23750,1.0,1.0,jsonl
4,1,24000,1.0,1.0,jsonl
4,1,24250,1.0,1.0,jsonl
4,1,24500,1.0,1.0,jsonl
4,1,24750,1.0,1.0,jsonl
4,1,25000,1.0,1.0,jsonl
4,1,25250,1.0,1.0,jsonl
4,1,25500,1.0,1.0,jsonl
4,1,25750,1.0,1.0,jsonl
4,1,26000,1.0,0.998,jsonl
4,1,26250,1.0,1.0,jsonl
4,1,26500,1.0,1.0,jsonl
4,1,26750,1.0,1.0,jsonl
4,1,27000,1.0,1.0,jsonl
4,1,27250,1.0,1.0,jsonl
4,1,27500,1.0,1.0,jsonl
4,1,27750,1.0,1.0,jsonl
4,1,28000,1.0,1.0,jsonl
4,1,28250,1.0,1.0,jsonl
4,1,28500,1.0,1.0,jsonl
4,1,28750,1.0,1.0,jsonl
4,1,29000,1.0,1.0,jsonl
4,1,29250,1.0,1.0,jsonl
4,1,29500,1.0,1.0,jsonl
4,1,29750,1.0,1.0,jsonl
4,1,30000,1.0,1.0,jsonl
4,1,30250,1.0,1.0,jsonl
4,1,30500,1.0,1.0,jsonl
4,1,30750,1.0,1.0,jsonl
4,1,31000,1.0,1.0,jsonl
4,1,31250,1.0,1.0,jsonl
4,1,31500,1.0,1.0,jsonl
4,1,31750,1.0,1.0,jsonl
4,1,32000,1.0,1.0,jsonl
4,1,32250,1.0,1.0,jsonl
4,1,32500,1.0,1.0,jsonl
4,1,32750,1.0,1.0,jsonl
4,1,33000,1.0,1.0,jsonl
4,1,33250,1.0,1.0,jsonl
4,1,33500,1.0,1.0,jsonl
4,1,33750,1.0,1.0,jsonl
4,1,34000,1.0,1.0,jsonl
4,1,34250,1.0,1.0,jsonl
4,1,34500,1.0,1.0,jsonl
4,1,34750,1.0,1.0,jsonl
4,1,35000,1.0,1.0,jsonl
4,1,35250,1.0,1.0,jsonl
4,1,35500,1.0,1.0,jsonl
4,1,35750,1.0,1.0,jsonl
4,1,36000,1.0,1.0,jsonl
4,1,36250,1.0,1.0,jsonl
4,1,36500,1.0,1.0,jsonl
4,1,36750,1.0,1.0,jsonl
4,1,37000,1.0,1.0,jsonl
4,1,37250,1.0,1.0,jsonl
4,1,37500,1.0,1.0,jsonl
4,1,37750,1.0,1.0,jsonl
4,1,38000,1.0,1.0,jsonl
4,1,38250,1.0,1.0,jsonl
4,1,38500,0.998,1.0,jsonl
4,1,38750,1.0,1.0,jsonl
4,1,39000,1.0,1.0,jsonl
4,1,39250,1.0,1.0,jsonl
4,1,39500,1.0,1.0,jsonl
4,1,39750,1.0,1.0,jsonl
4,1,40000,1.0,1.0,jsonl
4,1,40250,1.0,1.0,jsonl
4,1,40500,1.0,1.0,jsonl
4,1,40750,1.0,1.0,jsonl
4,1,41000,1.0,1.0,jsonl
4,1,41250,1.0,1.0,jsonl
4,1,41500,1.0,1.0,jsonl
4,1,41750,1.0,1.0,jsonl
4,1,42000,1.0,1.0,jsonl
4,1,42250,1.0,1.0,jsonl
4,1,42500,1.0,1.0,jsonl
4,1,42750,1.0,1.0,jsonl
4,1,43000,1.0,1.0,jsonl
4,1,43250,1.0,1.0,jsonl
4,1,43500,1.0,1.0,jsonl
4,1,43750,1.0,1.0,jsonl
4,1,44000,1.0,1.0,jsonl
4,1,44250,1.0,1.0,jsonl
4,1,44500,1.0,1.0,jsonl
4,1,44750,1.0,1.0,jsonl
4,1,45000,1.0,1.0,jsonl
4,1,45250,1.0,1.0,jsonl
4,1,45500,1.0,1.0,jsonl
4,1,45750,1.0,1.0,jsonl
4,1,46000,1.0,1.0,jsonl
4,1,46250,1.0,1.0,jsonl
4,1,46500,1.0,1.0,jsonl
4,1,46750,1.0,1.0,jsonl
4,1,47000,1.0,1.0,jsonl
4,1,47250,1.0,1.0,jsonl
4,1,47500,1.0,1.0,jsonl
4,1,47750,1.0,1.0,jsonl
4,1,48000,1.0,1.0,jsonl
4,1,48250,1.0,1.0,jsonl
4,1,48500,1.0,1.0,jsonl
4,1,48750,1.0,1.0,jsonl
4,1,49000,1.0,1.0,jsonl
4,1,49250,1.0,1.0,jsonl
4,1,49500,1.0,1.0,jsonl
4,1,49750,1.0,1.0,jsonl
4,1,50000,1.0,1.0,jsonl
4,1,50250,1.0,1.0,jsonl
4,1,50500,1.0,1.0,jsonl
4,1,50750,1.0,1.0,jsonl
4,1,51000,1.0,1.0,jsonl
4,1,51250,1.0,1.0,jsonl
4,1,51500,1.0,1.0,jsonl
4,1,51750,1.0,1.0,jsonl
4,1,52000,1.0,1.0,jsonl
4,1,52250,1.0,1.0,jsonl
4,1,52500,1.0,1.0,jsonl
4,1,52750,1.0,1.0,jsonl
4,1,53000,1.0,1.0,jsonl
4,1,53250,1.0,1.0,jsonl
4,1,53500,1.0,1.0,jsonl
4,1,53750,1.0,1.0,jsonl
4,1,54000,1.0,1.0,jsonl
4,1,54250,1.0,1.0,jsonl
4,1,54500,1.0,1.0,jsonl
4,1,54750,1.0,1.0,jsonl
4,1,55000,1.0,1.0,jsonl
4,1,55250,1.0,1.0,jsonl
4,1,55500,1.0,0.9995,jsonl
4,1,55750,1.0,1.0,jsonl
4,1,56000,1.0,1.0,jsonl
4,1,56250,1.0,1.0,jsonl
4,1,56500,1.0,1.0,jsonl
4,1,56750,1.0,1.0,jsonl
4,1,57000,1.0,1.0,jsonl
4,1,57250,1.0,1.0,jsonl
4,1,57500,1.0,1.0,jsonl
4,1,57750,1.0,1.0,jsonl
4,1,58000,1.0,1.0,jsonl
4,1,58250,1.0,1.0,jsonl
4,1,58500,1.0,1.0,jsonl
4,1,58750,1.0,1.0,jsonl
4,1,59000,1.0,1.0,jsonl
4,1,59250,1.0,1.0,jsonl
4,1,59500,1.0,1.0,jsonl
4,1,59750,1.0,1.0,jsonl
4,1,60000,1.0,1.0,jsonl
4,1,60250,1.0,1.0,jsonl
4,1,60500,1.0,1.0,jsonl
4,1,60750,1.0,1.0,jsonl
4,1,61000,1.0,1.0,jsonl
4,1,61250,1.0,1.0,jsonl
4,1,61500,1.0,1.0,jsonl
4,1,61750,1.0,1.0,jsonl
4,1,62000,1.0,1.0,jsonl
4,1,62250,1.0,1.0,jsonl
4,1,62500,1.0,1.0,jsonl
4,1,62750,1.0,1.0,jsonl
4,1,63000,1.0,1.0,jsonl
4,1,63250,1.0,1.0,jsonl
4,1,63500,1.0,1.0,jsonl
4,1,63750,1.0,1.0,jsonl
4,1,64000,1.0,1.0,jsonl
4,1,64250,1.0,1.0,jsonl
4,1,64500,1.0,1.0,jsonl
4,1,64750,1.0,1.0,jsonl
4,1,65000,1.0,1.0,jsonl
4,1,65250,1.0,1.0,jsonl
4,1,65500,1.0,1.0,jsonl
4,1,65750,1.0,1.0,jsonl
4,1,66000,1.0,1.0,jsonl
4,1,66250,1.0,1.0,jsonl
4,1,66500,1.0,1.0,jsonl
4,1,66750,1.0,1.0,jsonl
4,1,67000,1.0,1.0,jsonl
4,1,67250,1.0,1.0,jsonl
4,1,67500,1.0,1.0,jsonl
4,1,67750,1.0,1.0,jsonl
4,1,68000,1.0,1.0,jsonl
4,1,68250,1.0,1.0,jsonl
4,1,68500,1.0,1.0,jsonl
4,1,68750,1.0,1.0,jsonl
4,1,69000,1.0,1.0,jsonl
4,1,69250,1.0,1.0,jsonl
4,1,69500,1.0,1.0,jsonl
4,1,69750,1.0,1.0,jsonl
4,1,70000,1.0,1.0,jsonl
4,1,70250,1.0,1.0,jsonl
4,1,70500,1.0,1.0,jsonl
4,2,250,0.213,0.1995,jsonl
4,2,500,0.214,0.208,jsonl
4,2,750,0.195,0.2035,jsonl
4,2,1000,0.209,0.1895,jsonl
4,2,1250,0.192,0.2125,jsonl
4,2,1500,0.182,0.2215,jsonl
4,2,1750,0.188,0.214,jsonl
4,2,2000,0.208,0.1905,jsonl
4,2,2250,0.201,0.1915,jsonl
4,2,2500,0.232,0.192,jsonl
4,2,2750,0.208,0.189,jsonl
4,2,3000,0.214,0.191,jsonl
4,2,3250,0.192,0.2125,jsonl
4,2,3500,0.216,0.2065,jsonl
4,2,3750,0.219,0.214,jsonl
4,2,4000,0.201,0.211,jsonl
4,2,4250,0.25,0.195,jsonl
4,2,4500,0.196,0.2095,jsonl
4,2,4750,0.254,0.187,jsonl
4,2,5000,0.227,0.2015,jsonl
4,2,5250,0.254,0.1825,jsonl
4,2,5500,0.237,0.197,jsonl
4,2,5750,0.257,0.176,jsonl
4,2,6000,0.2,0.2085,jsonl
4,2,6250,0.254,0.1905,jsonl
4,2,6500,0.257,0.184,jsonl
4,2,6750,0.275,0.174,jsonl
4,2,7000,0.246,0.196,jsonl
4,2,7250,0.221,0.2,jsonl
4,2,7500,0.276,0.1685,jsonl
4,2,7750,0.248,0.175,jsonl
4,2,8000,0.264,0.1755,jsonl
4,2,8250,0.26,0.168,jsonl
4,2,8500,0.287,0.1785,jsonl
4,2,8750,0.255,0.191,jsonl
4,2,9000,0.272,0.1855,jsonl
4,2,9250,0.264,0.1945,jsonl
4,2,9500,0.287,0.178,jsonl
4,2,9750,0.356,0.241,jsonl
4,2,10000,0.618,0.5065,jsonl
4,2,10250,0.79,0.758,jsonl
4,2,10500,0.924,0.8945,jsonl
4,2,10750,0.988,0.9845,jsonl
4,2,11000,0.971,0.9655,jsonl
4,2,11250,0.995,0.983,jsonl
4,2,11500,0.998,0.9985,jsonl
4,2,11750,0.975,0.9725,jsonl
4,2,12000,0.999,0.9975,jsonl
4,2,12250,0.996,0.9985,jsonl
4,2,12500,0.995,0.991,jsonl
4,2,12750,0.998,0.9985,jsonl
4,2,13000,0.999,0.9975,jsonl
4,2,13250,0.949,0.9275,jsonl
4,2,13500,0.984,0.977,jsonl
4,2,13750,1.0,0.999,jsonl
4,2,14000,0.999,0.998,jsonl
4,2,14250,1.0,0.999,jsonl
4,2,14500,0.983,0.975,jsonl
4,2,14750,0.996,0.9875,jsonl
4,2,15000,0.999,1.0,jsonl
4,2,15250,1.0,1.0,jsonl
4,2,15500,1.0,1.0,jsonl
4,2,15750,1.0,1.0,jsonl
4,2,16000,1.0,1.0,jsonl
4,2,16250,1.0,1.0,jsonl
4,2,16500,1.0,1.0,jsonl
4,2,16750,1.0,1.0,jsonl
4,2,17000,1.0,1.0,jsonl
4,2,17250,1.0,1.0,jsonl
4,2,17500,1.0,1.0,jsonl
4,2,17750,1.0,1.0,jsonl
4,2,18000,1.0,1.0,jsonl
4,2,18250,1.0,1.0,jsonl
4,2,18500,1.0,1.0,jsonl
4,2,18750,1.0,1.0,jsonl
4,2,19000,1.0,1.0,jsonl
4,2,19250,1.0,1.0,jsonl
4,2,19500,1.0,1.0,jsonl
4,2,19750,1.0,1.0,jsonl
4,2,20000,1.0,1.0,jsonl
4,2,20250,1.0,1.0,jsonl
4,2,20500,0.988,0.986,jsonl
4,2,20750,0.999,0.998,jsonl
4,2,21000,0.94,0.927,jsonl
4,2,21250,0.999,0.9985,jsonl
4,2,21500,0.959,0.958,jsonl
4,2,21750,0.999,0.9975,jsonl
4,2,22000,1.0,0.998,jsonl
4,2,22250,0.993,0.9865,jsonl
4,2,22500,0.988,0.9865,jsonl
4,2,22750,0.995,0.9945,jsonl
4,2,23000,1.0,0.9985,jsonl
4,2,23250,1.0,0.9995,jsonl
4,2,23500,1.0,0.9995,jsonl
4,2,23750,1.0,0.9995,jsonl
4,2,24000,1.0,0.9995,jsonl
4,2,24250,1.0,0.9995,jsonl
4,2,24500,1.0,0.9995,jsonl
4,2,24750,1.0,0.9995,jsonl
4,2,25000,1.0,0.9995,jsonl
4,2,25250,1.0,0.9995,jsonl
4,2,25500,1.0,0.9995,jsonl
4,2,25750,1.0,0.9995,jsonl
4,2,26000,1.0,0.9995,jsonl
4,2,26250,1.0,1.0,jsonl
4,2,26500,1.0,0.9995,jsonl
4,2,26750,1.0,0.9995,jsonl
4,2,27000,1.0,1.0,jsonl
4,2,27250,1.0,1.0,jsonl
4,2,27500,1.0,1.0,jsonl
4,2,27750,1.0,1.0,jsonl
4,2,28000,1.0,1.0,jsonl
4,2,28250,1.0,1.0,jsonl
4,2,28500,1.0,1.0,jsonl
4,2,28750,1.0,1.0,jsonl
4,2,29000,1.0,1.0,jsonl
4,2,29250,1.0,1.0,jsonl
4,2,29500,1.0,1.0,jsonl
4,2,29750,1.0,1.0,jsonl
4,2,30000,1.0,1.0,jsonl
4,2,30250,1.0,1.0,jsonl
4,2,30500,1.0,1.0,jsonl
4,2,30750,1.0,1.0,jsonl
4,2,31000,1.0,1.0,jsonl
4,2,31250,1.0,1.0,jsonl
4,2,31500,1.0,1.0,jsonl
4,2,31750,1.0,1.0,jsonl
4,2,32000,1.0,1.0,jsonl
4,2,32250,1.0,0.9985,jsonl
4,2,32500,1.0,0.999,jsonl
4,2,32750,1.0,0.999,jsonl
4,2,33000,1.0,0.9995,jsonl
4,2,33250,1.0,1.0,jsonl
4,2,33500,1.0,0.9995,jsonl
4,2,33750,1.0,1.0,jsonl
4,2,34000,1.0,1.0,jsonl
4,2,34250,1.0,1.0,jsonl
4,2,34500,1.0,1.0,jsonl
4,2,34750,1.0,1.0,jsonl
4,2,35000,1.0,1.0,jsonl
4,2,35250,1.0,1.0,jsonl
4,2,35500,1.0,1.0,jsonl
4,2,35750,1.0,1.0,jsonl
4,2,36000,1.0,1.0,jsonl
4,2,36250,1.0,1.0,jsonl
4,2,36500,1.0,1.0,jsonl
4,2,36750,1.0,1.0,jsonl
4,2,37000,1.0,1.0,jsonl
4,2,37250,1.0,1.0,jsonl
4,2,37500,1.0,1.0,jsonl
4,2,37750,1.0,1.0,jsonl
4,2,38000,1.0,1.0,jsonl
4,2,38250,1.0,1.0,jsonl
4,2,38500,1.0,1.0,jsonl
4,2,38750,1.0,1.0,jsonl
4,2,39000,1.0,1.0,jsonl
4,2,39250,1.0,1.0,jsonl
4,2,39500,1.0,1.0,jsonl
4,2,39750,1.0,1.0,jsonl
4,2,40000,1.0,1.0,jsonl
4,2,40250,1.0,1.0,jsonl
4,2,40500,1.0,1.0,jsonl
4,2,40750,1.0,1.0,jsonl
4,2,41000,1.0,1.0,jsonl
4,2,41250,1.0,1.0,jsonl
4,2,41500,1.0,1.0,jsonl
4,2,41750,1.0,1.0,jsonl
4,2,42000,1.0,1.0,jsonl
4,2,42250,1.0,1.0,jsonl
4,2,42500,1.0,1.0,jsonl
4,2,42750,1.0,1.0,jsonl
4,2,43000,1.0,1.0,jsonl
4,2,43250,1.0,1.0,jsonl
4,2,43500,1.0,1.0,jsonl
4,2,43750,1.0,1.0,jsonl
4,2,44000,1.0,1.0,jsonl
4,2,44250,1.0,0.9995,jsonl
4,2,44500,1.0,1.0,jsonl
4,2,44750,1.0,0.9985,jsonl
4,2,45000,1.0,0.9995,jsonl
4,2,45250,0.999,0.999,jsonl
4,2,45500,0.999,1.0,jsonl
4,2,45750,1.0,1.0,jsonl
4,2,46000,1.0,1.0,jsonl
4,2,46250,1.0,1.0,jsonl
4,2,46500,1.0,1.0,jsonl
4,2,46750,1.0,1.0,jsonl
4,2,47000,1.0,1.0,jsonl
4,2,47250,1.0,1.0,jsonl
4,2,47500,1.0,1.0,jsonl
4,2,47750,1.0,1.0,jsonl
4,2,48000,1.0,1.0,jsonl
4,2,48250,1.0,1.0,jsonl
4,2,48500,1.0,1.0,jsonl
4,2,48750,1.0,1.0,jsonl
4,2,49000,1.0,1.0,jsonl
4,2,49250,1.0,1.0,jsonl
4,2,49500,1.0,1.0,jsonl
4,2,49750,1.0,1.0,jsonl
4,2,50000,1.0,1.0,jsonl
4,2,50250,1.0,1.0,jsonl
4,2,50500,1.0,1.0,jsonl
4,2,50750,1.0,1.0,jsonl
4,2,51000,1.0,1.0,jsonl
4,2,51250,1.0,1.0,jsonl
4,2,51500,1.0,1.0,jsonl
4,2,51750,1.0,1.0,jsonl
4,2,52000,1.0,1.0,jsonl
4,2,52250,1.0,1.0,jsonl
4,2,52500,1.0,1.0,jsonl
4,2,52750,1.0,1.0,jsonl
4,2,53000,1.0,1.0,jsonl
4,2,53250,1.0,1.0,jsonl
4,2,53500,1.0,1.0,jsonl
4,2,53750,1.0,1.0,jsonl
4,2,54000,1.0,1.0,jsonl
4,2,54250,1.0,1.0,jsonl
4,2,54500,1.0,1.0,jsonl
4,2,54750,1.0,1.0,jsonl
4,2,55000,1.0,1.0,jsonl
4,2,55250,1.0,1.0,jsonl
4,2,55500,1.0,1.0,jsonl
4,2,55750,1.0,1.0,jsonl
4,2,56000,1.0,1.0,jsonl
4,2,56250,1.0,1.0,jsonl
4,2,56500,1.0,1.0,jsonl
4,2,56750,1.0,1.0,jsonl
4,2,57000,1.0,1.0,jsonl
4,2,57250,1.0,1.0,jsonl
4,2,57500,1.0,1.0,jsonl
4,2,57750,1.0,1.0,jsonl
4,2,58000,1.0,1.0,jsonl
4,2,58250,1.0,1.0,jsonl
4,2,58500,1.0,1.0,jsonl
4,2,58750,1.0,1.0,jsonl
4,2,59000,1.0,1.0,jsonl
4,2,59250,1.0,1.0,jsonl
4,2,59500,1.0,1.0,jsonl
4,2,59750,1.0,1.0,jsonl
4,2,60000,1.0,1.0,jsonl
4,2,60250,1.0,1.0,jsonl
4,2,60500,1.0,1.0,jsonl
4,2,60750,1.0,1.0,jsonl
4,2,61000,1.0,1.0,jsonl
4,2,61250,1.0,1.0,jsonl
4,2,61500,1.0,1.0,jsonl
4,2,61750,1.0,1.0,jsonl
4,2,62000,1.0,1.0,jsonl
4,2,62250,1.0,1.0,jsonl
4,2,62500,1.0,1.0,jsonl
4,2,62750,1.0,1.0,jsonl
4,2,63000,1.0,1.0,jsonl
4,2,63250,1.0,1.0,jsonl
4,2,63500,1.0,1.0,jsonl
4,2,63750,1.0,1.0,jsonl
4,2,64000,1.0,1.0,jsonl
4,2,64250,1.0,1.0,jsonl
4,2,64500,1.0,1.0,jsonl
4,2,64750,1.0,1.0,jsonl
4,2,65000,1.0,1.0,jsonl
4,2,65250,1.0,1.0,jsonl
4,2,65500,1.0,1.0,jsonl
4,2,65750,1.0,1.0,jsonl
4,2,66000,1.0,1.0,jsonl
4,2,66250,1.0,1.0,jsonl
4,2,66500,1.0,1.0,jsonl
4,2,66750,1.0,1.0,jsonl
4,2,67000,1.0,1.0,jsonl
4,2,67250,1.0,1.0,jsonl
4,2,67500,1.0,1.0,jsonl
4,2,67750,1.0,1.0,jsonl
4,2,68000,1.0,1.0,jsonl
4,2,68250,1.0,1.0,jsonl
4,2,68500,1.0,1.0,jsonl
4,2,68750,1.0,1.0,jsonl
4,2,69000,1.0,1.0,jsonl
4,2,69250,1.0,1.0,jsonl
4,2,69500,1.0,1.0,jsonl
4,2,69750,1.0,1.0,jsonl
4,2,70000,1.0,1.0,jsonl
4,2,70250,1.0,1.0,jsonl
4,2,70500,1.0,1.0,jsonl
4,42,0,0.0,0.0,csv
4,42,500,0.2035333333,0.174,csv
4,42,1000,0.1982666667,0.206,csv
4,42,1500,0.1996,0.2125,csv
4,42,2000,0.1991333333,0.2195,csv
4,42,2500,0.2032666667,0.2045,csv
4,42,3000,0.2216,0.194,csv
4,42,3500,0.2412666667,0.1805,csv
4,42,4000,0.2218,0.182,csv
4,42,4500,0.239,0.1955,csv
4,42,5000,0.2444666667,0.1905,csv
4,42,5500,0.2626,0.181,csv
4,42,6000,0.2656666667,0.193,csv
4,42,6500,0.2638,0.188,csv
4,42,7000,0.2618,0.1805,csv
4,42,7500,0.2652666667,0.1675,csv
4,42,8000,0.2725333333,0.181,csv
4,42,8500,0.259,0.1685,csv
4,42,9000,0.255,0.192,csv
4,42,9500,0.2787333333,0.1905,csv
4,42,10000,0.2897333333,0.1625,csv
4,42,10500,0.2652666667,0.1945,csv
4,42,11000,0.2994666667,0.1815,csv
4,42,11500,0.4798,0.347,csv
4,42,12000,0.9756666667,0.9675,csv
4,42,12500,0.9956666667,0.9945,csv
4,42,13000,0.9937333333,0.991,csv
4,42,13500,0.9991333333,0.998,csv
4,42,14000,0.9992,0.9995,csv
4,42,14500,1.0,1.0,csv_fill
4,42,15000,1.0,1.0,csv_fill
4,42,15500,1.0,1.0,csv_fill
4,42,16000,1.0,1.0,csv_fill
4,42,16500,1.0,1.0,csv_fill
4,42,17000,1.0,1.0,csv_fill
4,42,17500,1.0,1.0,csv_fill
4,42,18000,1.0,1.0,csv_fill
4,42,18500,1.0,1.0,csv_fill
4,42,19000,1.0,1.0,csv_fill
4,42,19500,1.0,1.0,csv_fill
4,42,20000,1.0,1.0,csv_fill
4,42,20500,1.0,1.0,csv_fill
4,42,21000,1.0,1.0,csv_fill
4,42,21500,1.0,1.0,csv_fill
4,42,22000,1.0,1.0,csv_fill
4,42,22500,1.0,1.0,csv_fill
4,42,23000,1.0,1.0,csv_fill
4,42,23500,1.0,1.0,csv_fill
4,42,24000,1.0,1.0,csv_fill
4,42,24500,1.0,1.0,csv_fill
4,42,25000,1.0,1.0,csv_fill
4,42,25500,1.0,1.0,csv_fill
4,42,26000,1.0,1.0,csv_fill
4,42,26500,1.0,1.0,csv_fill
4,42,27000,1.0,1.0,csv_fill
4,42,27500,1.0,1.0,csv_fill
4,42,28000,1.0,1.0,csv_fill
4,42,28500,1.0,1.0,csv_fill
4,42,29000,1.0,1.0,csv_fill
4,42,29500,1.0,1.0,csv_fill
4,42,30000,1.0,1.0,csv_fill
4,42,30500,1.0,1.0,csv_fill
4,42,31000,1.0,1.0,csv_fill
4,42,31500,1.0,1.0,csv_fill
4,42,32000,1.0,1.0,csv_fill
4,42,32500,1.0,1.0,csv_fill
4,42,33000,1.0,1.0,csv_fill
4,42,33500,1.0,1.0,csv_fill
4,42,34000,1.0,1.0,csv_fill
4,42,34500,1.0,1.0,csv_fill
4,42,35000,1.0,1.0,csv_fill
4,42,35500,1.0,1.0,csv_fill
4,42,36000,1.0,1.0,csv_fill
4,42,36500,1.0,1.0,csv_fill
4,42,37000,1.0,1.0,csv_fill
4,42,37500,1.0,1.0,csv_fill
4,42,38000,1.0,1.0,csv_fill
4,42,38500,1.0,1.0,csv_fill
4,42,39000,1.0,1.0,csv_fill
4,42,39500,1.0,1.0,csv_fill
4,42,40000,1.0,1.0,csv_fill
4,42,40500,1.0,1.0,csv_fill
4,42,41000,1.0,1.0,csv_fill
4,42,41500,1.0,1.0,csv_fill
4,42,42000,1.0,1.0,csv_fill
4,42,42500,1.0,1.0,csv_fill
4,42,43000,1.0,1.0,csv_fill
4,42,43500,1.0,1.0,csv_fill
4,42,44000,1.0,1.0,csv_fill
4,42,44500,1.0,1.0,csv_fill
4,42,45000,1.0,1.0,csv_fill
4,42,45500,1.0,1.0,csv_fill
4,42,46000,1.0,1.0,csv_fill
4,42,46500,1.0,1.0,csv_fill
4,42,47000,1.0,1.0,csv_fill
4,42,47500,1.0,1.0,csv_fill
4,42,48000,1.0,1.0,csv_fill
4,42,48500,1.0,1.0,csv_fill
4,42,49000,1.0,1.0,csv_fill
4,42,49500,1.0,1.0,csv_fill
4,42,50000,1.0,1.0,csv_fill
4,42,50500,1.0,1.0,csv_fill
4,42,51000,1.0,1.0,csv_fill
4,42,51500,1.0,1.0,csv_fill
4,42,52000,1.0,1.0,csv_fill
4,42,52500,1.0,1.0,csv_fill
4,42,53000,1.0,1.0,csv_fill
4,42,53500,1.0,1.0,csv_fill
4,42,54000,1.0,1.0,csv_fill
4,42,54500,1.0,1.0,csv_fill
4,42,55000,1.0,1.0,csv_fill
4,42,55500,1.0,1.0,csv_fill
4,42,56000,1.0,1.0,csv_fill
4,42,56500,1.0,1.0,csv_fill
4,42,57000,1.0,1.0,csv_fill
4,42,57500,1.0,1.0,csv_fill
4,42,58000,1.0,1.0,csv_fill
4,42,58500,1.0,1.0,csv_fill
4,42,59000,1.0,1.0,csv_fill
4,42,59500,1.0,1.0,csv_fill
4,42,60000,1.0,1.0,csv_fill
4,42,60500,1.0,1.0,csv_fill
4,42,61000,1.0,1.0,csv_fill
4,42,61500,1.0,1.0,csv_fill
4,42,62000,1.0,1.0,csv_fill
4,42,62500,1.0,1.0,csv_fill
4,42,63000,1.0,1.0,csv_fill
4,42,63500,1.0,1.0,csv_fill
4,42,64000,1.0,1.0,csv_fill
4,42,64500,1.0,1.0,csv_fill
4,42,65000,1.0,1.0,csv_fill
4,42,65500,1.0,1.0,csv_fill
4,42,66000,1.0,1.0,csv_fill
4,42,66500,1.0,1.0,csv_fill
4,42,67000,1.0,1.0,csv_fill
4,42,67500,1.0,1.0,csv_fill
4,42,68000,1.0,1.0,csv_fill
4,42,68500,1.0,1.0,csv_fill
4,42,69000,1.0,1.0,csv_fill
4,42,69500,1.0,1.0,csv_fill
4,42,70000,1.0,1.0,csv_fill
4,42,70500,1.0,1.0,csv_fill
5,1,250,0.171,0.175,jsonl
5,1,500,0.159,0.1595,jsonl
5,1,750,0.168,0.1775,jsonl
5,1,1000,0.157,0.175,jsonl
5,1,1250,0.184,0.168,jsonl
5,1,1500,0.176,0.1825,jsonl
5,1,1750,0.146,0.1605,jsonl
5,1,2000,0.176,0.1835,jsonl
5,1,2250,0.149,0.1605,jsonl
5,1,2500,0.165,0.168,jsonl
5,1,2750,0.16,0.1605,jsonl
5,1,3000,0.16,0.1575,jsonl
5,1,3250,0.179,0.167,jsonl
5,1,3500,0.196,0.18,jsonl
5,1,3750,0.191,0.182,jsonl
5,1,4000,0.177,0.154,jsonl
5,1,4250,0.2,0.1565,jsonl
5,1,4500,0.188,0.1455,jsonl
5,1,4750,0.214,0.1685,jsonl
5,1,5000,0.226,0.138,jsonl
5,1,5250,0.23,0.1575,jsonl
5,1,5500,0.194,0.152,jsonl
5,1,5750,0.209,0.152,jsonl
5,1,6000,0.229,0.155,jsonl
5,1,6250,0.223,0.1645,jsonl
5,1,6500,0.231,0.1555,jsonl
5,1,6750,0.21,0.1525,jsonl
5,1,7000,0.197,0.1555,jsonl
5,1,7250,0.237,0.157,jsonl
5,1,7500,0.243,0.173,jsonl
5,1,7750,0.228,0.1735,jsonl
5,1,8000,0.205,0.143,jsonl
5,1,8250,0.242,0.16,jsonl
5,1,8500,0.214,0.152,jsonl
5,1,8750,0.228,0.167,jsonl
5,1,9000,0.248,0.143,jsonl
5,1,9250,0.261,0.164,jsonl
5,1,9500,0.236,0.14,jsonl
5,1,9750,0.206,0.159,jsonl
5,1,10000,0.23,0.1755,jsonl
5,1,10250,0.223,0.1505,jsonl
5,1,10500,0.237,0.161,jsonl
5,1,10750,0.241,0.156,jsonl
5,1,11000,0.222,0.1635,jsonl
5,1,11250,0.234,0.158,jsonl
5,1,11500,0.25,0.1695,jsonl
5,1,11750,0.277,0.1495,jsonl
5,1,12000,0.273,0.1515,jsonl
5,1,12250,0.275,0.147,jsonl
5,1,12500,0.276,0.1555,jsonl
5,1,12750,0.284,0.1625,jsonl
5,1,13000,0.323,0.1415,jsonl
5,1,13250,0.316,0.1385,jsonl
5,1,13500,0.345,0.17,jsonl
5,1,13750,0.407,0.2025,jsonl
5,1,14000,0.495,0.299,jsonl
5,1,14250,0.66,0.5195,jsonl
5,1,14500,0.926,0.8835,jsonl
5,1,14750,0.947,0.9285,jsonl
5,1,15000,0.976,0.9625,jsonl
5,1,15250,0.98,0.9695,jsonl
5,1,15500,0.959,0.9385,jsonl
5,1,15750,0.996,0.9925,jsonl
5,1,16000,0.979,0.9615,jsonl
5,1,16250,0.928,0.8945,jsonl
5,1,16500,0.999,0.994,jsonl
5,1,16750,0.999,0.9925,jsonl
5,1,17000,0.989,0.9745,jsonl
5,1,17250,0.996,0.991,jsonl
5,1,17500,0.986,0.973,jsonl
5,1,17750,0.99,0.983,jsonl
5,1,18000,0.974,0.959,jsonl
5,1,18250,0.999,0.99,jsonl
5,1,18500,0.999,0.996,jsonl
5,1,18750,0.998,0.996,jsonl
5,1,19000,0.991,0.9915,jsonl
5,1,19250,0.999,0.9965,jsonl
5,1,19500,0.991,0.989,jsonl
5,1,19750,1.0,0.996,jsonl
5,1,20000,1.0,0.996,jsonl
5,1,20250,0.895,0.8745,jsonl
5,1,20500,1.0,0.9975,jsonl
5,1,20750,1.0,0.996,jsonl
5,1,21000,1.0,0.997,jsonl
5,1,21250,1.0,0.998,jsonl
5,1,21500,1.0,0.9985,jsonl
5,1,21750,0.998,0.9905,jsonl
5,1,22000,1.0,0.998,jsonl
5,1,22250,1.0,0.9965,jsonl
5,1,22500,1.0,0.998,jsonl
5,1,22750,0.993,0.987,jsonl
5,1,23000,0.99,0.985,jsonl
5,1,23250,1.0,0.996,jsonl
5,1,23500,1.0,0.9985,jsonl
5,1,23750,1.0,0.9985,jsonl
5,1,24000,1.0,0.9985,jsonl
5,1,24250,1.0,0.9995,jsonl
5,1,24500,1.0,0.9985,jsonl
5,1,24750,0.957,0.9535,jsonl
5,1,25000,1.0,0.9975,jsonl
5,1,25250,0.999,0.998,jsonl
5,1,25500,1.0,0.998,jsonl
5,1,25750,1.0,0.999,jsonl
5,1,26000,0.999,0.997,jsonl
5,1,26250,1.0,0.9985,jsonl
5,1,26500,1.0,0.9995,jsonl
5,1,26750,1.0,0.9995,jsonl
5,1,27000,1.0,0.9995,jsonl
5,1,27250,1.0,0.9995,jsonl
5,1,27500,1.0,0.9995,jsonl
5,1,27750,1.0,0.9995,jsonl
5,1,28000,1.0,0.9995,jsonl
5,1,28250,1.0,0.997,jsonl
5,1,28500,1.0,0.9985,jsonl
5,1,28750,1.0,0.999,jsonl
5,1,29000,1.0,0.9985,jsonl
5,1,29250,1.0,0.999,jsonl
5,1,29500,1.0,0.9995,jsonl
5,1,29750,1.0,0.999,jsonl
5,1,30000,1.0,0.999,jsonl
5,1,30250,1.0,0.999,jsonl
5,1,30500,1.0,0.9995,jsonl
5,1,30750,1.0,0.999,jsonl
5,1,31000,1.0,0.9995,jsonl
5,1,31250,1.0,0.999,jsonl
5,1,31500,1.0,0.9995,jsonl
5,1,31750,1.0,0.9995,jsonl
5,1,32000,1.0,0.999,jsonl
5,1,32250,1.0,0.9995,jsonl
5,1,32500,1.0,0.999,jsonl
5,1,32750,1.0,0.9995,jsonl
5,1,33000,1.0,0.9995,jsonl
5,1,33250,1.0,0.9995,jsonl
5,1,33500,1.0,0.9995,jsonl
5,1,33750,1.0,0.9995,jsonl
5,1,34000,1.0,0.9995,jsonl
5,1,34250,1.0,0.9995,jsonl
5,1,34500,1.0,0.999,jsonl
5,1,34750,1.0,0.9995,jsonl
5,1,35000,1.0,0.999,jsonl
5,1,35250,1.0,0.9995,jsonl
5,1,35500,1.0,0.9995,jsonl
5,1,35750,1.0,0.9995,jsonl
5,1,36000,1.0,0.9995,jsonl
5,1,36250,1.0,0.9995,jsonl
5,1,36500,1.0,0.9995,jsonl
5,1,36750,1.0,0.999,jsonl
5,1,37000,1.0,0.9995,jsonl
5,1,37250,1.0,0.999,jsonl
5,1,37500,1.0,0.9995,jsonl
5,1,37750,1.0,0.9995,jsonl
5,1,38000,1.0,0.9995,jsonl
5,1,38250,1.0,0.9995,jsonl
5,1,38500,1.0,0.999,jsonl
5,1,38750,1.0,0.9995,jsonl
5,1,39000,1.0,0.9995,jsonl
5,1,39250,1.0,0.9995,jsonl
5,1,39500,1.0,0.999,jsonl
5,1,39750,1.0,0.999,jsonl
5,1,40000,1.0,0.9995,jsonl
5,1,40250,1.0,0.9995,jsonl
5,1,40500,0.998,0.998,jsonl
5,1,40750,1.0,0.9975,jsonl
5,1,41000,1.0,0.998,jsonl
5,1,41250,1.0,0.998,jsonl
5,1,41500,1.0,0.998,jsonl
5,1,41750,1.0,0.9985,jsonl
5,1,42000,1.0,0.9985,jsonl
5,1,42250,1.0,0.9985,jsonl
5,1,42500,1.0,0.9985,jsonl
5,1,42750,1.0,0.9985,jsonl
5,1,43000,1.0,0.9985,jsonl
5,1,43250,1.0,0.9985,jsonl
5,1,43500,1.0,0.9985,jsonl
5,1,43750,1.0,0.9985,jsonl
5,1,44000,1.0,0.9985,jsonl
5,1,44250,1.0,0.9985,jsonl
5,1,44500,1.0,0.9985,jsonl
5,1,44750,1.0,0.9985,jsonl
5,1,45000,1.0,0.9985,jsonl
5,1,45250,1.0,0.9985,jsonl
5,1,45500,1.0,0.9985,jsonl
5,1,45750,1.0,0.9985,jsonl
5,1,46000,1.0,0.999,jsonl
5,1,46250,1.0,0.999,jsonl
5,1,46500,1.0,0.999,jsonl
5,1,46750,1.0,0.999,jsonl
5,1,47000,1.0,0.999,jsonl
5,1,47250,1.0,0.999,jsonl
5,1,47500,1.0,0.999,jsonl
5,1,47750,1.0,0.999,jsonl
5,1,48000,1.0,0.999,jsonl
5,1,48250,1.0,0.999,jsonl
5,1,48500,1.0,0.999,jsonl
5,1,48750,1.0,0.999,jsonl
5,1,49000,1.0,0.999,jsonl
5,1,49250,1.0,0.999,jsonl
5,1,49500,1.0,0.999,jsonl
5,1,49750,1.0,0.999,jsonl
5,1,50000,1.0,0.999,jsonl
5,1,50250,1.0,0.999,jsonl
5,1,50500,1.0,0.999,jsonl
5,1,50750,1.0,0.999,jsonl
5,1,51000,1.0,0.999,jsonl
5,1,51250,1.0,0.999,jsonl
5,1,51500,1.0,0.999,jsonl
5,1,51750,1.0,0.999,jsonl
5,1,52000,1.0,0.999,jsonl
5,1,52250,1.0,0.999,jsonl
5,1,52500,1.0,0.999,jsonl
5,1,52750,1.0,0.999,jsonl
5,1,53000,1.0,0.999,jsonl
5,1,53250,1.0,0.999,jsonl
5,1,53500,1.0,0.999,jsonl
5,1,53750,1.0,0.999,jsonl
5,1,54000,1.0,0.999,jsonl
5,1,54250,1.0,0.999,jsonl
5,1,54500,1.0,0.999,jsonl
5,1,54750,1.0,0.999,jsonl
5,1,55000,1.0,0.999,jsonl
5,1,55250,1.0,0.999,jsonl
5,1,55500,1.0,0.999,jsonl
5,1,55750,1.0,0.999,jsonl
5,1,56000,1.0,0.999,jsonl
5,1,56250,1.0,0.999,jsonl
5,1,56500,1.0,0.999,jsonl
5,1,56750,1.0,0.999,jsonl
5,1,57000,1.0,0.999,jsonl
5,1,57250,1.0,0.999,jsonl
5,1,57500,1.0,0.999,jsonl
5,1,57750,1.0,0.999,jsonl
5,1,58000,1.0,0.999,jsonl
5,1,58250,1.0,0.999,jsonl
5,1,58500,1.0,0.999,jsonl
5,1,58750,1.0,0.999,jsonl
5,1,59000,1.0,0.999,jsonl
5,1,59250,1.0,0.999,jsonl
5,1,59500,1.0,0.999,jsonl
5,1,59750,1.0,0.999,jsonl
5,1,60000,1.0,0.999,jsonl
5,1,60250,1.0,0.999,jsonl
5,1,60500,1.0,0.999,jsonl
5,1,60750,1.0,0.999,jsonl
5,1,61000,1.0,0.999,jsonl
5,1,61250,1.0,0.999,jsonl
5,1,61500,1.0,0.999,jsonl
5,1,61750,1.0,0.999,jsonl
5,1,62000,1.0,0.999,jsonl
5,1,62250,1.0,0.999,jsonl
5,1,62500,1.0,0.999,jsonl
5,1,62750,1.0,0.999,jsonl
5,1,63000,1.0,0.999,jsonl
5,1,63250,1.0,0.999,jsonl
5,1,63500,1.0,0.999,jsonl
5,1,63750,1.0,0.999,jsonl
5,1,64000,1.0,0.999,jsonl
5,1,64250,1.0,0.999,jsonl
5,1,64500,1.0,0.999,jsonl
5,1,64750,1.0,0.999,jsonl
5,1,65000,1.0,0.999,jsonl
5,1,65250,1.0,0.999,jsonl
5,1,65500,1.0,0.999,jsonl
5,1,65750,1.0,0.999,jsonl
5,1,66000,1.0,0.999,jsonl
5,1,66250,1.0,0.999,jsonl
5,1,66500,1.0,0.999,jsonl
5,1,66750,1.0,0.999,jsonl
5,1,67000,1.0,0.999,jsonl
5,1,67250,1.0,0.999,jsonl
5,1,67500,1.0,0.999,jsonl
5,1,67750,1.0,0.999,jsonl
5,1,68000,1.0,0.999,jsonl
5,1,68250,1.0,0.999,jsonl
5,1,68500,1.0,0.999,jsonl
5,1,68750,1.0,0.999,jsonl
5,1,69000,1.0,0.999,jsonl
5,1,69250,1.0,0.999,jsonl
5,1,69500,1.0,0.999,jsonl
5,1,69750,1.0,0.999,jsonl
5,1,70000,1.0,0.999,jsonl
5,1,70250,1.0,0.999,jsonl
5,1,70500,1.0,0.999,jsonl
5,2,250,0.165,0.1615,jsonl
5,2,500,0.16,0.1625,jsonl
5,2,750,0.162,0.1615,jsonl
5,2,1000,0.173,0.1815,jsonl
5,2,1250,0.172,0.1835,jsonl
5,2,1500,0.178,0.1655,jsonl
5,2,1750,0.178,0.1655,jsonl
5,2,2000,0.159,0.1605,jsonl
5,2,2250,0.181,0.1655,jsonl
5,2,2500,0.178,0.1655,jsonl
5,2,2750,0.159,0.1605,jsonl
5,2,3000,0.16,0.161,jsonl
5,2,3250,0.178,0.167,jsonl
5,2,3500,0.196,0.162,jsonl
5,2,3750,0.198,0.158,jsonl
5,2,4000,0.243,0.1635,jsonl
5,2,4250,0.211,0.156,jsonl
5,2,4500,0.24,0.148,jsonl
5,2,4750,0.24,0.1585,jsonl
5,2,5000,0.248,0.161,jsonl
5,2,5250,0.223,0.154,jsonl
5,2,5500,0.244,0.1595,jsonl
5,2,5750,0.222,0.157,jsonl
5,2,6000,0.246,0.1595,jsonl
5,2,6250,0.26,0.167,jsonl
5,2,6500,0.228,0.157,jsonl
5,2,6750,0.257,0.1495,jsonl
5,2,7000,0.256,0.1655,jsonl
5,2,7250,0.196,0.1685,jsonl
5,2,7500,0.26,0.1555,jsonl
5,2,7750,0.25,0.1555,jsonl
5,2,8000,0.234,0.1445,jsonl
5,2,8250,0.238,0.1625,jsonl
5,2,8500,0.25,0.1595,jsonl
5,2,8750,0.276,0.166,jsonl
5,2,9000,0.25,0.156,jsonl
5,2,9250,0.243,0.1625,jsonl
5,2,9500,0.246,0.162,jsonl
5,2,9750,0.281,0.1655,jsonl
5,2,10000,0.253,0.158,jsonl
5,2,10250,0.275,0.1735,jsonl
5,2,10500,0.279,0.1555,jsonl
5,2,10750,0.242,0.157,jsonl
5,2,11000,0.252,0.1525,jsonl
5,2,11250,0.238,0.1475,jsonl
5,2,11500,0.238,0.1635,jsonl
5,2,11750,0.251,0.15,jsonl
5,2,12000,0.296,0.157,jsonl
5,2,12250,0.319,0.1615,jsonl
5,2,12500,0.306,0.17,jsonl
5,2,12750,0.324,0.161,jsonl
5,2,13000,0.341,0.1755,jsonl
5,2,13250,0.488,0.2985,jsonl
5,2,13500,0.786,0.706,jsonl
5,2,13750,0.908,0.858,jsonl
5,2,14000,0.972,0.9495,jsonl
5,2,14250,0.991,0.982,jsonl
5,2,14500,0.966,0.9365,jsonl
5,2,14750,0.993,0.9805,jsonl
5,2,15000,0.998,0.9835,jsonl
5,2,15250,0.998,0.9905,jsonl
5,2,15500,0.965,0.9635,jsonl
5,2,15750,0.942,0.9255,jsonl
5,2,16000,1.0,0.9885,jsonl
5,2,16250,0.98,0.9785,jsonl
5,2,16500,0.996,0.99,jsonl
5,2,16750,0.996,0.9855,jsonl
5,2,17000,0.986,0.9795,jsonl
5,2,17250,0.999,0.9985,jsonl
5,2,17500,0.992,0.984,jsonl
5,2,17750,0.998,0.993,jsonl
5,2,18000,1.0,0.9975,jsonl
5,2,18250,1.0,0.9985,jsonl
5,2,18500,1.0,0.9985,jsonl
5,2,18750,1.0,0.9985,jsonl
5,2,19000,1.0,0.9985,jsonl
5,2,19250,1.0,0.9985,jsonl
5,2,19500,1.0,0.9985,jsonl
5,2,19750,1.0,0.9985,jsonl
5,2,20000,1.0,0.9985,jsonl
5,2,20250,1.0,0.9985,jsonl
5,2,20500,1.0,0.9985,jsonl
5,2,20750,1.0,0.9985,jsonl
5,2,21000,1.0,0.9985,jsonl
5,2,21250,1.0,0.9985,jsonl
5,2,21500,1.0,0.9985,jsonl
5,2,21750,1.0,0.9985,jsonl
5,2,22000,1.0,0.9985,jsonl
5,2,22250,1.0,0.9985,jsonl
5,2,22500,1.0,0.9985,jsonl
5,2,22750,1.0,0.9985,jsonl
5,2,23000,1.0,0.9985,jsonl
5,2,23250,1.0,0.9985,jsonl
5,2,23500,1.0,0.9985,jsonl
5,2,23750,1.0,0.999,jsonl
5,2,24000,0.996,0.9865,jsonl
5,2,24250,0.991,0.986,jsonl
5,2,24500,0.999,0.998,jsonl
5,2,24750,0.995,0.9915,jsonl
5,2,25000,1.0,0.997,jsonl
5,2,25250,1.0,1.0,jsonl
5,2,25500,1.0,0.9995,jsonl
5,2,25750,1.0,0.9995,jsonl
5,2,26000,1.0,0.9995,jsonl
5,2,26250,1.0,0.9995,jsonl
5,2,26500,1.0,0.9995,jsonl
5,2,26750,1.0,0.9995,jsonl
5,2,27000,1.0,0.9995,jsonl
5,2,27250,1.0,0.9995,jsonl
5,2,27500,1.0,1.0,jsonl
5,2,27750,1.0,1.0,jsonl
5,2,28000,1.0,1.0,jsonl
5,2,28250,1.0,1.0,jsonl
5,2,28500,1.0,1.0,jsonl
5,2,28750,1.0,1.0,jsonl
5,2,29000,1.0,1.0,jsonl
5,2,29250,1.0,1.0,jsonl
5,2,29500,1.0,1.0,jsonl
5,2,29750,1.0,1.0,jsonl
5,2,30000,1.0,1.0,jsonl
5,2,30250,1.0,1.0,jsonl
5,2,30500,1.0,1.0,jsonl
5,2,30750,1.0,1.0,jsonl
5,2,31000,1.0,1.0,jsonl
5,2,31250,1.0,1.0,jsonl
5,2,31500,1.0,1.0,jsonl
5,2,31750,1.0,1.0,jsonl
5,2,32000,1.0,1.0,jsonl
5,2,32250,1.0,1.0,jsonl
5,2,32500,1.0,1.0,jsonl
5,2,32750,1.0,1.0,jsonl
5,2,33000,1.0,1.0,jsonl
5,2,33250,1.0,1.0,jsonl
5,2,33500,1.0,1.0,jsonl
5,2,33750,1.0,1.0,jsonl
5,2,34000,1.0,1.0,jsonl
5,2,34250,1.0,1.0,jsonl
5,2,34500,1.0,1.0,jsonl
5,2,34750,1.0,1.0,jsonl
5,2,35000,1.0,1.0,jsonl
5,2,35250,1.0,1.0,jsonl
5,2,35500,1.0,1.0,jsonl
5,2,35750,1.0,1.0,jsonl
5,2,36000,1.0,1.0,jsonl
5,2,36250,1.0,1.0,jsonl
5,2,36500,1.0,1.0,jsonl
5,2,36750,1.0,1.0,jsonl
5,2,37000,1.0,1.0,jsonl
5,2,37250,0.999,0.996,jsonl
5,2,37500,1.0,0.999,jsonl
5,2,37750,0.997,0.9925,jsonl
5,2,38000,1.0,0.999,jsonl
5,2,38250,1.0,0.999,jsonl
5,2,38500,1.0,0.999,jsonl
5,2,38750,1.0,0.999,jsonl
5,2,39000,1.0,0.999,jsonl
5,2,39250,1.0,0.9995,jsonl
5,2,39500,1.0,0.9995,jsonl
5,2,39750,1.0,0.9995,jsonl
5,2,40000,1.0,0.9995,jsonl
5,2,40250,1.0,0.9995,jsonl
5,2,40500,1.0,0.9995,jsonl
5,2,40750,1.0,1.0,jsonl
5,2,41000,1.0,1.0,jsonl
5,2,41250,1.0,1.0,jsonl
5,2,41500,1.0,1.0,jsonl
5,2,41750,1.0,1.0,jsonl
5,2,42000,1.0,1.0,jsonl
5,2,42250,1.0,1.0,jsonl
5,2,42500,1.0,1.0,jsonl
5,2,42750,1.0,1.0,jsonl
5,2,43000,1.0,1.0,jsonl
5,2,43250,1.0,1.0,jsonl
5,2,43500,1.0,1.0,jsonl
5,2,43750,1.0,1.0,jsonl
5,2,44000,1.0,1.0,jsonl
5,2,44250,1.0,1.0,jsonl
5,2,44500,1.0,1.0,jsonl
5,2,44750,1.0,1.0,jsonl
5,2,45000,1.0,1.0,jsonl
5,2,45250,1.0,1.0,jsonl
5,2,45500,1.0,1.0,jsonl
5,2,45750,1.0,1.0,jsonl
5,2,46000,1.0,1.0,jsonl
5,2,46250,1.0,1.0,jsonl
5,2,46500,1.0,1.0,jsonl
5,2,46750,1.0,1.0,jsonl
5,2,47000,1.0,1.0,jsonl
5,2,47250,1.0,1.0,jsonl
5,2,47500,1.0,1.0,jsonl
5,2,47750,1.0,1.0,jsonl
5,2,48000,1.0,1.0,jsonl
5,2,48250,1.0,1.0,jsonl
5,2,48500,1.0,1.0,jsonl
5,2,48750,1.0,1.0,jsonl
5,2,49000,1.0,1.0,jsonl
5,2,49250,1.0,1.0,jsonl
5,2,49500,1.0,1.0,jsonl
5,2,49750,1.0,1.0,jsonl
5,2,50000,1.0,1.0,jsonl
5,2,50250,1.0,1.0,jsonl
5,2,50500,1.0,1.0,jsonl
5,2,50750,1.0,1.0,jsonl
5,2,51000,1.0,1.0,jsonl
5,2,51250,1.0,1.0,jsonl
5,2,51500,1.0,1.0,jsonl
5,2,51750,1.0,1.0,jsonl
5,2,52000,1.0,1.0,jsonl
5,2,52250,1.0,1.0,jsonl
5,2,52500,1.0,1.0,jsonl
5,2,52750,1.0,1.0,jsonl
5,2,53000,1.0,1.0,jsonl
5,2,53250,1.0,1.0,jsonl
5,2,53500,1.0,1.0,jsonl
5,2,53750,1.0,1.0,jsonl
5,2,54000,1.0,1.0,jsonl
5,2,54250,1.0,1.0,jsonl
5,2,54500,1.0,1.0,jsonl
5,2,54750,1.0,1.0,jsonl
5,2,55000,1.0,1.0,jsonl
5,2,55250,1.0,1.0,jsonl
5,2,55500,0.997,0.997,jsonl
5,2,55750,1.0,0.9995,jsonl
5,2,56000,1.0,0.9995,jsonl
5,2,56250,1.0,1.0,jsonl
5,2,56500,1.0,0.9995,jsonl
5,2,56750,1.0,0.9995,jsonl
5,2,57000,1.0,0.9995,jsonl
5,2,57250,1.0,0.9995,jsonl
5,2,57500,1.0,0.9995,jsonl
5,2,57750,1.0,1.0,jsonl
5,2,58000,1.0,1.0,jsonl
5,2,58250,1.0,1.0,jsonl
5,2,58500,1.0,1.0,jsonl
5,2,58750,1.0,1.0,jsonl
5,2,59000,1.0,1.0,jsonl
5,2,59250,1.0,1.0,jsonl
5,2,59500,1.0,1.0,jsonl
5,2,59750,1.0,1.0,jsonl
5,2,60000,1.0,1.0,jsonl
5,2,60250,1.0,1.0,jsonl
5,2,60500,1.0,1.0,jsonl
5,2,60750,1.0,1.0,jsonl
5,2,61000,1.0,1.0,jsonl
5,2,61250,1.0,1.0,jsonl
5,2,61500,1.0,1.0,jsonl
5,2,61750,1.0,1.0,jsonl
5,2,62000,1.0,1.0,jsonl
5,2,62250,1.0,1.0,jsonl
5,2,62500,1.0,1.0,jsonl
5,2,62750,1.0,1.0,jsonl
5,2,63000,1.0,1.0,jsonl
5,2,63250,1.0,1.0,jsonl
5,2,63500,1.0,1.0,jsonl
5,2,63750,1.0,1.0,jsonl
5,2,64000,1.0,1.0,jsonl
5,2,64250,1.0,1.0,jsonl
5,2,64500,1.0,1.0,jsonl
5,2,64750,1.0,1.0,jsonl
5,2,65000,1.0,1.0,jsonl
5,2,65250,1.0,1.0,jsonl
5,2,65500,1.0,1.0,jsonl
5,2,65750,1.0,1.0,jsonl
5,2,66000,1.0,1.0,jsonl
5,2,66250,1.0,1.0,jsonl
5,2,66500,1.0,1.0,jsonl
5,2,66750,1.0,1.0,jsonl
5,2,67000,1.0,1.0,jsonl
5,2,67250,1.0,1.0,jsonl
5,2,67500,1.0,1.0,jsonl
5,2,67750,1.0,1.0,jsonl
5,2,68000,1.0,1.0,jsonl
5,2,68250,1.0,1.0,jsonl
5,2,68500,1.0,1.0,jsonl
5,2,68750,1.0,1.0,jsonl
5,2,69000,1.0,1.0,jsonl
5,2,69250,1.0,1.0,jsonl
5,2,69500,1.0,1.0,jsonl
5,2,69750,1.0,1.0,jsonl
5,2,70000,1.0,1.0,jsonl
5,2,70250,1.0,1.0,jsonl
5,2,70500,1.0,1.0,jsonl
5,42,0,0.0,0.0,csv
5,42,500,0.1735333333,0.169,csv
5,42,1000,0.1722666667,0.1675,csv
5,42,1500,0.1688666667,0.165,csv
5,42,2000,0.1768,0.1555,csv
5,42,2500,0.1644666667,0.1835,csv
5,42,3000,0.1707333333,0.163,csv
5,42,3500,0.1883333333,0.1615,csv
5,42,4000,0.1904,0.186,csv
5,42,4500,0.2033333333,0.158,csv
5,42,5000,0.2324666667,0.1525,csv
5,42,5500,0.238,0.1615,csv
5,42,6000,0.2348,0.15,csv
5,42,6500,0.2323333333,0.1805,csv
5,42,7000,0.2222666667,0.154,csv
5,42,7500,0.2392666667,0.1575,csv
5,42,8000,0.2403333333,0.1695,csv
5,42,8500,0.2184,0.155,csv
5,42,9000,0.2302,0.1665,csv
5,42,9500,0.2432666667,0.166,csv
5,42,10000,0.2475333333,0.148,csv
5,42,10500,0.2459333333,0.143,csv
5,42,11000,0.2338,0.1655,csv
5,42,11500,0.2444,0.1735,csv
5,42,12000,0.2644,0.152,csv
5,42,12500,0.2926,0.1725,csv
5,42,13000,0.5641333333,0.4165,csv
5,42,13500,0.9514,0.9215,csv
5,42,14000,0.9949333333,0.9935,csv
5,42,14500,0.9862,0.9775,csv
5,42,15000,0.9955333333,0.9895,csv
5,42,15500,1.0,0.9985,csv
5,42,16000,1.0,0.9985,csv
5,42,16500,1.0,1.0,csv_fill
5,42,17000,1.0,1.0,csv_fill
5,42,17500,1.0,1.0,csv_fill
5,42,18000,1.0,1.0,csv_fill
5,42,18500,1.0,1.0,csv_fill
5,42,19000,1.0,1.0,csv_fill
5,42,19500,1.0,1.0,csv_fill
5,42,20000,1.0,1.0,csv_fill
5,42,20500,1.0,1.0,csv_fill
5,42,21000,1.0,1.0,csv_fill
5,42,21500,1.0,1.0,csv_fill
5,42,22000,1.0,1.0,csv_fill
5,42,22500,1.0,1.0,csv_fill
5,42,23000,1.0,1.0,csv_fill
5,42,23500,1.0,1.0,csv_fill
5,42,24000,1.0,1.0,csv_fill
5,42,24500,1.0,1.0,csv_fill
5,42,25000,1.0,1.0,csv_fill
5,42,25500,1.0,1.0,csv_fill
5,42,26000,1.0,1.0,csv_fill
5,42,26500,1.0,1.0,csv_fill
5,42,27000,1.0,1.0,csv_fill
5,42,27500,1.0,1.0,csv_fill
5,42,28000,1.0,1.0,csv_fill
5,42,28500,1.0,1.0,csv_fill
5,42,29000,1.0,1.0,csv_fill
5,42,29500,1.0,1.0,csv_fill
5,42,30000,1.0,1.0,csv_fill
5,42,30500,1.0,1.0,csv_fill
5,42,31000,1.0,1.0,csv_fill
5,42,31500,1.0,1.0,csv_fill
5,42,32000,1.0,1.0,csv_fill
5,42,32500,1.0,1.0,csv_fill
5,42,33000,1.0,1.0,csv_fill
5,42,33500,1.0,1.0,csv_fill
5,42,34000,1.0,1.0,csv_fill
5,42,34500,1.0,1.0,csv_fill
5,42,35000,1.0,1.0,csv_fill
5,42,35500,1.0,1.0,csv_fill
5,42,36000,1.0,1.0,csv_fill
5,42,36500,1.0,1.0,csv_fill
5,42,37000,1.0,1.0,csv_fill
5,42,37500,1.0,1.0,csv_fill
5,42,38000,1.0,1.0,csv_fill
5,42,38500,1.0,1.0,csv_fill
5,42,39000,1.0,1.0,csv_fill
5,42,39500,1.0,1.0,csv_fill
5,42,40000,1.0,1.0,csv_fill
5,42,40500,1.0,1.0,csv_fill
5,42,41000,1.0,1.0,csv_fill
5,42,41500,1.0,1.0,csv_fill
5,42,42000,1.0,1.0,csv_fill
5,42,42500,1.0,1.0,csv_fill
5,42,43000,1.0,1.0,csv_fill
5,42,43500,1.0,1.0,csv_fill
5,42,44000,1.0,1.0,csv_fill
5,42,44500,1.0,1.0,csv_fill
5,42,45000,1.0,1.0,csv_fill
5,42,45500,1.0,1.0,csv_fill
5,42,46000,1.0,1.0,csv_fill
5,42,46500,1.0,1.0,csv_fill
5,42,47000,1.0,1.0,csv_fill
5,42,47500,1.0,1.0,csv_fill
5,42,48000,1.0,1.0,csv_fill
5,42,48500,1.0,1.0,csv_fill
5,42,49000,1.0,1.0,csv_fill
5,42,49500,1.0,1.0,csv_fill
5,42,50000,1.0,1.0,csv_fill
5,42,50500,1.0,1.0,csv_fill
5,42,51000,1.0,1.0,csv_fill
5,42,51500,1.0,1.0,csv_fill
5,42,52000,1.0,1.0,csv_fill
5,42,52500,1.0,1.0,csv_fill
5,42,53000,1.0,1.0,csv_fill
5,42,53500,1.0,1.0,csv_fill
5,42,54000,1.0,1.0,csv_fill
5,42,54500,1.0,1.0,csv_fill
5,42,55000,1.0,1.0,csv_fill
5,42,55500,1.0,1.0,csv_fill
5,42,56000,1.0,1.0,csv_fill
5,42,56500,1.0,1.0,csv_fill
5,42,57000,1.0,1.0,csv_fill
5,42,57500,1.0,1.0,csv_fill
5,42,58000,1.0,1.0,csv_fill
5,42,58500,1.0,1.0,csv_fill
5,42,59000,1.0,1.0,csv_fill
5,42,59500,1.0,1.0,csv_fill
5,42,60000,1.0,1.0,csv_fill
5,42,60500,1.0,1.0,csv_fill
5,42,61000,1.0,1.0,csv_fill
5,42,61500,1.0,1.0,csv_fill
5,42,62000,1.0,1.0,csv_fill
5,42,62500,1.0,1.0,csv_fill
5,42,63000,1.0,1.0,csv_fill
5,42,63500,1.0,1.0,csv_fill
5,42,64000,1.0,1.0,csv_fill
5,42,64500,1.0,1.0,csv_fill
5,42,65000,1.0,1.0,csv_fill
5,42,65500,1.0,1.0,csv_fill
5,42,66000,1.0,1.0,csv_fill
5,42,66500,1.0,1.0,csv_fill
5,42,67000,1.0,1.0,csv_fill
5,42,67500,1.0,1.0,csv_fill
5,42,68000,1.0,1.0,csv_fill
5,42,68500,1.0,1.0,csv_fill
5,42,69000,1.0,1.0,csv_fill
5,42,69500,1.0,1.0,csv_fill
5,42,70000,1.0,1.0,csv_fill
5,42,70500,1.0,1.0,csv_fill
6,1,250,0.137,0.134,jsonl
6,1,500,0.134,0.152,jsonl
6,1,750,0.154,0.138,jsonl
6,1,1000,0.141,0.1485,jsonl
6,1,1250,0.149,0.145,jsonl
6,1,1500,0.143,0.145,jsonl
6,1,1750,0.155,0.128,jsonl
6,1,2000,0.147,0.1395,jsonl
6,1,2250,0.144,0.1305,jsonl
6,1,2500,0.153,0.1425,jsonl
6,1,2750,0.151,0.1355,jsonl
6,1,3000,0.143,0.1385,jsonl
6,1,3250,0.193,0.1175,jsonl
6,1,3500,0.143,0.1445,jsonl
6,1,3750,0.183,0.1405,jsonl
6,1,4000,0.173,0.1325,jsonl
6,1,4250,0.193,0.139,jsonl
6,1,4500,0.194,0.1265,jsonl
6,1,4750,0.209,0.1345,jsonl
6,1,5000,0.237,0.141,jsonl
6,1,5250,0.211,0.1345,jsonl
6,1,5500,0.213,0.132,jsonl
6,1,5750,0.195,0.13,jsonl
6,1,6000,0.227,0.126,jsonl
6,1,6250,0.228,0.126,jsonl
6,1,6500,0.203,0.1215,jsonl
6,1,6750,0.192,0.1485,jsonl
6,1,7000,0.241,0.136,jsonl
6,1,7250,0.212,0.133,jsonl
6,1,7500,0.21,0.1255,jsonl
6,1,7750,0.197,0.1355,jsonl
6,1,8000,0.214,0.1275,jsonl
6,1,8250,0.203,0.133,jsonl
6,1,8500,0.226,0.125,jsonl
6,1,8750,0.215,0.1435,jsonl
6,1,9000,0.217,0.1235,jsonl
6,1,9250,0.251,0.12,jsonl
6,1,9500,0.218,0.124,jsonl
6,1,9750,0.243,0.125,jsonl
6,1,10000,0.208,0.137,jsonl
6,1,10250,0.255,0.138,jsonl
6,1,10500,0.244,0.131,jsonl
6,1,10750,0.232,0.1365,jsonl
6,1,11000,0.246,0.127,jsonl
6,1,11250,0.258,0.133,jsonl
6,1,11500,0.264,0.1305,jsonl
6,1,11750,0.26,0.1215,jsonl
6,1,12000,0.224,0.125,jsonl
6,1,12250,0.241,0.1375,jsonl
6,1,12500,0.262,0.1285,jsonl
6,1,12750,0.26,0.126,jsonl
6,1,13000,0.278,0.1425,jsonl
6,1,13250,0.292,0.122,jsonl
6,1,13500,0.293,0.1205,jsonl
6,1,13750,0.295,0.1335,jsonl
6,1,14000,0.282,0.138,jsonl
6,1,14250,0.299,0.13,jsonl
6,1,14500,0.321,0.127,jsonl
6,1,14750,0.335,0.1235,jsonl
6,1,15000,0.351,0.1255,jsonl
6,1,15250,0.397,0.1465,jsonl
6,1,15500,0.378,0.1525,jsonl
6,1,15750,0.423,0.159,jsonl
6,1,16000,0.533,0.1825,jsonl
6,1,16250,0.515,0.2155,jsonl
6,1,16500,0.623,0.246,jsonl
6,1,16750,0.678,0.324,jsonl
6,1,17000,0.773,0.4305,jsonl
6,1,17250,0.82,0.577,jsonl
6,1,17500,0.888,0.7085,jsonl
6,1,17750,0.911,0.791,jsonl
6,1,18000,0.934,0.8105,jsonl
6,1,18250,0.965,0.881,jsonl
6,1,18500,0.974,0.893,jsonl
6,1,18750,0.954,0.8715,jsonl
6,1,19000,0.979,0.9285,jsonl
6,1,19250,0.978,0.906,jsonl
6,1,19500,0.985,0.93,jsonl
6,1,19750,0.989,0.948,jsonl
6,1,20000,0.95,0.886,jsonl
6,1,20250,0.977,0.9245,jsonl
6,1,20500,0.995,0.9585,jsonl
6,1,20750,0.985,0.9365,jsonl
6,1,21000,0.992,0.955,jsonl
6,1,21250,0.98,0.93,jsonl
6,1,21500,0.994,0.968,jsonl
6,1,21750,0.965,0.9275,jsonl
6,1,22000,0.995,0.9685,jsonl
6,1,22250,0.986,0.956,jsonl
6,1,22500,0.994,0.9685,jsonl
6,1,22750,0.974,0.9465,jsonl
6,1,23000,0.998,0.974,jsonl
6,1,23250,0.997,0.97,jsonl
6,1,23500,0.964,0.9385,jsonl
6,1,23750,0.989,0.9525,jsonl
6,1,24000,0.993,0.975,jsonl
6,1,24250,0.995,0.982,jsonl
6,1,24500,0.99,0.9795,jsonl
6,1,24750,0.992,0.9685,jsonl
6,1,25000,0.999,0.9915,jsonl
6,1,25250,0.999,0.9905,jsonl
6,1,25500,1.0,0.9955,jsonl
6,1,25750,0.99,0.9775,jsonl
6,1,26000,0.993,0.973,jsonl
6,1,26250,0.998,0.984,jsonl
6,1,26500,0.976,0.942,jsonl
6,1,26750,0.997,0.988,jsonl
6,1,27000,1.0,0.9955,jsonl
6,1,27250,1.0,0.996,jsonl
6,1,27500,1.0,0.997,jsonl
6,1,27750,1.0,0.997,jsonl
6,1,28000,1.0,0.9975,jsonl
6,1,28250,1.0,0.998,jsonl
6,1,28500,1.0,0.9975,jsonl
6,1,28750,1.0,0.9975,jsonl
6,1,29000,1.0,0.998,jsonl
6,1,29250,1.0,0.998,jsonl
6,1,29500,1.0,0.9975,jsonl
6,1,29750,1.0,0.9975,jsonl
6,1,30000,1.0,0.9975,jsonl
6,1,30250,1.0,0.997,jsonl
6,1,30500,1.0,0.9975,jsonl
6,1,30750,1.0,0.9975,jsonl
6,1,31000,1.0,0.9975,jsonl
6,1,31250,1.0,0.9975,jsonl
6,1,31500,1.0,0.9975,jsonl
6,1,31750,1.0,0.9975,jsonl
6,1,32000,1.0,0.9975,jsonl
6,1,32250,1.0,0.9975,jsonl
6,1,32500,1.0,0.9975,jsonl
6,1,32750,1.0,0.9975,jsonl
6,1,33000,1.0,0.9975,jsonl
6,1,33250,1.0,0.998,jsonl
6,1,33500,1.0,0.9975,jsonl
6,1,33750,1.0,0.9985,jsonl
6,1,34000,1.0,0.998,jsonl
6,1,34250,1.0,0.998,jsonl
6,1,34500,1.0,0.9985,jsonl
6,1,34750,1.0,0.9985,jsonl
6,1,35000,1.0,0.9985,jsonl
6,1,35250,1.0,0.9985,jsonl
6,1,35500,1.0,0.9985,jsonl
6,1,35750,1.0,0.9985,jsonl
6,1,36000,1.0,0.9985,jsonl
6,1,36250,1.0,0.9985,jsonl
6,1,36500,1.0,0.9985,jsonl
6,1,36750,1.0,0.9985,jsonl
6,1,37000,1.0,0.9985,jsonl
6,1,37250,1.0,0.9985,jsonl
6,1,37500,0.997,0.987,jsonl
6,1,37750,1.0,0.9975,jsonl
6,1,38000,1.0,0.997,jsonl
6,1,38250,0.998,0.987,jsonl
6,1,38500,0.999,0.997,jsonl
6,1,38750,0.975,0.942,jsonl
6,1,39000,0.999,0.994,jsonl
6,1,39250,1.0,0.9945,jsonl
6,1,39500,1.0,0.9945,jsonl
6,1,39750,1.0,0.9945,jsonl
6,1,40000,1.0,0.9945,jsonl
6,1,40250,1.0,0.995,jsonl
6,1,40500,1.0,0.995,jsonl
6,1,40750,1.0,0.995,jsonl
6,1,41000,1.0,0.9955,jsonl
6,1,41250,1.0,0.9955,jsonl
6,1,41500,1.0,0.9955,jsonl
6,1,41750,1.0,0.996,jsonl
6,1,42000,1.0,0.996,jsonl
6,1,42250,1.0,0.996,jsonl
6,1,42500,1.0,0.9965,jsonl
6,1,42750,1.0,0.9965,jsonl
6,1,43000,1.0,0.9965,jsonl
6,1,43250,1.0,0.9965,jsonl
6,1,43500,1.0,0.9965,jsonl
6,1,43750,1.0,0.9965,jsonl
6,1,44000,1.0,0.9965,jsonl
6,1,44250,1.0,0.9965,jsonl
6,1,44500,1.0,0.9965,jsonl
6,1,44750,1.0,0.9965,jsonl
6,1,45000,1.0,0.9965,jsonl
6,1,45250,1.0,0.9965,jsonl
6,1,45500,1.0,0.9965,jsonl
6,1,45750,1.0,0.9965,jsonl
6,1,46000,1.0,0.9965,jsonl
6,1,46250,1.0,0.9965,jsonl
6,1,46500,1.0,0.9965,jsonl
6,1,46750,1.0,0.9965,jsonl
6,1,47000,1.0,0.9965,jsonl
6,1,47250,1.0,0.9965,jsonl
6,1,47500,1.0,0.997,jsonl
6,1,47750,1.0,0.997,jsonl
6,1,48000,1.0,0.9965,jsonl
6,1,48250,1.0,0.997,jsonl
6,1,48500,1.0,0.9965,jsonl
6,1,48750,1.0,0.9965,jsonl
6,1,49000,1.0,0.9965,jsonl
6,1,49250,1.0,0.997,jsonl
6,1,49500,1.0,0.9975,jsonl
6,1,49750,1.0,0.9975,jsonl
6,1,50000,1.0,0.9975,jsonl
6,1,50250,1.0,0.998,jsonl
6,1,50500,1.0,0.998,jsonl
6,1,50750,1.0,0.998,jsonl
6,1,51000,1.0,0.998,jsonl
6,1,51250,1.0,0.998,jsonl
6,1,51500,1.0,0.998,jsonl
6,1,51750,1.0,0.998,jsonl
6,1,52000,1.0,0.998,jsonl
6,1,52250,1.0,0.998,jsonl
6,1,52500,1.0,0.998,jsonl
6,1,52750,1.0,0.998,jsonl
6,1,53000,1.0,0.998,jsonl
6,1,53250,1.0,0.998,jsonl
6,1,53500,1.0,0.998,jsonl
6,1,53750,1.0,0.998,jsonl
6,1,54000,1.0,0.998,jsonl
6,1,54250,1.0,0.998,jsonl
6,1,54500,1.0,0.998,jsonl
6,1,54750,1.0,0.998,jsonl
6,1,55000,1.0,0.998,jsonl
6,1,55250,1.0,0.9985,jsonl
6,1,55500,1.0,0.9985,jsonl
6,1,55750,1.0,0.9985,jsonl
6,1,56000,1.0,0.9985,jsonl
6,1,56250,1.0,0.9985,jsonl
6,1,56500,1.0,0.9985,jsonl
6,1,56750,1.0,0.9975,jsonl
6,1,57000,1.0,0.998,jsonl
6,1,57250,1.0,0.9985,jsonl
6,1,57500,1.0,0.9985,jsonl
6,1,57750,1.0,0.9985,jsonl
6,1,58000,1.0,0.9985,jsonl
6,1,58250,1.0,0.9985,jsonl
6,1,58500,1.0,0.9985,jsonl
6,1,58750,1.0,0.9985,jsonl
6,1,59000,1.0,0.9985,jsonl
6,1,59250,1.0,0.9985,jsonl
6,1,59500,1.0,0.9985,jsonl
6,1,59750,1.0,0.9985,jsonl
6,1,60000,1.0,0.999,jsonl
6,1,60250,1.0,0.999,jsonl
6,1,60500,1.0,0.999,jsonl
6,1,60750,1.0,0.999,jsonl
6,1,61000,1.0,0.999,jsonl
6,1,61250,1.0,0.999,jsonl
6,1,61500,1.0,0.999,jsonl
6,1,61750,1.0,0.999,jsonl
6,1,62000,1.0,0.999,jsonl
6,1,62250,1.0,0.999,jsonl
6,1,62500,1.0,0.999,jsonl
6,1,62750,1.0,0.999,jsonl
6,1,63000,1.0,0.999,jsonl
6,1,63250,1.0,0.999,jsonl
6,1,63500,1.0,0.999,jsonl
6,1,63750,1.0,0.999,jsonl
6,1,64000,1.0,0.999,jsonl
6,1,64250,1.0,0.999,jsonl
6,1,64500,1.0,0.999,jsonl
6,1,64750,1.0,0.999,jsonl
6,1,65000,1.0,0.999,jsonl
6,1,65250,1.0,0.999,jsonl
6,1,65500,1.0,0.999,jsonl
6,1,65750,1.0,0.999,jsonl
6,1,66000,1.0,0.999,jsonl
6,1,66250,1.0,0.999,jsonl
6,1,66500,1.0,0.999,jsonl
6,1,66750,1.0,0.999,jsonl
6,1,67000,1.0,0.999,jsonl
6,1,67250,1.0,0.999,jsonl
6,1,67500,1.0,0.999,jsonl
6,1,67750,1.0,0.999,jsonl
6,1,68000,1.0,0.999,jsonl
6,1,68250,1.0,0.999,jsonl
6,1,68500,1.0,0.999,jsonl
6,1,68750,1.0,0.999,jsonl
6,1,69000,1.0,0.999,jsonl
6,1,69250,1.0,0.999,jsonl
6,1,69500,1.0,0.999,jsonl
6,1,69750,1.0,0.999,jsonl
6,1,70000,1.0,0.999,jsonl
6,1,70250,1.0,0.999,jsonl
6,1,70500,1.0,0.999,jsonl
6,2,250,0.139,0.1325,jsonl
6,2,500,0.139,0.1245,jsonl
6,2,750,0.145,0.1405,jsonl
6,2,1000,0.128,0.151,jsonl
6,2,1250,0.153,0.1305,jsonl
6,2,1500,0.137,0.145,jsonl
6,2,1750,0.153,0.1305,jsonl
6,2,2000,0.156,0.128,jsonl
6,2,2250,0.15,0.1485,jsonl
6,2,2500,0.157,0.1365,jsonl
6,2,2750,0.155,0.1255,jsonl
6,2,3000,0.162,0.1375,jsonl
6,2,3250,0.159,0.143,jsonl
6,2,3500,0.173,0.142,jsonl
6,2,3750,0.139,0.1445,jsonl
6,2,4000,0.19,0.1495,jsonl
6,2,4250,0.176,0.1415,jsonl
6,2,4500,0.221,0.1305,jsonl
6,2,4750,0.214,0.129,jsonl
6,2,5000,0.178,0.1295,jsonl
6,2,5250,0.213,0.135,jsonl
6,2,5500,0.212,0.1245,jsonl
6,2,5750,0.225,0.1315,jsonl
6,2,6000,0.219,0.1165,jsonl
6,2,6250,0.211,0.1305,jsonl
6,2,6500,0.234,0.1235,jsonl
6,2,6750,0.199,0.1495,jsonl
6,2,7000,0.22,0.139,jsonl
6,2,7250,0.207,0.1295,jsonl
6,2,7500,0.215,0.1325,jsonl
6,2,7750,0.195,0.1325,jsonl
6,2,8000,0.217,0.128,jsonl
6,2,8250,0.222,0.129,jsonl
6,2,8500,0.22,0.131,jsonl
6,2,8750,0.228,0.138,jsonl
6,2,9000,0.234,0.134,jsonl
6,2,9250,0.192,0.1155,jsonl
6,2,9500,0.205,0.1335,jsonl
6,2,9750,0.231,0.1265,jsonl
6,2,10000,0.211,0.128,jsonl
6,2,10250,0.211,0.1315,jsonl
6,2,10500,0.227,0.13,jsonl
6,2,10750,0.241,0.1225,jsonl
6,2,11000,0.241,0.1275,jsonl
6,2,11250,0.241,0.119,jsonl
6,2,11500,0.254,0.137,jsonl
6,2,11750,0.271,0.1275,jsonl
6,2,12000,0.274,0.1465,jsonl
6,2,12250,0.268,0.135,jsonl
6,2,12500,0.292,0.1365,jsonl
6,2,12750,0.289,0.1375,jsonl
6,2,13000,0.326,0.1565,jsonl
6,2,13250,0.367,0.218,jsonl
6,2,13500,0.464,0.312,jsonl
6,2,13750,0.685,0.549,jsonl
6,2,14000,0.87,0.759,jsonl
6,2,14250,0.91,0.828,jsonl
6,2,14500,0.865,0.7925,jsonl
6,2,14750,0.975,0.942,jsonl
6,2,15000,0.986,0.9705,jsonl
6,2,15250,0.986,0.9635,jsonl
6,2,15500,0.993,0.9625,jsonl
6,2,15750,0.996,0.976,jsonl
6,2,16000,0.99,0.9695,jsonl
6,2,16250,0.951,0.91,jsonl
6,2,16500,0.972,0.947,jsonl
6,2,16750,0.987,0.9665,jsonl
6,2,17000,0.995,0.984,jsonl
6,2,17250,0.982,0.964,jsonl
6,2,17500,0.997,0.982,jsonl
6,2,17750,0.998,0.977,jsonl
6,2,18000,0.997,0.9925,jsonl
6,2,18250,0.998,0.995,jsonl
6,2,18500,0.997,0.9935,jsonl
6,2,18750,0.999,0.9915,jsonl
6,2,19000,1.0,0.994,jsonl
6,2,19250,0.994,0.981,jsonl
6,2,19500,0.998,0.988,jsonl
6,2,19750,0.981,0.9765,jsonl
6,2,20000,0.987,0.9695,jsonl
6,2,20250,0.998,0.9935,jsonl
6,2,20500,0.992,0.981,jsonl
6,2,20750,1.0,0.9965,jsonl
6,2,21000,1.0,0.9975,jsonl
6,2,21250,1.0,0.9975,jsonl
6,2,21500,1.0,0.9975,jsonl
6,2,21750,1.0,0.9975,jsonl
6,2,22000,1.0,0.9975,jsonl
6,2,22250,1.0,0.9975,jsonl
6,2,22500,1.0,0.9975,jsonl
6,2,22750,1.0,0.9975,jsonl
6,2,23000,1.0,0.9975,jsonl
6,2,23250,1.0,0.9975,jsonl
6,2,23500,1.0,0.9975,jsonl
6,2,23750,1.0,0.9975,jsonl
6,2,24000,1.0,0.9975,jsonl
6,2,24250,1.0,0.9975,jsonl
6,2,24500,1.0,0.9975,jsonl
6,2,24750,1.0,0.9975,jsonl
6,2,25000,1.0,0.9975,jsonl
6,2,25250,1.0,0.9975,jsonl
6,2,25500,1.0,0.9975,jsonl
6,2,25750,1.0,0.9975,jsonl
6,2,26000,1.0,0.9975,jsonl
6,2,26250,1.0,0.9975,jsonl
6,2,26500,1.0,0.9975,jsonl
6,2,26750,1.0,0.9975,jsonl
6,2,27000,1.0,0.9975,jsonl
6,2,27250,1.0,0.9975,jsonl
6,2,27500,1.0,0.998,jsonl
6,2,27750,1.0,0.998,jsonl
6,2,28000,1.0,0.998,jsonl
6,2,28250,1.0,0.998,jsonl
6,2,28500,1.0,0.998,jsonl
6,2,28750,1.0,0.998,jsonl
6,2,29000,1.0,0.998,jsonl
6,2,29250,1.0,0.998,jsonl
6,2,29500,1.0,0.998,jsonl
6,2,29750,1.0,0.998,jsonl
6,2,30000,1.0,0.998,jsonl
6,2,30250,1.0,0.998,jsonl
6,2,30500,1.0,0.998,jsonl
6,2,30750,1.0,0.998,jsonl
6,2,31000,1.0,0.998,jsonl
6,2,31250,1.0,0.998,jsonl
6,2,31500,1.0,0.998,jsonl
6,2,31750,1.0,0.998,jsonl
6,2,32000,1.0,0.998,jsonl
6,2,32250,1.0,0.998,jsonl
6,2,32500,1.0,0.998,jsonl
6,2,32750,1.0,0.998,jsonl
6,2,33000,1.0,0.998,jsonl
6,2,33250,1.0,0.998,jsonl
6,2,33500,1.0,0.998,jsonl
6,2,33750,1.0,0.998,jsonl
6,2,34000,0.995,0.982,jsonl
6,2,34250,1.0,0.997,jsonl
6,2,34500,1.0,0.998,jsonl
6,2,34750,1.0,0.9975,jsonl
6,2,35000,1.0,0.9975,jsonl
6,2,35250,1.0,0.9975,jsonl
6,2,35500,1.0,0.9975,jsonl
6,2,35750,1.0,0.9975,jsonl
6,2,36000,1.0,0.9975,jsonl
6,2,36250,1.0,0.9975,jsonl
6,2,36500,1.0,0.9975,jsonl
6,2,36750,1.0,0.9975,jsonl
6,2,37000,1.0,0.9975,jsonl
6,2,37250,1.0,0.9975,jsonl
6,2,37500,1.0,0.9975,jsonl
6,2,37750,1.0,0.9975,jsonl
6,2,38000,1.0,0.9975,jsonl
6,2,38250,1.0,0.9975,jsonl
6,2,38500,1.0,0.998,jsonl
6,2,38750,1.0,0.998,jsonl
6,2,39000,1.0,0.998,jsonl
6,2,39250,1.0,0.998,jsonl
6,2,39500,1.0,0.998,jsonl
6,2,39750,1.0,0.998,jsonl
6,2,40000,1.0,0.998,jsonl
6,2,40250,1.0,0.998,jsonl
6,2,40500,1.0,0.998,jsonl
6,2,40750,1.0,0.998,jsonl
6,2,41000,1.0,0.998,jsonl
6,2,41250,1.0,0.998,jsonl
6,2,41500,1.0,0.998,jsonl
6,2,41750,1.0,0.998,jsonl
6,2,42000,1.0,0.998,jsonl
6,2,42250,1.0,0.998,jsonl
6,2,42500,1.0,0.998,jsonl
6,2,42750,1.0,0.998,jsonl
6,2,43000,1.0,0.998,jsonl
6,2,43250,1.0,0.998,jsonl
6,2,43500,1.0,0.998,jsonl
6,2,43750,1.0,0.998,jsonl
6,2,44000,1.0,0.998,jsonl
6,2,44250,1.0,0.998,jsonl
6,2,44500,1.0,0.998,jsonl
6,2,44750,1.0,0.998,jsonl
6,2,45000,1.0,0.998,jsonl
6,2,45250,1.0,0.998,jsonl
6,2,45500,1.0,0.998,jsonl
6,2,45750,1.0,0.998,jsonl
6,2,46000,1.0,0.998,jsonl
6,2,46250,1.0,0.998,jsonl
6,2,46500,1.0,0.998,jsonl
6,2,46750,1.0,0.998,jsonl
6,2,47000,1.0,0.998,jsonl
6,2,47250,1.0,0.998,jsonl
6,2,47500,1.0,0.998,jsonl
6,2,47750,1.0,0.998,jsonl
6,2,48000,1.0,0.998,jsonl
6,2,48250,1.0,0.998,jsonl
6,2,48500,1.0,0.998,jsonl
6,2,48750,1.0,0.998,jsonl
6,2,49000,1.0,0.998,jsonl
6,2,49250,1.0,0.9985,jsonl
6,2,49500,1.0,0.998,jsonl
6,2,49750,1.0,0.998,jsonl
6,2,50000,1.0,0.998,jsonl
6,2,50250,1.0,0.998,jsonl
6,2,50500,1.0,0.998,jsonl
6,2,50750,1.0,0.998,jsonl
6,2,51000,1.0,0.998,jsonl
6,2,51250,1.0,0.9985,jsonl
6,2,51500,1.0,0.998,jsonl
6,2,51750,1.0,0.9985,jsonl
6,2,52000,1.0,0.9985,jsonl
6,2,52250,1.0,0.9985,jsonl
6,2,52500,1.0,0.9985,jsonl
6,2,52750,1.0,0.998,jsonl
6,2,53000,1.0,0.9975,jsonl
6,2,53250,1.0,0.998,jsonl
6,2,53500,1.0,0.998,jsonl
6,2,53750,1.0,0.998,jsonl
6,2,54000,1.0,0.998,jsonl
6,2,54250,1.0,0.998,jsonl
6,2,54500,1.0,0.998,jsonl
6,2,54750,1.0,0.998,jsonl
6,2,55000,1.0,0.998,jsonl
6,2,55250,1.0,0.998,jsonl
6,2,55500,1.0,0.998,jsonl
6,2,55750,1.0,0.998,jsonl
6,2,56000,1.0,0.998,jsonl
6,2,56250,1.0,0.998,jsonl
6,2,56500,1.0,0.998,jsonl
6,2,56750,1.0,0.998,jsonl
6,2,57000,1.0,0.998,jsonl
6,2,57250,1.0,0.998,jsonl
6,2,57500,1.0,0.998,jsonl
6,2,57750,1.0,0.998,jsonl
6,2,58000,1.0,0.998,jsonl
6,2,58250,1.0,0.998,jsonl
6,2,58500,1.0,0.998,jsonl
6,2,58750,1.0,0.998,jsonl
6,2,59000,1.0,0.998,jsonl
6,2,59250,1.0,0.998,jsonl
6,2,59500,1.0,0.998,jsonl
6,2,59750,1.0,0.998,jsonl
6,2,60000,1.0,0.998,jsonl
6,2,60250,1.0,0.998,jsonl
6,2,60500,1.0,0.998,jsonl
6,2,60750,1.0,0.998,jsonl
6,2,61000,1.0,0.998,jsonl
6,2,61250,1.0,0.998,jsonl
6,2,61500,1.0,0.998,jsonl
6,2,61750,1.0,0.998,jsonl
6,2,62000,1.0,0.998,jsonl
6,2,62250,1.0,0.998,jsonl
6,2,62500,1.0,0.998,jsonl
6,2,62750,1.0,0.998,jsonl
6,2,63000,1.0,0.998,jsonl
6,2,63250,1.0,0.998,jsonl
6,2,63500,1.0,0.998,jsonl
6,2,63750,1.0,0.998,jsonl
6,2,64000,1.0,0.998,jsonl
6,2,64250,1.0,0.998,jsonl
6,2,64500,1.0,0.998,jsonl
6,2,64750,1.0,0.998,jsonl
6,2,65000,1.0,0.998,jsonl
6,2,65250,1.0,0.998,jsonl
6,2,65500,1.0,0.998,jsonl
6,2,65750,1.0,0.998,jsonl
6,2,66000,1.0,0.998,jsonl
6,2,66250,1.0,0.998,jsonl
6,2,66500,1.0,0.998,jsonl
6,2,66750,1.0,0.998,jsonl
6,2,67000,1.0,0.998,jsonl
6,2,67250,1.0,0.998,jsonl
6,2,67500,1.0,0.998,jsonl
6,2,67750,1.0,0.998,jsonl
6,2,68000,1.0,0.998,jsonl
6,2,68250,1.0,0.998,jsonl
6,2,68500,1.0,0.998,jsonl
6,2,68750,1.0,0.998,jsonl
6,2,69000,1.0,0.998,jsonl
6,2,69250,1.0,0.998,jsonl
6,2,69500,1.0,0.998,jsonl
6,2,69750,1.0,0.998,jsonl
6,2,70000,1.0,0.998,jsonl
6,2,70250,1.0,0.998,jsonl
6,2,70500,1.0,0.998,jsonl
6,42,0,0.0,0.0,csv
6,42,500,0.1442,0.147,csv
6,42,1000,0.1425333333,0.1485,csv
6,42,1500,0.1378,0.15,csv
6,42,2000,0.1456,0.1235,csv
6,42,2500,0.1455333333,0.1295,csv
6,42,3000,0.1514666667,0.1385,csv
6,42,3500,0.1400666667,0.147,csv
6,42,4000,0.177,0.144,csv
6,42,4500,0.1836,0.1245,csv
6,42,5000,0.1894666667,0.1335,csv
6,42,5500,0.2039333333,0.1285,csv
6,42,6000,0.168,0.144,csv
6,42,6500,0.1938666667,0.1385,csv
6,42,7000,0.2142,0.124,csv
6,42,7500,0.2176666667,0.1175,csv
6,42,8000,0.1974,0.1245,csv
6,42,8500,0.2124,0.13,csv
6,42,9000,0.2058,0.1465,csv
6,42,9500,0.22,0.1315,csv
6,42,10000,0.2192,0.126,csv
6,42,10500,0.2026,0.1215,csv
6,42,11000,0.2157333333,0.1235,csv
6,42,11500,0.2444,0.1315,csv
6,42,12000,0.268,0.1305,csv
6,42,12500,0.2779333333,0.138,csv
6,42,13000,0.3832666667,0.2015,csv
6,42,13500,0.8174,0.723,csv
6,42,14000,0.929,0.8895,csv
6,42,14500,0.9838666667,0.961,csv
6,42,15000,0.9862,0.9755,csv
6,42,15500,0.9672666667,0.949,csv
6,42,16000,0.994,0.9795,csv
6,42,16500,0.9874,0.977,csv
6,42,17000,0.9930666667,0.9825,csv
6,42,17500,0.9952,0.9875,csv
6,42,18000,0.9986,0.9955,csv
6,42,18500,0.9947333333,0.985,csv
6,42,19000,0.9688666667,0.9515,csv
6,42,19500,1.0,0.9975,csv
6,42,20000,1.0,0.999,csv
6,42,20500,1.0,0.999,csv
6,42,21000,1.0,0.999,csv
6,42,21500,1.0,0.999,csv
6,42,22000,1.0,0.999,csv
6,42,22500,1.0,1.0,csv_fill
6,42,23000,1.0,1.0,csv_fill
6,42,23500,1.0,1.0,csv_fill
6,42,24000,1.0,1.0,csv_fill
6,42,24500,1.0,1.0,csv_fill
6,42,25000,1.0,1.0,csv_fill
6,42,25500,1.0,1.0,csv_fill
6,42,26000,1.0,1.0,csv_fill
6,42,26500,1.0,1.0,csv_fill
6,42,27000,1.0,1.0,csv_fill
6,42,27500,1.0,1.0,csv_fill
6,42,28000,1.0,1.0,csv_fill
6,42,28500,1.0,1.0,csv_fill
6,42,29000,1.0,1.0,csv_fill
6,42,29500,1.0,1.0,csv_fill
6,42,30000,1.0,1.0,csv_fill
6,42,30500,1.0,1.0,csv_fill
6,42,31000,1.0,1.0,csv_fill
6,42,31500,1.0,1.0,csv_fill
6,42,32000,1.0,1.0,csv_fill
6,42,32500,1.0,1.0,csv_fill
6,42,33000,1.0,1.0,csv_fill
6,42,33500,1.0,1.0,csv_fill
6,42,34000,1.0,1.0,csv_fill
6,42,34500,1.0,1.0,csv_fill
6,42,35000,1.0,1.0,csv_fill
6,42,35500,1.0,1.0,csv_fill
6,42,36000,1.0,1.0,csv_fill
6,42,36500,1.0,1.0,csv_fill
6,42,37000,1.0,1.0,csv_fill
6,42,37500,1.0,1.0,csv_fill
6,42,38000,1.0,1.0,csv_fill
6,42,38500,1.0,1.0,csv_fill
6,42,39000,1.0,1.0,csv_fill
6,42,39500,1.0,1.0,csv_fill
6,42,40000,1.0,1.0,csv_fill
6,42,40500,1.0,1.0,csv_fill
6,42,41000,1.0,1.0,csv_fill
6,42,41500,1.0,1.0,csv_fill
6,42,42000,1.0,1.0,csv_fill
6,42,42500,1.0,1.0,csv_fill
6,42,43000,1.0,1.0,csv_fill
6,42,43500,1.0,1.0,csv_fill
6,42,44000,1.0,1.0,csv_fill
6,42,44500,1.0,1.0,csv_fill
6,42,45000,1.0,1.0,csv_fill
6,42,45500,1.0,1.0,csv_fill
6,42,46000,1.0,1.0,csv_fill
6,42,46500,1.0,1.0,csv_fill
6,42,47000,1.0,1.0,csv_fill
6,42,47500,1.0,1.0,csv_fill
6,42,48000,1.0,1.0,csv_fill
6,42,48500,1.0,1.0,csv_fill
6,42,49000,1.0,1.0,csv_fill
6,42,49500,1.0,1.0,csv_fill
6,42,50000,1.0,1.0,csv_fill
6,42,50500,1.0,1.0,csv_fill
6,42,51000,1.0,1.0,csv_fill
6,42,51500,1.0,1.0,csv_fill
6,42,52000,1.0,1.0,csv_fill
6,42,52500,1.0,1.0,csv_fill
6,42,53000,1.0,1.0,csv_fill
6,42,53500,1.0,1.0,csv_fill
6,42,54000,1.0,1.0,csv_fill
6,42,54500,1.0,1.0,csv_fill
6,42,55000,1.0,1.0,csv_fill
6,42,55500,1.0,1.0,csv_fill
6,42,56000,1.0,1.0,csv_fill
6,42,56500,1.0,1.0,csv_fill
6,42,57000,1.0,1.0,csv_fill
6,42,57500,1.0,1.0,csv_fill
6,42,58000,1.0,1.0,csv_fill
6,42,58500,1.0,1.0,csv_fill
6,42,59000,1.0,1.0,csv_fill
6,42,59500,1.0,1.0,csv_fill
6,42,60000,1.0,1.0,csv_fill
6,42,60500,1.0,1.0,csv_fill
6,42,61000,1.0,1.0,csv_fill
6,42,61500,1.0,1.0,csv_fill
6,42,62000,1.0,1.0,csv_fill
6,42,62500,1.0,1.0,csv_fill
6,42,63000,1.0,1.0,csv_fill
6,42,63500,1.0,1.0,csv_fill
6,42,64000,1.0,1.0,csv_fill
6,42,64500,1.0,1.0,csv_fill
6,42,65000,1.0,1.0,csv_fill
6,42,65500,1.0,1.0,csv_fill
6,42,66000,1.0,1.0,csv_fill
6,42,66500,1.0,1.0,csv_fill
6,42,67000,1.0,1.0,csv_fill
6,42,67500,1.0,1.0,csv_fill
6,42,68000,1.0,1.0,csv_fill
6,42,68500,1.0,1.0,csv_fill
6,42,69000,1.0,1.0,csv_fill
6,42,69500,1.0,1.0,csv_fill
6,42,70000,1.0,1.0,csv_fill
6,42,70500,1.0,1.0,csv_fill
7,1,250,0.126,0.123,jsonl
7,1,500,0.131,0.123,jsonl
7,1,750,0.124,0.121,jsonl
7,1,1000,0.123,0.1275,jsonl
7,1,1250,0.13,0.1195,jsonl
7,1,1500,0.128,0.118,jsonl
7,1,1750,0.116,0.1285,jsonl
7,1,2000,0.139,0.1255,jsonl
7,1,2250,0.123,0.128,jsonl
7,1,2500,0.137,0.1225,jsonl
7,1,2750,0.126,0.1435,jsonl
7,1,3000,0.117,0.1275,jsonl
7,1,3250,0.146,0.124,jsonl
7,1,3500,0.148,0.125,jsonl
7,1,3750,0.152,0.122,jsonl
7,1,4000,0.151,0.122,jsonl
7,1,4250,0.187,0.1195,jsonl
7,1,4500,0.168,0.119,jsonl
7,1,4750,0.153,0.12,jsonl
7,1,5000,0.18,0.13,jsonl
7,1,5250,0.166,0.1295,jsonl
7,1,5500,0.164,0.126,jsonl
7,1,5750,0.179,0.1265,jsonl
7,1,6000,0.185,0.1225,jsonl
7,1,6250,0.164,0.1255,jsonl
7,1,6500,0.188,0.122,jsonl
7,1,6750,0.174,0.119,jsonl
7,1,7000,0.174,0.1195,jsonl
7,1,7250,0.175,0.1235,jsonl
7,1,7500,0.182,0.121,jsonl
7,1,7750,0.189,0.1265,jsonl
7,1,8000,0.184,0.1215,jsonl
7,1,8250,0.202,0.109,jsonl
7,1,8500,0.164,0.1275,jsonl
7,1,8750,0.197,0.1195,jsonl
7,1,9000,0.186,0.1285,jsonl
7,1,9250,0.173,0.128,jsonl
7,1,9500,0.199,0.119,jsonl
7,1,9750,0.192,0.123,jsonl
7,1,10000,0.194,0.1315,jsonl
7,1,10250,0.2,0.1215,jsonl
7,1,10500,0.187,0.1275,jsonl
7,1,10750,0.19,0.122,jsonl
7,1,11000,0.202,0.125,jsonl
7,1,11250,0.209,0.127,jsonl
7,1,11500,0.206,0.1285,jsonl
7,1,11750,0.215,0.1265,jsonl
7,1,12000,0.212,0.128,jsonl
7,1,12250,0.208,0.1185,jsonl
7,1,12500,0.198,0.1195,jsonl
7,1,12750,0.215,0.1285,jsonl
7,1,13000,0.213,0.125,jsonl
7,1,13250,0.249,0.1165,jsonl
7,1,13500,0.275,0.121,jsonl
7,1,13750,0.241,0.12,jsonl
7,1,14000,0.304,0.121,jsonl
7,1,14250,0.349,0.149,jsonl
7,1,14500,0.414,0.2035,jsonl
7,1,14750,0.609,0.427,jsonl
7,1,15000,0.818,0.706,jsonl
7,1,15250,0.945,0.8995,jsonl
7,1,15500,0.957,0.921,jsonl
7,1,15750,0.973,0.947,jsonl
7,1,16000,0.951,0.9145,jsonl
7,1,16250,0.992,0.9815,jsonl
7,1,16500,0.974,0.951,jsonl
7,1,16750,0.994,0.985,jsonl
7,1,17000,0.987,0.974,jsonl
7,1,17250,0.959,0.9355,jsonl
7,1,17500,0.998,0.9785,jsonl
7,1,17750,0.996,0.99,jsonl
7,1,18000,0.966,0.9485,jsonl
7,1,18250,0.997,0.988,jsonl
7,1,18500,0.986,0.9685,jsonl
7,1,18750,1.0,0.9945,jsonl
7,1,19000,0.995,0.9905,jsonl
7,1,19250,0.964,0.952,jsonl
7,1,19500,0.956,0.9405,jsonl
7,1,19750,0.999,0.997,jsonl
7,1,20000,0.996,0.9975,jsonl
7,1,20250,0.964,0.934,jsonl
7,1,20500,0.974,0.9595,jsonl
7,1,20750,1.0,0.9975,jsonl
7,1,21000,0.981,0.974,jsonl
7,1,21250,0.994,0.99,jsonl
7,1,21500,0.998,0.9945,jsonl
7,1,21750,0.997,0.9875,jsonl
7,1,22000,0.967,0.971,jsonl
7,1,22250,0.997,0.998,jsonl
7,1,22500,1.0,0.998,jsonl
7,1,22750,1.0,0.9985,jsonl
7,1,23000,0.999,0.9965,jsonl
7,1,23250,0.983,0.975,jsonl
7,1,23500,0.992,0.9805,jsonl
7,1,23750,0.985,0.976,jsonl
7,1,24000,0.998,0.989,jsonl
7,1,24250,1.0,0.9975,jsonl
7,1,24500,0.999,0.9915,jsonl
7,1,24750,0.906,0.9,jsonl
7,1,25000,1.0,0.9965,jsonl
7,1,25250,0.996,0.995,jsonl
7,1,25500,1.0,0.998,jsonl
7,1,25750,1.0,0.9985,jsonl
7,1,26000,1.0,0.9985,jsonl
7,1,26250,0.999,0.9985,jsonl
7,1,26500,1.0,0.9985,jsonl
7,1,26750,1.0,0.998,jsonl
7,1,27000,1.0,0.9985,jsonl
7,1,27250,1.0,0.9985,jsonl
7,1,27500,1.0,0.9985,jsonl
7,1,27750,1.0,0.9985,jsonl
7,1,28000,1.0,0.9985,jsonl
7,1,28250,1.0,0.9985,jsonl
7,1,28500,1.0,0.9985,jsonl
7,1,28750,1.0,0.9985,jsonl
7,1,29000,1.0,0.999,jsonl
7,1,29250,1.0,0.998,jsonl
7,1,29500,1.0,0.9985,jsonl
7,1,29750,1.0,0.999,jsonl
7,1,30000,1.0,0.999,jsonl
7,1,30250,1.0,0.999,jsonl
7,1,30500,1.0,0.999,jsonl
7,1,30750,1.0,0.9985,jsonl
7,1,31000,1.0,0.999,jsonl
7,1,31250,1.0,0.999,jsonl
7,1,31500,1.0,0.999,jsonl
7,1,31750,1.0,0.999,jsonl
7,1,32000,1.0,0.999,jsonl
7,1,32250,1.0,0.999,jsonl
7,1,32500,1.0,0.999,jsonl
7,1,32750,1.0,0.999,jsonl
7,1,33000,1.0,0.999,jsonl
7,1,33250,0.994,0.9755,jsonl
7,1,33500,1.0,0.996,jsonl
7,1,33750,0.999,0.997,jsonl
7,1,34000,1.0,0.997,jsonl
7,1,34250,1.0,0.998,jsonl
7,1,34500,0.994,0.9875,jsonl
7,1,34750,1.0,0.9985,jsonl
7,1,35000,1.0,0.9985,jsonl
7,1,35250,1.0,0.999,jsonl
7,1,35500,0.997,0.998,jsonl
7,1,35750,1.0,0.9985,jsonl
7,1,36000,1.0,0.9985,jsonl
7,1,36250,1.0,0.9985,jsonl
7,1,36500,1.0,0.9985,jsonl
7,1,36750,1.0,0.9985,jsonl
7,1,37000,1.0,0.999,jsonl
7,1,37250,1.0,0.999,jsonl
7,1,37500,1.0,0.9985,jsonl
7,1,37750,1.0,0.9985,jsonl
7,1,38000,1.0,0.9995,jsonl
7,1,38250,1.0,0.999,jsonl
7,1,38500,1.0,0.9985,jsonl
7,1,38750,1.0,0.999,jsonl
7,1,39000,1.0,0.999,jsonl
7,1,39250,1.0,0.999,jsonl
7,1,39500,1.0,1.0,jsonl
7,1,39750,1.0,0.999,jsonl
7,1,40000,1.0,0.9995,jsonl
7,1,40250,1.0,0.9995,jsonl
7,1,40500,1.0,1.0,jsonl
7,1,40750,1.0,0.9995,jsonl
7,1,41000,1.0,1.0,jsonl
7,1,41250,1.0,0.9995,jsonl
7,1,41500,1.0,0.9995,jsonl
7,1,41750,1.0,1.0,jsonl
7,1,42000,1.0,0.9995,jsonl
7,1,42250,1.0,1.0,jsonl
7,1,42500,1.0,0.9995,jsonl
7,1,42750,1.0,0.9995,jsonl
7,1,43000,1.0,1.0,jsonl
7,1,43250,1.0,0.9995,jsonl
7,1,43500,1.0,0.9995,jsonl
7,1,43750,1.0,0.9995,jsonl
7,1,44000,1.0,1.0,jsonl
7,1,44250,1.0,0.9995,jsonl
7,1,44500,1.0,1.0,jsonl
7,1,44750,1.0,0.9995,jsonl
7,1,45000,1.0,0.9995,jsonl
7,1,45250,1.0,0.9995,jsonl
7,1,45500,1.0,0.9995,jsonl
7,1,45750,1.0,0.9995,jsonl
7,1,46000,1.0,0.9995,jsonl
7,1,46250,1.0,0.9995,jsonl
7,1,46500,0.986,0.9725,jsonl
7,1,46750,1.0,0.9975,jsonl
7,1,47000,1.0,0.9985,jsonl
7,1,47250,1.0,0.999,jsonl
7,1,47500,1.0,0.999,jsonl
7,1,47750,1.0,0.999,jsonl
7,1,48000,1.0,0.999,jsonl
7,1,48250,1.0,0.999,jsonl
7,1,48500,1.0,0.999,jsonl
7,1,48750,1.0,0.999,jsonl
7,1,49000,1.0,0.999,jsonl
7,1,49250,1.0,0.999,jsonl
7,1,49500,1.0,0.999,jsonl
7,1,49750,1.0,0.999,jsonl
7,1,50000,1.0,0.999,jsonl
7,1,50250,1.0,0.999,jsonl
7,1,50500,1.0,0.9995,jsonl
7,1,50750,1.0,0.9995,jsonl
7,1,51000,1.0,0.9995,jsonl
7,1,51250,1.0,0.9995,jsonl
7,1,51500,1.0,0.9995,jsonl
7,1,51750,1.0,0.9995,jsonl
7,1,52000,1.0,1.0,jsonl
7,1,52250,1.0,0.9995,jsonl
7,1,52500,1.0,0.9995,jsonl
7,1,52750,1.0,1.0,jsonl
7,1,53000,1.0,1.0,jsonl
7,1,53250,1.0,1.0,jsonl
7,1,53500,1.0,1.0,jsonl
7,1,53750,1.0,1.0,jsonl
7,1,54000,1.0,1.0,jsonl
7,1,54250,1.0,1.0,jsonl
7,1,54500,1.0,1.0,jsonl
7,1,54750,1.0,1.0,jsonl
7,1,55000,1.0,1.0,jsonl
7,1,55250,1.0,1.0,jsonl
7,1,55500,1.0,1.0,jsonl
7,1,55750,1.0,1.0,jsonl
7,1,56000,1.0,1.0,jsonl
7,1,56250,1.0,1.0,jsonl
7,1,56500,1.0,1.0,jsonl
7,1,56750,1.0,1.0,jsonl
7,1,57000,1.0,1.0,jsonl
7,1,57250,1.0,1.0,jsonl
7,1,57500,1.0,1.0,jsonl
7,1,57750,1.0,1.0,jsonl
7,1,58000,1.0,1.0,jsonl
7,1,58250,1.0,1.0,jsonl
7,1,58500,1.0,1.0,jsonl
7,1,58750,1.0,1.0,jsonl
7,1,59000,1.0,1.0,jsonl
7,1,59250,1.0,1.0,jsonl
7,1,59500,1.0,1.0,jsonl
7,1,59750,1.0,1.0,jsonl
7,1,60000,1.0,1.0,jsonl
7,1,60250,1.0,1.0,jsonl
7,1,60500,1.0,1.0,jsonl
7,1,60750,1.0,1.0,jsonl
7,1,61000,1.0,1.0,jsonl
7,1,61250,1.0,1.0,jsonl
7,1,61500,1.0,1.0,jsonl
7,1,61750,1.0,1.0,jsonl
7,1,62000,1.0,1.0,jsonl
7,1,62250,1.0,1.0,jsonl
7,1,62500,1.0,1.0,jsonl
7,1,62750,1.0,1.0,jsonl
7,1,63000,1.0,1.0,jsonl
7,1,63250,1.0,1.0,jsonl
7,1,63500,1.0,1.0,jsonl
7,1,63750,1.0,1.0,jsonl
7,1,64000,1.0,1.0,jsonl
7,1,64250,1.0,1.0,jsonl
7,1,64500,1.0,1.0,jsonl
7,1,64750,1.0,1.0,jsonl
7,1,65000,1.0,1.0,jsonl
7,1,65250,1.0,1.0,jsonl
7,1,65500,1.0,1.0,jsonl
7,1,65750,1.0,1.0,jsonl
7,1,66000,1.0,1.0,jsonl
7,1,66250,1.0,1.0,jsonl
7,1,66500,1.0,1.0,jsonl
7,1,66750,1.0,1.0,jsonl
7,1,67000,1.0,1.0,jsonl
7,1,67250,1.0,1.0,jsonl
7,1,67500,1.0,1.0,jsonl
7,1,67750,1.0,1.0,jsonl
7,1,68000,1.0,1.0,jsonl
7,1,68250,1.0,1.0,jsonl
7,1,68500,1.0,1.0,jsonl
7,1,68750,1.0,1.0,jsonl
7,1,69000,1.0,1.0,jsonl
7,1,69250,1.0,1.0,jsonl
7,1,69500,1.0,1.0,jsonl
7,1,69750,1.0,1.0,jsonl
7,1,70000,1.0,1.0,jsonl
7,1,70250,1.0,1.0,jsonl
7,1,70500,1.0,1.0,jsonl
7,2,250,0.141,0.1195,jsonl
7,2,500,0.124,0.123,jsonl
7,2,750,0.136,0.125,jsonl
7,2,1000,0.126,0.131,jsonl
7,2,1250,0.123,0.1235,jsonl
7,2,1500,0.122,0.1285,jsonl
7,2,1750,0.122,0.123,jsonl
7,2,2000,0.145,0.119,jsonl
7,2,2250,0.122,0.125,jsonl
7,2,2500,0.144,0.1295,jsonl
7,2,2750,0.126,0.123,jsonl
7,2,3000,0.126,0.131,jsonl
7,2,3250,0.145,0.1325,jsonl
7,2,3500,0.152,0.1295,jsonl
7,2,3750,0.144,0.134,jsonl
7,2,4000,0.136,0.1205,jsonl
7,2,4250,0.163,0.1265,jsonl
7,2,4500,0.188,0.1255,jsonl
7,2,4750,0.156,0.1205,jsonl
7,2,5000,0.186,0.12,jsonl
7,2,5250,0.204,0.118,jsonl
7,2,5500,0.197,0.111,jsonl
7,2,5750,0.2,0.115,jsonl
7,2,6000,0.177,0.1175,jsonl
7,2,6250,0.166,0.118,jsonl
7,2,6500,0.185,0.1215,jsonl
7,2,6750,0.186,0.121,jsonl
7,2,7000,0.182,0.124,jsonl
7,2,7250,0.195,0.13,jsonl
7,2,7500,0.203,0.126,jsonl
7,2,7750,0.185,0.1325,jsonl
7,2,8000,0.18,0.1355,jsonl
7,2,8250,0.19,0.126,jsonl
7,2,8500,0.206,0.1205,jsonl
7,2,8750,0.194,0.13,jsonl
7,2,9000,0.159,0.13,jsonl
7,2,9250,0.188,0.1265,jsonl
7,2,9500,0.188,0.1255,jsonl
7,2,9750,0.2,0.122,jsonl
7,2,10000,0.197,0.1235,jsonl
7,2,10250,0.195,0.121,jsonl
7,2,10500,0.191,0.125,jsonl
7,2,10750,0.187,0.117,jsonl
7,2,11000,0.196,0.124,jsonl
7,2,11250,0.194,0.1255,jsonl
7,2,11500,0.208,0.112,jsonl
7,2,11750,0.144,0.1185,jsonl
7,2,12000,0.222,0.123,jsonl
7,2,12250,0.204,0.1135,jsonl
7,2,12500,0.213,0.121,jsonl
7,2,12750,0.205,0.115,jsonl
7,2,13000,0.184,0.1245,jsonl
7,2,13250,0.25,0.1115,jsonl
7,2,13500,0.234,0.1165,jsonl
7,2,13750,0.207,0.11,jsonl
7,2,14000,0.221,0.113,jsonl
7,2,14250,0.237,0.119,jsonl
7,2,14500,0.248,0.113,jsonl
7,2,14750,0.249,0.126,jsonl
7,2,15000,0.273,0.1075,jsonl
7,2,15250,0.272,0.1045,jsonl
7,2,15500,0.295,0.1105,jsonl
7,2,15750,0.317,0.109,jsonl
7,2,16000,0.299,0.108,jsonl
7,2,16250,0.326,0.112,jsonl
7,2,16500,0.336,0.1135,jsonl
7,2,16750,0.365,0.118,jsonl
7,2,17000,0.396,0.111,jsonl
7,2,17250,0.438,0.123,jsonl
7,2,17500,0.494,0.1385,jsonl
7,2,17750,0.462,0.128,jsonl
7,2,18000,0.548,0.1325,jsonl
7,2,18250,0.585,0.1395,jsonl
7,2,18500,0.634,0.1495,jsonl
7,2,18750,0.683,0.163,jsonl
7,2,19000,0.732,0.1835,jsonl
7,2,19250,0.751,0.1895,jsonl
7,2,19500,0.809,0.197,jsonl
7,2,19750,0.813,0.1995,jsonl
7,2,20000,0.864,0.2005,jsonl
7,2,20250,0.877,0.215,jsonl
7,2,20500,0.922,0.2175,jsonl
7,2,20750,0.938,0.2265,jsonl
7,2,21000,0.948,0.2225,jsonl
7,2,21250,0.947,0.2245,jsonl
7,2,21500,0.963,0.232,jsonl
7,2,21750,0.96,0.236,jsonl
7,2,22000,0.982,0.2505,jsonl
7,2,22250,0.985,0.249,jsonl
7,2,22500,0.981,0.2485,jsonl
7,2,22750,0.972,0.2455,jsonl
7,2,23000,0.966,0.245,jsonl
7,2,23250,0.977,0.248,jsonl
7,2,23500,0.99,0.251,jsonl
7,2,23750,0.987,0.26,jsonl
7,2,24000,0.991,0.2565,jsonl
7,2,24250,0.978,0.254,jsonl
7,2,24500,0.976,0.261,jsonl
7,2,24750,0.991,0.2675,jsonl
7,2,25000,0.986,0.279,jsonl
7,2,25250,0.993,0.268,jsonl
7,2,25500,0.991,0.2725,jsonl
7,2,25750,0.993,0.275,jsonl
7,2,26000,0.992,0.285,jsonl
7,2,26250,0.991,0.2805,jsonl
7,2,26500,0.993,0.2785,jsonl
7,2,26750,0.968,0.2845,jsonl
7,2,27000,0.993,0.2965,jsonl
7,2,27250,0.996,0.3035,jsonl
7,2,27500,0.993,0.2875,jsonl
7,2,27750,0.994,0.29,jsonl
7,2,28000,0.993,0.2875,jsonl
7,2,28250,0.993,0.291,jsonl
7,2,28500,0.994,0.2955,jsonl
7,2,28750,0.994,0.305,jsonl
7,2,29000,0.991,0.298,jsonl
7,2,29250,0.999,0.3125,jsonl
7,2,29500,1.0,0.3015,jsonl
7,2,29750,1.0,0.316,jsonl
7,2,30000,0.999,0.3065,jsonl
7,2,30250,1.0,0.3105,jsonl
7,2,30500,0.989,0.2975,jsonl
7,2,30750,0.977,0.3105,jsonl
7,2,31000,0.997,0.312,jsonl
7,2,31250,0.998,0.327,jsonl
7,2,31500,1.0,0.32,jsonl
7,2,31750,1.0,0.333,jsonl
7,2,32000,1.0,0.3325,jsonl
7,2,32250,1.0,0.3355,jsonl
7,2,32500,1.0,0.3345,jsonl
7,2,32750,1.0,0.333,jsonl
7,2,33000,1.0,0.334,jsonl
7,2,33250,1.0,0.335,jsonl
7,2,33500,1.0,0.3315,jsonl
7,2,33750,1.0,0.3385,jsonl
7,2,34000,1.0,0.3335,jsonl
7,2,34250,0.934,0.2955,jsonl
7,2,34500,0.993,0.3235,jsonl
7,2,34750,0.999,0.3215,jsonl
7,2,35000,1.0,0.325,jsonl
7,2,35250,1.0,0.3365,jsonl
7,2,35500,1.0,0.334,jsonl
7,2,35750,1.0,0.3365,jsonl
7,2,36000,1.0,0.333,jsonl
7,2,36250,1.0,0.334,jsonl
7,2,36500,0.998,0.3295,jsonl
7,2,36750,0.988,0.322,jsonl
7,2,37000,0.993,0.3195,jsonl
7,2,37250,0.997,0.336,jsonl
7,2,37500,1.0,0.3335,jsonl
7,2,37750,1.0,0.342,jsonl
7,2,38000,1.0,0.3425,jsonl
7,2,38250,1.0,0.3345,jsonl
7,2,38500,1.0,0.338,jsonl
7,2,38750,1.0,0.338,jsonl
7,2,39000,1.0,0.347,jsonl
7,2,39250,1.0,0.339,jsonl
7,2,39500,1.0,0.3365,jsonl
7,2,39750,1.0,0.343,jsonl
7,2,40000,1.0,0.339,jsonl
7,2,40250,1.0,0.3505,jsonl
7,2,40500,1.0,0.3475,jsonl
7,2,40750,0.964,0.308,jsonl
7,2,41000,0.99,0.327,jsonl
7,2,41250,1.0,0.332,jsonl
7,2,41500,1.0,0.343,jsonl
7,2,41750,1.0,0.345,jsonl
7,2,42000,1.0,0.3425,jsonl
7,2,42250,1.0,0.3455,jsonl
7,2,42500,1.0,0.3475,jsonl
7,2,42750,1.0,0.345,jsonl
7,2,43000,1.0,0.3475,jsonl
7,2,43250,1.0,0.3465,jsonl
7,2,43500,1.0,0.35,jsonl
7,2,43750,1.0,0.3505,jsonl
7,2,44000,1.0,0.3495,jsonl
7,2,44250,1.0,0.3495,jsonl
7,2,44500,1.0,0.35,jsonl
7,2,44750,1.0,0.3505,jsonl
7,2,45000,1.0,0.349,jsonl
7,2,45250,1.0,0.353,jsonl
7,2,45500,1.0,0.3515,jsonl
7,2,45750,1.0,0.3535,jsonl
7,2,46000,1.0,0.354,jsonl
7,2,46250,1.0,0.353,jsonl
7,2,46500,1.0,0.3495,jsonl
7,2,46750,1.0,0.352,jsonl
7,2,47000,1.0,0.3515,jsonl
7,2,47250,1.0,0.3485,jsonl
7,2,47500,1.0,0.3505,jsonl
7,2,47750,1.0,0.349,jsonl
7,2,48000,1.0,0.3515,jsonl
7,2,48250,1.0,0.3515,jsonl
7,2,48500,1.0,0.352,jsonl
7,2,48750,1.0,0.3535,jsonl
7,2,49000,1.0,0.3525,jsonl
7,2,49250,1.0,0.3525,jsonl
7,2,49500,1.0,0.354,jsonl
7,2,49750,1.0,0.3545,jsonl
7,2,50000,1.0,0.355,jsonl
7,2,50250,1.0,0.356,jsonl
7,2,50500,1.0,0.3545,jsonl
7,2,50750,1.0,0.3565,jsonl
7,2,51000,1.0,0.3555,jsonl
7,2,51250,1.0,0.3575,jsonl
7,2,51500,1.0,0.357,jsonl
7,2,51750,1.0,0.3575,jsonl
7,2,52000,1.0,0.3575,jsonl
7,2,52250,1.0,0.3555,jsonl
7,2,52500,1.0,0.3555,jsonl
7,2,52750,1.0,0.357,jsonl
7,2,53000,1.0,0.355,jsonl
7,2,53250,1.0,0.354,jsonl
7,2,53500,1.0,0.3565,jsonl
7,2,53750,1.0,0.3545,jsonl
7,2,54000,1.0,0.3575,jsonl
7,2,54250,1.0,0.356,jsonl
7,2,54500,1.0,0.3585,jsonl
7,2,54750,1.0,0.357,jsonl
7,2,55000,1.0,0.356,jsonl
7,2,55250,1.0,0.357,jsonl
7,2,55500,1.0,0.356,jsonl
7,2,55750,1.0,0.357,jsonl
7,2,56000,1.0,0.358,jsonl
7,2,56250,1.0,0.359,jsonl
7,2,56500,1.0,0.361,jsonl
7,2,56750,0.998,0.3495,jsonl
7,2,57000,0.999,0.35,jsonl
7,2,57250,1.0,0.35,jsonl
7,2,57500,1.0,0.3515,jsonl
7,2,57750,1.0,0.3515,jsonl
7,2,58000,1.0,0.351,jsonl
7,2,58250,1.0,0.35,jsonl
7,2,58500,1.0,0.35,jsonl
7,2,58750,1.0,0.35,jsonl
7,2,59000,1.0,0.35,jsonl
7,2,59250,1.0,0.351,jsonl
7,2,59500,1.0,0.3515,jsonl
7,2,59750,1.0,0.352,jsonl
7,2,60000,1.0,0.3515,jsonl
7,2,60250,1.0,0.3515,jsonl
7,2,60500,1.0,0.3515,jsonl
7,2,60750,1.0,0.351,jsonl
7,2,61000,1.0,0.3525,jsonl
7,2,61250,1.0,0.353,jsonl
7,2,61500,1.0,0.353,jsonl
7,2,61750,1.0,0.3535,jsonl
7,2,62000,1.0,0.3535,jsonl
7,2,62250,1.0,0.354,jsonl
7,2,62500,1.0,0.3545,jsonl
7,2,62750,1.0,0.3545,jsonl
7,2,63000,1.0,0.356,jsonl
7,2,63250,1.0,0.3575,jsonl
7,2,63500,1.0,0.3565,jsonl
7,2,63750,1.0,0.356,jsonl
7,2,64000,1.0,0.3555,jsonl
7,2,64250,1.0,0.356,jsonl
7,2,64500,1.0,0.3565,jsonl
7,2,64750,1.0,0.3565,jsonl
7,2,65000,1.0,0.3575,jsonl
7,2,65250,1.0,0.358,jsonl
7,2,65500,1.0,0.358,jsonl
7,2,65750,1.0,0.3585,jsonl
7,2,66000,1.0,0.3585,jsonl
7,2,66250,1.0,0.3595,jsonl
7,2,66500,1.0,0.3605,jsonl
7,2,66750,1.0,0.3605,jsonl
7,2,67000,1.0,0.36,jsonl
7,2,67250,1.0,0.36,jsonl
7,2,67500,1.0,0.3605,jsonl
7,2,67750,1.0,0.3605,jsonl
7,2,68000,1.0,0.361,jsonl
7,2,68250,1.0,0.361,jsonl
7,2,68500,1.0,0.361,jsonl
7,2,68750,1.0,0.361,jsonl
7,2,69000,1.0,0.361,jsonl
7,2,69250,1.0,0.361,jsonl
7,2,69500,1.0,0.361,jsonl
7,2,69750,1.0,0.361,jsonl
7,2,70000,1.0,0.361,jsonl
7,2,70250,1.0,0.361,jsonl
7,2,70500,1.0,0.361,jsonl
7,42,0,0.0,0.0,csv
7,42,500,0.1275333333,0.126,csv
7,42,1000,0.1223333333,0.12,csv
7,42,1500,0.1254,0.128,csv
7,42,2000,0.1265333333,0.123,csv
7,42,2500,0.1229333333,0.121,csv
7,42,3000,0.1308,0.1265,csv
7,42,3500,0.1459333333,0.1295,csv
7,42,4000,0.1676,0.1225,csv
7,42,4500,0.1588666667,0.1145,csv
7,42,5000,0.1681333333,0.1205,csv
7,42,5500,0.1546,0.123,csv
7,42,6000,0.1857333333,0.124,csv
7,42,6500,0.1705333333,0.125,csv
7,42,7000,0.1802,0.1275,csv
7,42,7500,0.3015333333,0.2215,csv
7,42,8000,0.3392,0.239,csv
7,42,8500,0.3448666667,0.2465,csv
7,42,9000,0.3296,0.2515,csv
7,42,9500,0.3636666667,0.2415,csv
7,42,10000,0.3552666667,0.2435,csv
7,42,10500,0.3551333333,0.246,csv
7,42,11000,0.323,0.2395,csv
7,42,11500,0.3290666667,0.2475,csv
7,42,12000,0.3472666667,0.24,csv
7,42,12500,0.3632,0.2415,csv
7,42,13000,0.3904666667,0.244,csv
7,42,13500,0.3718666667,0.2495,csv
7,42,14000,0.3679333333,0.242,csv
7,42,14500,0.3978666667,0.256,csv
7,42,15000,0.4128666667,0.2315,csv
7,42,15500,0.4519333333,0.2375,csv
7,42,16000,0.4891333333,0.2345,csv
7,42,16500,0.5178,0.224,csv
7,42,17000,0.5507333333,0.236,csv
7,42,17500,0.6154,0.2325,csv
7,42,18000,0.6908,0.228,csv
7,42,18500,0.7392666667,0.2315,csv
7,42,19000,0.8067333333,0.2395,csv
7,42,19500,0.8712666667,0.2355,csv
7,42,20000,0.9388666667,0.2475,csv
7,42,20500,0.9650666667,0.242,csv
7,42,21000,0.9824,0.2625,csv
7,42,21500,0.977,0.256,csv
7,42,22000,0.9837333333,0.258,csv
7,42,22500,0.9952666667,0.2615,csv
7,42,23000,0.9778,0.259,csv
7,42,23500,0.9808666667,0.2695,csv
7,42,24000,0.9934666667,0.273,csv
7,42,24500,0.9858666667,0.2675,csv
7,42,25000,0.9968,0.2855,csv
7,42,25500,0.9960666667,0.293,csv
7,42,26000,0.9879333333,0.281,csv
7,42,26500,0.9944666667,0.2935,csv
7,42,27000,0.9934,0.2955,csv
7,42,27500,0.9962,0.292,csv
7,42,28000,0.9832666667,0.299,csv
7,42,28500,0.9936,0.2925,csv
7,42,29000,0.9992,0.2995,csv
7,42,29500,0.9901333333,0.3205,csv
7,42,30000,0.993,0.298,csv
7,42,30500,0.999,0.3105,csv
7,42,31000,0.9996666667,0.313,csv
7,42,31500,0.9879333333,0.307,csv
7,42,32000,0.9872666667,0.3185,csv
7,42,32500,0.9968666667,0.326,csv
7,42,33000,0.9998666667,0.3245,csv
7,42,33500,0.9978,0.316,csv
7,42,34000,0.9874,0.3235,csv
7,42,34500,0.9994666667,0.332,csv
7,42,35000,0.9982666667,0.327,csv
7,42,35500,0.9956666667,0.3285,csv
7,42,36000,0.9953333333,0.344,csv
7,42,36500,0.9994666667,0.339,csv
7,42,37000,0.9998666667,0.3455,csv
7,42,37500,1.0,0.3525,csv
7,42,38000,1.0,0.3535,csv
7,42,38500,1.0,0.3525,csv
7,42,39000,1.0,0.3535,csv
7,42,39500,1.0,0.353,csv
7,42,40000,1.0,0.3545,csv
7,42,40500,1.0,0.3545,csv
7,42,41000,1.0,0.354,csv
7,42,41500,1.0,0.354,csv
7,42,42000,1.0,0.355,csv
7,42,42500,1.0,0.353,csv
7,42,43000,1.0,0.354,csv
7,42,43500,1.0,0.3545,csv
7,42,44000,1.0,0.3555,csv
7,42,44500,1.0,0.3565,csv
7,42,45000,1.0,0.3585,csv
7,42,45500,1.0,0.3575,csv
7,42,46000,1.0,0.355,csv
7,42,46500,1.0,0.3555,csv
7,42,47000,1.0,0.356,csv
7,42,47500,1.0,0.358,csv
7,42,48000,1.0,0.358,csv
7,42,48500,1.0,0.3585,csv
7,42,49000,1.0,0.3585,csv
7,42,49500,0.9838666667,0.3385,csv
7,42,50000,1.0,0.355,csv
7,42,50500,1.0,0.3545,csv
7,42,51000,1.0,0.354,csv
7,42,51500,1.0,0.3565,csv
7,42,52000,1.0,0.355,csv
7,42,52500,1.0,0.357,csv
7,42,53000,1.0,0.357,csv
7,42,53500,1.0,0.357,csv
7,42,54000,1.0,0.357,csv
7,42,54500,1.0,0.358,csv
7,42,55000,1.0,0.3585,csv
7,42,55500,1.0,0.3595,csv
7,42,56000,1.0,0.3615,csv
7,42,56500,1.0,0.3615,csv
7,42,57000,1.0,0.3625,csv
7,42,57500,1.0,0.363,csv
7,42,58000,1.0,0.364,csv
7,42,58500,1.0,0.3645,csv
7,42,59000,1.0,0.3635,csv
7,42,59500,1.0,0.363,csv
7,42,60000,1.0,0.362,csv
7,42,60500,1.0,0.361,csv
7,42,61000,1.0,0.3595,csv
7,42,61500,1.0,0.3595,csv
7,42,62000,1.0,0.3605,csv
7,42,62500,1.0,0.3615,csv
7,42,63000,1.0,0.366,csv
7,42,63500,1.0,0.3635,csv
7,42,64000,1.0,0.362,csv
7,42,64500,1.0,0.363,csv
7,42,65000,0.9994,0.3605,csv
7,42,65500,1.0,0.364,csv
7,42,66000,1.0,0.3645,csv
7,42,66500,1.0,0.3645,csv
7,42,67000,1.0,0.364,csv
7,42,67500,1.0,0.3645,csv
7,42,68000,1.0,0.364,csv
7,42,68500,1.0,0.364,csv
7,42,69000,1.0,0.363,csv
7,42,69500,1.0,0.362,csv
7,42,70000,1.0,0.3625,csv
7,42,70500,1.0,0.363,csv
7,42,71000,1.0,0.3645,csv
7,42,71500,1.0,0.365,csv
7,42,72000,1.0,0.3665,csv
7,42,72500,1.0,0.366,csv
7,42,73000,1.0,0.367,csv
7,42,73500,1.0,0.3665,csv
7,42,74000,1.0,0.366,csv
8,1,250,0.106,0.096,jsonl
8,1,500,0.13,0.12,jsonl
8,1,750,0.136,0.115,jsonl
8,1,1000,0.132,0.1135,jsonl
8,1,1250,0.088,0.1055,jsonl
8,1,1500,0.108,0.1065,jsonl
8,1,1750,0.1,0.1165,jsonl
8,1,2000,0.109,0.105,jsonl
8,1,2250,0.136,0.115,jsonl
8,1,2500,0.098,0.1145,jsonl
8,1,2750,0.141,0.113,jsonl
8,1,3000,0.101,0.1175,jsonl
8,1,3250,0.123,0.1125,jsonl
8,1,3500,0.135,0.1055,jsonl
8,1,3750,0.128,0.12,jsonl
8,1,4000,0.132,0.1025,jsonl
8,1,4250,0.129,0.1075,jsonl
8,1,4500,0.11,0.097,jsonl
8,1,4750,0.136,0.1075,jsonl
8,1,5000,0.165,0.0975,jsonl
8,1,5250,0.166,0.1,jsonl
8,1,5500,0.15,0.098,jsonl
8,1,5750,0.144,0.1095,jsonl
8,1,6000,0.159,0.0995,jsonl
8,1,6250,0.164,0.107,jsonl
8,1,6500,0.197,0.1035,jsonl
8,1,6750,0.18,0.1085,jsonl
8,1,7000,0.178,0.1025,jsonl
8,1,7250,0.182,0.109,jsonl
8,1,7500,0.175,0.109,jsonl
8,1,7750,0.192,0.0955,jsonl
8,1,8000,0.19,0.1075,jsonl
8,1,8250,0.207,0.095,jsonl
8,1,8500,0.201,0.1045,jsonl
8,1,8750,0.16,0.1085,jsonl
8,1,9000,0.186,0.1065,jsonl
8,1,9250,0.198,0.104,jsonl
8,1,9500,0.201,0.1025,jsonl
8,1,9750,0.21,0.107,jsonl
8,1,10000,0.248,0.1025,jsonl
8,1,10250,0.187,0.0925,jsonl
8,1,10500,0.223,0.107,jsonl
8,1,10750,0.253,0.094,jsonl
8,1,11000,0.295,0.1055,jsonl
8,1,11250,0.316,0.0975,jsonl
8,1,11500,0.301,0.1045,jsonl
8,1,11750,0.357,0.103,jsonl
8,1,12000,0.419,0.104,jsonl
8,1,12250,0.473,0.0925,jsonl
8,1,12500,0.516,0.1015,jsonl
8,1,12750,0.549,0.097,jsonl
8,1,13000,0.585,0.104,jsonl
8,1,13250,0.622,0.099,jsonl
8,1,13500,0.65,0.104,jsonl
8,1,13750,0.717,0.1115,jsonl
8,1,14000,0.795,0.1175,jsonl
8,1,14250,0.829,0.117,jsonl
8,1,14500,0.852,0.117,jsonl
8,1,14750,0.85,0.1225,jsonl
8,1,15000,0.917,0.1185,jsonl
8,1,15250,0.942,0.121,jsonl
8,1,15500,0.955,0.13,jsonl
8,1,15750,0.946,0.1325,jsonl
8,1,16000,0.978,0.1295,jsonl
8,1,16250,0.971,0.126,jsonl
8,1,16500,0.979,0.132,jsonl
8,1,16750,0.973,0.1315,jsonl
8,1,17000,0.974,0.14,jsonl
8,1,17250,0.97,0.128,jsonl
8,1,17500,0.98,0.1245,jsonl
8,1,17750,0.977,0.138,jsonl
8,1,18000,0.987,0.1375,jsonl
8,1,18250,0.986,0.1265,jsonl
8,1,18500,0.989,0.1305,jsonl
8,1,18750,0.97,0.1425,jsonl
8,1,19000,0.979,0.1345,jsonl
8,1,19250,0.986,0.1275,jsonl
8,1,19500,0.982,0.142,jsonl
8,1,19750,0.98,0.131,jsonl
8,1,20000,0.986,0.142,jsonl
8,1,20250,0.996,0.138,jsonl
8,1,20500,0.987,0.141,jsonl
8,1,20750,0.989,0.147,jsonl
8,1,21000,0.99,0.137,jsonl
8,1,21250,0.992,0.143,jsonl
8,1,21500,0.997,0.1405,jsonl
8,1,21750,0.995,0.154,jsonl
8,1,22000,0.994,0.1365,jsonl
8,1,22250,0.994,0.144,jsonl
8,1,22500,0.99,0.147,jsonl
8,1,22750,0.989,0.138,jsonl
8,1,23000,0.962,0.146,jsonl
8,1,23250,0.989,0.1445,jsonl
8,1,23500,0.991,0.146,jsonl
8,1,23750,0.994,0.1485,jsonl
8,1,24000,0.995,0.154,jsonl
8,1,24250,0.998,0.147,jsonl
8,1,24500,0.995,0.1565,jsonl
8,1,24750,0.995,0.1475,jsonl
8,1,25000,0.986,0.143,jsonl
8,1,25250,0.994,0.1505,jsonl
8,1,25500,0.993,0.1495,jsonl
8,1,25750,0.999,0.1505,jsonl
8,1,26000,0.995,0.1535,jsonl
8,1,26250,0.998,0.148,jsonl
8,1,26500,0.999,0.1505,jsonl
8,1,26750,0.993,0.1565,jsonl
8,1,27000,0.992,0.1515,jsonl
8,1,27250,0.998,0.1535,jsonl
8,1,27500,0.998,0.158,jsonl
8,1,27750,0.999,0.157,jsonl
8,1,28000,0.998,0.1575,jsonl
8,1,28250,0.994,0.1565,jsonl
8,1,28500,0.989,0.1585,jsonl
8,1,28750,0.998,0.16,jsonl
8,1,29000,0.998,0.156,jsonl
8,1,29250,0.992,0.157,jsonl
8,1,29500,0.992,0.148,jsonl
8,1,29750,0.996,0.1515,jsonl
8,1,30000,0.994,0.151,jsonl
8,1,30250,0.996,0.1565,jsonl
8,1,30500,0.989,0.151,jsonl
8,1,30750,0.991,0.148,jsonl
8,1,31000,1.0,0.1635,jsonl
8,1,31250,0.999,0.154,jsonl
8,1,31500,1.0,0.1505,jsonl
8,1,31750,1.0,0.1545,jsonl
8,1,32000,1.0,0.158,jsonl
8,1,32250,1.0,0.1555,jsonl
8,1,32500,1.0,0.153,jsonl
8,1,32750,1.0,0.154,jsonl
8,1,33000,0.978,0.1545,jsonl
8,1,33250,0.988,0.158,jsonl
8,1,33500,0.998,0.1595,jsonl
8,1,33750,1.0,0.1505,jsonl
8,1,34000,1.0,0.1605,jsonl
8,1,34250,1.0,0.1575,jsonl
8,1,34500,1.0,0.1555,jsonl
8,1,34750,1.0,0.156,jsonl
8,1,35000,1.0,0.1545,jsonl
8,1,35250,1.0,0.158,jsonl
8,1,35500,1.0,0.1565,jsonl
8,1,35750,1.0,0.158,jsonl
8,1,36000,1.0,0.158,jsonl
8,1,36250,1.0,0.156,jsonl
8,1,36500,1.0,0.1575,jsonl
8,1,36750,1.0,0.158,jsonl
8,1,37000,1.0,0.1565,jsonl
8,1,37250,1.0,0.159,jsonl
8,1,37500,0.953,0.157,jsonl
8,1,37750,0.999,0.165,jsonl
8,1,38000,0.995,0.163,jsonl
8,1,38250,1.0,0.162,jsonl
8,1,38500,1.0,0.162,jsonl
8,1,38750,1.0,0.163,jsonl
8,1,39000,1.0,0.1645,jsonl
8,1,39250,1.0,0.162,jsonl
8,1,39500,1.0,0.162,jsonl
8,1,39750,1.0,0.1625,jsonl
8,1,40000,1.0,0.162,jsonl
8,1,40250,1.0,0.1585,jsonl
8,1,40500,1.0,0.159,jsonl
8,1,40750,1.0,0.16,jsonl
8,1,41000,1.0,0.1575,jsonl
8,1,41250,1.0,0.158,jsonl
8,1,41500,1.0,0.158,jsonl
8,1,41750,1.0,0.158,jsonl
8,1,42000,1.0,0.159,jsonl
8,1,42250,1.0,0.159,jsonl
8,1,42500,1.0,0.1585,jsonl
8,1,42750,1.0,0.1585,jsonl
8,1,43000,1.0,0.1585,jsonl
8,1,43250,1.0,0.159,jsonl
8,1,43500,1.0,0.159,jsonl
8,1,43750,1.0,0.159,jsonl
8,1,44000,1.0,0.159,jsonl
8,1,44250,1.0,0.1585,jsonl
8,1,44500,1.0,0.159,jsonl
8,1,44750,1.0,0.159,jsonl
8,1,45000,1.0,0.16,jsonl
8,1,45250,1.0,0.1605,jsonl
8,1,45500,1.0,0.1595,jsonl
8,1,45750,1.0,0.16,jsonl
8,1,46000,1.0,0.16,jsonl
8,1,46250,1.0,0.16,jsonl
8,1,46500,1.0,0.1595,jsonl
8,1,46750,1.0,0.1595,jsonl
8,1,47000,1.0,0.159,jsonl
8,1,47250,1.0,0.16,jsonl
8,1,47500,1.0,0.16,jsonl
8,1,47750,1.0,0.1605,jsonl
8,1,48000,1.0,0.1595,jsonl
8,1,48250,1.0,0.162,jsonl
8,1,48500,1.0,0.1615,jsonl
8,1,48750,1.0,0.1625,jsonl
8,1,49000,1.0,0.1625,jsonl
8,1,49250,1.0,0.163,jsonl
8,1,49500,1.0,0.1635,jsonl
8,1,49750,1.0,0.1625,jsonl
8,1,50000,1.0,0.1635,jsonl
8,1,50250,1.0,0.1635,jsonl
8,1,50500,1.0,0.1625,jsonl
8,1,50750,1.0,0.1635,jsonl
8,1,51000,1.0,0.1635,jsonl
8,1,51250,1.0,0.1625,jsonl
8,1,51500,1.0,0.163,jsonl
8,1,51750,1.0,0.1625,jsonl
8,1,52000,1.0,0.163,jsonl
8,1,52250,1.0,0.1615,jsonl
8,1,52500,1.0,0.161,jsonl
8,1,52750,1.0,0.161,jsonl
8,1,53000,1.0,0.161,jsonl
8,1,53250,1.0,0.162,jsonl
8,1,53500,1.0,0.16,jsonl
8,1,53750,1.0,0.163,jsonl
8,1,54000,1.0,0.162,jsonl
8,1,54250,1.0,0.167,jsonl
8,1,54500,0.997,0.1605,jsonl
8,1,54750,1.0,0.1545,jsonl
8,1,55000,1.0,0.158,jsonl
8,1,55250,1.0,0.157,jsonl
8,1,55500,1.0,0.158,jsonl
8,1,55750,1.0,0.1585,jsonl
8,1,56000,1.0,0.158,jsonl
8,1,56250,1.0,0.1585,jsonl
8,1,56500,1.0,0.1585,jsonl
8,1,56750,1.0,0.159,jsonl
8,1,57000,1.0,0.1575,jsonl
8,1,57250,1.0,0.1565,jsonl
8,1,57500,1.0,0.1565,jsonl
8,1,57750,1.0,0.1565,jsonl
8,1,58000,1.0,0.156,jsonl
8,1,58250,1.0,0.157,jsonl
8,1,58500,1.0,0.157,jsonl
8,1,58750,1.0,0.157,jsonl
8,1,59000,1.0,0.157,jsonl
8,1,59250,1.0,0.1575,jsonl
8,1,59500,1.0,0.1565,jsonl
8,1,59750,1.0,0.157,jsonl
8,1,60000,1.0,0.157,jsonl
8,1,60250,1.0,0.157,jsonl
8,1,60500,1.0,0.157,jsonl
8,1,60750,1.0,0.157,jsonl
8,1,61000,1.0,0.158,jsonl
8,1,61250,1.0,0.1585,jsonl
8,1,61500,1.0,0.1595,jsonl
8,1,61750,1.0,0.1595,jsonl
8,1,62000,1.0,0.16,jsonl
8,1,62250,1.0,0.159,jsonl
8,1,62500,1.0,0.159,jsonl
8,1,62750,1.0,0.1595,jsonl
8,1,63000,1.0,0.159,jsonl
8,1,63250,1.0,0.159,jsonl
8,1,63500,1.0,0.159,jsonl
8,1,63750,1.0,0.159,jsonl
8,1,64000,1.0,0.159,jsonl
8,1,64250,1.0,0.159,jsonl
8,1,64500,1.0,0.1585,jsonl
8,1,64750,1.0,0.1595,jsonl
8,1,65000,1.0,0.1595,jsonl
8,1,65250,1.0,0.1595,jsonl
8,1,65500,1.0,0.159,jsonl
8,1,65750,1.0,0.159,jsonl
8,1,66000,1.0,0.1595,jsonl
8,1,66250,1.0,0.159,jsonl
8,1,66500,1.0,0.159,jsonl
8,1,66750,1.0,0.159,jsonl
8,1,67000,1.0,0.159,jsonl
8,1,67250,1.0,0.159,jsonl
8,1,67500,1.0,0.159,jsonl
8,1,67750,1.0,0.1595,jsonl
8,1,68000,1.0,0.1585,jsonl
8,1,68250,1.0,0.1585,jsonl
8,1,68500,1.0,0.1585,jsonl
8,1,68750,1.0,0.1585,jsonl
8,1,69000,1.0,0.1585,jsonl
8,1,69250,1.0,0.1585,jsonl
8,1,69500,1.0,0.1585,jsonl
8,1,69750,1.0,0.1585,jsonl
8,1,70000,1.0,0.1585,jsonl
8,1,70250,1.0,0.1585,jsonl
8,1,70500,1.0,0.1585,jsonl
8,2,250,0.108,0.103,jsonl
8,2,500,0.091,0.1055,jsonl
8,2,750,0.116,0.1135,jsonl
8,2,1000,0.107,0.1125,jsonl
8,2,1250,0.109,0.098,jsonl
8,2,1500,0.118,0.116,jsonl
8,2,1750,0.112,0.0965,jsonl
8,2,2000,0.094,0.115,jsonl
8,2,2250,0.114,0.1025,jsonl
8,2,2500,0.096,0.114,jsonl
8,2,2750,0.107,0.105,jsonl
8,2,3000,0.117,0.098,jsonl
8,2,3250,0.123,0.112,jsonl
8,2,3500,0.114,0.103,jsonl
8,2,3750,0.107,0.1065,jsonl
8,2,4000,0.113,0.1105,jsonl
8,2,4250,0.118,0.1035,jsonl
8,2,4500,0.133,0.1145,jsonl
8,2,4750,0.139,0.101,jsonl
8,2,5000,0.153,0.107,jsonl
8,2,5250,0.161,0.104,jsonl
8,2,5500,0.165,0.098,jsonl
8,2,5750,0.162,0.1055,jsonl
8,2,6000,0.145,0.109,jsonl
8,2,6250,0.151,0.1025,jsonl
8,2,6500,0.144,0.1005,jsonl
8,2,6750,0.153,0.1065,jsonl
8,2,7000,0.145,0.1065,jsonl
8,2,7250,0.178,0.101,jsonl
8,2,7500,0.169,0.0995,jsonl
8,2,7750,0.184,0.107,jsonl
8,2,8000,0.149,0.1065,jsonl
8,2,8250,0.172,0.101,jsonl
8,2,8500,0.155,0.0985,jsonl
8,2,8750,0.189,0.1015,jsonl
8,2,9000,0.184,0.0965,jsonl
8,2,9250,0.206,0.1055,jsonl
8,2,9500,0.182,0.094,jsonl
8,2,9750,0.217,0.0935,jsonl
8,2,10000,0.207,0.099,jsonl
8,2,10250,0.217,0.0875,jsonl
8,2,10500,0.223,0.1015,jsonl
8,2,10750,0.202,0.094,jsonl
8,2,11000,0.235,0.0955,jsonl
8,2,11250,0.233,0.0905,jsonl
8,2,11500,0.258,0.0845,jsonl
8,2,11750,0.256,0.0855,jsonl
8,2,12000,0.283,0.09,jsonl
8,2,12250,0.31,0.0935,jsonl
8,2,12500,0.299,0.106,jsonl
8,2,12750,0.338,0.085,jsonl
8,2,13000,0.352,0.0865,jsonl
8,2,13250,0.378,0.099,jsonl
8,2,13500,0.39,0.0875,jsonl
8,2,13750,0.43,0.0915,jsonl
8,2,14000,0.459,0.0865,jsonl
8,2,14250,0.472,0.0955,jsonl
8,2,14500,0.528,0.0865,jsonl
8,2,14750,0.577,0.0975,jsonl
8,2,15000,0.61,0.0895,jsonl
8,2,15250,0.665,0.097,jsonl
8,2,15500,0.712,0.097,jsonl
8,2,15750,0.726,0.0965,jsonl
8,2,16000,0.774,0.102,jsonl
8,2,16250,0.842,0.095,jsonl
8,2,16500,0.855,0.102,jsonl
8,2,16750,0.896,0.0955,jsonl
8,2,17000,0.902,0.103,jsonl
8,2,17250,0.936,0.1045,jsonl
8,2,17500,0.957,0.0995,jsonl
8,2,17750,0.974,0.1045,jsonl
8,2,18000,0.975,0.106,jsonl
8,2,18250,0.97,0.1035,jsonl
8,2,18500,0.973,0.1105,jsonl
8,2,18750,0.979,0.1035,jsonl
8,2,19000,0.991,0.112,jsonl
8,2,19250,0.987,0.11,jsonl
8,2,19500,0.986,0.119,jsonl
8,2,19750,0.974,0.104,jsonl
8,2,20000,0.968,0.095,jsonl
8,2,20250,0.992,0.1055,jsonl
8,2,20500,0.995,0.102,jsonl
8,2,20750,0.982,0.1005,jsonl
8,2,21000,0.982,0.1085,jsonl
8,2,21250,0.986,0.0995,jsonl
8,2,21500,0.983,0.1085,jsonl
8,2,21750,0.994,0.111,jsonl
8,2,22000,0.995,0.1075,jsonl
8,2,22250,0.997,0.112,jsonl
8,2,22500,0.998,0.1115,jsonl
8,2,22750,0.975,0.1045,jsonl
8,2,23000,0.979,0.115,jsonl
8,2,23250,0.985,0.109,jsonl
8,2,23500,0.997,0.113,jsonl
8,2,23750,0.997,0.11,jsonl
8,2,24000,1.0,0.111,jsonl
8,2,24250,0.999,0.108,jsonl
8,2,24500,1.0,0.108,jsonl
8,2,24750,1.0,0.1055,jsonl
8,2,25000,1.0,0.1085,jsonl
8,2,25250,0.999,0.1065,jsonl
8,2,25500,0.999,0.111,jsonl
8,2,25750,1.0,0.109,jsonl
8,2,26000,1.0,0.109,jsonl
8,2,26250,1.0,0.11,jsonl
8,2,26500,1.0,0.106,jsonl
8,2,26750,0.874,0.1105,jsonl
8,2,27000,0.955,0.102,jsonl
8,2,27250,0.992,0.1025,jsonl
8,2,27500,0.996,0.11,jsonl
8,2,27750,0.995,0.1065,jsonl
8,2,28000,1.0,0.104,jsonl
8,2,28250,1.0,0.114,jsonl
8,2,28500,0.999,0.1035,jsonl
8,2,28750,1.0,0.107,jsonl
8,2,29000,0.998,0.1105,jsonl
8,2,29250,0.958,0.1015,jsonl
8,2,29500,0.985,0.1075,jsonl
8,2,29750,0.998,0.1055,jsonl
8,2,30000,1.0,0.109,jsonl
8,2,30250,1.0,0.0985,jsonl
8,2,30500,1.0,0.1065,jsonl
8,2,30750,1.0,0.098,jsonl
8,2,31000,1.0,0.1045,jsonl
8,2,31250,1.0,0.1,jsonl
8,2,31500,1.0,0.0995,jsonl
8,2,31750,1.0,0.102,jsonl
8,2,32000,1.0,0.108,jsonl
8,2,32250,1.0,0.103,jsonl
8,2,32500,1.0,0.1035,jsonl
8,2,32750,1.0,0.1045,jsonl
8,2,33000,1.0,0.106,jsonl
8,2,33250,1.0,0.099,jsonl
8,2,33500,0.999,0.105,jsonl
8,2,33750,0.953,0.109,jsonl
8,2,34000,0.993,0.113,jsonl
8,2,34250,0.997,0.1125,jsonl
8,2,34500,0.999,0.1095,jsonl
8,2,34750,1.0,0.111,jsonl
8,2,35000,1.0,0.111,jsonl
8,2,35250,1.0,0.11,jsonl
8,2,35500,1.0,0.107,jsonl
8,2,35750,1.0,0.109,jsonl
8,2,36000,1.0,0.108,jsonl
8,2,36250,1.0,0.109,jsonl
8,2,36500,1.0,0.111,jsonl
8,2,36750,1.0,0.108,jsonl
8,2,37000,1.0,0.107,jsonl
8,2,37250,1.0,0.1075,jsonl
8,2,37500,1.0,0.111,jsonl
8,2,37750,1.0,0.1085,jsonl
8,2,38000,1.0,0.11,jsonl
8,2,38250,1.0,0.1115,jsonl
8,2,38500,0.915,0.1175,jsonl
8,2,38750,0.996,0.116,jsonl
8,2,39000,0.999,0.1055,jsonl
8,2,39250,0.999,0.109,jsonl
8,2,39500,1.0,0.113,jsonl
8,2,39750,1.0,0.112,jsonl
8,2,40000,1.0,0.111,jsonl
8,2,40250,1.0,0.11,jsonl
8,2,40500,1.0,0.111,jsonl
8,2,40750,1.0,0.11,jsonl
8,2,41000,1.0,0.111,jsonl
8,2,41250,1.0,0.108,jsonl
8,2,41500,1.0,0.1095,jsonl
8,2,41750,1.0,0.1075,jsonl
8,2,42000,1.0,0.11,jsonl
8,2,42250,1.0,0.1105,jsonl
8,2,42500,1.0,0.107,jsonl
8,2,42750,1.0,0.109,jsonl
8,2,43000,1.0,0.108,jsonl
8,2,43250,1.0,0.1065,jsonl
8,2,43500,1.0,0.108,jsonl
8,2,43750,1.0,0.106,jsonl
8,2,44000,0.986,0.115,jsonl
8,2,44250,0.997,0.118,jsonl
8,2,44500,1.0,0.111,jsonl
8,2,44750,1.0,0.116,jsonl
8,2,45000,1.0,0.1145,jsonl
8,2,45250,1.0,0.116,jsonl
8,2,45500,1.0,0.115,jsonl
8,2,45750,1.0,0.117,jsonl
8,2,46000,1.0,0.116,jsonl
8,2,46250,1.0,0.1165,jsonl
8,2,46500,1.0,0.1165,jsonl
8,2,46750,1.0,0.1155,jsonl
8,2,47000,1.0,0.115,jsonl
8,2,47250,1.0,0.1145,jsonl
8,2,47500,1.0,0.1135,jsonl
8,2,47750,1.0,0.1155,jsonl
8,2,48000,1.0,0.1145,jsonl
8,2,48250,1.0,0.117,jsonl
8,2,48500,1.0,0.1145,jsonl
8,2,48750,1.0,0.115,jsonl
8,2,49000,1.0,0.1165,jsonl
8,2,49250,1.0,0.1165,jsonl
8,2,49500,1.0,0.1155,jsonl
8,2,49750,1.0,0.115,jsonl
8,2,50000,1.0,0.115,jsonl
8,2,50250,1.0,0.115,jsonl
8,2,50500,1.0,0.1145,jsonl
8,2,50750,1.0,0.1145,jsonl
8,2,51000,1.0,0.115,jsonl
8,2,51250,1.0,0.1155,jsonl
8,2,51500,1.0,0.116,jsonl
8,2,51750,1.0,0.116,jsonl
8,2,52000,1.0,0.116,jsonl
8,2,52250,1.0,0.1155,jsonl
8,2,52500,1.0,0.116,jsonl
8,2,52750,1.0,0.1165,jsonl
8,2,53000,1.0,0.1165,jsonl
8,2,53250,1.0,0.115,jsonl
8,2,53500,1.0,0.116,jsonl
8,2,53750,1.0,0.1155,jsonl
8,2,54000,1.0,0.1135,jsonl
8,2,54250,1.0,0.114,jsonl
8,2,54500,1.0,0.114,jsonl
8,2,54750,1.0,0.1125,jsonl
8,2,55000,1.0,0.113,jsonl
8,2,55250,1.0,0.1125,jsonl
8,2,55500,1.0,0.112,jsonl
8,2,55750,1.0,0.1125,jsonl
8,2,56000,1.0,0.1125,jsonl
8,2,56250,1.0,0.112,jsonl
8,2,56500,1.0,0.1125,jsonl
8,2,56750,1.0,0.1135,jsonl
8,2,57000,1.0,0.114,jsonl
8,2,57250,1.0,0.114,jsonl
8,2,57500,1.0,0.114,jsonl
8,2,57750,1.0,0.1125,jsonl
8,2,58000,1.0,0.1125,jsonl
8,2,58250,1.0,0.1125,jsonl
8,2,58500,1.0,0.113,jsonl
8,2,58750,1.0,0.1125,jsonl
8,2,59000,1.0,0.1115,jsonl
8,2,59250,1.0,0.1115,jsonl
8,2,59500,1.0,0.111,jsonl
8,2,59750,1.0,0.1115,jsonl
8,2,60000,1.0,0.111,jsonl
8,2,60250,1.0,0.111,jsonl
8,2,60500,1.0,0.111,jsonl
8,2,60750,1.0,0.1105,jsonl
8,2,61000,1.0,0.1115,jsonl
8,2,61250,1.0,0.11,jsonl
8,2,61500,1.0,0.111,jsonl
8,2,61750,1.0,0.111,jsonl
8,2,62000,1.0,0.111,jsonl
8,2,62250,1.0,0.1105,jsonl
8,2,62500,1.0,0.1105,jsonl
8,2,62750,1.0,0.109,jsonl
8,2,63000,1.0,0.1115,jsonl
8,2,63250,1.0,0.1125,jsonl
8,2,63500,1.0,0.112,jsonl
8,2,63750,1.0,0.112,jsonl
8,2,64000,1.0,0.1125,jsonl
8,2,64250,1.0,0.1125,jsonl
8,2,64500,1.0,0.112,jsonl
8,2,64750,1.0,0.1125,jsonl
8,2,65000,1.0,0.1125,jsonl
8,2,65250,1.0,0.1125,jsonl
8,2,65500,1.0,0.112,jsonl
8,2,65750,1.0,0.1125,jsonl
8,2,66000,1.0,0.112,jsonl
8,2,66250,1.0,0.1125,jsonl
8,2,66500,1.0,0.112,jsonl
8,2,66750,1.0,0.112,jsonl
8,2,67000,1.0,0.112,jsonl
8,2,67250,1.0,0.112,jsonl
8,2,67500,1.0,0.112,jsonl
8,2,67750,1.0,0.112,jsonl
8,2,68000,1.0,0.112,jsonl
8,2,68250,1.0,0.112,jsonl
8,2,68500,1.0,0.112,jsonl
8,2,68750,1.0,0.112,jsonl
8,2,69000,1.0,0.112,jsonl
8,2,69250,1.0,0.112,jsonl
8,2,69500,1.0,0.112,jsonl
8,2,69750,1.0,0.112,jsonl
8,2,70000,1.0,0.112,jsonl
8,2,70250,1.0,0.112,jsonl
8,2,70500,1.0,0.112,jsonl
8,42,0,0.0,0.0,csv
8,42,500,0.1107333333,0.105,csv
8,42,1000,0.1105333333,0.111,csv
8,42,1500,0.1183333333,0.122,csv
8,42,2000,0.1132,0.1145,csv
8,42,2500,0.1160666667,0.108,csv
8,42,3000,0.1113333333,0.098,csv
8,42,3500,0.1102666667,0.1025,csv
8,42,4000,0.1406,0.102,csv
8,42,4500,0.1355333333,0.1125,csv
8,42,5000,0.1551333333,0.0955,csv
8,42,5500,0.1412666667,0.1075,csv
8,42,6000,0.1708666667,0.098,csv
8,42,6500,0.1698666667,0.102,csv
8,42,7000,0.1700666667,0.103,csv
8,42,7500,0.1676,0.1075,csv
8,42,8000,0.1735333333,0.102,csv
8,42,8500,0.1892666667,0.1075,csv
8,42,9000,0.1859333333,0.106,csv
8,42,9500,0.1784666667,0.101,csv
8,42,10000,0.2138666667,0.0975,csv
8,42,10500,0.2210666667,0.0995,csv
8,42,11000,0.235,0.0965,csv
8,42,11500,0.2938,0.097,csv
8,42,12000,0.3554,0.088,csv
8,42,12500,0.3980666667,0.0925,csv
8,42,13000,0.4816666667,0.0975,csv
8,42,13500,0.582,0.1185,csv
8,42,14000,0.6801333333,0.1255,csv
8,42,14500,0.7706,0.1345,csv
8,42,15000,0.8588666667,0.1325,csv
8,42,15500,0.9352,0.15,csv
8,42,16000,0.9716666667,0.1385,csv
8,42,16500,0.9677333333,0.148,csv
8,42,17000,0.9759333333,0.157,csv
8,42,17500,0.9812,0.1555,csv
8,42,18000,0.9872,0.1595,csv
8,42,18500,0.9882666667,0.154,csv
8,42,19000,0.9665333333,0.152,csv
8,42,19500,0.9925333333,0.16,csv
8,42,20000,0.9952,0.1625,csv
8,42,20500,0.9734666667,0.151,csv
8,42,21000,0.9940666667,0.1745,csv
8,42,21500,0.9982,0.1655,csv
8,42,22000,0.9980666667,0.1675,csv
8,42,22500,0.9693333333,0.1665,csv
8,42,23000,0.9918666667,0.172,csv
8,42,23500,0.9948666667,0.1825,csv
8,42,24000,0.9790666667,0.17,csv
8,42,24500,0.9854,0.1795,csv
8,42,25000,0.998,0.19,csv
8,42,25500,0.9897333333,0.1865,csv
8,42,26000,0.9924,0.1915,csv
8,42,26500,0.9961333333,0.1805,csv
8,42,27000,0.99,0.176,csv
8,42,27500,0.9752,0.1735,csv
8,42,28000,0.986,0.181,csv
8,42,28500,0.9979333333,0.191,csv
8,42,29000,0.9957333333,0.1895,csv
8,42,29500,0.9871333333,0.2,csv
8,42,30000,0.9942,0.186,csv
8,42,30500,0.9980666667,0.2005,csv
8,42,31000,0.9949333333,0.199,csv
8,42,31500,0.9846666667,0.196,csv
8,42,32000,0.9979333333,0.2075,csv
8,42,32500,0.9997333333,0.196,csv
8,42,33000,1.0,0.201,csv
8,42,33500,1.0,0.203,csv
8,42,34000,1.0,0.2,csv
8,42,34500,1.0,0.2005,csv
8,42,35000,1.0,0.1985,csv
8,42,35500,1.0,0.2005,csv
8,42,36000,1.0,0.2015,csv
8,42,36500,1.0,0.2035,csv
8,42,37000,1.0,0.2035,csv
8,42,37500,1.0,0.204,csv
8,42,38000,1.0,0.205,csv
8,42,38500,1.0,0.2055,csv
8,42,39000,1.0,0.2065,csv
8,42,39500,1.0,0.2075,csv
8,42,40000,1.0,0.208,csv
8,42,40500,1.0,0.206,csv
8,42,41000,1.0,0.206,csv
8,42,41500,1.0,0.206,csv
8,42,42000,1.0,0.2045,csv
8,42,42500,1.0,0.2045,csv
8,42,43000,1.0,0.202,csv
8,42,43500,1.0,0.202,csv
8,42,44000,1.0,0.2,csv
8,42,44500,1.0,0.201,csv
8,42,45000,1.0,0.2015,csv
8,42,45500,1.0,0.2015,csv
8,42,46000,0.9775333333,0.195,csv
8,42,46500,0.9997333333,0.211,csv
8,42,47000,1.0,0.21,csv
8,42,47500,1.0,0.2135,csv
8,42,48000,1.0,0.212,csv
8,42,48500,1.0,0.2135,csv
8,42,49000,1.0,0.2135,csv
8,42,49500,1.0,0.214,csv
8,42,50000,1.0,0.2135,csv
8,42,50500,1.0,0.2155,csv
8,42,51000,1.0,0.2155,csv
8,42,51500,1.0,0.2175,csv
8,42,52000,1.0,0.215,csv
8,42,52500,1.0,0.2165,csv
8,42,53000,1.0,0.2155,csv
8,42,53500,1.0,0.215,csv
8,42,54000,1.0,0.214,csv
8,42,54500,1.0,0.2135,csv
8,42,55000,1.0,0.212,csv
8,42,55500,1.0,0.2105,csv
8,42,56000,1.0,0.2115,csv
8,42,56500,1.0,0.21,csv
8,42,57000,1.0,0.208,csv
8,42,57500,1.0,0.21,csv
8,42,58000,1.0,0.209,csv
8,42,58500,1.0,0.209,csv
8,42,59000,1.0,0.211,csv
8,42,59500,1.0,0.212,csv
8,42,60000,1.0,0.211,csv
8,42,60500,1.0,0.207,csv
8,42,61000,1.0,0.2105,csv
8,42,61500,1.0,0.2095,csv
8,42,62000,0.9994,0.207,csv
8,42,62500,1.0,0.2145,csv
8,42,63000,1.0,0.216,csv
8,42,63500,1.0,0.2145,csv
8,42,64000,1.0,0.217,csv
8,42,64500,1.0,0.217,csv
8,42,65000,1.0,0.2155,csv
8,42,65500,1.0,0.2155,csv
8,42,66000,1.0,0.215,csv
8,42,66500,1.0,0.2155,csv
8,42,67000,1.0,0.2145,csv
8,42,67500,1.0,0.2135,csv
8,42,68000,1.0,0.2145,csv
8,42,68500,1.0,0.214,csv
8,42,69000,1.0,0.214,csv
8,42,69500,1.0,0.2145,csv
8,42,70000,1.0,0.2145,csv
8,42,70500,1.0,0.2125,csv
8,42,71000,1.0,0.212,csv
8,42,71500,1.0,0.212,csv
8,42,72000,1.0,0.211,csv
8,42,72500,1.0,0.2115,csv
8,42,73000,1.0,0.212,csv
8,42,73500,1.0,0.213,csv
8,42,74000,1.0,0.2125,csv
